999998
999960
999951
999947
999939
999909
999888
999866
999865
999818
999789
999788
999782
999764
999745
999724
999708
999694
999646
999603
999597
999591
999579
999574
999565
999523
999504
999480
999470
999392
999365
999354
999350
999342
999342
999330
999307
999290
999270
999219
999217
999204
999075
999069
999049
999030
999027
999023
999017
999014
998986
998986
998948
998926
998901
998898
998887
998874
998840
998820
998795
998789
998773
998749
998733
998728
998714
998711
998706
998645
998644
998644
998642
998576
998537
998533
998516
998511
998496
998490
998422
998417
998379
998378
998372
998318
998297
998294
998261
998257
998226
998214
998154
998137
998110
998067
998058
998042
998041
998009
997998
997974
997940
997905
997900
997886
997875
997867
997867
997856
997852
997838
997824
997809
997788
997763
997750
997743
997731
997699
997656
997541
997530
997522
997519
997507
997447
997445
997438
997427
997380
997363
997356
997320
997318
997312
997301
997278
997238
997219
997181
997151
997134
997058
997046
997041
997033
997032
997031
997018
996998
996971
996964
996963
996939
996927
996905
996904
996841
996807
996791
996765
996764
996760
996758
996747
996724
996693
996691
996676
996643
996625
996609
996597
996577
996538
996535
996505
996484
996473
996428
996413
996405
996389
996349
996344
996334
996326
996309
996308
996276
996268
996265
996258
996245
996209
996170
996155
996111
996091
996035
995999
995988
995980
995965
995957
995942
995931
995872
995868
995849
995848
995811
995775
995764
995763
995737
995711
995665
995623
995619
995598
995585
995554
995529
995516
995502
995482
995382
995371
995358
995354
995350
995347
995344
995331
995329
995274
995254
995253
995248
995246
995239
995233
995223
995216
995198
995118
995090
995082
995075
995049
995025
994929
994928
994891
994888
994884
994817
994812
994740
994666
994661
994636
994632
994617
994616
994613
994601
994564
994537
994516
994509
994453
994421
994375
994344
994342
994333
994283
994274
994257
994181
994153
994125
994106
994102
994044
994030
994023
994011
993979
993952
993946
993908
993905
993880
993867
993855
993854
993844
993829
993806
993794
993788
993767
993766
993743
993703
993668
993645
993638
993633
993630
993624
993622
993621
993604
993597
993595
993546
993528
993500
993467
993463
993455
993447
993405
993377
993355
993339
993328
993304
993255
993243
993231
993220
993202
993193
993187
993175
993161
993149
993143
993116
993097
993073
993067
993039
993029
993025
993000
992993
992992
992991
992980
992972
992964
992958
992925
992924
992905
992903
992895
992876
992875
992875
992865
992856
992848
992834
992833
992821
992760
992723
992698
992660
992657
992626
992606
992574
992572
992560
992552
992541
992538
992506
992492
992468
992447
992422
992351
992340
992338
992324
992296
992261
992256
992256
992236
992233
992226
992214
992208
992205
992160
992158
992130
992120
992111
992106
992076
992048
992042
991988
991974
991937
991915
991909
991899
991861
991819
991801
991791
991744
991717
991691
991676
991639
991614
991613
991610
991601
991586
991569
991562
991536
991531
991528
991516
991508
991461
991458
991442
991419
991417
991385
991384
991378
991368
991360
991332
991316
991312
991275
991258
991254
991212
991161
991158
991129
991113
991112
991111
991100
991081
991062
991041
991036
991001
990982
990980
990934
990921
990884
990883
990865
990724
990722
990713
990701
990680
990673
990643
990621
990605
990605
990590
990572
990543
990516
990481
990467
990455
990438
990437
990430
990428
990383
990362
990359
990332
990309
990282
990279
990275
990262
990256
990254
990221
990220
990195
990190
990187
990173
990165
990083
990071
990062
990059
989987
989974
989948
989939
989831
989831
989734
989666
989624
989603
989584
989546
989545
989531
989521
989506
989499
989473
989457
989295
989293
989292
989241
989153
989145
989133
989116
989060
989026
989021
989006
988991
988975
988963
988940
988928
988893
988875
988874
988858
988831
988829
988810
988788
988758
988752
988743
988732
988711
988710
988686
988667
988609
988578
988513
988513
988467
988467
988459
988451
988441
988423
988339
988315
988291
988264
988216
988197
988164
988164
988152
988118
988117
988117
988116
988114
988097
988076
988041
988034
988013
987989
987970
987929
987927
987927
987912
987894
987829
987798
987742
987734
987692
987689
987677
987653
987626
987626
987611
987606
987597
987587
987568
987539
987511
987502
987499
987473
987464
987459
987457
987395
987377
987370
987366
987347
987334
987321
987299
987286
987216
987209
987204
987195
987176
987142
987103
987090
987080
987078
987074
987071
987063
987044
987026
986993
986982
986962
986917
986916
986872
986851
986849
986835
986793
986781
986750
986724
986686
986676
986659
986617
986609
986605
986603
986578
986561
986548
986544
986543
986505
986472
986450
986442
986432
986426
986420
986361
986344
986338
986331
986317
986285
986233
986232
986228
986209
986176
986175
986148
986147
986143
986126
986120
986075
986061
986049
986046
985987
985985
985941
985883
985844
985840
985804
985797
985791
985784
985737
985725
985721
985721
985715
985666
985635
985635
985600
985591
985578
985571
985565
985558
985554
985548
985452
985441
985406
985400
985386
985311
985302
985254
985227
985187
985147
985143
985125
985124
985109
985086
985076
985064
985023
984968
984961
984947
984903
984903
984873
984779
984726
984696
984690
984664
984661
984658
984626
984616
984614
984604
984601
984594
984586
984493
984489
984462
984449
984387
984373
984300
984298
984268
984259
984255
984188
984153
984138
984122
984106
984086
984073
984063
984020
983980
983939
983845
983844
983813
983782
983763
983748
983744
983724
983701
983701
983680
983670
983586
983585
983583
983541
983511
983494
983484
983456
983450
983406
983405
983400
983378
983360
983306
983290
983281
983270
983263
983193
983185
983165
983141
983121
983111
983109
983091
983090
983079
983053
983039
983012
983006
982983
982972
982879
982876
982874
982863
982845
982828
982823
982811
982805
982803
982782
982773
982771
982770
982751
982740
982737
982722
982721
982700
982698
982692
982687
982675
982659
982652
982651
982630
982618
982601
982552
982546
982513
982510
982503
982474
982473
982443
982429
982398
982370
982324
982308
982298
982258
982255
982182
982176
982174
982141
982113
982068
982067
982067
982057
982043
982039
982023
981988
981954
981915
981907
981887
981854
981843
981838
981831
981754
981749
981744
981714
981666
981632
981605
981562
981556
981479
981429
981428
981394
981394
981380
981368
981270
981262
981260
981251
981243
981240
981227
981209
981200
981185
981171
981170
981158
981146
981142
981139
981066
981051
981029
981018
981011
980993
980950
980941
980903
980902
980825
980813
980784
980769
980761
980757
980741
980703
980680
980676
980667
980644
980630
980628
980609
980582
980543
980542
980535
980457
980432
980400
980399
980357
980346
980328
980317
980200
980170
980071
980056
980036
980028
980019
980006
979973
979970
979960
979956
979921
979884
979884
979847
979831
979816
979801
979796
979780
979778
979757
979706
979675
979637
979620
979601
979595
979583
979502
979483
979478
979434
979431
979423
979410
979400
979382
979366
979356
979337
979314
979307
979283
979282
979261
979257
979210
979192
979154
979108
979076
979057
979055
979037
979007
978955
978954
978936
978930
978894
978870
978864
978852
978830
978794
978746
978723
978704
978687
978659
978645
978634
978613
978613
978593
978588
978586
978579
978578
978557
978525
978510
978489
978463
978426
978399
978394
978368
978367
978346
978342
978334
978294
978293
978167
978107
978074
978035
977999
977976
977958
977909
977898
977895
977888
977884
977882
977852
977848
977811
977785
977752
977717
977647
977621
977606
977568
977559
977547
977526
977516
977497
977495
977492
977434
977433
977418
977391
977378
977377
977349
977337
977326
977310
977284
977274
977266
977261
977249
977244
977244
977228
977213
977183
977180
977126
977119
977104
977090
977083
977054
977043
977037
977032
976993
976961
976931
976930
976926
976919
976911
976893
976871
976815
976810
976805
976777
976768
976753
976743
976743
976737
976730
976680
976667
976644
976625
976590
976569
976521
976508
976500
976457
976450
976440
976399
976391
976391
976363
976324
976272
976252
976224
976216
976202
976193
976167
976120
976120
976068
976051
976049
976022
976011
975996
975992
975983
975983
975971
975964
975929
975907
975884
975829
975785
975784
975741
975724
975723
975687
975635
975629
975616
975593
975550
975486
975464
975463
975448
975413
975407
975402
975330
975321
975300
975295
975295
975227
975226
975202
975178
975175
975148
975141
975135
975135
975125
975096
975039
975022
975019
974972
974944
974932
974921
974903
974895
974891
974889
974876
974874
974863
974833
974825
974823
974758
974754
974752
974729
974662
974649
974646
974639
974632
974630
974628
974619
974609
974603
974556
974506
974482
974446
974431
974430
974427
974422
974399
974381
974365
974360
974356
974352
974335
974320
974314
974312
974298
974284
974267
974257
974185
974149
974146
974142
974101
974094
974088
974087
974058
974050
974048
974044
974034
974032
974000
973984
973976
973954
973933
973921
973887
973877
973876
973846
973827
973816
973772
973737
973686
973682
973670
973651
973642
973629
973606
973590
973584
973521
973519
973415
973398
973397
973383
973367
973364
973330
973329
973316
973299
973271
973268
973245
973191
973178
973145
973123
973108
973094
973086
973054
973038
973028
973013
972956
972951
972917
972917
972875
972852
972831
972828
972809
972786
972760
972756
972631
972614
972614
972578
972545
972533
972502
972409
972376
972312
972312
972311
972290
972276
972276
972215
972214
972214
972205
972127
972127
972118
972099
972083
972060
972058
972037
972022
971997
971997
971995
971988
971967
971961
971953
971882
971821
971802
971753
971746
971683
971679
971656
971594
971584
971582
971577
971565
971537
971533
971519
971518
971495
971488
971480
971421
971417
971343
971339
971329
971307
971295
971289
971282
971280
971253
971248
971248
971239
971211
971205
971205
971186
971180
971174
971136
971124
971104
971098
971052
971006
970994
970972
970926
970926
970900
970894
970885
970874
970862
970845
970829
970825
970809
970804
970788
970754
970741
970717
970705
970661
970656
970624
970581
970568
970554
970539
970537
970491
970475
970474
970474
970459
970434
970432
970432
970412
970379
970369
970368
970339
970338
970321
970293
970266
970245
970242
970211
970204
970196
970194
970194
970192
970120
970108
970074
970047
970026
970010
970000
969998
969991
969987
969925
969924
969892
969886
969886
969884
969875
969874
969852
969817
969759
969746
969742
969734
969721
969677
969665
969661
969650
969615
969611
969598
969580
969569
969566
969563
969537
969514
969504
969445
969431
969419
969419
969410
969398
969373
969333
969285
969276
969207
969206
969198
969159
969152
969130
969126
969114
969108
969101
969094
969083
969078
969066
969054
969044
969035
969027
968941
968939
968939
968929
968922
968861
968844
968836
968832
968817
968794
968786
968786
968784
968783
968781
968772
968758
968742
968734
968727
968687
968667
968631
968610
968585
968555
968521
968495
968495
968474
968471
968394
968389
968363
968331
968325
968313
968260
968204
968202
968160
968154
968124
968120
968105
968095
968058
968053
968025
968002
967992
967970
967958
967925
967920
967885
967867
967863
967861
967857
967830
967817
967809
967800
967799
967787
967716
967712
967687
967682
967668
967654
967653
967625
967589
967576
967564
967556
967555
967508
967492
967478
967472
967376
967370
967368
967365
967365
967310
967266
967263
967259
967250
967240
967218
967215
967170
967151
967087
967080
967041
967028
967021
967012
966989
966943
966912
966907
966905
966902
966889
966876
966874
966798
966797
966762
966719
966714
966711
966707
966702
966695
966681
966644
966605
966597
966573
966542
966536
966525
966513
966488
966468
966403
966374
966359
966334
966326
966308
966299
966274
966263
966235
966202
966194
966188
966162
966133
966122
966056
966053
965984
965946
965946
965920
965918
965911
965897
965871
965864
965787
965757
965753
965722
965696
965650
965611
965573
965552
965548
965542
965493
965487
965480
965472
965469
965466
965459
965449
965417
965411
965403
965381
965371
965362
965359
965352
965339
965338
965265
965236
965213
965208
965192
965159
965136
965129
965115
965091
965057
965034
965028
964970
964957
964953
964929
964922
964894
964889
964874
964868
964805
964796
964780
964765
964746
964713
964695
964679
964668
964642
964622
964609
964578
964567
964553
964548
964536
964532
964499
964498
964485
964482
964474
964442
964425
964381
964369
964346
964300
964296
964287
964286
964265
964230
964193
964163
964148
964128
964120
964081
964030
964029
964004
964002
963999
963951
963924
963897
963774
963732
963713
963698
963679
963678
963672
963642
963634
963623
963573
963524
963422
963416
963391
963388
963387
963355
963226
963207
963192
963184
963178
963102
963089
963085
963054
962998
962980
962851
962837
962836
962833
962810
962773
962752
962701
962683
962636
962611
962588
962570
962554
962550
962531
962474
962472
962455
962443
962429
962416
962407
962365
962346
962339
962317
962316
962299
962278
962272
962221
962216
962196
962184
962163
962159
962093
962079
962060
961996
961990
961920
961903
961844
961828
961806
961691
961669
961668
961635
961629
961605
961597
961593
961585
961582
961511
961472
961461
961444
961406
961390
961382
961378
961352
961332
961317
961277
961238
961226
961197
961167
961152
961146
961144
961137
961133
961128
961110
961092
961064
961052
960986
960968
960941
960910
960899
960884
960839
960820
960817
960814
960802
960789
960662
960637
960603
960592
960592
960590
960588
960543
960530
960437
960432
960401
960398
960396
960383
960337
960310
960305
960289
960285
960274
960270
960182
960152
960116
960106
960100
960077
960067
960033
960032
959948
959940
959938
959927
959879
959835
959822
959814
959814
959793
959719
959661
959655
959651
959650
959640
959630
959617
959580
959568
959567
959558
959538
959508
959498
959485
959469
959466
959449
959413
959334
959313
959297
959295
959233
959233
959221
959180
959170
959163
959131
959128
959113
959112
959097
959062
959055
959046
959046
959032
959029
959017
959012
959012
958984
958979
958924
958903
958872
958869
958778
958766
958758
958746
958736
958730
958716
958713
958708
958668
958620
958616
958575
958565
958561
958544
958543
958513
958513
958511
958432
958366
958324
958300
958299
958287
958283
958268
958249
958242
958209
958203
958148
958141
958121
958119
958111
958105
958068
958068
958047
958010
958009
958001
957959
957958
957956
957954
957916
957914
957908
957843
957837
957824
957813
957811
957753
957744
957727
957692
957685
957669
957630
957561
957551
957550
957536
957516
957508
957472
957471
957454
957450
957448
957435
957421
957384
957376
957332
957325
957324
957267
957243
957202
957192
957185
957169
957168
957158
957150
957124
957120
957116
957084
957069
957063
957040
957037
957037
957004
956982
956969
956962
956961
956931
956894
956885
956857
956846
956810
956803
956797
956787
956785
956766
956759
956742
956718
956692
956643
956628
956604
956589
956565
956542
956501
956478
956418
956388
956361
956338
956328
956317
956306
956301
956258
956236
956227
956223
956219
956216
956162
956161
956129
956103
956087
956070
956069
956063
956003
956002
955981
955927
955881
955804
955802
955792
955787
955781
955755
955712
955695
955692
955658
955650
955613
955593
955592
955579
955576
955571
955538
955526
955510
955487
955482
955480
955475
955473
955453
955442
955428
955424
955406
955379
955367
955357
955357
955349
955341
955291
955286
955232
955218
955214
955202
955169
955148
955139
955115
955111
955101
955099
955095
955051
955013
955007
954990
954976
954963
954957
954944
954943
954938
954928
954926
954908
954902
954898
954897
954894
954841
954837
954837
954826
954814
954805
954783
954762
954716
954713
954703
954697
954695
954666
954643
954636
954628
954608
954602
954592
954591
954558
954548
954527
954515
954482
954455
954442
954426
954426
954423
954392
954374
954362
954357
954312
954306
954298
954284
954278
954266
954250
954233
954228
954221
954219
954200
954183
954148
954136
954041
954034
954031
953984
953959
953944
953937
953923
953914
953910
953883
953877
953860
953858
953835
953828
953780
953735
953725
953723
953707
953695
953681
953659
953658
953655
953643
953639
953639
953603
953586
953555
953548
953532
953523
953521
953513
953506
953500
953487
953460
953459
953378
953354
953353
953351
953316
953300
953285
953273
953260
953255
953239
953237
953225
953221
953215
953212
953136
953107
953105
953104
953059
953045
953034
953014
953013
952964
952948
952928
952924
952896
952863
952857
952849
952817
952811
952808
952794
952756
952715
952706
952697
952657
952645
952640
952609
952597
952590
952545
952535
952516
952428
952417
952400
952371
952370
952358
952323
952291
952271
952258
952241
952223
952196
952164
952147
952134
952096
952069
952048
952046
951998
951989
951988
951960
951942
951914
951910
951900
951886
951838
951826
951816
951777
951767
951763
951761
951731
951719
951712
951667
951660
951630
951626
951620
951599
951594
951570
951566
951516
951496
951441
951439
951420
951418
951356
951323
951311
951292
951268
951257
951240
951218
951213
951206
951189
951186
951179
951158
951126
951108
951067
951025
951006
950975
950972
950962
950943
950905
950890
950886
950878
950860
950820
950788
950785
950752
950741
950715
950705
950681
950666
950607
950587
950571
950551
950529
950528
950521
950519
950515
950507
950451
950425
950403
950400
950392
950381
950358
950297
950281
950257
950240
950236
950236
950208
950199
950140
950088
950073
950001
950001
949956
949930
949904
949894
949873
949866
949864
949837
949819
949811
949805
949784
949772
949736
949735
949717
949716
949710
949703
949683
949668
949663
949633
949613
949609
949589
949547
949519
949519
949468
949440
949327
949311
949311
949307
949284
949274
949270
949222
949206
949202
949121
949112
949096
949091
949089
948989
948987
948980
948927
948906
948900
948894
948858
948853
948842
948834
948822
948793
948784
948715
948685
948659
948651
948608
948560
948542
948536
948518
948513
948476
948456
948444
948423
948391
948371
948319
948319
948281
948271
948256
948256
948199
948159
948156
948149
948148
948148
948131
948119
948106
948095
948076
948047
948022
947997
947958
947945
947940
947866
947818
947810
947797
947780
947769
947758
947750
947726
947716
947660
947621
947617
947603
947600
947554
947532
947520
947502
947483
947466
947423
947423
947414
947400
947398
947398
947380
947373
947366
947363
947363
947323
947309
947279
947254
947239
947220
947214
947206
947201
947194
947182
947164
947120
947108
947077
947072
947037
947029
947005
947001
946981
946930
946904
946863
946853
946811
946790
946789
946745
946726
946724
946713
946702
946693
946656
946656
946645
946625
946620
946615
946607
946568
946552
946539
946525
946519
946497
946495
946461
946429
946429
946420
946362
946322
946307
946303
946285
946279
946226
946212
946194
946180
946169
946135
946131
946126
946111
946102
946085
946073
946049
946046
945992
945985
945983
945981
945942
945912
945899
945883
945854
945815
945770
945696
945682
945656
945625
945615
945609
945590
945589
945575
945574
945566
945554
945540
945520
945505
945447
945440
945426
945350
945344
945309
945273
945228
945223
945188
945180
945161
945159
945152
945129
945096
945090
945088
945079
945056
945049
945022
945017
945013
945012
944971
944970
944964
944918
944910
944907
944901
944896
944874
944859
944824
944811
944753
944744
944713
944689
944680
944676
944672
944671
944646
944615
944611
944606
944589
944558
944548
944489
944479
944455
944450
944409
944395
944369
944353
944311
944295
944287
944272
944258
944234
944214
944212
944152
944146
944120
944106
944099
944091
944061
944049
944043
944031
943988
943977
943960
943947
943935
943922
943898
943890
943841
943827
943788
943697
943635
943632
943619
943614
943590
943590
943584
943552
943550
943493
943485
943453
943451
943430
943403
943378
943314
943310
943298
943257
943254
943235
943234
943225
943215
943199
943188
943178
943140
943077
943042
943026
943021
943001
942928
942925
942914
942909
942897
942872
942864
942852
942851
942844
942747
942745
942741
942737
942686
942630
942618
942595
942590
942589
942577
942576
942548
942534
942512
942511
942449
942425
942397
942313
942311
942294
942287
942272
942225
942225
942221
942206
942197
942196
942189
942180
942146
942140
942124
942123
942112
942104
942103
942094
942077
942064
942046
942031
942030
942022
941987
941976
941931
941909
941892
941855
941820
941818
941812
941777
941719
941716
941707
941706
941695
941663
941657
941655
941624
941592
941590
941538
941527
941496
941495
941493
941491
941468
941442
941436
941383
941346
941330
941287
941283
941252
941227
941213
941207
941192
941184
941167
941164
941105
941060
941042
941041
941008
940947
940919
940879
940878
940870
940802
940739
940731
940719
940714
940686
940678
940665
940659
940659
940656
940641
940629
940605
940604
940595
940535
940520
940510
940466
940461
940402
940401
940391
940357
940339
940328
940296
940199
940195
940172
940162
940160
940151
940112
940107
940079
940066
939972
939972
939934
939904
939892
939850
939846
939828
939802
939801
939774
939741
939689
939657
939634
939625
939624
939620
939608
939603
939594
939582
939563
939544
939535
939511
939485
939462
939413
939404
939402
939398
939392
939360
939353
939345
939344
939344
939293
939268
939143
939101
939101
939086
939049
939020
939016
939012
938959
938929
938906
938880
938877
938874
938837
938809
938805
938800
938792
938771
938768
938760
938751
938739
938731
938723
938690
938689
938663
938657
938638
938601
938600
938595
938593
938566
938537
938515
938513
938504
938504
938501
938457
938422
938399
938395
938389
938376
938348
938339
938336
938324
938279
938274
938236
938224
938212
938187
938175
938128
938068
938046
938032
938030
938023
937991
937987
937982
937894
937887
937853
937833
937825
937824
937818
937816
937775
937768
937757
937744
937737
937721
937716
937688
937682
937664
937660
937613
937593
937581
937535
937524
937515
937505
937468
937458
937447
937441
937425
937423
937411
937384
937348
937338
937305
937292
937291
937258
937236
937193
937171
937144
937124
937109
937108
937105
937098
937097
937074
937049
937015
937013
936997
936967
936967
936949
936939
936939
936892
936856
936821
936817
936796
936764
936753
936750
936718
936698
936686
936682
936658
936624
936620
936572
936546
936542
936515
936485
936455
936438
936436
936426
936414
936390
936372
936350
936347
936329
936261
936245
936241
936231
936212
936197
936177
936171
936167
936159
936149
936130
936123
936096
936083
936052
936051
936022
936014
936002
935982
935980
935973
935943
935894
935889
935855
935854
935828
935824
935812
935790
935752
935714
935662
935624
935588
935554
935549
935532
935523
935520
935508
935478
935468
935466
935428
935350
935334
935319
935296
935281
935280
935237
935235
935215
935179
935177
935162
935123
935121
935110
935034
935033
935014
934978
934977
934941
934934
934917
934902
934900
934889
934888
934887
934860
934852
934846
934822
934821
934818
934810
934783
934754
934736
934717
934663
934658
934648
934643
934630
934612
934595
934583
934538
934507
934486
934463
934436
934416
934415
934370
934362
934346
934327
934318
934280
934240
934233
934227
934202
934179
934165
934146
934135
934122
934109
934100
934094
934094
934086
934078
934064
934022
933972
933971
933903
933887
933858
933841
933779
933751
933724
933721
933713
933698
933687
933667
933653
933648
933632
933605
933601
933579
933577
933534
933532
933526
933483
933476
933476
933473
933473
933464
933433
933433
933398
933379
933376
933372
933349
933346
933319
933313
933295
933253
933236
933234
933223
933192
933178
933159
933132
933114
933084
933082
933051
932979
932955
932937
932931
932924
932913
932908
932903
932828
932821
932802
932782
932759
932733
932697
932695
932664
932637
932615
932602
932585
932572
932528
932502
932485
932475
932473
932406
932398
932371
932363
932355
932330
932295
932284
932272
932263
932259
932219
932211
932199
932184
932183
932178
932175
932159
932084
932076
932072
932066
932061
932045
931986
931986
931968
931935
931934
931931
931878
931825
931814
931782
931768
931743
931717
931695
931693
931677
931649
931629
931626
931614
931612
931596
931588
931542
931532
931526
931517
931505
931504
931497
931495
931447
931408
931384
931360
931351
931348
931326
931304
931298
931287
931284
931262
931233
931225
931201
931162
931138
931133
931111
931059
931057
931042
931026
931010
930991
930952
930931
930928
930911
930907
930895
930894
930892
930821
930803
930799
930797
930773
930770
930743
930728
930722
930721
930695
930667
930620
930604
930588
930587
930567
930549
930543
930532
930475
930459
930457
930435
930412
930411
930407
930366
930361
930348
930319
930254
930253
930239
930227
930181
930180
930176
930165
930160
930154
930149
930141
930140
930128
930112
930111
930092
930075
930035
930022
930019
929959
929925
929922
929922
929845
929808
929789
929782
929746
929705
929659
929656
929624
929622
929621
929618
929542
929522
929479
929460
929445
929431
929418
929406
929400
929378
929332
929314
929286
929285
929267
929267
929257
929247
929240
929210
929204
929200
929180
929140
929129
929126
929120
929085
929075
929068
929063
929023
929012
928983
928980
928977
928931
928928
928906
928881
928876
928869
928854
928849
928843
928829
928825
928802
928798
928792
928740
928691
928678
928663
928659
928647
928634
928633
928580
928535
928516
928509
928476
928471
928422
928414
928399
928398
928386
928363
928306
928269
928251
928250
928241
928187
928166
928165
928156
928140
928115
928062
928044
928005
927971
927958
927933
927918
927914
927903
927875
927850
927819
927811
927803
927753
927748
927745
927737
927713
927703
927698
927693
927661
927636
927635
927502
927497
927488
927486
927449
927441
927377
927321
927290
927285
927239
927222
927218
927167
927167
927163
927162
927150
927128
927113
927099
927091
927058
927041
927027
927027
927024
927022
926975
926964
926960
926919
926889
926860
926854
926854
926843
926832
926832
926825
926817
926804
926787
926726
926688
926675
926643
926611
926610
926609
926602
926570
926563
926561
926547
926543
926531
926497
926469
926408
926400
926334
926312
926307
926264
926246
926245
926244
926198
926175
926173
926166
926156
926154
926151
926137
926102
926076
926073
926054
926044
926041
925977
925969
925941
925939
925897
925850
925815
925779
925741
925732
925706
925690
925679
925658
925650
925631
925607
925599
925583
925567
925549
925531
925465
925439
925423
925419
925378
925354
925347
925328
925284
925272
925264
925201
925190
925183
925175
925132
925125
925110
925092
925076
925071
925056
925053
925047
925038
925030
925025
925021
925013
925012
924965
924933
924919
924913
924879
924858
924851
924839
924791
924777
924776
924758
924746
924732
924710
924689
924688
924632
924570
924563
924469
924423
924394
924353
924335
924327
924323
924305
924282
924257
924229
924196
924195
924176
924160
924121
924066
924016
923999
923986
923980
923976
923944
923936
923868
923867
923852
923840
923829
923829
923827
923803
923803
923762
923753
923719
923719
923716
923681
923680
923678
923677
923675
923671
923620
923614
923601
923594
923546
923520
923510
923488
923445
923440
923417
923416
923413
923409
923405
923383
923301
923281
923247
923242
923242
923236
923217
923214
923159
923147
923129
923112
923065
923056
923030
923015
923013
923010
922982
922982
922979
922977
922961
922944
922940
922936
922933
922909
922894
922878
922876
922863
922858
922856
922854
922834
922820
922788
922758
922752
922734
922708
922702
922662
922653
922638
922515
922436
922391
922379
922378
922375
922373
922355
922351
922348
922326
922320
922307
922306
922300
922256
922250
922237
922231
922217
922211
922195
922190
922176
922120
922117
922110
922107
922101
922089
922076
922063
922048
922005
921993
921971
921962
921934
921902
921902
921901
921894
921894
921831
921825
921808
921788
921787
921766
921763
921738
921705
921654
921654
921654
921647
921555
921506
921496
921489
921470
921441
921410
921389
921381
921361
921351
921294
921278
921275
921248
921228
921209
921192
921192
921180
921129
921094
921081
921080
921054
920927
920879
920876
920872
920786
920779
920743
920719
920703
920684
920652
920650
920633
920628
920597
920584
920578
920535
920496
920495
920468
920436
920417
920404
920385
920365
920359
920263
920261
920253
920245
920242
920238
920195
920173
920149
920134
920044
919971
919935
919927
919926
919925
919914
919866
919827
919812
919799
919730
919687
919646
919643
919639
919628
919620
919619
919531
919525
919512
919509
919501
919480
919477
919439
919385
919317
919277
919270
919265
919251
919212
919179
919138
919132
919097
919092
919085
918993
918989
918963
918901
918885
918872
918859
918838
918835
918822
918792
918775
918771
918755
918749
918726
918716
918649
918636
918619
918619
918607
918600
918579
918530
918501
918499
918359
918330
918329
918324
918317
918309
918307
918305
918304
918272
918205
918181
918172
918171
918169
918162
918120
918096
918084
918081
918078
918073
918066
917996
917994
917918
917909
917873
917872
917854
917841
917809
917767
917722
917673
917646
917570
917546
917477
917473
917458
917436
917394
917362
917357
917350
917348
917253
917244
917117
917099
917015
917013
917003
916984
916966
916938
916904
916888
916887
916886
916882
916874
916805
916791
916788
916757
916683
916646
916639
916626
916586
916562
916532
916511
916510
916509
916490
916466
916449
916431
916418
916410
916410
916349
916345
916342
916309
916273
916167
916155
916142
916141
916122
916107
916095
916084
916082
916069
915990
915977
915964
915958
915954
915930
915904
915899
915890
915875
915864
915857
915841
915810
915792
915776
915764
915749
915733
915726
915694
915683
915672
915671
915654
915654
915586
915584
915569
915514
915513
915505
915493
915491
915454
915453
915433
915432
915391
915390
915365
915328
915300
915288
915281
915270
915248
915244
915218
915212
915202
915196
915188
915167
915166
915160
915151
915094
915084
915083
915069
914960
914940
914926
914925
914903
914842
914821
914795
914783
914700
914686
914683
914680
914651
914637
914623
914608
914603
914565
914513
914508
914468
914462
914455
914448
914430
914426
914417
914407
914403
914373
914357
914355
914284
914273
914269
914242
914223
914220
914215
914211
914180
914134
914118
914115
914113
914105
914072
914059
914047
914032
914028
914028
914011
914007
913997
913963
913940
913912
913877
913854
913768
913750
913741
913731
913726
913712
913702
913696
913690
913667
913634
913633
913619
913597
913596
913577
913575
913571
913507
913503
913475
913471
913458
913442
913394
913368
913352
913338
913319
913285
913276
913227
913227
913189
913178
913177
913167
913158
913095
913095
913005
912985
912981
912974
912937
912937
912917
912891
912878
912856
912844
912831
912821
912804
912799
912724
912715
912711
912680
912622
912609
912609
912606
912573
912572
912565
912552
912552
912474
912471
912469
912431
912413
912389
912387
912383
912372
912293
912220
912220
912148
912146
912136
912111
912111
912108
912106
912067
912046
912045
912019
911997
911982
911968
911951
911938
911937
911926
911896
911894
911881
911834
911818
911817
911815
911810
911735
911707
911705
911668
911651
911649
911598
911593
911567
911488
911459
911443
911432
911407
911398
911381
911380
911373
911355
911344
911316
911267
911262
911224
911221
911215
911189
911152
911143
911136
911135
911113
911065
911029
911006
910995
910972
910967
910967
910900
910896
910888
910884
910883
910878
910865
910860
910823
910818
910801
910729
910709
910685
910678
910653
910620
910584
910579
910568
910563
910536
910532
910530
910525
910503
910471
910465
910434
910419
910394
910372
910328
910323
910321
910308
910272
910265
910258
910240
910228
910213
910194
910182
910152
910146
910134
910094
910087
910078
910070
910027
910009
910002
909999
909998
909918
909914
909868
909856
909850
909834
909832
909824
909824
909762
909734
909724
909689
909688
909632
909620
909558
909557
909550
909543
909509
909461
909455
909420
909415
909386
909377
909374
909361
909345
909340
909321
909308
909294
909276
909254
909149
909133
909105
909097
909092
909051
909031
909029
909019
908958
908932
908914
908903
908883
908883
908819
908800
908797
908787
908759
908728
908716
908668
908639
908634
908609
908603
908576
908569
908548
908537
908532
908499
908484
908456
908434
908372
908365
908351
908350
908348
908342
908337
908301
908297
908289
908274
908266
908229
908144
908134
908127
908097
908056
908045
908012
907996
907954
907952
907913
907906
907891
907889
907882
907879
907865
907812
907805
907753
907752
907739
907712
907709
907662
907658
907653
907633
907631
907630
907557
907556
907543
907543
907489
907475
907449
907435
907390
907386
907378
907376
907376
907374
907355
907354
907351
907329
907312
907282
907233
907200
907188
907178
907164
907158
907116
907075
907035
907002
906989
906978
906888
906874
906840
906804
906758
906708
906701
906689
906673
906669
906667
906651
906644
906606
906604
906590
906590
906483
906474
906450
906439
906387
906368
906361
906339
906309
906294
906283
906200
906198
906189
906168
906164
906118
906098
906085
906062
906049
906020
905998
905982
905952
905920
905907
905895
905862
905861
905825
905810
905806
905770
905769
905747
905721
905715
905703
905695
905680
905664
905638
905634
905610
905602
905591
905584
905545
905529
905517
905463
905440
905438
905437
905431
905374
905332
905296
905282
905242
905226
905204
905201
905200
905183
905168
905147
905144
905143
905121
905040
905034
905012
904975
904974
904955
904938
904888
904887
904884
904882
904858
904837
904807
904807
904794
904792
904781
904770
904720
904714
904694
904680
904651
904645
904554
904538
904509
904465
904451
904439
904426
904399
904371
904308
904307
904300
904268
904266
904237
904236
904233
904231
904218
904216
904172
904168
904065
904052
904008
903971
903967
903963
903952
903950
903904
903883
903880
903860
903858
903826
903797
903778
903771
903759
903756
903754
903708
903701
903693
903669
903617
903614
903605
903598
903588
903572
903572
903551
903484
903465
903463
903461
903459
903457
903418
903410
903405
903399
903290
903272
903263
903236
903234
903220
903158
903137
903136
903093
902997
902974
902958
902927
902883
902879
902819
902785
902785
902758
902754
902744
902644
902638
902603
902596
902593
902585
902582
902534
902527
902525
902518
902485
902476
902431
902407
902403
902399
902389
902385
902339
902322
902315
902301
902247
902237
902236
902214
902181
902172
902163
902149
902147
902107
902083
902079
902061
902046
902042
902034
902028
902014
902008
901991
901944
901940
901927
901888
901863
901841
901749
901714
901692
901679
901654
901645
901635
901633
901613
901574
901563
901548
901534
901530
901512
901503
901491
901476
901431
901427
901414
901403
901378
901364
901346
901346
901319
901316
901310
901270
901267
901252
901191
901156
901133
901053
901033
901010
900964
900932
900932
900882
900870
900835
900787
900780
900768
900760
900755
900751
900724
900696
900693
900614
900548
900523
900514
900514
900495
900486
900468
900453
900354
900351
900344
900324
900273
900237
900200
900180
900173
900152
900147
900142
900132
900102
900086
900073
900011
900003
899981
899960
899956
899936
899926
899915
899838
899822
899821
899805
899758
899719
899715
899702
899695
899661
899643
899641
899628
899606
899602
899599
899550
899535
899506
899492
899486
899483
899456
899425
899415
899409
899387
899381
899352
899297
899250
899219
899193
899172
899170
899161
899144
899143
899112
899093
899046
899016
898991
898978
898961
898923
898909
898886
898862
898820
898815
898764
898738
898689
898669
898657
898653
898620
898618
898596
898578
898543
898536
898531
898526
898525
898510
898496
898495
898479
898448
898438
898416
898415
898415
898391
898369
898359
898356
898328
898319
898309
898235
898222
898220
898218
898214
898206
898201
898199
898175
898172
898145
898131
898091
898082
898053
897970
897961
897957
897933
897930
897883
897864
897844
897817
897808
897762
897759
897752
897749
897737
897681
897678
897673
897659
897650
897648
897632
897625
897625
897586
897578
897573
897573
897518
897504
897502
897472
897466
897448
897382
897349
897339
897299
897275
897262
897260
897241
897218
897199
897144
897109
897044
897042
897034
896979
896933
896923
896911
896909
896908
896846
896788
896769
896766
896753
896699
896698
896693
896691
896691
896665
896631
896612
896596
896595
896575
896561
896559
896554
896544
896519
896500
896493
896476
896472
896459
896439
896425
896373
896367
896341
896340
896316
896292
896280
896241
896206
896203
896164
896146
896127
896121
896110
896100
896092
896081
896059
896040
896019
896014
896013
895963
895926
895911
895907
895887
895882
895875
895861
895860
895852
895803
895798
895788
895763
895730
895726
895717
895689
895687
895659
895652
895651
895650
895642
895627
895625
895611
895610
895593
895574
895541
895513
895508
895455
895450
895448
895409
895367
895337
895316
895293
895284
895276
895265
895263
895247
895200
895187
895173
895141
895133
895129
895122
895095
895086
895074
895072
895072
895072
895072
895014
895003
894975
894953
894910
894862
894842
894814
894810
894787
894772
894716
894709
894707
894681
894611
894610
894602
894596
894595
894577
894576
894564
894555
894553
894492
894451
894389
894385
894352
894304
894269
894264
894235
894215
894192
894182
894170
894161
894155
894125
894084
894041
894036
894027
894021
894018
894017
894002
893959
893907
893872
893844
893844
893833
893751
893717
893681
893680
893663
893646
893631
893612
893606
893592
893525
893518
893487
893483
893477
893426
893412
893388
893381
893371
893335
893335
893313
893310
893296
893277
893269
893264
893254
893235
893231
893231
893167
893126
893121
893109
893107
893050
893027
893009
892908
892883
892857
892855
892844
892836
892834
892784
892728
892700
892698
892694
892665
892662
892662
892656
892655
892636
892617
892617
892612
892610
892559
892517
892513
892469
892457
892427
892385
892364
892354
892347
892341
892316
892296
892295
892266
892240
892239
892195
892176
892100
892097
892056
892040
892005
891998
891980
891958
891958
891956
891933
891921
891908
891899
891851
891842
891841
891833
891825
891773
891770
891745
891741
891726
891718
891688
891647
891633
891623
891619
891608
891577
891573
891539
891505
891501
891494
891464
891445
891435
891430
891398
891394
891362
891335
891312
891304
891282
891264
891232
891231
891200
891178
891176
891171
891149
891005
890975
890968
890962
890958
890935
890924
890919
890875
890872
890866
890863
890737
890735
890729
890712
890709
890655
890613
890581
890581
890559
890533
890515
890508
890488
890481
890480
890452
890448
890428
890398
890391
890375
890373
890369
890346
890342
890337
890314
890313
890283
890239
890167
890160
890158
890147
890110
890094
890093
890060
890042
889984
889911
889845
889795
889787
889777
889747
889739
889696
889687
889654
889624
889622
889603
889601
889576
889548
889521
889464
889452
889444
889444
889428
889358
889351
889340
889336
889270
889265
889210
889207
889201
889172
889164
889144
889132
889097
889034
889015
889000
888996
888968
888952
888945
888942
888906
888903
888890
888876
888873
888837
888787
888749
888668
888668
888650
888650
888631
888559
888520
888515
888495
888475
888474
888447
888419
888414
888367
888351
888307
888291
888289
888277
888266
888242
888213
888205
888204
888176
888162
888025
887960
887956
887952
887949
887946
887936
887934
887906
887902
887892
887833
887805
887785
887763
887761
887743
887733
887692
887652
887645
887628
887610
887604
887561
887552
887484
887467
887453
887452
887445
887439
887400
887391
887374
887362
887357
887302
887295
887223
887192
887182
887151
887144
887137
887119
887097
887035
887035
887013
887002
886999
886969
886899
886883
886883
886867
886766
886747
886742
886737
886734
886729
886716
886695
886686
886673
886667
886656
886617
886587
886577
886567
886552
886531
886520
886515
886469
886419
886411
886367
886338
886338
886299
886280
886268
886240
886194
886168
886163
886114
886104
886066
886006
886000
885997
885989
885984
885982
885951
885943
885910
885896
885865
885837
885832
885829
885827
885826
885802
885783
885767
885735
885727
885716
885712
885684
885676
885643
885631
885619
885610
885610
885583
885566
885549
885541
885520
885490
885490
885449
885440
885439
885413
885393
885365
885358
885356
885354
885324
885315
885304
885293
885289
885279
885243
885212
885131
885104
885062
885056
885023
884886
884885
884858
884846
884819
884805
884804
884775
884754
884745
884741
884741
884723
884670
884630
884629
884611
884604
884602
884588
884577
884541
884534
884532
884530
884526
884516
884508
884500
884475
884475
884470
884465
884464
884378
884353
884352
884351
884342
884340
884335
884242
884213
884200
884186
884183
884175
884173
884147
884142
884132
884105
884101
884073
884070
884049
884015
884006
884002
883988
883960
883954
883940
883913
883894
883876
883874
883872
883854
883845
883839
883832
883832
883830
883821
883819
883812
883788
883769
883746
883725
883712
883703
883583
883469
883458
883454
883423
883421
883408
883370
883368
883363
883358
883324
883321
883308
883275
883274
883273
883259
883257
883229
883222
883192
883187
883181
883174
883154
883151
883148
883129
883123
883123
883106
883098
883092
883084
883083
883069
883044
883024
883021
883020
883017
882976
882959
882953
882918
882887
882863
882859
882851
882847
882821
882805
882787
882784
882782
882768
882733
882719
882679
882675
882668
882665
882614
882612
882611
882608
882605
882604
882590
882583
882539
882534
882524
882508
882503
882501
882467
882466
882461
882432
882413
882395
882393
882306
882275
882158
882136
882113
882107
882101
882083
882083
882060
882042
882032
882022
881998
881991
881988
881987
881960
881941
881919
881906
881876
881862
881860
881847
881778
881772
881707
881699
881696
881695
881618
881609
881608
881554
881543
881540
881529
881527
881524
881507
881504
881494
881490
881475
881455
881445
881409
881386
881383
881365
881353
881323
881312
881298
881285
881267
881171
881171
881161
881136
881136
881131
881114
881113
881101
881079
881050
881026
881021
880988
880976
880974
880941
880914
880878
880869
880846
880833
880803
880790
880778
880771
880719
880705
880691
880682
880670
880656
880645
880590
880582
880568
880541
880511
880486
880470
880440
880428
880425
880405
880399
880392
880379
880369
880365
880365
880359
880340
880325
880308
880301
880271
880237
880180
880175
880162
880129
880126
880102
880092
880082
880082
880054
880029
880006
879989
879980
879946
879926
879896
879864
879851
879844
879821
879819
879800
879772
879769
879761
879713
879712
879709
879697
879683
879665
879645
879556
879552
879550
879445
879429
879409
879396
879383
879363
879358
879318
879318
879275
879206
879163
879148
879144
879133
879120
879089
879067
879053
879053
879040
879036
879016
879011
879009
879004
878991
878980
878960
878933
878914
878914
878862
878801
878796
878763
878752
878709
878703
878683
878675
878666
878639
878615
878548
878529
878529
878527
878523
878514
878478
878432
878393
878378
878326
878304
878303
878282
878281
878218
878202
878133
878102
878081
878073
878067
878044
878038
878032
878030
878002
877972
877971
877967
877946
877939
877890
877849
877810
877752
877728
877716
877714
877710
877674
877657
877652
877645
877629
877586
877574
877573
877562
877560
877541
877532
877510
877510
877509
877509
877505
877425
877395
877367
877325
877305
877276
877254
877248
877248
877221
877181
877161
877137
877127
877121
877116
877109
877108
877088
877078
877026
877020
877014
876965
876964
876918
876909
876895
876892
876878
876871
876861
876786
876784
876782
876764
876755
876711
876703
876693
876677
876673
876673
876634
876620
876605
876578
876573
876549
876514
876489
876464
876444
876427
876409
876390
876384
876381
876379
876369
876368
876322
876303
876295
876294
876239
876236
876219
876216
876212
876158
876122
876121
876115
876030
876002
875999
875984
875964
875869
875781
875764
875742
875681
875677
875642
875630
875601
875597
875563
875542
875509
875480
875478
875450
875420
875412
875400
875376
875365
875349
875339
875332
875281
875239
875226
875226
875216
875209
875203
875196
875185
875172
875089
875083
875020
874988
874979
874922
874918
874872
874864
874803
874789
874774
874717
874713
874699
874677
874669
874662
874639
874625
874617
874611
874586
874572
874544
874543
874532
874499
874495
874439
874419
874401
874394
874375
874340
874330
874310
874302
874282
874277
874274
874256
874250
874237
874221
874220
874218
874192
874174
874172
874166
874138
874124
874075
874061
874054
874039
874013
874012
873937
873904
873830
873816
873814
873812
873808
873738
873732
873730
873723
873650
873640
873620
873585
873544
873543
873529
873501
873487
873466
873451
873448
873447
873428
873416
873390
873363
873344
873340
873324
873312
873293
873268
873242
873235
873222
873197
873195
873193
873170
873165
873147
873137
873135
873132
873123
873114
873111
873108
873087
873068
873061
873060
873034
873018
873004
872967
872942
872929
872917
872899
872898
872897
872893
872887
872865
872807
872772
872742
872730
872730
872709
872672
872663
872650
872645
872635
872619
872599
872593
872593
872589
872579
872545
872542
872515
872451
872402
872396
872382
872361
872320
872316
872295
872289
872284
872280
872278
872235
872225
872190
872187
872171
872130
872058
872055
872053
871979
871966
871926
871921
871912
871882
871881
871873
871822
871784
871779
871778
871773
871767
871760
871736
871732
871709
871686
871660
871656
871617
871614
871606
871590
871573
871569
871537
871503
871457
871451
871426
871388
871363
871363
871346
871337
871316
871294
871292
871290
871282
871279
871243
871235
871223
871211
871178
871160
871140
871139
871104
871058
871048
871046
871016
871006
870962
870897
870896
870893
870891
870845
870800
870781
870717
870694
870689
870687
870678
870636
870602
870596
870596
870584
870578
870573
870547
870541
870534
870529
870518
870503
870473
870467
870380
870371
870366
870362
870334
870303
870301
870282
870254
870249
870233
870215
870213
870177
870171
870117
870088
870062
870060
870055
869997
869991
869982
869970
869912
869905
869900
869893
869893
869876
869874
869872
869871
869850
869819
869783
869769
869728
869699
869677
869676
869666
869580
869550
869524
869516
869515
869507
869468
869453
869446
869418
869345
869334
869314
869300
869291
869289
869288
869285
869254
869223
869210
869162
869157
869115
869033
869015
868988
868986
868968
868957
868949
868942
868932
868914
868890
868810
868788
868768
868743
868712
868706
868705
868656
868646
868641
868607
868559
868547
868538
868520
868496
868448
868427
868378
868368
868348
868311
868292
868285
868278
868277
868264
868236
868220
868208
868184
868109
868106
868089
868037
868035
868034
868011
868004
868000
867999
867995
867964
867951
867914
867880
867876
867872
867845
867842
867810
867805
867782
867758
867742
867725
867650
867643
867643
867626
867626
867612
867587
867530
867525
867503
867479
867470
867468
867462
867452
867393
867383
867351
867331
867322
867318
867305
867294
867256
867198
867188
867183
867113
867110
867099
867089
867059
867051
867049
867040
867021
866981
866933
866926
866917
866905
866882
866839
866819
866764
866732
866726
866709
866668
866636
866630
866628
866619
866600
866588
866588
866569
866547
866501
866490
866477
866468
866456
866443
866416
866415
866411
866354
866316
866311
866267
866257
866242
866161
866138
866093
866065
866029
866019
866007
865986
865918
865913
865901
865897
865882
865878
865877
865857
865855
865853
865849
865847
865823
865811
865811
865799
865773
865750
865732
865728
865714
865688
865659
865638
865607
865559
865550
865536
865512
865511
865495
865489
865474
865465
865453
865419
865416
865386
865374
865368
865344
865329
865292
865273
865259
865254
865250
865240
865225
865222
865220
865186
865174
865170
865117
865075
865070
865043
865017
865010
865002
864993
864990
864978
864963
864961
864945
864934
864893
864886
864822
864799
864780
864770
864766
864720
864674
864674
864671
864669
864666
864664
864655
864650
864647
864646
864629
864593
864568
864555
864537
864508
864488
864461
864460
864437
864414
864410
864407
864346
864323
864301
864252
864237
864235
864221
864199
864169
864150
864108
864090
864075
864075
864061
864025
863974
863962
863947
863946
863944
863920
863919
863913
863908
863875
863874
863868
863856
863854
863848
863804
863788
863779
863749
863717
863716
863689
863689
863675
863625
863609
863596
863572
863570
863564
863555
863549
863524
863503
863466
863437
863395
863367
863363
863360
863353
863319
863288
863234
863220
863218
863208
863199
863194
863173
863105
863099
863056
863047
863046
863023
863017
862986
862978
862968
862964
862938
862930
862894
862876
862825
862801
862779
862776
862744
862743
862739
862664
862656
862637
862635
862625
862543
862536
862535
862512
862471
862450
862439
862438
862399
862396
862389
862388
862365
862356
862354
862352
862343
862295
862291
862277
862255
862238
862226
862208
862189
862189
862131
862130
862107
862102
862079
862065
862041
862030
861995
861992
861941
861916
861869
861861
861763
861758
861754
861723
861708
861706
861692
861691
861660
861645
861643
861630
861590
861575
861551
861549
861522
861512
861459
861456
861450
861438
861417
861398
861341
861335
861263
861247
861219
861211
861208
861205
861199
861183
861153
861118
861103
861081
861081
861070
861065
861052
861047
861023
861003
860996
860981
860925
860919
860917
860874
860872
860860
860848
860830
860809
860801
860796
860796
860783
860782
860782
860778
860759
860757
860754
860741
860714
860712
860693
860657
860654
860646
860613
860607
860596
860595
860593
860579
860564
860531
860523
860492
860481
860462
860421
860393
860367
860356
860329
860305
860251
860228
860191
860148
860110
860107
860092
860087
860045
860045
860044
860023
860016
860016
860006
860005
859989
859989
859974
859964
859936
859924
859921
859900
859891
859876
859824
859787
859766
859749
859740
859731
859724
859719
859695
859670
859657
859657
859656
859641
859638
859618
859610
859607
859572
859563
859544
859494
859432
859391
859369
859348
859339
859337
859305
859291
859290
859244
859208
859185
859177
859156
859156
859135
859110
859088
859074
859059
859045
859029
859019
859015
858982
858944
858922
858915
858906
858902
858875
858866
858861
858859
858859
858820
858812
858800
858771
858750
858695
858644
858618
858585
858562
858549
858536
858516
858492
858456
858383
858368
858353
858344
858341
858309
858266
858264
858252
858234
858230
858167
858167
858135
858134
858116
858081
858081
858075
858062
858061
858033
857998
857985
857960
857957
857951
857902
857900
857890
857822
857818
857796
857773
857759
857741
857729
857725
857722
857692
857656
857651
857649
857643
857623
857576
857563
857551
857545
857463
857443
857432
857418
857412
857400
857242
857239
857232
857223
857221
857206
857197
857156
857144
857115
857093
857072
857072
857056
857011
856983
856974
856970
856958
856912
856851
856845
856836
856802
856797
856777
856773
856768
856730
856717
856709
856632
856615
856606
856589
856584
856578
856578
856538
856517
856485
856483
856469
856469
856458
856440
856426
856406
856395
856385
856367
856355
856298
856294
856289
856262
856233
856200
856147
856052
856050
856001
855970
855891
855876
855871
855825
855819
855789
855781
855761
855690
855690
855683
855580
855571
855530
855520
855499
855478
855473
855472
855471
855460
855441
855431
855431
855428
855415
855387
855371
855366
855356
855341
855304
855286
855272
855266
855265
855228
855227
855224
855206
855199
855193
855128
855108
855062
855053
855044
855020
854995
854985
854983
854939
854930
854881
854824
854822
854815
854799
854798
854788
854736
854707
854706
854703
854628
854603
854588
854506
854488
854484
854441
854430
854398
854378
854366
854365
854350
854311
854280
854263
854253
854246
854213
854201
854197
854177
854146
854117
854104
854050
854024
854019
854008
854005
853989
853979
853969
853918
853901
853882
853846
853816
853810
853775
853744
853716
853715
853651
853649
853641
853580
853577
853567
853547
853541
853533
853500
853452
853429
853414
853405
853402
853398
853394
853367
853359
853355
853341
853338
853310
853293
853292
853282
853256
853255
853231
853196
853180
853089
853081
853059
853056
853022
853012
853008
852995
852974
852893
852878
852855
852770
852767
852747
852728
852713
852701
852692
852678
852667
852659
852643
852622
852617
852597
852590
852585
852555
852516
852512
852478
852475
852473
852432
852431
852397
852397
852354
852308
852307
852305
852248
852240
852232
852230
852225
852222
852180
852176
852165
852150
852112
852111
852076
852054
852049
852034
852032
852025
852007
851975
851961
851947
851941
851941
851922
851912
851903
851888
851882
851882
851875
851820
851814
851791
851762
851726
851699
851661
851658
851616
851612
851585
851577
851532
851530
851529
851494
851466
851436
851417
851401
851385
851380
851373
851368
851366
851361
851316
851312
851286
851273
851199
851166
851123
851121
851101
851059
851053
851046
851012
851009
850982
850977
850976
850956
850956
850946
850939
850932
850901
850894
850881
850851
850845
850839
850813
850812
850800
850791
850780
850745
850725
850720
850710
850692
850683
850678
850618
850591
850591
850566
850513
850511
850483
850477
850469
850469
850456
850438
850416
850408
850366
850341
850325
850317
850291
850264
850244
850235
850202
850195
850159
850148
850140
850097
850039
850035
850031
850025
850011
850010
849955
849930
849929
849927
849897
849896
849844
849834
849834
849826
849781
849746
849728
849723
849721
849697
849683
849638
849626
849593
849572
849536
849482
849463
849447
849440
849437
849434
849432
849432
849423
849410
849392
849337
849328
849267
849232
849230
849228
849153
849142
849129
849114
849112
849093
849048
849027
849026
849010
849007
849003
849003
848990
848927
848911
848908
848882
848879
848877
848868
848820
848818
848817
848789
848727
848712
848664
848640
848618
848616
848612
848612
848581
848543
848487
848487
848468
848463
848442
848404
848402
848368
848336
848272
848223
848219
848176
848169
848082
848082
848076
848065
848064
848043
848038
848020
848017
848004
847987
847978
847941
847940
847918
847896
847889
847884
847883
847870
847836
847815
847800
847788
847779
847765
847744
847729
847709
847691
847683
847656
847631
847594
847567
847563
847558
847524
847504
847501
847493
847468
847462
847461
847456
847427
847425
847348
847324
847305
847284
847263
847255
847236
847224
847203
847203
847192
847191
847152
847087
847065
847065
847045
847027
847027
847017
847005
846986
846974
846970
846898
846893
846850
846828
846822
846819
846740
846726
846715
846687
846674
846655
846628
846595
846576
846565
846564
846539
846503
846490
846452
846422
846418
846406
846403
846354
846350
846279
846271
846257
846235
846201
846177
846170
846159
846134
846093
846088
846066
846064
846038
846002
845985
845972
845964
845964
845962
845955
845939
845907
845864
845842
845841
845817
845757
845687
845684
845657
845650
845621
845608
845583
845575
845572
845558
845554
845502
845490
845479
845438
845430
845424
845423
845404
845351
845320
845305
845300
845243
845217
845198
845023
845006
844998
844988
844979
844940
844917
844886
844884
844787
844756
844698
844679
844661
844645
844584
844569
844535
844526
844515
844513
844508
844475
844470
844445
844436
844426
844410
844397
844379
844376
844371
844363
844352
844340
844325
844274
844259
844230
844213
844198
844194
844181
844156
844150
844147
844143
844135
844135
844087
844080
844045
843976
843974
843948
843914
843913
843905
843874
843854
843835
843829
843777
843774
843763
843720
843641
843623
843608
843595
843581
843544
843535
843525
843519
843502
843497
843482
843474
843454
843431
843418
843410
843397
843383
843366
843360
843355
843350
843341
843296
843277
843277
843259
843240
843215
843200
843197
843192
843175
843166
843102
843097
843078
843067
843066
843031
843007
842986
842959
842925
842906
842884
842884
842869
842819
842771
842764
842726
842718
842702
842692
842692
842670
842619
842615
842586
842564
842556
842517
842508
842413
842412
842382
842370
842338
842315
842280
842257
842234
842226
842220
842216
842188
842182
842118
842097
842073
842067
842058
842033
842019
842007
841996
841990
841965
841944
841940
841873
841864
841837
841757
841720
841713
841703
841697
841691
841613
841608
841584
841577
841573
841562
841555
841550
841550
841546
841544
841532
841516
841494
841472
841433
841432
841402
841400
841398
841392
841371
841354
841346
841322
841274
841254
841251
841239
841220
841199
841181
841162
841106
841073
841039
840999
840956
840920
840858
840830
840791
840783
840725
840672
840642
840607
840597
840582
840548
840522
840513
840511
840508
840500
840487
840483
840478
840457
840411
840400
840361
840320
840301
840278
840275
840252
840251
840226
840219
840187
840161
840160
840126
840082
840065
839983
839982
839955
839945
839932
839924
839912
839905
839874
839841
839816
839791
839770
839768
839756
839756
839747
839712
839710
839677
839633
839613
839555
839553
839529
839513
839477
839437
839429
839408
839398
839374
839347
839326
839322
839314
839303
839303
839298
839294
839280
839274
839247
839236
839171
839160
839074
839062
839039
839029
838985
838984
838931
838916
838871
838871
838862
838811
838800
838790
838788
838781
838776
838739
838681
838654
838649
838641
838611
838611
838575
838560
838556
838535
838528
838519
838498
838484
838463
838462
838419
838415
838413
838402
838395
838386
838380
838358
838354
838324
838320
838310
838276
838248
838245
838240
838200
838162
838139
838136
837979
837959
837951
837951
837949
837939
837902
837893
837891
837888
837882
837882
837879
837871
837868
837854
837852
837852
837821
837808
837794
837781
837779
837757
837732
837713
837713
837695
837674
837651
837645
837635
837630
837614
837608
837556
837550
837540
837539
837511
837511
837500
837495
837479
837454
837432
837431
837415
837387
837386
837376
837352
837334
837321
837315
837299
837279
837235
837224
837213
837211
837149
837115
837082
837063
837004
836995
836983
836963
836955
836951
836949
836933
836931
836901
836900
836887
836882
836866
836862
836861
836836
836757
836757
836736
836720
836604
836602
836553
836549
836538
836485
836454
836453
836435
836434
836416
836232
836220
836160
836158
836078
836043
836016
835982
835966
835957
835934
835869
835860
835855
835812
835780
835769
835754
835740
835705
835661
835660
835658
835628
835625
835622
835621
835611
835561
835559
835540
835540
835500
835484
835471
835438
835436
835411
835397
835370
835365
835346
835343
835323
835320
835268
835208
835172
835148
835147
835114
835057
835029
835025
834985
834934
834931
834916
834908
834840
834830
834825
834795
834791
834783
834771
834728
834683
834678
834654
834639
834627
834610
834609
834582
834551
834547
834544
834501
834457
834428
834414
834407
834400
834362
834306
834268
834257
834251
834180
834144
834138
834131
834126
834109
834089
834076
834037
834036
834007
833938
833938
833936
833930
833867
833855
833854
833852
833821
833819
833769
833725
833721
833715
833707
833674
833660
833642
833624
833570
833544
833544
833541
833504
833441
833438
833399
833320
833314
833268
833250
833242
833224
833223
833164
833164
833122
833094
833086
833063
833054
833041
833010
832997
832996
832982
832981
832978
832972
832966
832957
832914
832890
832887
832872
832865
832847
832820
832818
832782
832681
832638
832615
832591
832588
832566
832558
832536
832493
832475
832468
832464
832455
832453
832453
832446
832398
832393
832388
832379
832344
832320
832264
832263
832256
832245
832220
832165
832150
832128
832117
832104
832103
832049
832025
831912
831904
831894
831870
831863
831840
831789
831768
831763
831661
831642
831626
831609
831598
831574
831564
831523
831519
831493
831488
831482
831481
831478
831446
831429
831406
831370
831355
831344
831314
831311
831295
831287
831277
831246
831241
831212
831209
831199
831197
831171
831144
831125
831049
830996
830992
830961
830925
830896
830893
830863
830858
830855
830854
830840
830839
830794
830788
830774
830763
830746
830706
830699
830691
830631
830618
830609
830552
830478
830404
830400
830400
830380
830358
830349
830328
830304
830288
830259
830222
830217
830169
830138
830123
830119
830089
830073
830072
830067
830064
830053
830039
830036
830027
829993
829943
829925
829924
829918
829905
829902
829880
829851
829840
829813
829807
829805
829804
829799
829788
829779
829760
829754
829747
829718
829689
829679
829670
829627
829616
829605
829594
829588
829586
829523
829515
829458
829418
829402
829380
829377
829364
829342
829341
829340
829289
829276
829196
829188
829116
829069
829061
829038
829025
829010
828982
828947
828912
828908
828827
828799
828791
828783
828768
828681
828676
828663
828656
828648
828611
828554
828510
828498
828497
828465
828455
828388
828385
828370
828360
828278
828274
828273
828266
828207
828187
828170
828132
828129
828111
828098
828063
828045
828040
828038
827959
827959
827951
827950
827926
827913
827846
827846
827844
827836
827823
827818
827815
827790
827779
827773
827757
827694
827689
827685
827684
827664
827663
827659
827659
827636
827620
827618
827612
827604
827588
827586
827582
827563
827542
827539
827538
827509
827509
827494
827493
827469
827415
827402
827384
827359
827342
827314
827308
827293
827274
827264
827259
827245
827238
827223
827220
827219
827213
827205
827170
827164
827155
827151
827147
827135
827133
827090
827086
827068
827067
827063
827061
827057
827055
827054
827038
826993
826987
826951
826934
826926
826908
826905
826904
826883
826864
826817
826810
826796
826791
826763
826756
826738
826728
826725
826715
826700
826677
826673
826645
826642
826622
826617
826601
826595
826588
826583
826581
826525
826502
826490
826489
826482
826481
826431
826426
826396
826327
826317
826307
826296
826295
826268
826259
826240
826208
826205
826203
826196
826180
826172
826155
826144
826113
826106
826074
826051
826019
826012
826004
825974
825938
825924
825919
825907
825904
825899
825889
825877
825870
825828
825809
825797
825737
825719
825703
825669
825653
825637
825630
825607
825571
825569
825544
825522
825518
825494
825491
825454
825450
825449
825445
825437
825379
825362
825341
825338
825328
825308
825274
825258
825243
825224
825201
825197
825185
825184
825162
825146
825131
825126
825110
825086
825084
825054
825039
825037
825032
825022
825008
824983
824968
824927
824905
824903
824873
824870
824869
824852
824834
824826
824787
824784
824708
824624
824601
824600
824562
824549
824536
824520
824519
824516
824513
824512
824464
824438
824417
824405
824388
824351
824336
824326
824275
824265
824246
824242
824240
824208
824199
824147
824040
824038
824013
823988
823983
823953
823943
823937
823882
823878
823857
823845
823808
823794
823785
823780
823779
823777
823763
823757
823721
823696
823652
823652
823651
823641
823634
823617
823602
823581
823537
823524
823490
823489
823417
823403
823400
823390
823387
823352
823350
823350
823322
823315
823292
823266
823252
823234
823232
823230
823219
823211
823205
823182
823171
823164
823163
823142
823134
823134
823124
823122
823084
823068
823055
823044
823044
823008
822997
822985
822978
822974
822962
822943
822936
822916
822843
822836
822823
822818
822806
822758
822750
822693
822676
822630
822626
822626
822620
822608
822607
822596
822558
822556
822538
822533
822531
822498
822482
822477
822447
822418
822410
822381
822370
822354
822281
822263
822250
822244
822230
822151
822109
822090
822076
822074
822065
822042
822012
821961
821938
821926
821922
821922
821818
821784
821776
821753
821747
821723
821713
821670
821669
821666
821651
821637
821635
821627
821605
821603
821594
821587
821553
821543
821537
821537
821529
821522
821493
821490
821481
821469
821432
821431
821320
821314
821299
821277
821268
821264
821256
821213
821192
821175
821114
821104
821086
821078
821020
820981
820953
820944
820911
820899
820878
820859
820849
820824
820813
820799
820797
820791
820757
820741
820725
820714
820713
820688
820679
820657
820657
820647
820645
820632
820598
820578
820577
820567
820546
820511
820503
820502
820465
820444
820416
820391
820384
820381
820365
820349
820343
820337
820318
820316
820211
820193
820179
820159
820151
820130
820125
820120
820116
820103
820098
820086
820044
820037
820026
819984
819964
819962
819942
819935
819919
819904
819895
819880
819866
819817
819798
819772
819720
819706
819700
819685
819682
819659
819656
819648
819624
819542
819522
819521
819511
819508
819489
819466
819465
819464
819463
819432
819424
819423
819395
819359
819345
819300
819268
819253
819231
819229
819228
819182
819131
819103
819101
819078
819062
818948
818930
818927
818916
818912
818892
818886
818862
818855
818837
818827
818821
818820
818802
818785
818699
818646
818634
818621
818612
818571
818546
818528
818526
818517
818494
818478
818453
818437
818414
818353
818340
818314
818303
818290
818284
818255
818238
818185
818181
818151
818145
818101
818065
818065
818064
818031
818019
817974
817954
817937
817916
817911
817881
817874
817872
817851
817850
817839
817796
817795
817783
817778
817770
817765
817754
817751
817721
817713
817694
817692
817660
817649
817584
817574
817568
817556
817552
817552
817531
817483
817465
817442
817430
817422
817411
817407
817405
817404
817398
817384
817349
817329
817309
817303
817303
817280
817200
817181
817175
817166
817155
817138
817105
817100
817094
817076
817063
817043
817028
817024
817019
816988
816981
816936
816838
816819
816771
816691
816653
816637
816627
816612
816592
816573
816562
816513
816474
816473
816471
816448
816424
816418
816409
816381
816353
816326
816317
816292
816285
816271
816269
816250
816194
816156
816151
816149
816061
816052
816050
816034
816023
815998
815990
815987
815954
815914
815890
815866
815848
815828
815820
815809
815798
815780
815746
815732
815722
815684
815656
815656
815597
815587
815577
815568
815540
815503
815499
815484
815480
815476
815474
815468
815455
815441
815439
815417
815411
815373
815350
815328
815305
815285
815282
815241
815200
815126
815125
815122
815070
815049
815043
815043
815041
815039
814981
814978
814959
814948
814941
814934
814927
814922
814920
814845
814843
814825
814802
814740
814724
814712
814710
814709
814697
814684
814665
814621
814601
814582
814580
814521
814494
814448
814442
814432
814428
814426
814389
814378
814287
814283
814262
814255
814218
814199
814168
814125
814098
814076
814074
814067
814052
814029
814028
814017
814006
813993
813985
813950
813948
813939
813919
813893
813864
813856
813818
813814
813789
813758
813739
813734
813734
813717
813679
813630
813590
813581
813579
813541
813489
813470
813460
813450
813444
813421
813394
813341
813322
813305
813298
813296
813271
813261
813201
813187
813169
813105
813102
813099
813035
813012
813004
812946
812945
812937
812926
812911
812896
812875
812868
812828
812816
812812
812784
812753
812746
812714
812695
812689
812678
812630
812604
812569
812556
812553
812549
812542
812515
812493
812445
812417
812397
812341
812327
812312
812287
812282
812264
812249
812242
812215
812212
812201
812197
812177
812164
812155
812134
812130
812071
812060
812055
812053
812052
812015
812015
811993
811948
811932
811898
811883
811871
811869
811837
811822
811815
811798
811795
811789
811768
811766
811765
811763
811743
811741
811722
811684
811641
811627
811622
811612
811608
811586
811550
811519
811503
811476
811402
811331
811324
811294
811283
811225
811206
811192
811180
811172
811166
811133
811080
811042
811039
811034
810971
810932
810911
810898
810895
810884
810875
810867
810861
810848
810829
810827
810808
810761
810718
810651
810640
810616
810538
810494
810470
810448
810442
810400
810374
810365
810362
810359
810318
810311
810298
810293
810287
810264
810244
810193
810167
810146
810144
810138
810128
810109
810098
810091
809990
809986
809897
809894
809887
809822
809812
809770
809756
809739
809738
809718
809705
809690
809687
809561
809552
809545
809515
809507
809436
809410
809400
809387
809385
809333
809302
809290
809288
809282
809267
809252
809237
809222
809208
809205
809191
809185
809166
809153
809120
809076
809033
809031
808993
808992
808985
808975
808961
808959
808945
808936
808886
808878
808844
808843
808822
808798
808793
808773
808764
808755
808742
808726
808708
808675
808666
808652
808638
808580
808563
808513
808506
808491
808432
808386
808368
808363
808279
808270
808260
808255
808247
808234
808224
808188
808144
808114
808106
808102
808094
808078
808066
808044
808020
807958
807944
807941
807930
807926
807915
807911
807909
807903
807892
807892
807866
807865
807850
807838
807783
807736
807712
807707
807677
807663
807638
807593
807553
807522
807480
807473
807459
807385
807382
807338
807312
807266
807243
807242
807234
807161
807144
807143
807130
807116
807069
807062
807050
807045
807033
807028
807021
806978
806956
806955
806850
806826
806826
806798
806794
806768
806755
806747
806733
806723
806718
806712
806666
806642
806631
806629
806622
806611
806584
806555
806543
806530
806529
806529
806513
806482
806466
806445
806441
806440
806434
806423
806415
806381
806301
806291
806259
806258
806248
806221
806210
806195
806169
806169
806162
806125
806115
806092
806066
806066
806050
806035
806023
805986
805883
805868
805823
805820
805789
805761
805743
805674
805561
805523
805521
805496
805496
805455
805455
805429
805403
805361
805345
805322
805317
805312
805298
805282
805275
805267
805253
805246
805243
805228
805225
805197
805194
805162
804961
804932
804882
804862
804857
804797
804776
804770
804765
804745
804682
804674
804605
804587
804579
804575
804543
804541
804534
804493
804479
804447
804444
804436
804410
804383
804383
804375
804370
804359
804344
804289
804281
804227
804191
804176
804168
804096
804056
804044
804034
804006
803997
803995
803990
803966
803894
803789
803782
803781
803699
803672
803634
803570
803549
803449
803395
803369
803362
803333
803329
803308
803287
803250
803197
803115
803101
803094
803091
803053
803053
803038
803027
803024
803024
803012
802962
802932
802921
802909
802892
802826
802815
802813
802808
802805
802793
802781
802781
802780
802770
802762
802749
802741
802735
802734
802734
802725
802711
802710
802575
802571
802562
802560
802527
802527
802519
802514
802499
802473
802443
802403
802394
802390
802368
802314
802264
802245
802237
802229
802191
802123
802116
802110
802090
802087
802081
802015
802014
802003
801959
801958
801853
801847
801835
801816
801753
801732
801724
801709
801698
801691
801684
801684
801640
801615
801613
801602
801599
801552
801536
801524
801520
801490
801445
801426
801391
801378
801359
801348
801320
801317
801312
801197
801194
801143
801113
801050
801048
801043
801043
801041
801030
800996
800973
800971
800970
800955
800954
800914
800816
800810
800800
800798
800795
800788
800690
800659
800648
800644
800643
800630
800629
800625
800617
800615
800606
800563
800547
800470
800440
800423
800400
800397
800394
800385
800378
800372
800366
800337
800314
800306
800301
800297
800286
800210
800202
800176
800174
800165
800162
800145
800119
800109
800105
800077
800057
799973
799940
799882
799858
799821
799819
799816
799802
799771
799735
799699
799685
799664
799654
799618
799559
799511
799508
799507
799476
799473
799467
799457
799444
799417
799414
799399
799397
799363
799340
799325
799292
799236
799236
799226
799185
799130
799122
799049
799032
798999
798987
798982
798964
798888
798870
798854
798839
798839
798834
798833
798833
798800
798726
798725
798719
798679
798669
798589
798578
798558
798535
798528
798518
798443
798414
798396
798396
798370
798349
798345
798325
798303
798290
798236
798208
798191
798171
798166
798160
798141
798103
798074
798032
798027
798007
797976
797931
797903
797896
797853
797852
797758
797741
797725
797708
797686
797659
797619
797575
797571
797558
797426
797402
797400
797388
797378
797364
797350
797349
797336
797318
797315
797288
797276
797271
797243
797241
797206
797203
797198
797194
797187
797177
797137
797134
797133
797126
797109
797085
797073
797058
797048
797036
796996
796993
796981
796956
796919
796897
796884
796884
796868
796848
796847
796821
796797
796780
796779
796752
796743
796736
796654
796622
796569
796547
796539
796524
796520
796438
796398
796381
796353
796348
796269
796230
796187
796169
796133
796117
796109
796090
796089
796083
796082
796074
796070
796051
796030
795992
795974
795947
795924
795920
795901
795838
795825
795798
795787
795786
795757
795756
795750
795749
795726
795706
795674
795653
795646
795615
795600
795579
795551
795551
795538
795530
795521
795493
795474
795465
795453
795452
795447
795447
795370
795366
795361
795359
795357
795347
795310
795310
795294
795270
795265
795229
795203
795189
795173
795159
795132
795124
795089
795077
795059
795040
794964
794957
794944
794933
794930
794927
794925
794910
794907
794879
794878
794873
794840
794816
794802
794729
794717
794682
794624
794615
794609
794604
794571
794570
794561
794557
794544
794539
794532
794520
794511
794472
794452
794435
794417
794415
794413
794394
794392
794384
794329
794290
794281
794268
794250
794229
794210
794167
794167
794161
794131
794126
794110
794083
794040
794011
794006
793911
793884
793856
793855
793852
793841
793837
793834
793824
793821
793816
793764
793756
793755
793741
793716
793684
793649
793597
793586
793526
793519
793491
793484
793461
793459
793449
793436
793412
793411
793403
793385
793373
793356
793350
793306
793237
793227
793216
793214
793204
793190
793178
793133
793125
793047
793017
792976
792966
792965
792948
792913
792912
792907
792889
792886
792860
792844
792830
792824
792776
792771
792763
792738
792685
792668
792655
792622
792616
792612
792596
792588
792576
792555
792548
792539
792525
792496
792479
792468
792423
792409
792401
792397
792371
792347
792345
792336
792333
792330
792320
792281
792273
792246
792214
792193
792182
792173
792134
792106
792101
792094
792079
792035
791995
791968
791913
791885
791872
791867
791836
791741
791701
791667
791633
791620
791615
791579
791575
791575
791555
791519
791489
791488
791480
791479
791464
791449
791428
791397
791396
791382
791368
791317
791281
791272
791262
791253
791243
791228
791200
791165
791149
791105
791086
791071
791068
791044
791033
791030
791028
791025
791017
790963
790961
790894
790867
790863
790835
790828
790814
790805
790797
790780
790762
790724
790716
790689
790659
790648
790643
790619
790533
790528
790475
790470
790435
790435
790431
790415
790398
790391
790316
790313
790305
790299
790297
790294
790291
790287
790260
790253
790228
790212
790185
790181
790176
790163
790160
790137
790105
790084
790062
790047
790047
789985
789951
789920
789916
789897
789865
789854
789835
789822
789804
789782
789770
789754
789721
789721
789711
789677
789677
789660
789657
789650
789630
789622
789561
789541
789530
789507
789448
789446
789416
789395
789320
789313
789304
789291
789287
789219
789208
789148
789146
789108
789105
789041
789027
789017
789013
788989
788979
788962
788957
788885
788838
788817
788766
788744
788727
788693
788688
788674
788628
788608
788530
788522
788515
788505
788444
788423
788362
788362
788358
788350
788326
788275
788268
788261
788211
788203
788147
788142
788116
788114
788113
788104
788092
788084
788071
788039
788026
788016
788005
788004
788004
787972
787920
787914
787912
787910
787897
787891
787890
787831
787807
787756
787752
787710
787694
787671
787667
787605
787595
787594
787570
787536
787532
787507
787490
787464
787442
787411
787406
787388
787381
787376
787373
787353
787349
787339
787327
787312
787311
787311
787300
787300
787286
787285
787277
787265
787239
787214
787198
787197
787167
787144
787135
787078
787057
787044
787030
787029
787006
787004
786993
786867
786834
786831
786811
786806
786778
786721
786716
786692
786679
786672
786664
786663
786625
786619
786596
786577
786559
786556
786553
786538
786533
786529
786525
786525
786514
786507
786460
786438
786421
786404
786398
786392
786379
786352
786349
786335
786316
786309
786304
786302
786278
786272
786265
786231
786219
786218
786217
786191
786132
786122
786113
786038
786025
786024
786005
785966
785923
785921
785909
785904
785904
785902
785897
785895
785892
785849
785834
785803
785750
785741
785728
785692
785691
785683
785646
785574
785571
785568
785566
785562
785548
785513
785506
785465
785424
785400
785393
785377
785319
785315
785295
785286
785234
785229
785220
785186
785150
785086
785062
785021
785021
784976
784968
784953
784909
784881
784842
784841
784835
784819
784805
784764
784740
784720
784714
784713
784682
784668
784648
784632
784631
784628
784628
784614
784608
784506
784382
784340
784329
784308
784307
784250
784245
784244
784215
784183
784176
784174
784154
784113
784113
784108
784101
784093
784086
784086
784078
784074
784042
784034
783987
783985
783984
783962
783955
783887
783855
783847
783838
783816
783769
783725
783723
783699
783698
783673
783665
783664
783633
783624
783560
783559
783541
783507
783455
783415
783414
783412
783409
783395
783342
783338
783321
783305
783290
783279
783226
783213
783192
783181
783174
783164
783154
783129
783102
783094
783087
783062
783039
783031
783026
783014
782993
782982
782943
782935
782919
782893
782804
782797
782795
782783
782728
782707
782701
782696
782687
782656
782646
782639
782625
782613
782579
782568
782550
782534
782524
782520
782487
782481
782478
782451
782435
782434
782431
782355
782332
782280
782231
782160
782154
782116
782058
782004
781979
781977
781933
781929
781918
781907
781896
781888
781884
781879
781857
781856
781814
781793
781780
781758
781732
781682
781602
781600
781542
781537
781470
781444
781427
781392
781382
781366
781353
781352
781331
781317
781287
781269
781266
781222
781216
781192
781187
781134
781128
781083
781070
781051
781028
780998
780983
780964
780961
780937
780913
780908
780887
780879
780817
780799
780787
780769
780747
780736
780733
780729
780727
780720
780715
780679
780651
780639
780624
780603
780603
780570
780548
780544
780533
780523
780502
780476
780422
780409
780403
780402
780367
780293
780280
780225
780216
780204
780198
780188
780134
780101
779969
779964
779960
779956
779932
779877
779863
779833
779827
779809
779765
779758
779736
779724
779716
779695
779688
779688
779639
779633
779630
779581
779579
779574
779567
779541
779514
779493
779475
779444
779390
779385
779378
779356
779325
779323
779315
779291
779272
779256
779247
779242
779212
779190
779182
779143
779108
779063
779041
779035
779031
778996
778993
778984
778979
778973
778958
778957
778945
778921
778891
778864
778844
778816
778785
778783
778774
778772
778770
778741
778741
778741
778713
778711
778676
778674
778661
778635
778616
778545
778535
778520
778483
778474
778473
778473
778454
778446
778437
778389
778375
778368
778356
778353
778332
778269
778256
778242
778238
778232
778225
778205
778183
778177
778143
778105
778085
778083
778037
778037
778015
777989
777962
777879
777872
777862
777853
777783
777775
777721
777695
777695
777690
777677
777675
777666
777616
777593
777576
777564
777559
777557
777557
777542
777528
777523
777516
777513
777506
777485
777483
777481
777470
777460
777413
777408
777379
777368
777315
777287
777266
777231
777211
777179
777174
777137
777137
777075
777075
777055
777027
776955
776880
776875
776807
776798
776795
776759
776735
776680
776663
776662
776661
776660
776660
776657
776657
776652
776638
776633
776627
776601
776542
776506
776476
776446
776427
776412
776408
776406
776316
776301
776257
776203
776196
776184
776178
776176
776159
776150
776124
776117
776078
776074
776031
776000
775998
775991
775979
775961
775954
775952
775937
775884
775811
775773
775700
775680
775673
775669
775618
775597
775587
775586
775582
775578
775536
775488
775477
775459
775453
775450
775444
775432
775399
775383
775321
775316
775277
775270
775263
775226
775214
775183
775181
775166
775166
775148
775116
775099
775096
775093
775088
775083
775074
775072
775070
775029
775028
775016
775011
774999
774995
774990
774989
774928
774925
774898
774894
774883
774847
774843
774821
774744
774744
774682
774679
774675
774662
774650
774637
774610
774557
774525
774469
774447
774434
774381
774381
774308
774294
774257
774250
774208
774167
774166
774152
774135
774107
774066
774063
774058
774050
774036
773999
773989
773976
773932
773905
773874
773872
773866
773829
773819
773781
773779
773753
773712
773709
773708
773652
773592
773583
773567
773562
773559
773542
773487
773481
773463
773408
773370
773360
773357
773337
773290
773279
773257
773256
773223
772981
772948
772933
772876
772873
772863
772844
772831
772802
772794
772787
772745
772738
772722
772701
772688
772678
772676
772671
772663
772628
772618
772611
772600
772594
772588
772573
772558
772544
772537
772527
772526
772522
772508
772491
772476
772471
772454
772440
772435
772426
772407
772372
772363
772339
772290
772287
772249
772229
772226
772217
772189
772181
772162
772152
772134
772127
772109
772081
772081
771994
771992
771989
771970
771957
771938
771935
771926
771894
771888
771881
771848
771841
771775
771775
771763
771759
771741
771721
771694
771673
771660
771660
771597
771596
771576
771561
771550
771545
771534
771501
771479
771476
771457
771457
771454
771437
771400
771374
771304
771257
771251
771226
771199
771187
771134
771098
771088
771064
771023
771019
771009
771004
770968
770967
770965
770899
770846
770804
770792
770777
770767
770743
770739
770717
770701
770701
770700
770670
770605
770601
770596
770557
770470
770423
770409
770393
770326
770321
770283
770282
770229
770219
770174
770130
770128
770042
770037
770027
770021
770017
770013
769992
769964
769951
769895
769851
769813
769725
769663
769661
769659
769649
769597
769588
769586
769569
769555
769542
769528
769506
769503
769496
769492
769476
769466
769440
769402
769351
769308
769297
769239
769224
769184
769137
769079
769076
769069
769053
768997
768984
768980
768935
768913
768880
768778
768771
768769
768709
768704
768703
768652
768591
768570
768549
768544
768523
768443
768433
768428
768319
768316
768300
768244
768243
768202
768193
768176
768162
768087
768047
768042
768033
768031
768019
768009
767983
767979
767973
767915
767912
767906
767893
767890
767858
767846
767826
767820
767818
767769
767765
767757
767750
767744
767709
767702
767692
767679
767652
767646
767638
767628
767618
767616
767587
767572
767561
767530
767496
767486
767474
767423
767414
767397
767186
767171
767144
767135
767108
767104
767094
767085
767083
767082
767080
767072
767029
767017
766982
766973
766962
766946
766931
766923
766885
766879
766866
766848
766840
766838
766833
766819
766819
766809
766799
766796
766784
766754
766702
766685
766675
766666
766609
766578
766575
766573
766540
766525
766522
766514
766499
766370
766356
766341
766337
766301
766215
766215
766186
766176
766174
766173
766114
766068
766061
766054
766052
766043
766019
766014
766006
766004
766003
766003
765977
765958
765932
765914
765850
765781
765752
765706
765702
765695
765685
765668
765611
765598
765587
765551
765518
765495
765486
765480
765472
765433
765432
765420
765418
765412
765411
765366
765347
765311
765305
765258
765243
765238
765221
765220
765211
765202
765166
765166
765145
765132
765118
765116
765105
765096
765092
765086
765070
765054
765035
764993
764949
764948
764921
764900
764898
764892
764889
764887
764870
764861
764860
764856
764810
764807
764770
764730
764724
764650
764604
764574
764527
764507
764487
764458
764452
764433
764428
764412
764340
764306
764297
764287
764251
764243
764202
764186
764181
764166
764160
764069
764068
764042
764033
763979
763949
763947
763940
763925
763854
763851
763842
763812
763800
763785
763752
763726
763721
763692
763680
763659
763647
763640
763608
763558
763545
763541
763507
763478
763443
763426
763393
763359
763319
763298
763297
763294
763280
763271
763226
763222
763217
763197
763185
763179
763177
763170
763169
763126
763117
763103
763103
763099
763083
763083
763078
763066
763060
763035
763026
763012
763001
763000
762981
762969
762968
762941
762917
762887
762858
762816
762811
762798
762776
762775
762770
762717
762707
762702
762702
762698
762693
762674
762671
762657
762645
762633
762630
762630
762603
762582
762570
762569
762531
762524
762490
762479
762469
762467
762460
762444
762430
762428
762393
762391
762351
762303
762301
762297
762292
762286
762280
762203
762167
762166
762141
762126
762122
762092
762075
761978
761949
761883
761879
761875
761866
761853
761837
761836
761825
761818
761807
761794
761751
761751
761737
761734
761717
761684
761679
761677
761655
761639
761627
761627
761599
761560
761500
761467
761424
761386
761369
761360
761351
761349
761308
761282
761257
761227
761207
761181
761177
761164
761163
761141
761121
761118
761116
761109
761076
761063
761051
761045
761039
761022
760978
760937
760900
760894
760889
760880
760878
760840
760790
760764
760764
760738
760719
760709
760696
760676
760655
760653
760608
760606
760605
760586
760562
760544
760518
760476
760461
760459
760446
760426
760376
760321
760298
760252
760211
760169
760141
760129
760102
760097
760083
760079
760079
760024
760005
759955
759953
759908
759900
759893
759874
759836
759790
759763
759750
759749
759733
759709
759701
759699
759670
759629
759628
759590
759557
759544
759524
759439
759427
759427
759407
759404
759355
759318
759314
759308
759303
759289
759272
759246
759243
759241
759228
759217
759203
759194
759190
759173
759171
759163
759137
759115
759096
759081
759031
758991
758954
758950
758946
758934
758909
758882
758882
758858
758854
758830
758819
758813
758797
758785
758785
758779
758755
758685
758669
758653
758609
758577
758553
758547
758511
758478
758465
758450
758445
758383
758364
758355
758350
758335
758331
758313
758276
758269
758249
758239
758238
758230
758202
758197
758194
758172
758168
758163
758146
758144
758129
758128
758126
758027
758024
757982
757979
757971
757962
757935
757918
757897
757884
757874
757837
757835
757812
757790
757746
757740
757729
757695
757693
757691
757651
757643
757639
757638
757620
757573
757523
757504
757441
757440
757439
757424
757406
757387
757336
757335
757330
757323
757320
757297
757295
757292
757282
757263
757249
757166
757156
757155
757146
757127
757125
757101
757093
757048
757020
756997
756987
756971
756954
756906
756897
756871
756858
756845
756801
756689
756684
756637
756614
756606
756575
756568
756543
756533
756531
756492
756489
756472
756431
756354
756351
756349
756317
756309
756296
756288
756267
756236
756218
756217
756210
756206
756187
756168
756165
756157
756156
756154
756137
756121
756116
756095
756023
756007
755964
755954
755948
755925
755923
755919
755899
755886
755885
755876
755853
755850
755834
755821
755804
755742
755725
755660
755626
755618
755616
755613
755584
755550
755548
755541
755535
755520
755513
755498
755489
755481
755453
755449
755448
755448
755432
755418
755418
755408
755292
755275
755262
755245
755233
755210
755173
755171
755171
755157
755130
755119
755108
755065
754978
754938
754935
754931
754926
754917
754905
754902
754895
754893
754865
754825
754811
754773
754758
754710
754692
754691
754680
754673
754652
754640
754628
754597
754596
754581
754475
754472
754435
754402
754375
754351
754344
754331
754320
754318
754300
754297
754278
754245
754239
754183
754143
754109
754070
754060
754049
754010
754009
754006
753957
753896
753886
753877
753861
753859
753858
753856
753850
753848
753818
753770
753765
753747
753727
753675
753674
753636
753607
753598
753598
753575
753561
753542
753481
753428
753423
753411
753393
753392
753341
753329
753193
753184
753181
753126
753119
753114
753063
753051
753044
753036
752962
752945
752945
752928
752882
752877
752870
752833
752768
752756
752743
752732
752713
752686
752679
752618
752616
752525
752520
752482
752478
752475
752428
752402
752379
752195
752119
752112
752099
752098
752075
752057
752043
752021
752018
751997
751983
751964
751959
751950
751950
751945
751934
751930
751925
751866
751865
751834
751834
751780
751738
751704
751686
751659
751653
751635
751626
751597
751564
751541
751540
751527
751507
751481
751480
751395
751389
751359
751350
751346
751338
751327
751327
751314
751312
751311
751292
751266
751250
751241
751232
751210
751198
751181
751174
751163
751128
751125
751105
751087
751071
751068
751056
751033
751027
751027
751008
750996
750953
750893
750884
750872
750869
750865
750770
750760
750753
750751
750746
750703
750696
750692
750687
750649
750624
750620
750620
750610
750604
750568
750566
750557
750538
750537
750523
750522
750493
750468
750444
750442
750441
750399
750387
750352
750347
750211
750203
750199
750194
750157
750156
750154
750150
750126
750116
750107
750101
750077
750056
750051
750048
750037
750029
750027
750026
750021
749985
749941
749929
749928
749914
749875
749874
749872
749869
749836
749818
749756
749735
749727
749713
749666
749654
749561
749469
749445
749420
749408
749378
749362
749351
749334
749279
749256
749229
749192
749176
749119
749105
749104
749094
749094
749086
749086
749079
749071
749064
749056
749008
749002
748995
748984
748958
748947
748944
748928
748904
748898
748877
748874
748872
748868
748858
748816
748809
748800
748787
748785
748785
748766
748673
748662
748636
748613
748599
748597
748582
748577
748548
748541
748534
748530
748504
748501
748501
748487
748469
748437
748432
748396
748387
748381
748376
748363
748334
748302
748294
748240
748210
748203
748201
748024
747985
747978
747969
747936
747925
747866
747860
747836
747835
747766
747755
747716
747686
747682
747672
747657
747649
747581
747533
747522
747521
747498
747443
747374
747353
747340
747315
747291
747265
747239
747129
747123
747113
747051
747003
746998
746992
746987
746984
746963
746952
746948
746941
746929
746875
746836
746828
746789
746782
746780
746778
746752
746739
746729
746725
746707
746704
746702
746657
746623
746523
746480
746477
746472
746405
746386
746382
746370
746365
746362
746360
746317
746315
746304
746281
746255
746245
746208
746157
746139
746138
746102
746098
746081
746070
746049
746037
746032
746025
745979
745950
745934
745909
745897
745852
745850
745822
745777
745773
745770
745767
745762
745742
745734
745733
745729
745727
745707
745651
745614
745605
745576
745572
745568
745537
745536
745530
745524
745516
745478
745461
745457
745405
745371
745348
745331
745324
745324
745262
745237
745225
745224
745202
745201
745191
745144
745136
745133
745097
745076
745053
744997
744981
744975
744967
744954
744902
744873
744839
744832
744820
744755
744754
744740
744698
744685
744662
744646
744633
744621
744610
744578
744570
744557
744552
744522
744519
744472
744465
744452
744449
744436
744435
744416
744394
744363
744330
744327
744302
744290
744283
744278
744277
744274
744253
744234
744233
744169
744134
744117
744116
744090
744050
744049
744030
744021
744002
743963
743946
743877
743858
743851
743824
743817
743816
743767
743767
743761
743727
743718
743706
743688
743679
743670
743627
743624
743623
743621
743607
743579
743559
743545
743538
743525
743515
743466
743464
743459
743444
743438
743416
743342
743303
743292
743280
743159
743143
743127
743121
743121
743114
743094
743051
743031
743023
742998
742959
742954
742932
742896
742895
742870
742862
742860
742846
742844
742844
742843
742814
742804
742781
742751
742739
742739
742731
742728
742728
742718
742702
742701
742699
742672
742661
742632
742621
742590
742549
742542
742522
742498
742456
742407
742397
742386
742386
742345
742335
742329
742266
742235
742220
742220
742157
742146
742122
742111
742104
742100
742054
742050
742029
741998
741978
741971
741951
741927
741923
741905
741898
741889
741857
741816
741800
741777
741768
741763
741748
741745
741733
741688
741666
741662
741643
741638
741607
741585
741568
741554
741547
741518
741517
741491
741490
741473
741416
741413
741391
741383
741346
741313
741307
741284
741276
741268
741247
741209
741168
741165
741163
741148
741116
741034
741023
741018
741002
740988
740969
740963
740960
740921
740889
740889
740822
740809
740761
740749
740740
740735
740735
740732
740647
740604
740586
740561
740547
740545
740516
740504
740496
740483
740471
740465
740414
740395
740394
740352
740347
740333
740328
740324
740321
740302
740288
740287
740259
740252
740219
740184
740131
740125
740110
740078
740073
740030
739993
739964
739947
739945
739934
739904
739890
739845
739844
739832
739816
739793
739781
739774
739726
739720
739632
739631
739616
739615
739606
739578
739530
739526
739483
739482
739478
739453
739412
739366
739362
739312
739307
739283
739267
739253
739178
739146
739094
739092
739078
739043
739040
739036
738954
738951
738938
738906
738887
738874
738871
738861
738856
738824
738778
738755
738751
738745
738726
738692
738690
738627
738560
738514
738507
738484
738472
738468
738442
738439
738419
738383
738382
738336
738314
738270
738259
738248
738183
738171
738171
738145
738116
738086
738040
738011
737974
737972
737956
737952
737948
737927
737898
737889
737866
737861
737854
737853
737816
737804
737793
737789
737787
737763
737734
737698
737678
737662
737654
737590
737577
737554
737493
737467
737440
737438
737386
737295
737223
737208
737173
737156
737136
737131
737124
737124
737120
737087
737085
737077
737073
737007
736997
736946
736937
736879
736861
736852
736806
736771
736750
736741
736737
736703
736692
736663
736657
736654
736638
736619
736610
736608
736594
736580
736575
736568
736565
736539
736533
736528
736508
736496
736491
736474
736434
736433
736422
736420
736417
736364
736334
736303
736295
736293
736275
736270
736260
736238
736230
736145
736141
736111
736103
736098
736084
736067
736042
736033
736032
735988
735972
735970
735964
735961
735956
735956
735956
735916
735890
735874
735867
735840
735805
735798
735786
735776
735761
735734
735655
735650
735628
735610
735607
735606
735597
735568
735560
735536
735525
735506
735474
735458
735456
735435
735429
735417
735410
735391
735357
735352
735344
735342
735328
735310
735292
735290
735221
735204
735203
735181
735152
735101
735081
735071
734974
734969
734941
734924
734920
734891
734865
734854
734853
734847
734804
734797
734768
734739
734707
734661
734642
734640
734625
734605
734583
734583
734582
734581
734547
734539
734529
734514
734509
734509
734463
734453
734451
734385
734324
734314
734308
734282
734263
734195
734190
734164
734125
734115
734113
734078
734063
734020
733995
733990
733980
733979
733942
733927
733911
733838
733829
733770
733742
733736
733695
733670
733650
733636
733630
733628
733626
733607
733600
733560
733537
733519
733507
733479
733456
733452
733391
733358
733339
733326
733325
733313
733309
733286
733207
733191
733182
733171
733144
733131
733092
733072
733055
733050
733049
733000
732988
732954
732930
732891
732871
732868
732864
732860
732806
732783
732777
732750
732679
732641
732640
732635
732624
732620
732609
732585
732569
732563
732521
732518
732513
732481
732464
732457
732448
732446
732443
732433
732376
732362
732352
732351
732335
732318
732298
732295
732285
732281
732276
732247
732245
732236
732187
732168
732155
732153
732151
732131
732119
732073
732064
732039
732016
732004
731974
731940
731937
731936
731929
731866
731834
731820
731801
731718
731670
731661
731612
731581
731578
731544
731520
731508
731469
731427
731418
731413
731389
731384
731374
731364
731361
731328
731319
731311
731287
731274
731261
731202
731188
731154
731149
731134
731110
731076
731052
731041
731034
731013
730984
730979
730979
730933
730921
730908
730900
730855
730822
730821
730808
730799
730794
730792
730739
730737
730727
730715
730686
730669
730658
730653
730646
730623
730613
730597
730591
730578
730528
730524
730517
730387
730378
730359
730338
730320
730295
730270
730265
730263
730223
730211
730165
730149
730144
730123
730076
730067
730040
730017
730010
729992
729968
729956
729933
729929
729891
729874
729803
729801
729781
729759
729736
729734
729721
729720
729714
729698
729685
729666
729654
729638
729576
729575
729550
729533
729497
729484
729476
729441
729402
729392
729355
729335
729310
729291
729284
729273
729269
729261
729231
729226
729189
729183
729176
729175
729163
729155
729119
729115
729115
729099
729077
729076
729026
729022
728991
728972
728942
728920
728892
728883
728875
728860
728833
728828
728804
728757
728740
728723
728704
728691
728683
728660
728598
728566
728534
728527
728511
728508
728504
728487
728450
728407
728404
728404
728287
728284
728284
728248
728244
728240
728238
728213
728212
728145
728078
728074
728067
728064
728043
728043
728031
728019
728017
728016
727948
727922
727907
727904
727904
727901
727898
727892
727891
727812
727794
727785
727770
727761
727711
727707
727706
727695
727667
727661
727652
727648
727616
727596
727581
727514
727493
727465
727420
727396
727373
727342
727334
727327
727310
727273
727271
727256
727254
727252
727252
727234
727216
727204
727173
727145
727137
727125
727108
727098
727090
727059
727028
727020
727003
727000
726980
726962
726956
726943
726942
726917
726878
726869
726862
726826
726816
726813
726801
726794
726786
726629
726618
726591
726552
726545
726544
726495
726495
726488
726458
726432
726409
726406
726400
726385
726376
726359
726355
726260
726259
726204
726200
726199
726186
726156
726156
726075
726047
726032
726009
725905
725900
725837
725827
725818
725812
725786
725775
725765
725737
725705
725685
725658
725618
725612
725580
725552
725530
725514
725513
725512
725508
725498
725481
725474
725436
725414
725412
725393
725388
725384
725381
725336
725332
725319
725316
725232
725226
725172
725156
725142
725119
725095
725089
725063
725047
725021
725004
724985
724974
724971
724963
724947
724928
724886
724868
724861
724858
724813
724793
724772
724764
724762
724761
724753
724692
724688
724678
724655
724642
724602
724585
724565
724549
724538
724536
724526
724523
724494
724486
724459
724413
724402
724396
724280
724279
724241
724222
724219
724217
724156
724155
724121
724102
724092
724070
724055
724050
724038
723994
723921
723881
723869
723866
723842
723841
723834
723810
723767
723758
723755
723740
723736
723725
723722
723694
723668
723668
723650
723645
723632
723630
723612
723599
723595
723517
723514
723506
723502
723474
723468
723461
723449
723447
723436
723415
723413
723409
723374
723361
723357
723349
723335
723310
723309
723294
723291
723275
723230
723214
723194
723191
723190
723186
723115
723101
723090
723087
723033
723003
722993
722966
722962
722929
722903
722898
722889
722888
722888
722880
722770
722714
722704
722697
722697
722693
722688
722684
722682
722648
722648
722647
722638
722624
722570
722556
722505
722490
722461
722455
722430
722422
722416
722412
722384
722384
722324
722298
722222
722208
722173
722157
722121
722094
722080
722053
721996
721986
721960
721904
721902
721884
721884
721876
721849
721813
721810
721768
721735
721656
721577
721560
721548
721516
721492
721486
721482
721426
721407
721399
721378
721376
721365
721336
721335
721310
721309
721299
721230
721212
721187
721185
721125
721124
721122
721092
721077
721047
721047
721035
721016
721010
721009
721004
720979
720872
720847
720846
720838
720820
720769
720752
720746
720703
720700
720691
720546
720522
720509
720483
720462
720456
720414
720406
720358
720354
720353
720345
720278
720241
720227
720197
720107
720081
720064
720047
720042
720024
720017
720017
720005
719961
719882
719875
719822
719812
719788
719751
719745
719736
719726
719673
719660
719615
719614
719599
719595
719561
719557
719547
719498
719487
719486
719483
719424
719417
719401
719392
719346
719339
719324
719317
719304
719282
719276
719264
719240
719239
719197
719186
719183
719172
719157
719111
719075
719049
719020
719014
719000
718988
718952
718950
718935
718927
718908
718868
718859
718840
718839
718802
718795
718791
718776
718759
718751
718709
718693
718685
718669
718643
718634
718625
718595
718576
718572
718566
718459
718442
718437
718425
718415
718414
718405
718396
718391
718367
718355
718348
718337
718331
718243
718227
718223
718128
718121
718121
718115
718093
718074
718037
718023
718000
717988
717969
717961
717929
717890
717885
717859
717845
717802
717771
717771
717760
717756
717749
717667
717591
717580
717553
717553
717531
717528
717520
717507
717463
717451
717412
717411
717389
717375
717373
717363
717334
717328
717293
717280
717276
717255
717233
717231
717206
717198
717191
717189
717183
717175
717149
717146
717104
717047
717044
717028
717012
717012
717010
716993
716969
716953
716945
716944
716940
716925
716897
716888
716825
716796
716789
716789
716788
716777
716756
716726
716724
716719
716705
716683
716677
716626
716616
716612
716606
716605
716582
716559
716555
716480
716470
716452
716421
716417
716405
716384
716373
716346
716345
716339
716284
716256
716256
716237
716215
716204
716185
716152
716150
716139
716133
716131
716125
716124
716120
716058
716036
716012
715961
715946
715896
715866
715848
715847
715760
715748
715747
715742
715737
715726
715694
715692
715666
715625
715621
715614
715609
715579
715530
715517
715488
715472
715455
715446
715418
715410
715394
715390
715388
715383
715343
715340
715324
715321
715314
715312
715302
715292
715275
715221
715220
715192
715183
715174
715135
715134
715067
715052
714989
714964
714962
714959
714953
714940
714938
714929
714917
714887
714858
714852
714838
714834
714825
714824
714789
714787
714767
714755
714754
714753
714750
714750
714726
714700
714674
714633
714626
714590
714556
714538
714535
714505
714491
714462
714454
714453
714444
714404
714400
714395
714394
714378
714359
714337
714312
714309
714296
714284
714268
714264
714262
714250
714197
714181
714179
714151
714150
714132
714113
714059
714057
714053
714003
713982
713975
713971
713970
713965
713943
713934
713927
713918
713915
713891
713887
713885
713880
713832
713807
713798
713732
713725
713720
713641
713632
713621
713601
713596
713584
713574
713569
713568
713531
713467
713451
713412
713402
713385
713365
713360
713336
713306
713303
713286
713281
713264
713262
713258
713230
713217
713174
713100
713095
713090
713077
713050
713049
713046
713034
713030
713015
712953
712951
712934
712919
712914
712907
712887
712866
712861
712848
712813
712812
712726
712717
712707
712689
712678
712579
712574
712556
712510
712502
712483
712480
712473
712429
712417
712416
712410
712367
712333
712264
712246
712244
712218
712207
712202
712149
712135
712123
712120
712116
712098
712093
712086
712062
712055
712037
712024
712022
711996
711980
711926
711922
711914
711897
711875
711868
711862
711833
711816
711804
711800
711800
711778
711763
711758
711749
711738
711705
711674
711666
711661
711645
711607
711570
711568
711564
711539
711512
711462
711437
711404
711395
711372
711336
711321
711317
711294
711263
711258
711229
711226
711220
711219
711199
711198
711191
711144
711138
711114
711042
711016
711012
711004
710948
710948
710925
710870
710845
710839
710813
710810
710808
710797
710756
710735
710723
710713
710686
710676
710646
710583
710569
710545
710541
710523
710497
710494
710490
710484
710451
710440
710434
710405
710386
710375
710368
710331
710327
710301
710282
710250
710246
710245
710241
710233
710230
710189
710187
710186
710183
710164
710163
710147
710128
710117
710090
710084
710082
710055
709992
709972
709950
709881
709828
709826
709804
709796
709784
709775
709762
709708
709699
709677
709670
709649
709641
709608
709482
709478
709414
709407
709363
709350
709344
709344
709313
709296
709280
709266
709184
709129
709097
709062
709056
709030
709018
708975
708947
708938
708930
708918
708901
708889
708887
708872
708865
708864
708851
708826
708824
708807
708807
708766
708746
708733
708721
708709
708690
708672
708669
708652
708593
708553
708524
708505
708480
708460
708413
708367
708362
708341
708292
708291
708279
708256
708236
708206
708203
708158
708109
708091
708082
708079
708056
708056
708054
708036
708036
708006
707994
707962
707945
707893
707859
707845
707843
707839
707750
707728
707724
707712
707679
707643
707578
707503
707494
707489
707476
707466
707431
707412
707385
707379
707353
707351
707315
707301
707293
707263
707260
707200
707185
707138
707125
707116
707090
707045
707030
707015
706975
706974
706955
706929
706927
706926
706917
706908
706903
706885
706878
706860
706834
706830
706812
706735
706732
706707
706699
706656
706656
706645
706616
706605
706550
706539
706535
706470
706456
706425
706383
706381
706350
706344
706278
706275
706240
706208
706148
706130
706109
706102
706004
705987
705954
705945
705869
705860
705806
705794
705785
705763
705749
705727
705725
705713
705704
705659
705574
705570
705564
705558
705540
705528
705507
705497
705460
705454
705430
705428
705423
705392
705340
705323
705304
705216
705215
705207
705189
705152
705148
705137
705136
705025
704997
704990
704984
704978
704959
704941
704924
704895
704830
704822
704814
704796
704726
704705
704678
704668
704644
704644
704629
704627
704606
704591
704579
704544
704533
704519
704517
704490
704475
704372
704302
704300
704281
704274
704261
704260
704239
704215
704211
704207
704154
704152
704119
704057
704040
704003
703948
703874
703868
703862
703848
703837
703828
703802
703794
703764
703727
703701
703681
703632
703604
703531
703525
703511
703507
703486
703466
703418
703378
703377
703357
703343
703336
703317
703299
703268
703224
703222
703192
703182
703181
703146
703145
703137
703127
703116
703115
703114
703103
703082
703059
703051
703035
703014
703001
703000
702989
702988
702979
702977
702974
702962
702928
702924
702900
702884
702863
702863
702843
702833
702792
702772
702732
702700
702668
702580
702565
702556
702551
702542
702538
702526
702489
702486
702476
702459
702450
702449
702437
702425
702420
702407
702385
702371
702338
702288
702251
702249
702229
702221
702206
702201
702183
702140
702064
702026
702026
701974
701862
701820
701808
701807
701807
701806
701799
701752
701713
701708
701651
701635
701628
701623
701611
701609
701600
701591
701586
701553
701552
701463
701452
701443
701421
701390
701377
701281
701255
701184
701138
701131
701130
701069
701063
701053
701051
701042
701036
701031
700996
700964
700951
700947
700933
700852
700793
700709
700707
700690
700635
700593
700572
700554
700523
700523
700511
700503
700496
700466
700462
700408
700393
700318
700295
700284
700252
700225
700175
700174
700153
700146
700142
700117
700114
700106
700102
700097
700071
700032
700020
700010
699991
699987
699977
699966
699964
699950
699948
699944
699935
699934
699928
699920
699893
699869
699855
699849
699844
699831
699830
699802
699799
699756
699752
699748
699736
699733
699715
699701
699692
699678
699666
699660
699654
699614
699595
699541
699516
699434
699424
699424
699420
699398
699386
699365
699336
699311
699284
699274
699192
699186
699168
699130
699125
699039
699036
699020
699004
699001
698988
698980
698947
698919
698905
698860
698858
698842
698818
698803
698753
698736
698730
698692
698688
698675
698668
698657
698645
698599
698599
698529
698517
698506
698493
698442
698372
698354
698351
698345
698311
698302
698298
698297
698283
698282
698277
698271
698270
698253
698211
698197
698184
698175
698171
698159
698155
698144
698115
698096
698093
698091
698043
698032
698017
698014
697971
697925
697922
697918
697855
697846
697837
697836
697815
697794
697773
697770
697755
697743
697733
697731
697702
697698
697698
697692
697681
697673
697669
697658
697622
697599
697586
697584
697551
697534
697524
697500
697500
697500
697500
697447
697414
697413
697401
697401
697386
697370
697347
697332
697331
697296
697284
697279
697274
697267
697211
697196
697108
697091
697086
697049
697021
697006
696975
696949
696937
696928
696888
696853
696782
696764
696761
696760
696760
696758
696732
696705
696689
696627
696590
696550
696548
696542
696538
696526
696516
696512
696458
696456
696402
696387
696384
696380
696379
696377
696374
696371
696343
696329
696327
696323
696322
696314
696311
696298
696288
696285
696282
696275
696274
696268
696190
696181
696171
696153
696096
696067
696064
696060
696053
696040
696033
696022
696018
696013
695990
695972
695955
695952
695950
695927
695925
695886
695878
695763
695732
695711
695698
695688
695680
695639
695626
695616
695572
695529
695518
695518
695492
695473
695421
695420
695385
695368
695278
695266
695226
695187
695161
695153
695148
695136
695096
695088
695079
695070
695043
695037
695007
695005
694996
694989
694975
694902
694898
694895
694895
694879
694862
694861
694857
694851
694843
694826
694761
694711
694698
694655
694636
694611
694595
694550
694544
694537
694534
694518
694480
694480
694468
694442
694441
694441
694407
694405
694400
694375
694363
694346
694330
694290
694273
694272
694260
694223
694223
694210
694191
694189
694186
694169
694164
694119
694116
694114
694098
694081
694078
694074
694052
694044
694041
694013
694011
693999
693981
693962
693946
693919
693914
693912
693904
693840
693803
693794
693773
693764
693755
693739
693719
693713
693709
693695
693691
693685
693683
693677
693675
693631
693620
693590
693576
693538
693478
693461
693456
693424
693408
693396
693351
693296
693288
693284
693274
693272
693271
693260
693247
693171
693171
693164
693150
693142
693131
693102
693100
693071
693057
693022
693019
693013
692991
692931
692846
692793
692744
692712
692686
692674
692619
692615
692589
692584
692560
692549
692528
692527
692515
692509
692509
692508
692505
692488
692416
692411
692401
692399
692394
692392
692359
692324
692243
692243
692226
692193
692173
692161
692145
692095
692092
692069
692052
692013
692002
691997
691994
691984
691969
691960
691937
691927
691836
691820
691819
691791
691777
691774
691770
691767
691758
691744
691735
691722
691719
691705
691698
691666
691651
691639
691623
691559
691499
691442
691433
691372
691362
691336
691328
691317
691286
691245
691243
691241
691214
691114
691070
691069
691065
691060
691050
690975
690969
690962
690953
690944
690902
690900
690828
690804
690801
690753
690748
690742
690735
690729
690726
690686
690649
690637
690594
690562
690549
690527
690526
690519
690490
690477
690438
690383
690368
690348
690319
690296
690293
690285
690247
690226
690209
690204
690196
690182
690173
690136
690074
690072
690044
690037
690021
690007
690001
689942
689940
689934
689932
689928
689874
689871
689869
689830
689799
689762
689756
689750
689744
689674
689673
689670
689665
689660
689657
689629
689602
689566
689565
689555
689537
689517
689506
689506
689492
689490
689480
689450
689443
689439
689412
689406
689403
689392
689391
689376
689376
689362
689342
689285
689277
689263
689226
689217
689209
689169
689141
689098
689058
689041
688998
688986
688967
688947
688923
688913
688900
688885
688857
688843
688808
688791
688791
688764
688761
688756
688744
688737
688731
688723
688712
688700
688681
688598
688590
688552
688530
688476
688464
688400
688374
688357
688349
688323
688312
688249
688235
688200
688184
688179
688154
688105
688096
688093
688012
688009
688005
687993
687989
687974
687971
687970
687966
687960
687949
687920
687916
687890
687885
687830
687827
687806
687707
687703
687668
687656
687654
687650
687604
687581
687579
687572
687562
687562
687559
687524
687501
687466
687437
687416
687409
687403
687394
687393
687393
687389
687379
687378
687372
687367
687351
687350
687315
687270
687244
687243
687237
687222
687207
687147
687142
687085
687083
687075
687058
687050
687038
687027
687006
687005
686955
686924
686916
686916
686874
686871
686804
686775
686772
686714
686703
686647
686635
686598
686597
686590
686561
686553
686529
686509
686507
686494
686493
686487
686427
686420
686419
686384
686353
686328
686326
686311
686250
686216
686190
686166
686151
686121
686112
686105
686067
686061
686057
686055
686054
686049
686047
686030
686030
685984
685984
685969
685958
685940
685897
685886
685886
685875
685862
685840
685813
685808
685788
685754
685748
685743
685714
685705
685699
685604
685601
685597
685592
685589
685560
685546
685509
685508
685495
685487
685477
685462
685456
685443
685433
685428
685394
685392
685385
685346
685318
685307
685260
685258
685243
685216
685206
685200
685183
685175
685137
685123
685091
685088
685087
685074
685074
685033
685020
685014
685002
684997
684994
684986
684983
684981
684976
684961
684949
684934
684924
684902
684899
684863
684844
684826
684810
684795
684770
684765
684764
684696
684678
684668
684648
684640
684614
684612
684607
684603
684568
684525
684492
684491
684479
684474
684465
684455
684435
684421
684419
684417
684383
684376
684370
684320
684298
684278
684272
684256
684245
684241
684182
684168
684167
684163
684110
684109
684082
684007
683983
683980
683958
683945
683932
683874
683867
683866
683860
683839
683810
683809
683771
683721
683698
683691
683686
683685
683675
683642
683624
683582
683572
683549
683533
683526
683489
683488
683485
683445
683382
683379
683302
683294
683269
683266
683217
683211
683152
683151
683151
683148
683112
683103
683056
683039
683029
683002
682967
682925
682917
682885
682857
682849
682844
682831
682746
682734
682723
682717
682620
682599
682569
682522
682468
682430
682426
682425
682414
682381
682362
682355
682323
682323
682308
682307
682298
682241
682216
682141
682124
682090
682054
682053
682042
682041
682038
682009
681985
681979
681972
681969
681916
681910
681895
681892
681889
681881
681879
681862
681817
681798
681795
681751
681698
681679
681677
681652
681642
681637
681611
681609
681563
681508
681474
681473
681393
681390
681331
681302
681264
681195
681152
681126
681046
681034
681029
681029
681027
680998
680990
680964
680953
680923
680895
680883
680869
680867
680853
680834
680818
680786
680757
680752
680721
680669
680650
680641
680633
680547
680517
680487
680483
680455
680448
680430
680416
680395
680369
680368
680359
680358
680215
680209
680206
680202
680156
680139
680060
680047
679997
679958
679957
679952
679910
679905
679900
679894
679890
679802
679802
679786
679765
679760
679749
679743
679720
679716
679694
679679
679636
679613
679603
679601
679590
679557
679556
679549
679508
679485
679469
679447
679444
679438
679413
679401
679392
679373
679319
679312
679298
679293
679244
679226
679182
679180
679170
679165
679142
679109
679108
679083
679074
679068
679051
679044
679025
679000
678994
678971
678946
678929
678927
678917
678908
678884
678854
678791
678746
678744
678699
678692
678672
678615
678612
678604
678540
678532
678510
678464
678434
678432
678406
678333
678316
678287
678252
678237
678237
678204
678160
678143
678135
678119
678095
678078
678073
678032
678021
678013
678012
677950
677899
677875
677857
677839
677839
677827
677770
677751
677749
677721
677691
677690
677655
677652
677649
677606
677583
677535
677478
677428
677382
677336
677312
677305
677285
677284
677265
677264
677250
677220
677213
677210
677206
677143
677134
677030
677015
676988
676987
676974
676931
676891
676875
676870
676825
676810
676780
676757
676750
676717
676705
676690
676673
676629
676606
676599
676547
676446
676438
676436
676427
676419
676381
676376
676301
676298
676269
676265
676234
676215
676182
676142
676080
676059
675987
675957
675929
675917
675913
675869
675836
675826
675820
675810
675780
675738
675703
675667
675627
675622
675620
675619
675615
675614
675604
675604
675570
675547
675547
675519
675507
675497
675496
675421
675419
675392
675376
675369
675302
675292
675241
675239
675218
675197
675164
675162
675118
675109
675108
675077
675077
675036
675031
675030
675008
674993
674976
674966
674965
674952
674950
674925
674902
674885
674861
674848
674824
674814
674665
674662
674652
674623
674611
674600
674545
674529
674527
674525
674493
674471
674470
674465
674462
674435
674406
674396
674389
674384
674377
674366
674340
674338
674296
674240
674211
674208
674110
674100
674088
674078
674053
673984
673977
673977
673937
673908
673894
673867
673851
673815
673776
673750
673724
673716
673675
673675
673658
673645
673645
673637
673582
673560
673545
673513
673420
673377
673373
673356
673295
673249
673228
673218
673174
673128
673096
673090
673073
673065
673054
673046
673020
673016
672955
672953
672951
672949
672945
672919
672895
672845
672844
672801
672789
672767
672754
672736
672729
672690
672686
672663
672659
672610
672577
672574
672562
672562
672538
672512
672500
672490
672477
672475
672470
672426
672421
672370
672286
672257
672250
672235
672221
672199
672199
672191
672190
672168
672163
672160
672108
672107
672079
672067
672012
671906
671842
671837
671717
671686
671661
671655
671648
671625
671578
671577
671538
671524
671501
671458
671420
671389
671375
671348
671342
671334
671308
671243
671236
671226
671222
671222
671147
671139
671061
671057
671044
671006
670965
670953
670952
670902
670894
670891
670885
670877
670862
670844
670836
670808
670796
670770
670756
670748
670743
670706
670696
670660
670658
670654
670616
670590
670527
670503
670502
670475
670441
670440
670423
670409
670395
670379
670377
670376
670327
670324
670317
670314
670269
670256
670252
670235
670226
670175
670148
670142
670107
670063
670057
669978
669933
669918
669904
669904
669864
669860
669843
669838
669828
669785
669767
669728
669723
669715
669664
669645
669609
669597
669560
669557
669545
669542
669537
669438
669420
669411
669399
669354
669322
669288
669271
669271
669261
669258
669253
669247
669233
669225
669208
669179
669177
669166
669161
669150
669115
669081
669072
669066
669060
669006
668989
668988
668974
668932
668900
668886
668884
668833
668823
668816
668799
668743
668687
668679
668662
668659
668632
668592
668576
668571
668569
668498
668452
668414
668402
668386
668368
668358
668331
668303
668293
668207
668189
668188
668172
668161
668159
668158
668135
668104
668101
668039
668028
668015
667970
667969
667958
667956
667940
667919
667916
667907
667876
667850
667845
667828
667796
667745
667729
667710
667698
667622
667606
667585
667578
667555
667511
667509
667500
667497
667470
667458
667422
667347
667327
667312
667295
667259
667225
667165
667138
667117
667116
667114
667095
667092
667071
667062
667061
667055
667033
667014
667002
666959
666886
666854
666788
666783
666760
666649
666636
666590
666585
666535
666505
666495
666474
666450
666416
666413
666412
666401
666377
666362
666332
666313
666278
666277
666270
666254
666241
666235
666231
666227
666220
666216
666192
666149
666140
666134
666132
666109
666103
666030
665992
665969
665951
665941
665916
665910
665899
665898
665876
665845
665844
665842
665805
665804
665782
665757
665745
665740
665726
665723
665717
665709
665691
665682
665667
665633
665633
665630
665629
665614
665611
665571
665557
665530
665529
665524
665510
665467
665411
665400
665398
665388
665366
665318
665285
665234
665120
665067
665040
665026
665019
664991
664980
664978
664949
664945
664934
664918
664865
664846
664836
664801
664796
664791
664758
664734
664715
664713
664709
664681
664658
664656
664643
664636
664544
664532
664523
664509
664506
664484
664468
664444
664433
664433
664401
664399
664392
664388
664369
664364
664310
664306
664271
664267
664257
664246
664207
664113
664097
664071
664070
664064
664049
664030
664001
663986
663974
663967
663951
663936
663909
663891
663878
663874
663868
663864
663847
663834
663806
663783
663768
663751
663730
663645
663603
663597
663592
663591
663555
663546
663538
663527
663526
663525
663469
663452
663427
663415
663397
663376
663355
663320
663273
663271
663271
663215
663206
663198
663188
663167
663148
663111
663110
663082
663068
663026
663014
663002
662991
662979
662976
662972
662972
662967
662934
662930
662928
662906
662887
662875
662855
662797
662792
662781
662769
662743
662735
662727
662682
662680
662675
662650
662645
662640
662630
662607
662603
662601
662596
662595
662573
662571
662552
662545
662465
662450
662411
662384
662361
662319
662283
662264
662253
662235
662213
662210
662208
662180
662084
662027
662013
662001
661980
661967
661960
661949
661944
661935
661927
661918
661888
661879
661781
661761
661718
661682
661680
661666
661602
661593
661582
661581
661580
661579
661548
661514
661513
661492
661470
661430
661429
661409
661384
661360
661317
661280
661263
661243
661241
661232
661201
661195
661193
661170
661169
661155
661132
661122
661114
661113
661097
661094
661093
661087
661043
661009
660984
660896
660872
660846
660824
660811
660795
660755
660723
660695
660669
660635
660634
660634
660558
660542
660474
660466
660447
660438
660428
660425
660410
660390
660383
660378
660342
660307
660298
660291
660279
660276
660271
660269
660224
660209
660173
660152
660124
660061
660052
660028
660020
660001
659992
659966
659958
659937
659922
659913
659897
659897
659892
659889
659888
659878
659855
659852
659843
659837
659793
659733
659708
659695
659668
659648
659648
659639
659598
659552
659538
659531
659524
659469
659452
659443
659437
659411
659403
659399
659397
659379
659345
659340
659306
659303
659282
659274
659273
659272
659253
659235
659227
659219
659214
659189
659177
659152
659144
659138
659134
659099
659097
659090
659051
659037
659029
659027
659005
658996
658991
658941
658936
658921
658918
658916
658889
658887
658874
658866
658825
658773
658762
658716
658698
658665
658651
658543
658513
658486
658438
658425
658421
658420
658390
658382
658375
658355
658346
658336
658321
658296
658293
658278
658271
658267
658247
658223
658197
658169
658137
658129
658122
658086
658078
658074
658041
658032
658018
657998
657958
657956
657949
657929
657897
657887
657873
657849
657839
657829
657819
657818
657814
657786
657759
657739
657641
657639
657633
657572
657542
657516
657486
657479
657471
657460
657444
657444
657424
657397
657387
657370
657355
657336
657334
657331
657330
657324
657308
657261
657223
657186
657171
657171
657170
657166
657164
657157
657112
657088
657071
657052
657031
657004
657001
656999
656990
656950
656905
656901
656893
656877
656788
656720
656683
656680
656680
656665
656664
656650
656649
656646
656594
656570
656570
656496
656493
656466
656454
656437
656435
656410
656405
656391
656389
656369
656299
656286
656283
656280
656272
656220
656183
656154
656137
656133
656115
656071
656008
655989
655969
655931
655929
655912
655892
655874
655873
655867
655835
655819
655771
655692
655653
655632
655620
655575
655564
655545
655528
655518
655481
655480
655471
655422
655422
655416
655414
655373
655355
655352
655351
655307
655242
655172
655126
655106
655094
655061
655045
655041
655040
655039
655038
655008
654991
654942
654924
654900
654888
654871
654800
654799
654777
654769
654766
654762
654742
654715
654708
654675
654625
654584
654583
654583
654541
654520
654517
654503
654444
654438
654436
654417
654414
654407
654398
654377
654363
654361
654349
654339
654302
654283
654278
654270
654267
654240
654235
654205
654181
654140
654126
654085
654082
654062
654047
654004
654001
653990
653980
653968
653927
653917
653916
653867
653840
653789
653783
653767
653761
653741
653738
653724
653709
653626
653612
653592
653568
653559
653520
653502
653478
653455
653430
653428
653370
653368
653345
653332
653326
653279
653273
653253
653229
653198
653170
653167
653153
653140
653123
653109
653087
653069
653058
653028
652953
652939
652930
652926
652913
652913
652907
652883
652879
652801
652795
652780
652780
652768
652741
652729
652716
652681
652608
652597
652585
652578
652569
652507
652482
652372
652362
652323
652316
652306
652286
652282
652270
652239
652225
652123
652103
652093
652089
652079
652057
652057
652029
652027
652023
652022
652020
652017
651993
651944
651869
651867
651858
651838
651786
651757
651730
651707
651697
651670
651655
651628
651612
651610
651601
651577
651532
651489
651478
651460
651388
651323
651211
651201
651201
651192
651183
651171
651155
651116
651082
651070
651049
651047
651038
651018
651002
650997
650981
650966
650889
650875
650875
650866
650855
650822
650822
650800
650751
650748
650721
650720
650709
650662
650658
650629
650597
650553
650542
650539
650451
650449
650434
650421
650419
650411
650390
650358
650349
650326
650318
650305
650297
650289
650280
650278
650270
650254
650213
650188
650161
650149
650147
650140
650113
650107
650107
650062
650039
650035
650016
650002
649986
649983
649965
649932
649905
649883
649880
649872
649869
649868
649841
649840
649835
649828
649786
649781
649765
649722
649682
649674
649650
649624
649611
649608
649583
649502
649501
649487
649448
649425
649417
649341
649321
649319
649316
649311
649311
649309
649292
649244
649233
649231
649221
649165
649163
649144
649080
649069
649051
649030
649023
649002
648995
648986
648919
648897
648887
648870
648865
648851
648846
648830
648760
648754
648699
648631
648616
648588
648572
648484
648478
648469
648457
648442
648419
648396
648378
648365
648364
648342
648332
648294
648247
648225
648221
648193
648190
648174
648149
648074
648069
648063
648033
647981
647950
647900
647896
647853
647830
647829
647827
647819
647803
647748
647744
647727
647711
647704
647699
647689
647678
647642
647632
647606
647597
647593
647592
647526
647504
647498
647487
647476
647466
647442
647439
647430
647422
647421
647421
647411
647392
647351
647338
647300
647294
647292
647252
647248
647209
647190
647181
647162
647160
647158
647147
647127
647124
647104
647084
647080
647074
647063
647058
647050
647048
647048
647042
647025
646998
646968
646945
646944
646942
646933
646893
646892
646819
646810
646768
646763
646757
646742
646684
646650
646538
646538
646519
646518
646513
646474
646468
646460
646425
646391
646376
646311
646305
646294
646280
646256
646230
646212
646183
646173
646165
646133
646109
646062
646018
645995
645961
645837
645836
645804
645777
645769
645752
645745
645740
645734
645731
645709
645672
645656
645628
645604
645593
645570
645564
645563
645549
645532
645513
645491
645479
645428
645406
645389
645375
645350
645330
645318
645296
645268
645265
645247
645241
645237
645226
645225
645177
645152
645144
645132
645119
645080
645074
645050
645040
645010
644960
644958
644929
644918
644909
644892
644880
644879
644866
644858
644845
644822
644782
644707
644691
644690
644619
644594
644587
644570
644547
644536
644529
644502
644427
644427
644425
644413
644311
644304
644294
644272
644244
644217
644182
644179
644147
644056
644038
644020
643999
643966
643936
643921
643913
643907
643902
643878
643835
643827
643813
643797
643777
643750
643716
643703
643686
643662
643623
643590
643581
643499
643498
643476
643337
643331
643309
643296
643193
643180
643176
643147
643142
643135
643126
643103
643089
643050
643038
643001
642906
642901
642847
642847
642844
642837
642806
642797
642764
642746
642720
642638
642635
642605
642484
642465
642453
642398
642374
642373
642368
642338
642338
642323
642317
642311
642290
642280
642280
642276
642267
642209
642209
642183
642157
642154
642133
642125
642109
642098
642093
642091
642081
642066
642064
642039
642036
642009
641991
641975
641973
641964
641964
641924
641923
641919
641913
641906
641900
641898
641891
641887
641843
641800
641768
641706
641705
641705
641694
641664
641660
641652
641647
641634
641625
641622
641615
641586
641574
641546
641545
641539
641413
641367
641362
641324
641285
641260
641255
641244
641242
641240
641229
641226
641202
641193
641190
641181
641177
641172
641143
641115
641100
641032
641026
641022
641022
641016
640992
640971
640951
640948
640938
640933
640916
640912
640890
640869
640866
640865
640848
640846
640835
640819
640818
640788
640779
640705
640661
640660
640658
640653
640634
640630
640628
640617
640615
640552
640528
640514
640487
640461
640457
640426
640415
640408
640395
640383
640364
640320
640320
640314
640267
640230
640227
640202
640195
640174
640159
640154
640135
640133
640113
640090
640085
640073
640059
640009
640001
639971
639964
639954
639950
639928
639907
639889
639865
639865
639845
639820
639802
639783
639775
639748
639745
639690
639653
639632
639624
639615
639613
639593
639572
639562
639545
639530
639521
639501
639494
639473
639472
639448
639430
639420
639415
639408
639372
639331
639322
639320
639291
639274
639260
639240
639223
639221
639220
639205
639185
639152
639144
639138
639134
639134
639085
639058
639057
639045
639045
639002
638991
638966
638957
638904
638858
638821
638816
638770
638736
638726
638720
638700
638693
638677
638668
638668
638667
638610
638572
638552
638544
638540
638540
638538
638513
638498
638456
638434
638423
638387
638381
638372
638371
638368
638365
638364
638356
638332
638312
638302
638293
638274
638228
638211
638210
638193
638144
638133
638122
638114
638108
638088
638079
638020
638016
638008
637962
637931
637921
637913
637898
637896
637895
637889
637887
637878
637850
637837
637823
637770
637717
637692
637668
637633
637617
637611
637604
637593
637589
637580
637577
637560
637546
637545
637529
637476
637475
637462
637447
637446
637422
637394
637393
637378
637359
637321
637261
637197
637196
637189
637105
637089
637074
637067
637060
637055
637037
636958
636943
636903
636889
636876
636844
636737
636721
636695
636685
636684
636642
636614
636592
636537
636517
636501
636487
636483
636457
636457
636426
636405
636392
636383
636373
636349
636338
636301
636291
636290
636285
636283
636268
636263
636194
636144
636121
636116
636101
636091
635979
635973
635909
635837
635823
635819
635805
635773
635744
635727
635715
635685
635679
635665
635657
635654
635618
635580
635579
635554
635521
635499
635474
635474
635426
635424
635390
635383
635367
635336
635333
635322
635316
635296
635244
635236
635209
635184
635179
635175
635169
635161
635123
635116
635103
635069
635056
635032
635008
634999
634996
634976
634966
634958
634941
634919
634914
634872
634858
634834
634803
634803
634795
634785
634782
634771
634758
634740
634732
634694
634688
634688
634675
634661
634625
634609
634579
634570
634553
634547
634479
634471
634470
634417
634382
634366
634349
634343
634294
634276
634273
634239
634229
634190
634158
634150
634149
634098
634090
634082
634072
634045
634045
634034
634031
634023
634019
633928
633882
633832
633832
633829
633816
633792
633728
633672
633646
633638
633628
633592
633582
633558
633488
633417
633414
633397
633381
633369
633356
633349
633342
633332
633328
633321
633317
633247
633247
633240
633217
633187
633186
633186
633140
633091
633087
633054
633048
633020
633012
633010
633001
632970
632959
632934
632868
632854
632850
632827
632768
632752
632730
632729
632707
632701
632673
632660
632658
632652
632643
632607
632598
632585
632540
632493
632489
632488
632462
632442
632433
632387
632360
632344
632332
632318
632285
632271
632249
632244
632236
632231
632182
632179
632158
632153
632136
632133
632127
632111
632106
632104
632102
632101
632093
632069
632043
632015
631991
631987
631938
631866
631863
631857
631846
631838
631821
631784
631767
631709
631666
631639
631625
631612
631605
631578
631562
631541
631525
631495
631491
631475
631473
631472
631467
631438
631421
631412
631407
631394
631375
631374
631371
631361
631358
631353
631349
631346
631329
631324
631301
631254
631251
631206
631168
631166
631094
631076
631026
631015
630921
630912
630896
630895
630891
630865
630851
630838
630802
630775
630734
630700
630664
630659
630642
630615
630614
630589
630531
630460
630445
630444
630444
630369
630364
630356
630331
630330
630320
630315
630288
630262
630248
630230
630224
630160
630151
630139
630133
630101
630084
630075
630066
630053
630050
630009
629989
629986
629976
629963
629963
629926
629913
629897
629882
629852
629829
629821
629765
629738
629720
629716
629679
629630
629614
629597
629587
629585
629578
629577
629545
629537
629496
629494
629481
629476
629475
629469
629469
629436
629434
629415
629386
629386
629368
629309
629308
629301
629287
629269
629268
629238
629209
629202
629189
629168
629148
629121
629108
629045
629021
629007
629006
628994
628966
628950
628938
628932
628912
628906
628901
628875
628873
628862
628857
628835
628826
628824
628784
628783
628776
628744
628721
628689
628687
628680
628662
628659
628610
628542
628528
628515
628467
628429
628417
628334
628334
628314
628295
628267
628253
628237
628205
628201
628191
628126
628113
628098
628095
628093
628091
628085
628071
628031
628031
628020
628016
628006
627992
627991
627976
627928
627920
627898
627890
627856
627828
627784
627779
627772
627766
627766
627765
627753
627748
627741
627728
627722
627681
627645
627612
627599
627591
627577
627546
627541
627540
627530
627512
627508
627498
627486
627472
627447
627445
627432
627367
627356
627337
627312
627311
627291
627281
627280
627266
627265
627262
627241
627236
627232
627221
627221
627219
627197
627166
627154
627152
627104
627074
627070
627014
626971
626969
626924
626906
626903
626891
626859
626841
626810
626768
626767
626763
626747
626742
626741
626686
626662
626637
626608
626603
626569
626552
626540
626478
626460
626401
626387
626315
626289
626264
626244
626223
626196
626188
626181
626173
626165
626164
626153
626145
626144
626118
626110
626100
626097
626082
626024
626013
626003
625991
625912
625892
625867
625860
625859
625820
625749
625747
625707
625696
625679
625671
625638
625620
625591
625565
625530
625495
625482
625475
625459
625447
625437
625425
625394
625359
625354
625344
625334
625329
625325
625294
625279
625245
625244
625234
625201
625145
625103
625069
625049
625048
625048
625036
625010
625007
624999
624964
624957
624954
624951
624948
624927
624921
624911
624897
624816
624813
624805
624797
624791
624770
624741
624734
624709
624699
624693
624634
624591
624587
624581
624556
624526
624525
624494
624475
624440
624410
624406
624400
624337
624330
624297
624291
624269
624265
624262
624260
624210
624205
624202
624194
624168
624126
624074
624015
623995
623994
623980
623923
623892
623890
623862
623860
623845
623832
623829
623810
623803
623793
623750
623696
623675
623669
623630
623610
623602
623587
623565
623536
623527
623520
623478
623470
623459
623443
623424
623414
623410
623372
623363
623317
623309
623263
623229
623213
623184
623145
623133
623115
623105
623101
623087
623046
623042
623038
623018
622981
622971
622928
622911
622903
622882
622853
622824
622782
622758
622749
622724
622696
622679
622655
622646
622585
622582
622566
622559
622548
622539
622538
622536
622526
622514
622469
622417
622415
622410
622397
622393
622357
622356
622340
622312
622301
622279
622267
622231
622228
622226
622206
622198
622168
622166
622158
622149
622113
622087
622086
622072
622041
622033
622015
621996
621986
621977
621972
621971
621960
621902
621892
621890
621847
621846
621823
621817
621805
621787
621774
621772
621679
621659
621649
621628
621579
621576
621567
621566
621565
621546
621544
621539
621536
621523
621483
621480
621461
621436
621430
621401
621380
621367
621340
621319
621318
621309
621245
621245
621227
621182
621160
621135
621105
621077
621070
621053
621030
621018
620912
620910
620902
620889
620875
620869
620854
620838
620829
620823
620804
620756
620723
620713
620705
620673
620671
620630
620615
620604
620571
620561
620558
620521
620508
620479
620474
620460
620456
620436
620388
620346
620344
620331
620323
620277
620237
620219
620196
620195
620174
620138
620131
620098
620034
620020
620014
619988
619957
619945
619908
619906
619900
619889
619867
619851
619835
619809
619783
619773
619771
619771
619731
619709
619674
619663
619619
619594
619581
619572
619565
619557
619554
619539
619536
619508
619487
619455
619440
619414
619389
619383
619375
619359
619336
619319
619315
619306
619299
619295
619292
619281
619261
619239
619238
619224
619189
619173
619163
619137
619136
619115
619043
619040
619023
619015
618987
618963
618960
618959
618947
618910
618864
618852
618825
618797
618789
618784
618766
618762
618760
618726
618571
618560
618553
618552
618548
618537
618518
618510
618500
618467
618447
618431
618282
618282
618239
618233
618211
618164
618158
618125
618119
618040
618003
617926
617924
617916
617865
617825
617795
617792
617754
617746
617718
617710
617710
617709
617676
617648
617639
617631
617575
617574
617524
617513
617510
617457
617455
617452
617445
617402
617395
617386
617383
617299
617229
617212
617178
617175
617150
617147
617100
617084
617079
617077
617049
616962
616950
616948
616941
616890
616883
616871
616816
616809
616785
616770
616765
616757
616717
616694
616668
616662
616659
616638
616607
616606
616597
616541
616539
616536
616506
616499
616467
616441
616431
616428
616412
616378
616321
616243
616181
616173
616157
616114
616102
616085
616083
616029
616026
615996
615988
615887
615870
615846
615787
615779
615750
615735
615721
615717
615710
615687
615684
615672
615638
615637
615588
615567
615566
615565
615551
615526
615496
615478
615477
615440
615438
615424
615404
615403
615403
615367
615346
615329
615318
615299
615281
615245
615197
615190
615188
615187
615173
615166
615155
615125
615090
615056
615044
615038
615035
615030
614982
614978
614963
614938
614876
614833
614771
614748
614712
614688
614681
614670
614569
614550
614547
614493
614483
614444
614437
614424
614423
614423
614412
614401
614386
614362
614353
614344
614329
614306
614244
614226
614224
614214
614207
614202
614197
614187
614155
614136
614136
614129
614112
614106
614095
614063
614059
614056
614045
614019
614007
614005
613938
613934
613914
613911
613890
613868
613844
613831
613810
613774
613773
613771
613750
613713
613701
613683
613678
613667
613666
613643
613643
613613
613596
613567
613557
613556
613487
613461
613460
613429
613354
613346
613291
613277
613267
613241
613217
613189
613180
613179
613166
613127
613107
613035
613031
613000
612998
612960
612960
612939
612866
612827
612825
612820
612770
612755
612742
612730
612668
612649
612621
612594
612592
612577
612575
612572
612561
612550
612548
612518
612512
612500
612473
612470
612438
612382
612351
612341
612340
612338
612288
612258
612256
612221
612212
612194
612165
612141
612133
612132
612126
612125
612090
612087
612076
612072
612039
612032
612016
612009
611989
611981
611955
611944
611909
611899
611869
611847
611836
611817
611790
611773
611758
611756
611750
611602
611602
611601
611571
611552
611548
611507
611454
611441
611440
611425
611412
611399
611386
611382
611382
611381
611347
611296
611294
611289
611275
611212
611212
611205
611186
611108
611037
611025
611015
611014
611011
611000
610997
610990
610947
610930
610895
610863
610846
610836
610816
610802
610771
610739
610733
610733
610695
610676
610665
610659
610659
610659
610654
610627
610593
610580
610573
610543
610526
610518
610513
610492
610487
610463
610460
610446
610394
610351
610315
610290
610283
610272
610261
610254
610227
610222
610215
610201
610169
610160
610149
610140
610112
610104
610098
610097
610093
610084
610010
610009
610006
609960
609943
609916
609888
609883
609867
609857
609794
609781
609753
609741
609724
609684
609677
609672
609647
609625
609609
609602
609589
609579
609546
609543
609528
609515
609503
609494
609473
609449
609441
609432
609410
609397
609360
609354
609325
609298
609294
609288
609277
609264
609247
609233
609227
609218
609212
609177
609148
609132
609110
609082
609076
609055
608973
608966
608930
608930
608888
608860
608852
608836
608825
608638
608626
608601
608596
608514
608510
608466
608465
608430
608424
608407
608391
608384
608375
608363
608359
608320
608248
608210
608210
608178
608163
608151
608136
608125
608057
608028
608021
607999
607915
607870
607869
607865
607844
607838
607820
607818
607805
607768
607736
607730
607721
607688
607681
607671
607633
607616
607611
607592
607581
607554
607534
607528
607517
607448
607439
607436
607422
607414
607405
607366
607313
607237
607218
607215
607206
607188
607176
607147
607095
607089
607086
607086
607085
607062
607040
607018
607017
606989
606980
606960
606939
606901
606897
606891
606850
606849
606846
606836
606806
606758
606737
606722
606701
606700
606693
606667
606658
606648
606609
606568
606556
606465
606455
606446
606438
606435
606434
606417
606343
606337
606302
606295
606212
606189
606121
606114
606108
606066
606015
605907
605878
605877
605876
605859
605832
605831
605830
605766
605740
605736
605704
605681
605667
605643
605641
605586
605577
605574
605528
605522
605514
605476
605472
605457
605451
605427
605418
605339
605271
605260
605255
605254
605246
605241
605233
605232
605198
605195
605193
605180
605180
605169
605157
605144
605119
605105
605040
605034
605014
605008
604994
604979
604960
604955
604904
604899
604891
604881
604866
604862
604816
604813
604791
604714
604686
604607
604579
604576
604567
604554
604530
604474
604449
604423
604407
604399
604382
604361
604352
604351
604351
604336
604326
604306
604288
604276
604230
604206
604203
604196
604183
604183
604165
604157
604154
604148
604123
604106
604087
604034
604020
604020
604007
603996
603988
603948
603947
603910
603908
603899
603861
603840
603800
603771
603766
603725
603663
603648
603629
603565
603557
603555
603548
603517
603508
603501
603462
603432
603425
603413
603401
603397
603339
603338
603332
603314
603301
603294
603287
603279
603269
603249
603210
603203
603151
603123
603109
603102
603057
603025
602984
602977
602964
602963
602938
602899
602894
602857
602818
602813
602808
602789
602786
602781
602771
602736
602731
602705
602704
602688
602685
602644
602636
602603
602600
602594
602591
602564
602524
602516
602513
602510
602472
602458
602431
602346
602322
602221
602178
602166
602162
602156
602123
602118
602084
602069
602059
602056
602045
602043
601975
601973
601966
601930
601909
601902
601896
601885
601826
601811
601793
601756
601742
601720
601700
601673
601611
601580
601562
601553
601551
601549
601529
601524
601515
601467
601464
601447
601442
601433
601432
601407
601378
601354
601294
601291
601258
601251
601234
601226
601223
601216
601203
601180
601169
601165
601148
601146
601135
601099
601032
600989
600987
600977
600972
600971
600951
600944
600930
600926
600907
600898
600880
600863
600831
600818
600795
600762
600757
600728
600727
600718
600697
600668
600578
600559
600554
600550
600548
600531
600523
600509
600456
600447
600422
600410
600407
600392
600376
600363
600353
600329
600308
600300
600300
600290
600281
600279
600265
600253
600206
600199
600176
600176
600161
600159
600126
600061
600056
600026
600016
600009
599960
599947
599946
599859
599856
599855
599832
599811
599809
599808
599745
599743
599727
599718
599680
599648
599636
599625
599623
599591
599575
599557
599525
599497
599473
599456
599397
599336
599309
599304
599291
599260
599222
599202
599183
599162
599141
599140
599111
599100
599090
599041
599016
599002
598993
598985
598972
598909
598847
598833
598823
598763
598756
598693
598685
598673
598669
598664
598645
598609
598598
598589
598583
598574
598546
598511
598436
598347
598347
598316
598315
598313
598304
598250
598244
598187
598164
598148
598142
598129
598094
598075
598049
598044
598008
597990
597974
597959
597916
597909
597889
597870
597862
597817
597761
597760
597755
597749
597740
597740
597739
597738
597727
597678
597665
597640
597600
597564
597557
597550
597547
597545
597475
597465
597453
597411
597366
597363
597361
597350
597327
597314
597308
597283
597282
597278
597256
597251
597245
597232
597229
597172
597168
597161
597115
597084
597081
597076
597069
597061
597033
597022
596992
596943
596941
596927
596920
596915
596902
596883
596876
596876
596873
596862
596851
596841
596816
596790
596775
596764
596741
596692
596674
596672
596652
596627
596581
596577
596566
596541
596516
596512
596480
596458
596440
596415
596414
596384
596355
596343
596335
596326
596307
596294
596288
596280
596266
596249
596184
596159
596147
596124
596076
596071
596049
596025
595977
595946
595912
595905
595905
595879
595872
595863
595841
595836
595825
595814
595813
595799
595760
595752
595748
595635
595622
595602
595590
595587
595562
595538
595488
595482
595470
595439
595425
595414
595403
595389
595366
595364
595346
595337
595244
595226
595210
595201
595199
595161
595113
595096
595060
595034
594980
594942
594900
594896
594851
594847
594833
594810
594803
594795
594790
594760
594700
594693
594678
594637
594637
594575
594567
594550
594547
594499
594497
594481
594465
594436
594420
594406
594401
594363
594358
594325
594302
594274
594271
594270
594269
594268
594259
594243
594231
594222
594218
594215
594200
594191
594175
594126
594109
594104
594083
594081
594078
593978
593947
593917
593901
593883
593842
593832
593805
593748
593736
593731
593725
593710
593698
593689
593665
593665
593633
593621
593613
593597
593595
593590
593588
593556
593541
593533
593504
593488
593444
593441
593416
593392
593383
593356
593348
593334
593305
593304
593245
593234
593234
593227
593143
593142
593135
593132
593127
593076
593072
593064
593059
593055
593033
593031
593026
593014
593008
592983
592964
592962
592956
592923
592923
592906
592872
592868
592816
592816
592748
592745
592723
592700
592692
592676
592629
592593
592572
592540
592516
592504
592489
592469
592430
592428
592424
592411
592396
592358
592343
592338
592327
592307
592286
592266
592254
592221
592218
592200
592197
592189
592188
592172
592047
592043
592042
592032
592019
591983
591980
591941
591927
591830
591812
591799
591792
591792
591771
591758
591756
591746
591739
591730
591720
591598
591594
591578
591553
591529
591465
591449
591414
591386
591352
591308
591269
591263
591242
591220
591219
591213
591200
591183
591182
591163
591135
591133
591119
591117
591001
590992
590980
590940
590929
590921
590778
590753
590735
590729
590709
590659
590651
590640
590630
590575
590558
590547
590537
590534
590519
590505
590501
590471
590459
590449
590433
590426
590423
590419
590371
590357
590343
590329
590303
590282
590268
590258
590244
590204
590203
590154
590140
590123
590052
590047
590021
589998
589978
589968
589960
589950
589943
589905
589896
589881
589880
589834
589821
589797
589732
589707
589685
589675
589665
589663
589623
589607
589545
589526
589508
589481
589479
589449
589432
589393
589387
589385
589377
589363
589359
589313
589309
589290
589275
589257
589255
589220
589178
589167
589153
589128
589110
589093
589092
589089
589060
589057
589030
588987
588959
588956
588930
588919
588907
588899
588882
588862
588861
588839
588807
588790
588787
588786
588761
588754
588749
588710
588660
588654
588638
588621
588595
588553
588553
588538
588507
588504
588469
588447
588427
588424
588393
588349
588348
588340
588335
588321
588283
588268
588267
588262
588258
588257
588238
588236
588224
588215
588192
588185
588184
588134
588132
588112
588102
588098
588085
588080
588048
588037
588032
588016
588009
587949
587936
587931
587918
587907
587855
587851
587848
587840
587770
587758
587663
587651
587624
587615
587612
587577
587542
587512
587506
587491
587427
587403
587380
587350
587316
587303
587291
587289
587267
587266
587216
587166
587159
587101
587100
587080
587077
587077
587072
587041
586961
586928
586924
586922
586919
586911
586909
586891
586845
586831
586829
586761
586752
586721
586682
586674
586672
586644
586635
586632
586627
586627
586612
586609
586597
586571
586510
586508
586421
586400
586389
586365
586358
586358
586355
586353
586337
586307
586284
586283
586270
586266
586258
586247
586242
586235
586215
586185
586165
586143
586116
586086
586054
586010
585986
585981
585961
585941
585937
585935
585904
585903
585875
585871
585855
585836
585776
585761
585757
585734
585728
585703
585700
585639
585636
585577
585563
585533
585522
585503
585488
585480
585472
585451
585443
585421
585414
585374
585371
585325
585277
585269
585268
585254
585245
585228
585195
585132
585108
585098
585089
585078
585076
585069
585029
585014
584993
584990
584954
584940
584938
584930
584919
584910
584872
584867
584852
584710
584670
584648
584642
584638
584630
584609
584585
584576
584548
584491
584472
584460
584442
584438
584410
584405
584398
584379
584371
584362
584348
584302
584227
584192
584185
584146
584144
584113
584105
584062
584045
584032
584000
583988
583982
583934
583930
583895
583877
583811
583809
583777
583772
583769
583748
583737
583730
583704
583688
583682
583659
583617
583558
583539
583533
583512
583509
583501
583500
583495
583494
583475
583426
583374
583369
583317
583300
583294
583267
583266
583243
583242
583239
583222
583215
583199
583189
583136
583120
583090
583069
583054
583047
583000
582995
582989
582984
582979
582972
582966
582962
582961
582951
582938
582914
582887
582846
582813
582807
582802
582799
582795
582765
582755
582744
582711
582700
582673
582656
582643
582613
582592
582589
582585
582581
582561
582561
582557
582547
582530
582524
582491
582478
582472
582469
582452
582395
582391
582386
582376
582358
582343
582316
582312
582304
582303
582250
582204
582158
582123
582090
582080
582067
582047
582041
582037
582012
581989
581984
581981
581950
581863
581853
581788
581709
581673
581665
581645
581632
581632
581629
581604
581542
581514
581514
581489
581486
581463
581456
581416
581411
581405
581390
581380
581351
581346
581323
581280
581250
581208
581176
581078
581071
581028
580994
580970
580916
580897
580876
580874
580861
580845
580812
580801
580796
580791
580783
580772
580758
580712
580695
580685
580675
580667
580662
580626
580602
580599
580592
580588
580582
580563
580547
580540
580532
580516
580493
580490
580457
580456
580455
580449
580432
580387
580379
580352
580342
580335
580329
580320
580315
580298
580264
580257
580251
580250
580237
580226
580212
580202
580201
580154
580131
580100
580057
580042
580031
580019
579990
579958
579955
579904
579897
579890
579884
579878
579866
579845
579786
579765
579740
579739
579725
579699
579669
579667
579642
579633
579625
579617
579614
579609
579606
579595
579592
579587
579545
579519
579516
579454
579413
579385
579366
579362
579356
579353
579351
579332
579311
579300
579300
579276
579270
579229
579203
579199
579166
579142
579142
579120
579118
579109
579107
579095
579091
579082
579074
579013
578970
578968
578957
578935
578883
578863
578861
578858
578842
578838
578826
578771
578767
578733
578721
578708
578671
578657
578650
578641
578637
578599
578596
578577
578547
578545
578536
578522
578485
578475
578465
578451
578442
578430
578404
578390
578384
578356
578348
578347
578325
578323
578307
578305
578278
578262
578247
578218
578197
578155
578151
578139
578131
578087
578074
578073
578047
578045
578043
578007
577946
577918
577916
577916
577870
577869
577840
577830
577797
577770
577763
577749
577731
577728
577722
577716
577702
577672
577565
577529
577528
577514
577494
577483
577452
577409
577400
577391
577368
577367
577339
577265
577260
577244
577233
577195
577192
577182
577146
577134
577134
577130
577114
577103
577096
577069
577057
577046
577022
577019
576946
576915
576886
576735
576735
576722
576718
576703
576680
576629
576621
576616
576586
576560
576558
576553
576539
576531
576515
576494
576493
576422
576420
576418
576401
576373
576262
576255
576172
576146
576131
576124
576110
576061
576045
576034
576003
575996
575899
575893
575891
575762
575761
575760
575704
575689
575686
575683
575683
575663
575657
575645
575639
575629
575614
575577
575554
575543
575531
575474
575398
575397
575389
575386
575378
575374
575356
575347
575323
575313
575292
575260
575251
575251
575250
575231
575227
575224
575219
575208
575203
575196
575155
575151
575138
575125
575118
575053
575048
575026
574996
574980
574967
574967
574927
574856
574831
574821
574727
574704
574680
574667
574637
574632
574622
574603
574589
574583
574579
574528
574489
574477
574468
574386
574362
574361
574326
574322
574308
574251
574219
574213
574212
574190
574188
574178
574174
574150
574114
574112
574073
574039
574011
574010
573993
573979
573961
573952
573941
573938
573905
573898
573884
573875
573856
573837
573786
573782
573740
573711
573689
573673
573629
573622
573619
573617
573598
573579
573564
573549
573547
573526
573475
573460
573441
573423
573369
573340
573326
573304
573302
573289
573278
573226
573215
573212
573212
573189
573170
573165
573147
573136
573117
573107
573049
573010
572948
572924
572898
572874
572859
572824
572824
572804
572790
572778
572777
572745
572718
572688
572660
572657
572631
572603
572575
572568
572566
572566
572553
572490
572487
572465
572465
572459
572454
572395
572388
572362
572353
572348
572331
572317
572301
572288
572268
572265
572265
572175
572166
572101
572047
572033
571992
571991
571977
571975
571963
571951
571925
571829
571819
571787
571784
571784
571778
571778
571777
571761
571750
571726
571664
571662
571606
571551
571534
571511
571511
571459
571446
571409
571397
571392
571385
571385
571377
571375
571293
571292
571255
571238
571211
571210
571202
571202
571201
571199
571179
571130
571122
571119
571079
571078
571076
571053
570979
570975
570917
570889
570882
570842
570841
570801
570771
570764
570727
570705
570701
570684
570669
570662
570662
570600
570599
570580
570549
570532
570501
570472
570470
570453
570439
570412
570403
570386
570374
570367
570329
570319
570295
570257
570217
570210
570145
570113
570050
570017
570009
570006
570003
569997
569982
569958
569926
569917
569911
569900
569862
569851
569848
569787
569747
569714
569701
569688
569653
569626
569625
569588
569565
569508
569508
569503
569487
569421
569415
569404
569397
569392
569383
569368
569364
569357
569336
569329
569303
569301
569281
569217
569217
569215
569208
569194
569107
569089
569084
568969
568967
568927
568925
568921
568919
568913
568859
568825
568799
568796
568787
568777
568726
568700
568687
568678
568666
568604
568590
568579
568555
568528
568512
568489
568472
568469
568446
568402
568390
568389
568379
568366
568343
568330
568260
568184
568180
568173
568143
568106
568097
568092
568051
568049
568003
568001
567943
567940
567914
567888
567860
567853
567828
567825
567823
567821
567814
567781
567762
567748
567746
567742
567706
567699
567683
567664
567649
567568
567555
567523
567514
567497
567485
567463
567461
567452
567439
567423
567392
567386
567381
567377
567363
567344
567336
567328
567320
567312
567309
567301
567251
567235
567220
567219
567169
567164
567129
567117
567114
567107
567102
567058
567029
567026
566990
566953
566953
566951
566941
566931
566926
566926
566910
566897
566889
566870
566870
566861
566847
566833
566826
566774
566771
566765
566765
566739
566737
566735
566732
566732
566699
566694
566692
566619
566610
566590
566573
566572
566571
566571
566559
566555
566504
566481
566478
566476
566460
566446
566409
566338
566323
566292
566287
566274
566274
566273
566224
566198
566191
566188
566122
566113
566094
566078
566024
566023
565997
565986
565979
565975
565907
565874
565871
565847
565827
565809
565793
565793
565786
565778
565711
565694
565694
565655
565634
565611
565583
565569
565568
565558
565553
565551
565502
565426
565416
565415
565384
565384
565367
565342
565335
565308
565307
565307
565287
565273
565267
565204
565203
565193
565186
565142
565112
565091
565078
565056
565047
565033
565001
564977
564952
564939
564933
564929
564926
564922
564906
564902
564880
564854
564830
564817
564791
564775
564714
564702
564683
564681
564626
564626
564608
564598
564568
564524
564499
564478
564467
564453
564432
564430
564411
564369
564347
564340
564329
564213
564185
564172
564171
564151
564123
564121
564116
564115
564058
564043
564025
563949
563927
563907
563898
563897
563892
563882
563879
563843
563835
563792
563774
563745
563728
563726
563703
563658
563636
563591
563580
563547
563505
563483
563483
563476
563461
563453
563426
563406
563373
563371
563366
563313
563305
563267
563174
563167
563112
563109
563102
563099
563092
563059
563018
562976
562974
562951
562943
562939
562937
562929
562875
562875
562863
562862
562852
562832
562828
562777
562739
562737
562725
562720
562715
562709
562701
562701
562691
562684
562681
562677
562665
562648
562622
562554
562529
562515
562503
562460
562422
562414
562411
562394
562379
562372
562334
562274
562263
562252
562250
562244
562212
562207
562204
562197
562195
562169
562161
562151
562130
562115
562065
562039
562008
562004
561998
561988
561973
561968
561948
561911
561876
561868
561822
561822
561819
561818
561816
561803
561803
561799
561795
561784
561771
561765
561741
561736
561726
561722
561661
561659
561599
561583
561543
561477
561466
561458
561450
561435
561392
561352
561323
561320
561299
561282
561271
561268
561240
561185
561160
561148
561090
561054
561049
561044
560946
560937
560914
560899
560896
560881
560866
560826
560788
560788
560784
560766
560760
560728
560725
560697
560682
560664
560655
560654
560583
560568
560568
560532
560531
560509
560508
560507
560492
560492
560477
560469
560467
560429
560389
560385
560379
560371
560320
560309
560296
560272
560272
560257
560250
560234
560229
560228
560198
560080
560064
560037
559993
559989
559944
559909
559878
559858
559856
559826
559795
559764
559753
559662
559565
559562
559537
559509
559508
559499
559479
559455
559452
559443
559443
559390
559379
559356
559336
559320
559299
559296
559289
559285
559263
559190
559184
559177
559168
559130
559125
559123
559121
559112
559045
559022
559010
559008
559005
558948
558910
558842
558839
558832
558828
558785
558785
558781
558747
558745
558708
558707
558671
558670
558645
558644
558591
558579
558519
558508
558482
558475
558397
558391
558390
558385
558383
558303
558181
558171
558138
558128
558124
558122
558114
558105
558086
558057
558034
558034
558033
558027
558019
558013
558006
557987
557950
557906
557886
557882
557879
557860
557829
557821
557792
557788
557769
557758
557721
557716
557706
557657
557634
557611
557529
557521
557469
557453
557430
557401
557392
557391
557377
557372
557370
557367
557333
557323
557312
557215
557205
557200
557185
557170
557117
557114
557086
557033
557020
557013
556993
556982
556977
556974
556972
556949
556915
556869
556864
556851
556849
556845
556800
556781
556733
556684
556680
556653
556631
556601
556585
556580
556579
556575
556568
556556
556538
556536
556533
556528
556524
556468
556436
556433
556406
556364
556322
556289
556232
556219
556214
556208
556195
556190
556183
556162
556138
556117
556110
556094
556008
555948
555948
555943
555891
555882
555879
555877
555869
555855
555852
555782
555759
555757
555751
555745
555737
555692
555675
555670
555646
555623
555617
555594
555566
555540
555540
555535
555534
555511
555488
555488
555432
555378
555373
555338
555335
555331
555291
555287
555272
555255
555235
555225
555211
555204
555202
555178
555168
555129
555075
555064
555057
554995
554960
554943
554934
554930
554930
554926
554919
554890
554870
554807
554802
554798
554771
554771
554768
554761
554735
554720
554718
554659
554641
554534
554523
554450
554425
554312
554299
554292
554287
554259
554249
554238
554212
554203
554191
554175
554145
554086
554024
553971
553952
553854
553845
553822
553819
553779
553774
553764
553761
553757
553734
553678
553650
553599
553594
553577
553553
553486
553486
553479
553473
553418
553412
553389
553343
553237
553183
553172
553158
553145
553130
553091
553066
553047
553028
553015
553013
553004
552966
552966
552921
552904
552860
552859
552851
552788
552777
552763
552745
552723
552709
552684
552665
552658
552657
552637
552620
552616
552613
552607
552600
552564
552562
552494
552469
552444
552435
552425
552417
552373
552364
552360
552351
552349
552328
552317
552315
552314
552291
552279
552270
552216
552199
552190
552162
552153
552068
552057
552044
551995
551992
551969
551925
551885
551874
551872
551852
551801
551750
551745
551734
551713
551690
551689
551664
551644
551628
551578
551517
551484
551481
551442
551441
551441
551427
551394
551380
551380
551346
551338
551269
551264
551262
551230
551193
551172
551150
551138
551138
551126
551107
551104
551061
551036
551028
551019
551001
550981
550976
550966
550964
550919
550896
550871
550861
550822
550795
550791
550755
550746
550740
550731
550731
550711
550700
550675
550667
550641
550640
550622
550600
550594
550562
550527
550485
550468
550455
550426
550398
550370
550337
550334
550298
550294
550293
550233
550205
550186
550171
550164
550138
550032
550008
550006
550001
549986
549984
549983
549930
549917
549893
549851
549830
549820
549800
549777
549776
549774
549763
549735
549730
549703
549695
549689
549668
549624
549620
549619
549614
549582
549524
549504
549502
549483
549472
549424
549424
549393
549381
549370
549367
549358
549337
549309
549309
549296
549295
549277
549271
549240
549229
549223
549222
549215
549209
549184
549168
549159
549084
549072
549058
549039
549033
549011
548997
548974
548954
548946
548939
548932
548844
548818
548805
548787
548722
548702
548671
548621
548616
548613
548613
548607
548548
548531
548512
548455
548426
548411
548362
548342
548308
548302
548271
548250
548247
548234
548230
548198
548179
548169
548151
548126
548114
548109
548107
548105
548079
548078
548072
548013
547998
547990
547890
547874
547868
547838
547835
547818
547805
547744
547732
547702
547688
547660
547655
547653
547651
547627
547612
547601
547569
547568
547564
547562
547549
547516
547506
547459
547437
547434
547418
547408
547377
547337
547337
547299
547281
547222
547137
547108
547082
547082
547036
547009
546997
546989
546981
546971
546935
546925
546922
546915
546910
546896
546894
546857
546846
546838
546835
546821
546813
546807
546793
546752
546748
546746
546745
546735
546695
546651
546596
546588
546585
546562
546550
546541
546537
546519
546484
546479
546469
546427
546424
546385
546373
546340
546322
546320
546302
546282
546260
546258
546244
546208
546186
546180
546138
546098
546081
546038
546017
546005
545993
545965
545938
545936
545926
545919
545919
545910
545818
545816
545800
545791
545785
545774
545730
545690
545664
545662
545652
545650
545628
545619
545592
545576
545540
545536
545521
545510
545504
545490
545460
545453
545442
545425
545395
545388
545350
545347
545336
545320
545304
545295
545279
545244
545196
545110
545066
545064
545020
545017
545013
545010
544985
544984
544971
544956
544946
544901
544890
544879
544878
544875
544850
544842
544839
544836
544793
544792
544792
544751
544729
544716
544714
544691
544660
544614
544606
544602
544552
544498
544493
544492
544483
544448
544371
544356
544349
544327
544319
544307
544306
544301
544293
544292
544288
544281
544244
544232
544224
544143
544114
544092
544078
544045
544010
543979
543939
543908
543892
543854
543843
543837
543833
543817
543810
543761
543757
543740
543730
543695
543687
543665
543607
543587
543571
543569
543484
543484
543473
543406
543399
543394
543386
543369
543365
543326
543304
543295
543220
543219
543195
543174
543166
543164
543151
543150
543124
543091
543082
543063
543040
543022
543001
542970
542933
542907
542904
542871
542857
542825
542824
542823
542741
542737
542685
542674
542657
542648
542641
542598
542574
542569
542546
542538
542528
542525
542520
542514
542513
542482
542458
542408
542390
542343
542342
542315
542284
542252
542252
542233
542211
542164
542107
542093
542092
542024
542022
542021
542019
542011
541983
541958
541914
541909
541881
541858
541829
541806
541800
541797
541785
541780
541750
541747
541730
541727
541722
541647
541634
541631
541604
541594
541586
541579
541569
541567
541539
541534
541531
541517
541507
541427
541410
541407
541365
541318
541306
541297
541276
541244
541145
541140
541130
541125
541118
541036
541035
541025
540996
540975
540969
540936
540895
540839
540816
540813
540806
540787
540753
540741
540724
540710
540702
540671
540653
540630
540629
540612
540599
540574
540556
540550
540495
540472
540462
540426
540426
540419
540396
540360
540344
540299
540292
540281
540201
540155
540082
540045
540034
539995
539987
539963
539899
539883
539880
539862
539853
539803
539801
539782
539780
539778
539748
539727
539680
539638
539637
539612
539544
539541
539520
539496
539420
539386
539371
539368
539343
539299
539274
539235
539222
539184
539175
539171
539137
539061
539039
539030
539010
538984
538968
538932
538927
538921
538891
538837
538783
538782
538736
538715
538711
538576
538559
538540
538513
538462
538450
538446
538375
538356
538352
538346
538321
538314
538306
538262
538251
538245
538205
538200
538112
538072
538070
538050
538042
538022
537975
537948
537899
537894
537887
537881
537867
537860
537854
537839
537735
537726
537718
537716
537657
537631
537604
537598
537586
537579
537572
537571
537568
537553
537535
537469
537412
537365
537284
537276
537253
537220
537202
537187
537184
537037
537037
536990
536932
536904
536885
536871
536865
536835
536814
536811
536786
536746
536744
536689
536687
536674
536624
536588
536584
536565
536541
536538
536534
536518
536508
536496
536487
536481
536461
536461
536441
536376
536336
536263
536222
536213
536182
536167
536141
536130
536125
536125
536123
536118
536095
536091
536046
536028
536003
535989
535975
535970
535966
535951
535940
535936
535934
535931
535926
535925
535919
535896
535878
535831
535801
535800
535767
535743
535729
535700
535695
535669
535651
535648
535641
535632
535618
535563
535550
535535
535509
535486
535421
535411
535379
535346
535334
535255
535254
535251
535247
535245
535229
535221
535216
535174
535139
535135
535132
535096
535087
535085
535064
535026
534905
534893
534882
534873
534866
534861
534860
534840
534838
534831
534800
534780
534760
534707
534706
534700
534668
534658
534638
534626
534586
534573
534542
534526
534504
534497
534454
534453
534380
534340
534304
534303
534276
534267
534258
534251
534242
534234
534232
534172
534167
534139
534138
534114
534112
534105
534098
534061
534055
534047
533993
533989
533946
533934
533934
533907
533906
533900
533898
533891
533890
533859
533814
533800
533753
533749
533739
533737
533689
533687
533686
533682
533680
533672
533590
533588
533581
533577
533529
533463
533420
533407
533402
533364
533363
533358
533288
533240
533231
533223
533211
533190
533158
533148
533107
533104
533098
533088
533074
533060
533046
533038
533030
533019
533000
532982
532952
532947
532924
532906
532884
532871
532835
532819
532805
532803
532799
532779
532775
532726
532724
532698
532695
532669
532663
532619
532606
532603
532588
532575
532557
532548
532545
532509
532503
532497
532490
532477
532459
532458
532422
532400
532391
532319
532306
532291
532277
532270
532267
532267
532232
532177
532096
532069
532019
531938
531926
531918
531878
531858
531845
531838
531835
531814
531769
531762
531736
531695
531689
531671
531661
531645
531620
531570
531558
531517
531515
531515
531457
531449
531407
531381
531343
531329
531317
531279
531268
531258
531241
531234
531231
531218
531201
531190
531184
531180
531126
531083
531082
531051
531045
531034
530994
530979
530977
530974
530974
530923
530843
530826
530802
530799
530783
530760
530750
530702
530695
530690
530682
530681
530629
530543
530541
530529
530524
530521
530504
530394
530391
530390
530371
530354
530341
530310
530303
530281
530201
530187
530166
530163
530124
530038
530030
530010
530009
530002
529949
529929
529902
529887
529870
529838
529829
529823
529790
529777
529755
529722
529713
529706
529671
529644
529626
529604
529593
529493
529484
529473
529467
529434
529412
529394
529377
529370
529337
529318
529288
529285
529279
529278
529224
529186
529139
529136
529121
529084
529072
529067
529059
529047
529027
529011
528997
528994
528993
528961
528959
528927
528925
528920
528812
528809
528722
528645
528607
528591
528580
528575
528555
528540
528514
528510
528507
528501
528482
528470
528461
528452
528441
528440
528360
528357
528340
528337
528325
528303
528297
528285
528257
528223
528219
528167
528167
528160
528156
528149
528118
528083
528077
527998
527990
527925
527917
527894
527890
527880
527851
527831
527822
527814
527740
527733
527733
527726
527722
527721
527711
527706
527673
527668
527660
527659
527643
527625
527597
527574
527549
527521
527519
527466
527465
527447
527441
527421
527419
527415
527393
527383
527369
527364
527310
527305
527289
527251
527224
527189
527188
527183
527121
527108
527101
527099
527099
527064
527033
527025
527014
527014
527009
527008
526961
526955
526955
526898
526845
526840
526812
526788
526721
526717
526677
526670
526653
526649
526640
526578
526551
526518
526515
526455
526402
526364
526359
526350
526320
526314
526306
526293
526266
526222
526218
526199
526182
526153
526153
526139
526131
526124
526120
526115
526111
526105
526061
526050
525965
525948
525913
525910
525894
525820
525818
525790
525715
525705
525700
525667
525655
525566
525519
525501
525497
525484
525481
525471
525399
525398
525330
525317
525307
525291
525253
525229
525206
525195
525178
525165
525159
525151
525131
525066
525041
525019
524936
524936
524929
524928
524896
524846
524811
524809
524802
524746
524732
524678
524663
524655
524629
524617
524593
524537
524534
524521
524512
524474
524470
524454
524446
524423
524415
524354
524353
524305
524298
524297
524266
524203
524171
524153
524133
524126
524122
524120
524118
524109
524089
524074
524056
524054
523983
523960
523959
523947
523944
523935
523842
523819
523806
523804
523802
523747
523738
523697
523694
523683
523664
523638
523631
523623
523622
523610
523596
523575
523555
523546
523536
523506
523492
523472
523471
523441
523400
523385
523299
523286
523282
523193
523192
523175
523141
523139
523135
523135
523112
523085
523070
523045
523031
523011
522947
522947
522940
522928
522922
522920
522912
522891
522883
522862
522841
522827
522825
522805
522767
522752
522707
522667
522644
522615
522597
522593
522521
522520
522509
522454
522449
522446
522446
522441
522432
522410
522401
522318
522260
522247
522225
522218
522201
522189
522163
522162
522151
522143
522119
522085
522083
522071
522059
522058
522052
522039
522027
522015
522001
521980
521949
521946
521945
521940
521940
521926
521909
521902
521900
521891
521886
521798
521786
521778
521774
521767
521679
521673
521666
521664
521655
521649
521638
521603
521583
521571
521568
521543
521537
521526
521521
521490
521481
521473
521470
521461
521453
521434
521423
521420
521390
521390
521300
521298
521250
521232
521194
521170
521148
521133
521126
521122
521103
521102
521077
521074
521004
520960
520958
520938
520918
520915
520894
520864
520839
520819
520812
520757
520725
520723
520697
520691
520611
520608
520595
520535
520518
520513
520469
520434
520423
520423
520385
520354
520329
520311
520284
520237
520198
520190
520187
520162
520133
520120
520089
520026
520025
520019
520014
519990
519966
519957
519953
519927
519924
519921
519827
519707
519693
519685
519621
519589
519577
519573
519556
519513
519471
519455
519455
519446
519440
519432
519404
519398
519392
519371
519351
519343
519322
519292
519291
519289
519281
519267
519232
519227
519226
519221
519219
519183
519169
519165
519150
519150
519122
519101
519097
519071
519029
519019
519008
518992
518991
518972
518962
518925
518901
518851
518850
518845
518839
518813
518810
518798
518782
518720
518641
518637
518635
518595
518526
518502
518490
518483
518463
518459
518422
518414
518411
518373
518363
518344
518340
518290
518254
518251
518251
518244
518205
518195
518192
518167
518132
518097
518092
518073
518058
518010
517896
517866
517839
517831
517829
517782
517776
517736
517717
517691
517687
517680
517679
517674
517667
517666
517592
517588
517580
517573
517529
517527
517524
517507
517502
517420
517399
517388
517381
517362
517343
517343
517340
517324
517285
517283
517206
517193
517148
517128
517125
517123
517088
517073
517040
516972
516965
516960
516947
516937
516923
516921
516916
516914
516910
516894
516886
516872
516867
516857
516855
516846
516824
516807
516798
516795
516793
516791
516789
516725
516722
516710
516708
516671
516658
516648
516630
516574
516552
516517
516482
516480
516457
516449
516439
516433
516430
516401
516381
516378
516378
516352
516339
516279
516264
516237
516233
516220
516213
516212
516209
516205
516204
516201
516121
516095
516080
516019
516006
515995
515954
515944
515925
515920
515908
515904
515895
515890
515857
515840
515835
515828
515768
515746
515743
515739
515724
515696
515696
515676
515620
515610
515597
515588
515487
515454
515429
515424
515376
515353
515321
515280
515221
515210
515174
515139
515137
515124
515120
515109
515066
515057
515054
515029
514971
514938
514903
514892
514885
514875
514847
514833
514830
514829
514829
514794
514768
514761
514757
514670
514669
514667
514658
514655
514635
514624
514619
514606
514605
514586
514555
514541
514530
514511
514508
514502
514492
514467
514444
514440
514424
514409
514404
514377
514355
514336
514332
514315
514293
514284
514270
514267
514259
514234
514216
514169
514169
514126
514098
514093
514078
514067
514054
514019
513996
513933
513852
513849
513849
513738
513728
513717
513709
513682
513657
513655
513649
513617
513616
513550
513522
513463
513450
513450
513400
513339
513320
513309
513306
513280
513262
513244
513236
513212
513200
513195
513172
513148
513140
513118
513095
513028
513025
513019
512993
512989
512960
512898
512875
512862
512840
512836
512825
512807
512800
512766
512757
512726
512698
512669
512658
512657
512644
512614
512597
512587
512572
512571
512570
512568
512555
512544
512543
512541
512500
512466
512465
512450
512443
512425
512423
512401
512380
512358
512352
512337
512309
512303
512300
512300
512299
512294
512225
512214
512203
512159
512156
512145
512139
512121
512088
512070
512026
512022
511982
511952
511948
511901
511835
511832
511820
511810
511805
511797
511763
511744
511710
511703
511683
511672
511664
511664
511622
511594
511550
511542
511500
511490
511439
511432
511427
511384
511382
511375
511321
511318
511292
511245
511230
511162
511059
511050
510998
510987
510987
510956
510921
510896
510890
510878
510862
510851
510850
510846
510793
510732
510719
510719
510717
510619
510598
510573
510571
510551
510532
510514
510503
510498
510477
510455
510435
510415
510388
510367
510354
510350
510334
510288
510272
510267
510256
510254
510229
510222
510197
510195
510192
510191
510177
510157
510138
510132
510117
510091
510086
510076
510046
510025
509995
509961
509960
509938
509931
509914
509913
509907
509898
509877
509787
509777
509777
509712
509693
509684
509669
509663
509660
509616
509610
509606
509591
509590
509586
509574
509573
509570
509549
509529
509523
509521
509520
509511
509431
509372
509351
509335
509328
509325
509324
509303
509208
509202
509195
509168
509166
509147
509130
509129
509108
509036
508961
508957
508924
508922
508852
508823
508810
508799
508753
508716
508707
508701
508701
508700
508695
508695
508674
508658
508607
508562
508522
508466
508447
508435
508427
508359
508346
508341
508288
508280
508244
508195
508188
508142
508090
508088
508076
508014
508008
508001
507983
507963
507915
507913
507911
507904
507897
507874
507867
507867
507834
507818
507774
507774
507754
507753
507736
507735
507727
507718
507708
507688
507684
507655
507645
507569
507564
507525
507516
507496
507496
507491
507486
507464
507454
507446
507387
507357
507355
507351
507319
507310
507261
507228
507185
507165
507154
507146
507080
507070
506993
506975
506952
506928
506909
506908
506904
506866
506860
506852
506837
506748
506740
506722
506715
506700
506676
506658
506647
506643
506601
506601
506562
506552
506547
506513
506481
506471
506470
506448
506448
506446
506439
506402
506400
506396
506386
506349
506325
506303
506297
506295
506276
506276
506262
506259
506234
506229
506216
506162
506157
506123
506072
505992
505990
505978
505966
505949
505946
505945
505927
505922
505901
505898
505893
505885
505876
505858
505856
505847
505843
505792
505722
505721
505669
505639
505636
505601
505595
505557
505557
505555
505534
505517
505504
505481
505480
505473
505470
505438
505406
505377
505372
505360
505342
505331
505313
505310
505270
505230
505223
505215
505208
505162
505152
505148
505145
505141
505101
505099
505065
505058
505056
505044
505020
505019
505014
504960
504933
504887
504865
504838
504836
504814
504794
504761
504758
504706
504587
504528
504514
504458
504455
504446
504405
504403
504402
504401
504384
504363
504358
504343
504338
504323
504319
504315
504311
504304
504288
504270
504263
504246
504213
504200
504179
504170
504134
504119
504110
504102
504089
504084
504082
504054
504044
504036
504019
504003
503990
503978
503965
503956
503936
503908
503894
503883
503872
503764
503756
503716
503682
503681
503653
503652
503642
503623
503608
503595
503584
503552
503502
503498
503492
503434
503407
503363
503331
503325
503306
503276
503245
503202
503200
503194
503187
503171
503159
503133
503110
503103
503072
503059
503046
503037
503025
503011
502985
502956
502955
502923
502896
502893
502886
502880
502810
502800
502791
502780
502774
502767
502738
502728
502715
502676
502661
502630
502629
502598
502592
502578
502568
502554
502551
502545
502521
502488
502477
502474
502440
502437
502429
502414
502304
502282
502268
502251
502248
502241
502213
502197
502174
502139
502138
502130
502127
502125
502125
502118
502109
502107
502079
502063
502019
502019
501988
501967
501922
501879
501861
501843
501823
501798
501775
501775
501762
501747
501731
501727
501722
501694
501661
501651
501623
501607
501588
501562
501507
501478
501477
501475
501449
501439
501371
501338
501316
501310
501287
501277
501270
501238
501233
501195
501191
501171
501124
501121
501027
501026
501007
500951
500922
500922
500905
500904
500901
500881
500832
500810
500777
500743
500718
500716
500710
500701
500694
500596
500576
500518
500517
500490
500461
500432
500404
500359
500299
500277
500267
500264
500262
500247
500239
500222
500207
500182
500173
500173
500162
500151
500144
500139
500117
500076
500066
500059
499951
499943
499903
499849
499826
499824
499769
499746
499735
499727
499684
499682
499641
499639
499614
499611
499597
499590
499558
499546
499545
499519
499510
499509
499463
499438
499437
499434
499422
499418
499389
499375
499363
499355
499355
499334
499329
499316
499314
499305
499292
499193
499177
499152
499150
499127
499117
499098
499065
499055
499035
499033
499008
499008
498994
498979
498965
498962
498946
498942
498893
498880
498864
498815
498813
498792
498769
498751
498728
498715
498682
498655
498633
498614
498590
498562
498558
498547
498545
498513
498444
498432
498422
498394
498376
498368
498336
498331
498307
498286
498283
498259
498216
498129
498060
498026
498012
498011
497981
497977
497977
497960
497885
497877
497814
497804
497801
497798
497789
497772
497667
497663
497633
497588
497581
497551
497496
497482
497462
497458
497435
497432
497398
497382
497372
497369
497352
497336
497322
497312
497263
497261
497232
497224
497205
497185
497177
497162
497128
497121
497095
497040
497027
496946
496922
496868
496862
496833
496822
496749
496744
496706
496692
496682
496616
496578
496539
496530
496482
496471
496463
496442
496402
496277
496273
496252
496231
496219
496219
496191
496143
496115
496090
496062
496056
496055
496034
496006
495994
495926
495914
495889
495877
495864
495858
495834
495812
495779
495750
495737
495695
495693
495677
495619
495612
495588
495570
495560
495550
495498
495492
495481
495480
495448
495432
495383
495379
495373
495335
495302
495301
495204
495202
495170
495150
495131
495118
495081
495055
495043
495040
495037
495029
494998
494964
494950
494922
494907
494906
494906
494877
494816
494811
494782
494764
494725
494724
494724
494712
494702
494698
494689
494683
494671
494664
494660
494653
494653
494650
494649
494622
494601
494600
494576
494567
494534
494513
494489
494485
494478
494459
494433
494364
494301
494297
494288
494222
494207
494192
494175
494139
494120
494111
494078
494038
494035
494008
494006
494002
493991
493986
493895
493893
493877
493815
493812
493789
493769
493761
493753
493738
493725
493708
493691
493623
493620
493619
493618
493617
493565
493542
493509
493475
493468
493436
493431
493422
493418
493415
493400
493393
493390
493389
493367
493365
493330
493323
493313
493299
493290
493267
493259
493250
493248
493237
493184
493174
493162
493145
493116
493103
493093
493076
493057
493052
493012
493010
493002
492947
492944
492919
492909
492879
492772
492721
492681
492676
492654
492641
492635
492631
492599
492584
492569
492555
492548
492540
492537
492519
492505
492481
492454
492442
492429
492424
492404
492385
492369
492356
492192
492190
492176
492174
492157
492136
492115
492106
492105
492083
492069
492047
492023
492016
492006
491970
491969
491947
491940
491881
491874
491824
491816
491814
491812
491779
491756
491746
491739
491731
491693
491679
491642
491640
491635
491632
491626
491620
491611
491602
491600
491561
491553
491514
491511
491487
491477
491463
491434
491434
491410
491409
491393
491369
491328
491326
491271
491242
491223
491223
491212
491196
491193
491099
491099
491098
491081
491032
491028
491022
491019
491005
490962
490957
490952
490951
490934
490909
490897
490895
490878
490854
490854
490815
490787
490776
490749
490734
490716
490699
490698
490687
490653
490650
490634
490624
490600
490597
490576
490573
490572
490555
490552
490550
490548
490542
490517
490512
490483
490481
490472
490450
490417
490393
490378
490376
490360
490352
490267
490259
490253
490211
490187
490163
490160
490126
490111
490038
490031
490024
490022
490017
490014
489991
489990
489934
489913
489892
489889
489861
489827
489815
489762
489759
489717
489686
489674
489647
489638
489599
489592
489565
489536
489452
489369
489349
489336
489330
489306
489304
489286
489255
489224
489206
489170
489146
489139
489135
489061
489016
489013
489013
489013
489011
488953
488872
488870
488807
488790
488768
488768
488761
488750
488740
488723
488720
488717
488698
488647
488644
488622
488610
488600
488590
488572
488571
488543
488533
488503
488448
488421
488412
488402
488372
488368
488363
488356
488318
488315
488309
488277
488273
488260
488220
488201
488165
488165
488067
488046
488042
488036
488004
487939
487924
487918
487910
487868
487856
487833
487807
487765
487758
487746
487699
487618
487604
487597
487557
487550
487532
487501
487440
487436
487425
487395
487383
487379
487371
487351
487342
487318
487318
487316
487308
487307
487301
487293
487280
487246
487230
487188
487141
487133
487129
487112
487094
487069
487058
487021
487009
486942
486938
486937
486923
486923
486910
486859
486839
486831
486810
486791
486790
486746
486746
486730
486726
486724
486715
486704
486682
486666
486596
486570
486562
486523
486522
486506
486456
486401
486391
486365
486331
486302
486294
486263
486262
486257
486216
486203
486193
486167
486114
486102
486102
486078
486077
486045
486040
485981
485980
485966
485961
485958
485954
485938
485928
485909
485906
485860
485828
485809
485785
485764
485747
485681
485679
485676
485675
485665
485663
485662
485646
485636
485631
485627
485593
485591
485588
485513
485498
485492
485455
485431
485425
485405
485290
485288
485285
485275
485211
485201
485110
485104
485068
485044
485026
484983
484909
484892
484887
484818
484815
484779
484770
484748
484715
484714
484648
484639
484619
484595
484582
484580
484544
484543
484521
484516
484502
484478
484477
484465
484456
484442
484397
484388
484371
484370
484365
484335
484323
484316
484241
484222
484217
484215
484178
484169
484154
484130
484105
484090
484084
484078
484075
484051
484048
484014
483991
483990
483963
483904
483903
483876
483859
483857
483763
483759
483734
483713
483709
483692
483677
483652
483631
483630
483624
483607
483589
483583
483580
483523
483514
483499
483472
483462
483455
483450
483447
483446
483446
483439
483403
483386
483377
483368
483359
483343
483310
483268
483254
483224
483218
483194
483191
483149
483142
483139
483047
483045
483024
483007
482947
482944
482907
482891
482889
482879
482869
482837
482806
482787
482762
482754
482703
482686
482673
482613
482609
482601
482597
482594
482594
482591
482551
482547
482525
482509
482491
482459
482450
482427
482392
482375
482372
482364
482363
482362
482335
482287
482282
482254
482233
482222
482205
482194
482111
482108
482106
482086
482080
482078
482074
482047
482046
482035
482034
482029
482021
481997
481997
481961
481945
481923
481918
481915
481912
481901
481887
481886
481782
481740
481737
481721
481687
481672
481655
481648
481625
481620
481617
481613
481603
481592
481555
481523
481461
481437
481413
481400
481398
481387
481385
481373
481251
481242
481221
481197
481196
481193
481172
481078
481041
480961
480946
480936
480935
480923
480909
480837
480812
480771
480762
480761
480757
480751
480691
480690
480646
480597
480594
480543
480526
480446
480413
480411
480390
480379
480373
480369
480360
480350
480312
480295
480289
480283
480183
480179
480178
480149
480130
480101
480100
480088
480035
480031
479913
479885
479877
479860
479847
479802
479799
479788
479768
479706
479648
479645
479629
479597
479586
479581
479567
479543
479532
479515
479446
479440
479420
479380
479365
479355
479338
479311
479301
479258
479254
479242
479226
479194
479178
479156
479130
479102
479081
479076
479053
479012
478966
478958
478928
478904
478896
478885
478845
478831
478812
478808
478771
478735
478701
478695
478684
478682
478661
478657
478609
478590
478537
478507
478495
478459
478457
478395
478389
478373
478352
478314
478297
478265
478261
478214
478201
478181
478169
478166
478158
478157
478147
478140
478127
478103
478030
477992
477981
477925
477912
477867
477862
477858
477855
477819
477739
477737
477708
477657
477641
477628
477602
477592
477591
477590
477566
477555
477553
477540
477488
477452
477433
477394
477333
477326
477301
477277
477267
477251
477236
477213
477190
477171
477166
477163
477158
477155
477148
477111
477047
477027
477026
477016
477014
476986
476984
476863
476857
476849
476833
476760
476755
476754
476738
476678
476663
476611
476610
476549
476544
476532
476529
476523
476520
476499
476463
476461
476420
476402
476366
476295
476293
476182
476133
476036
476035
476033
476025
476009
476002
475967
475947
475934
475888
475869
475850
475850
475846
475827
475818
475817
475814
475810
475790
475781
475771
475767
475734
475726
475722
475713
475705
475622
475614
475613
475596
475589
475588
475555
475543
475512
475500
475486
475485
475485
475474
475468
475428
475407
475381
475381
475372
475350
475330
475312
475299
475280
475267
475237
475215
475209
475194
475144
475126
475125
475124
475102
475044
475020
474925
474925
474909
474907
474869
474845
474815
474813
474806
474799
474793
474779
474773
474765
474754
474714
474705
474677
474673
474611
474607
474592
474577
474572
474567
474536
474531
474506
474440
474421
474406
474331
474323
474318
474295
474241
474222
474176
474176
474126
474092
474053
474042
474017
474013
474002
473988
473940
473930
473923
473909
473856
473817
473814
473798
473797
473753
473707
473671
473669
473650
473643
473609
473586
473582
473580
473507
473492
473491
473472
473458
473431
473408
473397
473384
473350
473344
473301
473287
473258
473253
473252
473233
473207
473205
473144
473140
473129
473073
473038
472974
472939
472910
472905
472898
472882
472858
472833
472831
472829
472822
472810
472803
472798
472756
472732
472704
472658
472653
472640
472608
472588
472569
472548
472548
472532
472516
472456
472440
472431
472392
472383
472379
472358
472334
472332
472327
472304
472296
472291
472272
472262
472227
472211
472206
472162
472131
472099
472093
472073
472046
472010
472008
471998
471985
471983
471967
471964
471930
471862
471848
471795
471787
471781
471745
471731
471721
471719
471716
471633
471606
471594
471590
471555
471550
471544
471537
471536
471516
471516
471491
471467
471463
471451
471383
471362
471344
471341
471332
471256
471255
471251
471224
471196
471190
471158
471143
471123
471114
471082
471076
471064
471059
471042
471015
470991
470986
470979
470953
470848
470847
470831
470778
470730
470703
470701
470671
470671
470655
470643
470633
470632
470622
470552
470547
470451
470430
470405
470395
470389
470373
470298
470297
470277
470277
470255
470232
470231
470218
470214
470200
470149
470144
470139
470097
470097
469989
469977
469941
469902
469848
469826
469792
469772
469730
469705
469702
469698
469694
469688
469685
469678
469676
469657
469633
469584
469515
469505
469501
469473
469427
469423
469418
469417
469410
469381
469350
469319
469309
469301
469279
469278
469278
469277
469255
469208
469183
469172
469139
469090
469088
469079
469068
469063
469054
468979
468971
468971
468966
468939
468932
468888
468856
468822
468819
468803
468793
468758
468757
468725
468718
468680
468621
468570
468551
468544
468518
468517
468516
468508
468506
468446
468380
468366
468363
468359
468357
468356
468354
468332
468327
468317
468296
468273
468272
468258
468230
468178
468166
468143
468121
468105
468097
468083
468061
468051
468049
468044
468033
468025
468020
468009
467960
467912
467865
467854
467845
467801
467777
467760
467731
467730
467722
467717
467671
467660
467640
467638
467635
467635
467605
467592
467492
467483
467467
467451
467416
467391
467377
467363
467363
467360
467319
467306
467304
467285
467278
467253
467238
467229
467227
467215
467210
467190
467179
467176
467176
467118
467079
467071
467056
467056
467041
467027
466971
466921
466917
466911
466899
466865
466856
466853
466850
466820
466816
466798
466769
466747
466678
466671
466632
466587
466570
466564
466563
466557
466541
466514
466483
466452
466431
466403
466383
466382
466380
466343
466337
466330
466321
466301
466298
466235
466225
466194
466193
466187
466177
466158
466147
466060
466039
466038
465966
465943
465849
465807
465768
465763
465744
465743
465724
465716
465705
465681
465669
465649
465642
465620
465609
465579
465566
465564
465555
465533
465516
465499
465477
465451
465446
465424
465419
465418
465412
465389
465353
465350
465277
465263
465262
465232
465230
465227
465170
465162
465129
465101
465100
465060
465060
465045
464981
464963
464928
464912
464900
464884
464882
464864
464857
464853
464847
464824
464801
464712
464704
464679
464654
464638
464635
464631
464621
464619
464599
464598
464579
464568
464551
464535
464522
464517
464501
464490
464465
464431
464403
464398
464369
464357
464345
464335
464321
464298
464296
464282
464267
464255
464254
464248
464234
464221
464206
464153
464152
464146
464143
464140
464131
464110
464101
464071
464060
464054
464052
464018
463957
463943
463896
463845
463844
463818
463817
463810
463805
463804
463802
463797
463793
463751
463734
463729
463708
463674
463610
463598
463540
463537
463524
463513
463467
463454
463447
463441
463414
463407
463390
463388
463333
463324
463263
463252
463250
463233
463232
463212
463151
463118
463100
463098
463083
463051
463033
463029
463023
463009
463008
462990
462969
462962
462960
462951
462922
462919
462918
462887
462879
462870
462812
462707
462673
462657
462626
462617
462603
462591
462585
462580
462567
462565
462551
462537
462524
462512
462486
462478
462477
462462
462458
462445
462439
462424
462419
462389
462384
462375
462362
462347
462336
462323
462300
462285
462229
462221
462161
462140
462104
462098
462077
462068
462064
462014
461972
461959
461941
461938
461898
461893
461890
461823
461804
461794
461789
461763
461754
461751
461744
461722
461701
461628
461627
461624
461605
461555
461487
461459
461413
461410
461402
461365
461361
461325
461198
461173
461165
461129
461117
461114
461105
461063
461058
460993
460991
460966
460954
460933
460925
460877
460814
460810
460788
460781
460753
460742
460720
460710
460664
460661
460655
460617
460614
460613
460559
460550
460526
460500
460492
460490
460460
460438
460435
460320
460302
460272
460250
460234
460223
460213
460208
460177
460137
460068
460061
460049
460045
460030
460025
460017
459982
459982
459930
459929
459904
459903
459890
459832
459810
459802
459799
459756
459743
459738
459717
459670
459580
459557
459527
459523
459483
459473
459471
459464
459455
459406
459371
459360
459342
459289
459275
459268
459255
459235
459234
459225
459220
459219
459205
459201
459189
459185
459181
459161
459127
459104
459080
459030
459004
458975
458971
458961
458931
458926
458907
458887
458871
458865
458860
458858
458816
458814
458785
458746
458713
458638
458637
458636
458632
458611
458607
458606
458584
458578
458571
458569
458566
458534
458487
458471
458461
458444
458443
458439
458437
458350
458320
458312
458309
458305
458253
458251
458251
458242
458215
458188
458172
458146
458144
458126
458102
458085
458083
458079
458078
458072
458070
458062
458046
458012
457999
457980
457903
457903
457826
457813
457799
457753
457748
457739
457737
457728
457708
457675
457662
457645
457633
457631
457627
457596
457575
457542
457537
457526
457481
457461
457423
457398
457385
457379
457375
457373
457322
457294
457294
457293
457291
457288
457273
457235
457187
457174
457167
457151
457105
457101
457055
457045
457044
457023
457022
456952
456946
456946
456923
456880
456871
456864
456855
456846
456837
456814
456799
456762
456696
456689
456687
456668
456641
456610
456537
456526
456440
456424
456328
456251
456247
456199
456195
456142
456129
456109
456090
456086
456069
456042
456040
456039
456030
456015
456012
455981
455967
455946
455942
455922
455893
455874
455862
455855
455842
455837
455831
455788
455777
455773
455773
455737
455727
455726
455724
455689
455660
455640
455632
455571
455530
455502
455449
455449
455385
455338
455332
455238
455238
455230
455207
455183
455140
455078
455074
455023
454976
454961
454917
454900
454872
454860
454824
454816
454808
454787
454672
454616
454583
454537
454515
454474
454453
454450
454445
454444
454440
454436
454411
454396
454391
454384
454361
454357
454324
454288
454285
454282
454269
454258
454234
454227
454222
454216
454204
454179
454166
454162
454158
454138
454103
454099
454094
454091
454079
454067
454053
454037
454033
454028
453992
453985
453961
453946
453944
453940
453904
453884
453856
453852
453846
453840
453839
453808
453797
453763
453736
453733
453732
453723
453714
453707
453700
453692
453686
453675
453633
453627
453578
453563
453529
453527
453511
453508
453501
453459
453449
453442
453436
453416
453405
453373
453372
453367
453355
453333
453330
453305
453290
453238
453231
453205
453197
453179
453096
453081
453063
453051
453036
453013
453012
452946
452939
452924
452895
452846
452843
452837
452826
452821
452820
452815
452765
452760
452758
452750
452733
452698
452682
452658
452643
452640
452604
452595
452594
452590
452575
452556
452547
452544
452524
452505
452492
452482
452459
452450
452384
452382
452367
452345
452337
452325
452284
452261
452244
452225
452167
452136
452101
452090
452079
452062
452059
452014
451980
451961
451819
451771
451766
451763
451734
451702
451690
451665
451631
451620
451598
451597
451568
451552
451547
451545
451514
451495
451465
451437
451427
451418
451403
451396
451341
451341
451321
451297
451255
451250
451244
451234
451190
451183
451160
451157
451143
451142
451128
451105
451081
451043
451007
451004
450930
450929
450880
450849
450828
450807
450802
450800
450767
450744
450712
450710
450695
450690
450684
450678
450664
450616
450583
450557
450550
450500
450489
450488
450456
450455
450420
450405
450398
450310
450308
450303
450280
450250
450245
450241
450214
450185
450155
450115
450081
450063
450057
450032
450010
450005
449997
449993
449964
449938
449927
449921
449890
449869
449862
449817
449812
449806
449782
449753
449737
449734
449718
449717
449690
449661
449647
449628
449569
449555
449540
449512
449512
449500
449494
449484
449474
449464
449460
449459
449443
449436
449377
449371
449370
449355
449343
449338
449336
449323
449316
449313
449306
449284
449268
449254
449250
449247
449236
449219
449205
449195
449163
449148
449127
449112
449104
449098
449090
448981
448957
448940
448932
448926
448907
448877
448847
448784
448752
448733
448703
448645
448604
448594
448593
448518
448511
448473
448455
448425
448422
448407
448327
448292
448283
448252
448240
448206
448198
448188
448136
448128
448125
448099
448074
448074
448050
448026
448026
447996
447939
447924
447916
447904
447900
447865
447850
447829
447817
447804
447799
447772
447744
447731
447705
447702
447688
447684
447681
447612
447604
447602
447571
447557
447538
447529
447454
447454
447424
447420
447399
447375
447326
447308
447293
447281
447263
447259
447258
447257
447245
447239
447215
447206
447185
447173
447157
447156
447128
447123
447122
447101
447059
447050
447040
447037
447009
447009
446993
446973
446957
446950
446922
446911
446903
446891
446884
446844
446841
446834
446834
446813
446785
446783
446773
446771
446764
446742
446704
446702
446691
446675
446654
446639
446639
446619
446593
446589
446536
446533
446487
446484
446480
446452
446447
446427
446420
446417
446375
446328
446314
446292
446263
446233
446213
446175
446154
446136
446130
446113
446034
445947
445920
445889
445846
445846
445816
445811
445807
445749
445739
445642
445613
445574
445558
445548
445539
445505
445488
445487
445477
445466
445430
445392
445386
445381
445363
445351
445334
445333
445320
445294
445291
445269
445265
445264
445261
445259
445232
445222
445181
445178
445130
445127
445122
445109
445083
445071
445069
445068
445062
445058
445037
445024
444995
444990
444978
444945
444934
444912
444873
444863
444802
444798
444746
444712
444695
444692
444673
444636
444570
444552
444491
444468
444451
444440
444427
444404
444401
444399
444391
444340
444335
444311
444290
444274
444263
444218
444215
444197
444160
444136
444130
444111
444076
444017
444007
443992
443977
443936
443905
443900
443885
443858
443838
443838
443792
443749
443736
443704
443671
443656
443647
443638
443602
443545
443534
443484
443483
443477
443458
443454
443445
443429
443406
443386
443357
443351
443318
443314
443300
443264
443257
443256
443255
443214
443213
443177
443162
443155
443132
443068
443038
443032
442982
442974
442959
442958
442944
442887
442818
442791
442772
442750
442746
442717
442691
442682
442586
442568
442567
442552
442549
442491
442446
442444
442443
442438
442437
442429
442419
442406
442387
442383
442381
442363
442349
442343
442301
442266
442247
442227
442221
442215
442201
442199
442180
442148
442144
442141
442077
442044
442012
442001
441972
441965
441959
441954
441952
441867
441863
441853
441837
441824
441797
441777
441766
441741
441694
441679
441677
441675
441651
441615
441593
441578
441566
441519
441461
441428
441417
441411
441397
441376
441353
441338
441331
441320
441315
441306
441265
441218
441204
441202
441148
441087
441076
441067
441062
441001
440970
440952
440931
440918
440893
440878
440873
440868
440865
440855
440826
440823
440823
440778
440763
440762
440756
440726
440726
440697
440645
440635
440623
440615
440587
440557
440550
440530
440500
440499
440489
440480
440469
440459
440452
440416
440414
440388
440385
440362
440352
440329
440307
440305
440194
440194
440186
440170
440134
440133
440129
440117
440116
440112
440106
440094
440045
440044
440043
439982
439979
439946
439941
439931
439931
439917
439907
439901
439879
439852
439839
439833
439831
439831
439828
439827
439809
439801
439789
439715
439715
439685
439669
439635
439614
439612
439597
439584
439578
439540
439540
439450
439416
439412
439390
439383
439381
439366
439362
439354
439341
439335
439313
439300
439270
439262
439223
439180
439178
439151
439132
439122
439119
439112
439107
439083
439073
439060
439017
439015
439013
438989
438959
438955
438953
438934
438930
438924
438922
438909
438873
438869
438869
438857
438833
438823
438820
438797
438767
438684
438654
438582
438582
438576
438547
438534
438525
438523
438508
438494
438492
438481
438472
438437
438376
438329
438326
438324
438316
438307
438295
438275
438261
438242
438175
438165
438161
438148
438123
438119
438098
438033
438007
438005
438004
437955
437928
437869
437856
437775
437774
437669
437663
437648
437561
437553
437543
437523
437522
437520
437508
437506
437500
437474
437472
437417
437401
437360
437338
437315
437302
437239
437209
437195
437185
437133
437129
437097
437080
437054
437050
437029
437022
436981
436964
436957
436951
436948
436936
436929
436918
436908
436901
436895
436883
436867
436867
436849
436830
436829
436818
436804
436781
436777
436729
436666
436659
436640
436632
436522
436517
436465
436455
436433
436409
436384
436341
436324
436290
436264
436252
436194
436183
436165
436151
436116
436102
436062
436051
436001
436000
435998
435955
435924
435903
435849
435807
435806
435793
435736
435727
435716
435702
435693
435676
435652
435644
435624
435614
435570
435570
435560
435547
435536
435519
435504
435500
435493
435491
435481
435418
435403
435383
435381
435361
435340
435281
435263
435249
435229
435199
435180
435168
435154
435118
435053
435049
435010
435003
434989
434984
434974
434959
434940
434905
434817
434773
434739
434718
434717
434703
434663
434649
434617
434604
434600
434590
434583
434562
434556
434518
434516
434446
434431
434430
434420
434407
434390
434376
434363
434361
434345
434329
434315
434307
434291
434265
434251
434230
434211
434206
434198
434196
434190
434182
434176
434168
434141
434126
434107
434091
434070
434046
434035
434024
433981
433955
433922
433859
433851
433789
433731
433676
433633
433610
433598
433568
433556
433522
433475
433469
433463
433456
433450
433441
433410
433397
433392
433352
433348
433346
433344
433327
433302
433299
433253
433212
433180
433177
433134
433129
433128
433064
433046
433043
433029
433021
432971
432952
432931
432919
432915
432910
432906
432881
432879
432868
432826
432818
432772
432765
432763
432731
432714
432674
432640
432630
432607
432582
432549
432523
432513
432509
432507
432465
432461
432459
432428
432392
432374
432367
432347
432339
432333
432317
432316
432307
432304
432260
432209
432139
432118
432055
431991
431990
431982
431972
431968
431939
431924
431919
431892
431889
431835
431830
431820
431818
431743
431737
431696
431660
431616
431587
431586
431580
431497
431468
431462
431458
431443
431408
431399
431387
431380
431340
431330
431312
431302
431269
431258
431211
431172
431171
431152
431147
431131
431097
431066
431024
430994
430946
430932
430929
430928
430912
430899
430883
430883
430867
430847
430834
430833
430830
430820
430784
430784
430776
430745
430707
430694
430675
430639
430608
430601
430591
430547
430543
430541
430527
430451
430414
430412
430373
430363
430333
430323
430320
430280
430246
430233
430204
430187
430156
430101
430084
430070
430066
430049
430043
430018
430002
429988
429963
429954
429917
429907
429881
429867
429849
429839
429817
429801
429793
429727
429693
429685
429653
429640
429626
429506
429487
429486
429451
429447
429377
429371
429365
429363
429340
429315
429299
429287
429283
429263
429248
429202
429196
429158
429090
429075
429060
428968
428921
428907
428894
428890
428885
428840
428840
428828
428825
428817
428813
428783
428778
428765
428765
428752
428746
428730
428723
428723
428723
428715
428667
428647
428609
428576
428553
428547
428527
428517
428481
428459
428455
428454
428427
428423
428402
428357
428334
428328
428327
428308
428302
428289
428273
428263
428246
428204
428172
428147
428133
428110
428063
428035
428032
427996
427993
427981
427956
427952
427947
427939
427929
427905
427828
427827
427801
427792
427784
427723
427719
427714
427693
427687
427674
427673
427666
427663
427656
427628
427611
427604
427599
427591
427587
427577
427537
427530
427519
427490
427483
427457
427455
427454
427451
427391
427325
427308
427257
427175
427149
427129
427109
427078
427066
427009
426991
426978
426964
426946
426915
426860
426855
426845
426818
426806
426799
426794
426717
426713
426708
426689
426671
426669
426659
426656
426630
426625
426605
426583
426577
426549
426544
426529
426499
426493
426479
426477
426466
426449
426433
426387
426383
426373
426355
426340
426313
426306
426306
426295
426275
426253
426196
426171
426163
426162
426158
426152
426135
426134
426124
426099
426089
426023
426021
426014
425972
425916
425899
425874
425870
425868
425868
425839
425799
425794
425784
425774
425759
425725
425692
425689
425683
425669
425640
425638
425615
425601
425585
425565
425542
425516
425445
425435
425434
425415
425384
425369
425338
425331
425312
425306
425291
425282
425276
425220
425213
425194
425175
425167
425161
425145
425125
425122
425103
425102
425073
425041
425007
424996
424980
424927
424889
424830
424829
424802
424800
424797
424775
424758
424726
424724
424657
424645
424631
424572
424569
424564
424556
424548
424547
424546
424475
424471
424459
424427
424399
424380
424339
424334
424291
424271
424231
424231
424231
424206
424155
424150
424129
424111
424100
424091
424073
424059
424048
424048
424047
424041
423964
423929
423876
423852
423846
423837
423824
423806
423797
423789
423771
423752
423660
423646
423644
423619
423614
423539
423528
423494
423490
423489
423457
423421
423415
423404
423366
423351
423333
423323
423306
423286
423248
423247
423245
423245
423216
423196
423193
423172
423171
423160
423149
423141
423098
423079
423052
423026
423001
422932
422919
422906
422899
422881
422862
422861
422805
422744
422719
422685
422670
422662
422658
422657
422627
422607
422571
422550
422537
422528
422524
422482
422469
422417
422415
422400
422364
422362
422360
422359
422308
422240
422231
422219
422199
422162
422139
422137
422117
422107
422063
422055
422050
422034
422021
422008
421959
421906
421876
421866
421818
421814
421814
421808
421802
421794
421787
421784
421757
421751
421744
421707
421698
421697
421694
421684
421668
421665
421648
421603
421599
421571
421561
421548
421547
421543
421540
421517
421513
421498
421472
421446
421438
421404
421395
421387
421371
421368
421365
421315
421300
421239
421191
421188
421170
421112
421042
421006
420984
420978
420971
420939
420927
420909
420906
420872
420870
420859
420857
420806
420804
420780
420775
420757
420749
420705
420626
420587
420584
420537
420461
420456
420437
420413
420364
420349
420340
420336
420322
420322
420322
420256
420215
420190
420183
420154
420147
420133
420102
420095
420094
420083
420046
420012
420003
419985
419974
419954
419918
419913
419883
419800
419753
419724
419723
419718
419712
419698
419691
419689
419681
419676
419664
419654
419645
419592
419571
419546
419543
419512
419510
419496
419490
419486
419484
419461
419431
419408
419406
419361
419345
419342
419326
419320
419308
419301
419300
419274
419245
419171
419162
419162
419157
419128
419106
419099
419073
419059
419054
419002
418988
418959
418954
418927
418914
418901
418803
418727
418719
418693
418683
418663
418641
418630
418599
418585
418582
418578
418564
418522
418503
418483
418445
418437
418431
418418
418411
418406
418400
418380
418369
418359
418338
418303
418293
418285
418226
418225
418157
418152
418148
418051
417984
417966
417953
417938
417924
417915
417909
417900
417898
417895
417888
417873
417751
417746
417696
417651
417613
417599
417595
417592
417577
417573
417571
417508
417463
417398
417375
417361
417301
417273
417267
417244
417217
417195
417180
417179
417173
417166
417081
417072
417069
416983
416933
416920
416918
416902
416886
416852
416829
416825
416809
416779
416755
416749
416716
416674
416642
416602
416583
416571
416565
416563
416540
416528
416502
416475
416447
416429
416417
416386
416361
416357
416343
416273
416232
416229
416214
416194
416187
416156
416155
416129
416128
416126
416103
416101
416100
416093
416073
416067
416019
415999
415983
415968
415939
415911
415897
415887
415868
415836
415828
415805
415782
415777
415762
415759
415749
415718
415706
415658
415654
415646
415612
415570
415567
415562
415553
415541
415520
415482
415439
415425
415423
415415
415367
415367
415345
415337
415329
415327
415326
415318
415318
415310
415295
415256
415250
415247
415236
415219
415212
415203
415199
415186
415175
415165
415122
415104
415080
415072
415046
415031
415025
415023
415007
414996
414990
414982
414968
414921
414898
414889
414870
414863
414860
414835
414804
414794
414787
414785
414712
414657
414651
414642
414637
414603
414573
414555
414546
414479
414464
414372
414342
414328
414308
414277
414262
414261
414231
414208
414203
414196
414190
414161
414155
414139
414123
414123
414060
414028
413998
413975
413917
413914
413902
413892
413872
413866
413857
413833
413802
413758
413746
413745
413720
413700
413698
413651
413649
413647
413631
413612
413611
413589
413585
413539
413510
413477
413467
413446
413446
413446
413445
413385
413378
413340
413336
413304
413249
413249
413193
413164
413156
413141
413140
413135
413107
413087
413069
413067
413065
413063
413061
413016
413004
412930
412914
412903
412862
412854
412843
412841
412768
412753
412751
412742
412724
412720
412617
412607
412606
412589
412556
412536
412531
412496
412470
412468
412431
412424
412406
412365
412365
412331
412206
412199
412162
412082
412075
412064
412053
412029
412007
411986
411961
411947
411942
411934
411930
411924
411880
411878
411870
411853
411849
411839
411810
411808
411802
411782
411764
411755
411681
411596
411585
411566
411551
411520
411488
411480
411474
411429
411423
411419
411413
411404
411395
411381
411372
411354
411346
411339
411325
411321
411306
411302
411300
411281
411263
411261
411246
411243
411178
411167
411153
411149
411149
411142
411134
411104
411100
411031
411017
411011
410975
410960
410955
410946
410936
410930
410899
410871
410865
410861
410858
410822
410778
410770
410765
410749
410716
410648
410601
410582
410532
410508
410502
410500
410499
410471
410449
410440
410440
410434
410430
410413
410389
410379
410365
410355
410304
410301
410291
410279
410265
410228
410213
410170
410128
410123
410112
410107
410095
410094
410075
410057
410047
410000
409996
409982
409968
409965
409910
409881
409865
409807
409789
409756
409745
409698
409694
409683
409677
409675
409659
409606
409590
409544
409532
409499
409499
409459
409445
409442
409438
409428
409426
409402
409390
409382
409375
409326
409297
409297
409294
409275
409260
409190
409169
409144
409125
409104
409092
409066
409062
409039
409023
409019
409009
408916
408908
408879
408852
408819
408815
408793
408768
408758
408743
408743
408708
408707
408692
408676
408669
408668
408627
408619
408570
408564
408555
408550
408546
408537
408507
408504
408491
408439
408434
408433
408396
408345
408344
408312
408257
408249
408244
408242
408199
408180
408161
408158
408154
408133
408116
408113
408108
408085
408077
407988
407938
407923
407911
407908
407883
407859
407844
407838
407835
407829
407818
407746
407735
407712
407703
407687
407664
407658
407650
407643
407621
407612
407592
407581
407578
407572
407503
407414
407370
407351
407348
407338
407337
407322
407303
407297
407195
407192
407186
407169
407165
407157
407155
407148
407117
407060
407057
407035
407028
407023
407001
406993
406991
406977
406969
406954
406938
406900
406870
406841
406826
406797
406782
406761
406748
406730
406728
406659
406623
406616
406592
406553
406522
406494
406490
406453
406445
406439
406428
406420
406416
406402
406401
406394
406365
406356
406349
406344
406332
406327
406313
406287
406267
406254
406229
406156
406137
406108
406092
406022
406018
406017
406003
405964
405949
405944
405911
405862
405862
405852
405817
405794
405761
405744
405723
405702
405685
405643
405612
405601
405574
405532
405529
405485
405483
405476
405467
405452
405434
405423
405420
405378
405342
405307
405301
405287
405269
405262
405258
405251
405228
405198
405157
405118
405106
405047
405027
405018
405005
405000
404985
404967
404937
404932
404912
404853
404840
404816
404790
404775
404756
404731
404705
404685
404673
404671
404643
404586
404586
404578
404574
404486
404481
404472
404459
404426
404418
404396
404390
404384
404342
404310
404258
404252
404247
404242
404240
404228
404210
404189
404162
404153
404146
404142
404139
404129
404109
404103
404083
404070
404067
404062
404055
404027
403997
403956
403898
403895
403875
403869
403828
403827
403796
403786
403780
403758
403731
403728
403726
403721
403708
403688
403665
403656
403637
403614
403607
403606
403586
403578
403561
403551
403474
403468
403467
403462
403461
403431
403403
403381
403378
403318
403312
403271
403232
403208
403207
403198
403192
403133
403101
403090
403088
403088
403062
403051
403035
403032
402998
402948
402874
402842
402826
402816
402786
402761
402761
402658
402650
402632
402627
402605
402593
402572
402562
402543
402515
402463
402444
402407
402404
402386
402381
402357
402353
402314
402255
402254
402254
402247
402238
402232
402201
402180
402157
402107
402077
402033
402033
402019
401999
401982
401954
401946
401919
401914
401908
401900
401898
401868
401856
401825
401796
401794
401778
401777
401738
401738
401736
401733
401718
401718
401704
401651
401585
401493
401454
401446
401446
401435
401406
401337
401336
401330
401312
401274
401260
401251
401248
401211
401201
401190
401170
401161
401142
401052
401039
401019
400986
400971
400960
400957
400885
400874
400869
400852
400849
400839
400813
400775
400766
400763
400760
400756
400753
400744
400737
400721
400685
400682
400671
400622
400613
400600
400599
400581
400576
400563
400550
400518
400501
400500
400457
400450
400416
400375
400366
400363
400359
400321
400284
400273
400262
400253
400234
400231
400199
400186
400178
400155
400149
400143
400142
400121
400118
400115
400110
400058
400012
400004
399994
399986
399975
399962
399948
399942
399897
399857
399856
399832
399829
399775
399766
399763
399700
399679
399664
399646
399628
399614
399568
399487
399472
399443
399422
399406
399397
399385
399380
399371
399357
399344
399340
399298
399224
399214
399186
399185
399105
399095
399088
399061
398984
398972
398928
398908
398864
398823
398818
398800
398778
398773
398761
398751
398717
398709
398696
398652
398631
398623
398599
398585
398540
398537
398518
398496
398491
398490
398481
398462
398417
398393
398356
398351
398341
398340
398263
398246
398226
398220
398206
398175
398155
398124
398025
397968
397958
397914
397905
397859
397818
397814
397787
397743
397741
397673
397633
397629
397620
397592
397569
397535
397529
397511
397483
397477
397469
397406
397388
397372
397345
397340
397328
397324
397316
397308
397307
397291
397290
397273
397246
397236
397193
397125
397100
397090
397063
397054
397016
396992
396990
396956
396932
396900
396853
396805
396765
396741
396710
396699
396690
396642
396624
396623
396600
396545
396523
396505
396501
396498
396469
396464
396463
396435
396395
396387
396368
396366
396324
396310
396249
396237
396232
396205
396205
396205
396146
396142
396131
396111
396106
396088
396041
396040
396026
396012
396010
395950
395914
395900
395888
395886
395861
395858
395827
395814
395813
395810
395804
395766
395756
395747
395735
395719
395681
395653
395652
395633
395606
395575
395561
395521
395494
395483
395470
395463
395455
395436
395422
395408
395388
395362
395315
395294
395292
395281
395239
395237
395209
395189
395168
395168
395161
395130
395119
395114
395104
395101
395089
395086
395081
395080
395064
395054
395042
395039
395036
395017
395004
395002
394996
394961
394874
394829
394814
394803
394795
394752
394750
394744
394721
394713
394706
394680
394665
394631
394614
394607
394548
394546
394546
394538
394534
394482
394478
394475
394440
394428
394423
394421
394370
394361
394324
394322
394321
394305
394257
394191
394174
394164
394157
394157
394146
394126
394107
394104
394100
394094
394084
394084
394066
394043
394042
394008
393999
393982
393973
393961
393954
393920
393911
393905
393901
393884
393884
393867
393861
393859
393831
393825
393794
393782
393760
393751
393714
393713
393711
393709
393709
393674
393652
393606
393597
393548
393537
393499
393487
393455
393441
393392
393365
393362
393313
393288
393279
393206
393197
393169
393159
393142
393139
393139
393137
393131
393100
393078
393045
393040
393037
393017
392959
392911
392910
392889
392867
392866
392865
392852
392811
392807
392793
392765
392754
392751
392747
392692
392660
392647
392643
392604
392565
392490
392490
392439
392406
392381
392369
392354
392264
392260
392253
392244
392236
392167
392146
392133
392091
392057
392020
392007
391978
391953
391953
391953
391935
391934
391895
391890
391863
391862
391831
391811
391809
391792
391731
391695
391682
391642
391608
391588
391544
391543
391521
391499
391449
391416
391405
391352
391335
391310
391294
391281
391252
391230
391220
391211
391162
391109
391103
391087
391083
391078
391061
391043
391010
390980
390979
390939
390892
390854
390852
390844
390840
390836
390828
390780
390775
390738
390722
390714
390692
390676
390672
390654
390629
390586
390576
390573
390556
390555
390537
390533
390513
390478
390472
390472
390429
390425
390418
390391
390365
390352
390337
390325
390322
390320
390287
390275
390266
390260
390222
390220
390117
390117
390059
390057
390027
390020
389989
389985
389888
389864
389819
389811
389796
389774
389748
389686
389678
389662
389658
389652
389651
389646
389640
389630
389625
389610
389602
389590
389568
389551
389548
389514
389504
389498
389496
389479
389470
389464
389452
389445
389445
389421
389420
389366
389350
389348
389319
389314
389287
389284
389280
389248
389240
389234
389213
389182
389175
389171
389169
389157
389140
389133
389113
389041
388958
388933
388899
388872
388852
388850
388799
388788
388775
388748
388743
388721
388703
388698
388664
388644
388587
388573
388561
388540
388523
388502
388486
388466
388463
388405
388374
388357
388326
388321
388317
388308
388307
388292
388292
388259
388205
388203
388188
388103
388096
388040
388027
387952
387913
387887
387878
387874
387873
387847
387841
387795
387771
387757
387755
387754
387731
387702
387677
387674
387671
387638
387634
387594
387593
387564
387564
387554
387548
387529
387503
387464
387454
387412
387385
387380
387377
387364
387344
387322
387307
387240
387232
387225
387155
387103
387085
387083
386934
386932
386910
386897
386847
386803
386792
386775
386773
386754
386729
386669
386637
386610
386601
386593
386580
386562
386558
386527
386504
386497
386494
386476
386431
386427
386415
386412
386355
386339
386328
386318
386313
386311
386235
386221
386214
386198
386144
386101
386085
386072
386028
386027
386020
386013
386008
385985
385982
385980
385954
385932
385891
385884
385843
385839
385834
385821
385803
385796
385738
385731
385689
385688
385676
385676
385631
385629
385624
385599
385589
385565
385564
385463
385442
385421
385410
385396
385354
385353
385351
385264
385216
385196
385170
385168
385072
385055
385053
385035
385015
385011
384986
384975
384952
384940
384930
384876
384834
384787
384754
384725
384696
384644
384634
384580
384533
384509
384500
384469
384458
384451
384418
384402
384396
384378
384346
384311
384306
384303
384291
384257
384255
384195
384194
384194
384145
384140
384127
384115
384115
384086
384086
384075
384036
384012
383994
383987
383965
383947
383934
383889
383881
383862
383849
383847
383837
383836
383807
383751
383746
383685
383639
383624
383623
383603
383598
383556
383552
383550
383529
383527
383527
383515
383438
383437
383429
383407
383404
383402
383350
383343
383333
383329
383272
383240
383231
383202
383201
383189
383171
383156
383109
383106
383089
383066
383038
383030
383007
382998
382997
382942
382933
382919
382915
382882
382878
382863
382856
382853
382846
382840
382825
382822
382802
382790
382783
382755
382754
382739
382709
382682
382638
382631
382616
382611
382607
382572
382538
382525
382517
382511
382492
382463
382445
382439
382403
382373
382373
382344
382340
382334
382310
382309
382286
382282
382280
382275
382258
382255
382241
382233
382229
382229
382217
382208
382204
382178
382160
382153
382147
382080
382079
382058
382057
382049
382034
381986
381952
381942
381940
381902
381885
381863
381859
381857
381843
381831
381830
381797
381781
381770
381758
381752
381727
381700
381697
381646
381642
381635
381596
381511
381511
381510
381493
381492
381456
381382
381356
381274
381266
381253
381250
381229
381217
381209
381199
381191
381153
381144
381140
381107
381093
381028
380988
380942
380938
380932
380921
380909
380900
380891
380873
380867
380864
380845
380844
380827
380824
380806
380796
380787
380785
380712
380695
380688
380642
380630
380628
380624
380608
380571
380461
380459
380423
380396
380374
380256
380240
380200
380196
380193
380180
380145
380130
380093
380081
380074
380048
380027
380004
379992
379968
379947
379921
379921
379920
379917
379894
379891
379872
379869
379846
379836
379815
379796
379796
379785
379785
379775
379738
379694
379627
379591
379583
379577
379573
379548
379543
379534
379530
379518
379516
379497
379477
379458
379434
379395
379384
379377
379362
379349
379333
379327
379314
379312
379303
379278
379275
379239
379226
379204
379183
379180
379129
379088
379074
379074
379056
379024
379009
379000
378998
378974
378966
378906
378900
378886
378866
378864
378813
378809
378795
378786
378775
378754
378740
378731
378726
378689
378673
378637
378634
378633
378624
378622
378580
378573
378559
378555
378553
378522
378477
378446
378443
378437
378426
378395
378394
378389
378369
378362
378349
378329
378242
378185
378169
378157
378137
378136
378127
378123
378077
378071
378040
378036
378023
377983
377901
377890
377827
377785
377777
377770
377729
377711
377700
377690
377634
377606
377576
377567
377545
377525
377518
377511
377494
377478
377451
377450
377415
377406
377396
377394
377371
377363
377357
377224
377214
377197
377192
377112
377059
377056
377031
377021
377010
376960
376946
376932
376926
376925
376845
376824
376785
376767
376764
376750
376677
376667
376667
376666
376637
376636
376612
376610
376606
376604
376568
376541
376521
376518
376445
376406
376387
376361
376343
376319
376293
376255
376226
376181
376180
376179
376171
376141
376134
376095
376068
376054
376040
376034
376025
376025
376002
375998
375965
375899
375889
375846
375837
375822
375803
375758
375755
375726
375712
375700
375695
375624
375600
375593
375587
375571
375563
375551
375549
375504
375466
375435
375433
375431
375390
375379
375369
375349
375341
375300
375296
375281
375278
375265
375259
375256
375254
375185
375136
375135
375115
375052
374967
374950
374922
374922
374913
374888
374867
374832
374817
374767
374752
374752
374746
374720
374710
374687
374668
374659
374597
374590
374576
374564
374547
374533
374529
374523
374512
374501
374499
374496
374424
374419
374411
374385
374370
374353
374342
374305
374288
374208
374207
374198
374192
374183
374178
374120
374101
374071
374065
374048
374042
374027
374023
373998
373962
373957
373944
373876
373862
373743
373724
373717
373706
373682
373658
373655
373651
373618
373571
373562
373546
373537
373494
373491
373488
373482
373467
373460
373458
373444
373400
373394
373380
373337
373310
373294
373277
373276
373251
373223
373188
373187
373139
373113
373112
373072
373062
373055
373045
373041
373008
372965
372963
372952
372942
372938
372936
372876
372844
372823
372807
372789
372787
372774
372770
372746
372701
372697
372680
372673
372672
372668
372658
372623
372622
372607
372594
372580
372572
372571
372568
372551
372537
372510
372509
372482
372453
372446
372440
372414
372345
372343
372316
372275
372272
372262
372258
372238
372226
372188
372170
372113
372104
372102
372074
372069
372067
372065
372058
372056
372046
372040
372009
371994
371985
371978
371934
371932
371919
371910
371909
371880
371878
371871
371869
371734
371690
371686
371657
371656
371638
371636
371608
371574
371552
371518
371517
371480
371466
371441
371425
371414
371380
371362
371356
371334
371310
371291
371284
371280
371273
371245
371240
371238
371199
371136
371078
371073
371068
371056
371052
371045
371021
371012
371005
370979
370964
370934
370914
370911
370911
370851
370851
370825
370795
370765
370765
370740
370715
370713
370698
370683
370640
370620
370551
370458
370457
370440
370427
370420
370417
370362
370355
370348
370302
370270
370268
370259
370213
370162
370140
370138
370130
370126
370108
370107
370065
370037
370031
369995
369993
369972
369956
369955
369953
369950
369889
369869
369779
369754
369737
369692
369685
369668
369660
369651
369627
369622
369617
369617
369563
369535
369503
369459
369429
369417
369389
369388
369376
369350
369344
369335
369324
369319
369318
369315
369313
369279
369267
369263
369256
369250
369220
369213
369141
369117
369104
369094
369087
369081
369014
369012
368966
368954
368914
368879
368853
368851
368836
368791
368750
368736
368716
368714
368702
368702
368699
368698
368621
368586
368567
368555
368534
368510
368497
368459
368447
368412
368406
368379
368357
368317
368271
368241
368233
368215
368215
368201
368201
368197
368162
368085
368072
368051
368029
367982
367941
367925
367924
367907
367888
367880
367847
367839
367801
367782
367778
367754
367745
367738
367706
367699
367670
367667
367664
367638
367628
367595
367583
367579
367579
367565
367563
367512
367444
367436
367415
367378
367372
367370
367348
367348
367343
367315
367309
367308
367305
367304
367300
367295
367278
367270
367267
367252
367243
367228
367212
367208
367202
367175
367139
367137
367133
367111
367089
367052
367030
367012
366991
366958
366951
366912
366902
366897
366894
366878
366825
366824
366779
366766
366736
366730
366701
366693
366684
366671
366663
366645
366642
366630
366573
366561
366551
366550
366542
366513
366506
366505
366476
366458
366456
366440
366409
366381
366368
366323
366316
366303
366287
366257
366255
366254
366222
366219
366204
366186
366148
366125
366120
366106
366012
366010
366009
366002
366001
365996
365965
365935
365920
365898
365871
365869
365857
365837
365808
365787
365775
365769
365765
365745
365744
365713
365690
365681
365645
365640
365618
365524
365474
365430
365427
365418
365389
365366
365213
365211
365211
365199
365187
365186
365185
365162
365143
365092
365086
365069
365060
365054
365049
365046
365036
364893
364890
364866
364857
364823
364772
364769
364721
364699
364658
364621
364610
364599
364582
364572
364572
364505
364468
364444
364417
364409
364354
364321
364315
364303
364290
364255
364233
364192
364137
364136
364124
364120
364093
364081
364076
364046
364022
364000
363999
363959
363958
363946
363940
363921
363921
363919
363871
363823
363730
363728
363725
363691
363669
363666
363653
363648
363575
363564
363551
363545
363527
363509
363450
363393
363357
363349
363345
363337
363336
363332
363314
363303
363298
363275
363234
363227
363222
363218
363217
363104
363093
363086
363073
363064
363059
363047
363038
363029
363025
363006
362965
362924
362889
362860
362834
362821
362818
362808
362798
362735
362717
362704
362696
362670
362658
362656
362654
362654
362647
362615
362589
362571
362532
362521
362515
362509
362498
362495
362467
362461
362445
362443
362418
362381
362341
362295
362261
362258
362147
362128
362120
362109
362064
362060
362035
362024
362016
362014
362006
361980
361980
361976
361971
361963
361948
361932
361926
361926
361909
361841
361840
361835
361777
361775
361745
361736
361707
361700
361687
361674
361667
361651
361636
361597
361508
361506
361476
361426
361369
361352
361275
361260
361258
361249
361225
361219
361215
361198
361196
361173
361155
361098
361088
361084
361081
361070
361035
361033
360994
360971
360947
360946
360902
360863
360840
360835
360834
360792
360785
360762
360689
360684
360666
360642
360606
360598
360597
360590
360584
360540
360518
360516
360498
360496
360478
360478
360472
360435
360406
360404
360395
360383
360380
360294
360254
360250
360242
360232
360198
360196
360176
360171
360148
360138
360136
360130
360128
360088
360080
360063
360044
360036
360022
359964
359949
359934
359928
359927
359897
359884
359785
359782
359751
359733
359692
359684
359676
359674
359647
359639
359626
359622
359603
359574
359558
359557
359510
359505
359488
359406
359347
359297
359293
359251
359236
359214
359211
359161
359149
359131
359120
359114
359090
359088
359088
359080
359068
359046
359042
359036
358972
358953
358947
358944
358921
358906
358905
358835
358831
358828
358828
358792
358786
358774
358708
358694
358688
358686
358664
358664
358659
358652
358595
358592
358557
358553
358531
358503
358493
358488
358479
358465
358463
358437
358412
358401
358375
358375
358350
358344
358339
358330
358329
358302
358278
358245
358239
358209
358170
358151
358137
358131
358102
358035
358035
358029
358005
357980
357967
357919
357909
357897
357893
357873
357844
357821
357820
357815
357815
357783
357761
357683
357670
357653
357649
357632
357598
357596
357570
357570
357525
357469
357465
357460
357454
357451
357409
357405
357388
357388
357348
357344
357309
357290
357283
357223
357220
357208
357138
357100
357098
357088
357034
356993
356988
356949
356924
356917
356887
356886
356879
356865
356861
356836
356825
356810
356740
356659
356609
356587
356578
356564
356523
356522
356497
356473
356466
356446
356419
356419
356389
356309
356306
356291
356273
356268
356215
356205
356170
356164
356133
356129
356107
356079
356074
356065
356061
356052
356001
355996
355983
355943
355929
355912
355890
355884
355881
355853
355789
355770
355760
355752
355745
355717
355710
355682
355673
355650
355635
355620
355604
355584
355575
355574
355532
355519
355469
355459
355435
355435
355433
355414
355395
355373
355347
355336
355335
355321
355318
355306
355291
355275
355261
355260
355252
355178
355175
355172
355164
355162
355151
355143
355133
355113
355091
355042
354949
354943
354940
354921
354906
354897
354869
354868
354858
354855
354846
354826
354814
354800
354797
354726
354719
354714
354711
354709
354679
354670
354616
354615
354584
354579
354577
354566
354566
354559
354555
354553
354549
354545
354537
354506
354504
354493
354457
354456
354424
354414
354389
354385
354346
354328
354321
354266
354220
354214
354159
354120
354113
354086
353995
353994
353929
353921
353918
353917
353909
353900
353850
353849
353840
353830
353824
353770
353747
353732
353731
353723
353720
353664
353657
353606
353606
353579
353536
353520
353442
353441
353433
353423
353419
353413
353406
353376
353358
353327
353314
353305
353288
353278
353248
353241
353212
353192
353191
353180
353165
353163
353161
353150
353121
353099
353093
353093
353091
353085
353026
353009
352951
352845
352824
352817
352784
352780
352771
352751
352737
352722
352710
352704
352700
352681
352673
352665
352658
352657
352634
352634
352633
352632
352623
352535
352497
352453
352420
352404
352343
352302
352294
352289
352261
352260
352253
352227
352201
352169
352114
352112
352092
352058
352007
351994
351984
351974
351959
351958
351912
351863
351860
351859
351845
351830
351804
351737
351727
351720
351694
351646
351631
351598
351568
351562
351553
351552
351525
351517
351514
351509
351500
351481
351480
351477
351441
351424
351372
351349
351322
351306
351303
351290
351281
351280
351264
351252
351241
351235
351226
351184
351178
351170
351135
351123
351123
351090
351058
351052
351038
351036
351034
351024
350980
350957
350912
350895
350875
350836
350819
350804
350794
350772
350761
350737
350732
350693
350658
350643
350643
350634
350630
350621
350612
350607
350605
350605
350591
350588
350570
350567
350560
350535
350517
350470
350465
350371
350369
350334
350303
350248
350160
350141
350133
350119
350111
350108
350107
350088
350085
350037
350034
350026
349976
349967
349957
349942
349939
349929
349913
349892
349880
349878
349865
349839
349809
349792
349773
349753
349748
349718
349693
349683
349670
349636
349581
349578
349525
349505
349494
349469
349427
349425
349416
349410
349400
349394
349394
349386
349382
349313
349304
349296
349292
349267
349257
349237
349222
349205
349181
349176
349120
349113
349097
349096
349093
349090
349072
349052
349045
349036
349032
349023
349014
348999
348988
348980
348972
348965
348959
348958
348957
348956
348907
348904
348862
348834
348831
348786
348779
348743
348736
348713
348686
348664
348632
348622
348618
348597
348580
348556
348516
348502
348484
348449
348447
348432
348416
348377
348372
348369
348340
348318
348284
348276
348224
348224
348223
348222
348202
348182
348167
348165
348162
348124
348117
348112
348111
348106
348044
348043
347989
347976
347946
347884
347873
347872
347871
347862
347840
347821
347818
347792
347782
347777
347774
347716
347694
347690
347682
347657
347627
347597
347595
347566
347554
347552
347549
347521
347514
347504
347496
347457
347435
347431
347361
347349
347344
347336
347317
347292
347232
347201
347186
347185
347159
347155
347151
347137
347080
347074
347073
347048
347004
347003
346985
346961
346960
346953
346942
346939
346938
346937
346922
346904
346886
346886
346885
346864
346845
346839
346836
346772
346767
346742
346671
346664
346633
346622
346615
346615
346602
346594
346585
346580
346545
346494
346488
346477
346464
346393
346390
346372
346328
346272
346261
346252
346205
346181
346173
346171
346155
346148
346133
346112
346110
346103
346100
346083
346076
346061
346056
346044
346035
346032
346028
345930
345929
345921
345898
345861
345859
345833
345815
345762
345751
345732
345683
345672
345646
345634
345594
345590
345556
345539
345506
345490
345478
345452
345447
345428
345410
345408
345400
345394
345390
345360
345349
345337
345335
345330
345319
345292
345279
345254
345230
345206
345205
345197
345160
345138
345114
345100
345073
345070
345059
345050
345044
345022
345021
345010
345005
344955
344944
344935
344926
344922
344918
344878
344870
344868
344832
344821
344808
344797
344790
344771
344727
344718
344705
344666
344615
344570
344566
344540
344521
344504
344412
344401
344396
344363
344360
344323
344320
344318
344315
344281
344276
344205
344128
344117
344076
344060
344054
344052
344031
344021
344019
344008
344003
344002
344000
343993
343990
343986
343976
343967
343964
343953
343925
343858
343821
343810
343793
343793
343784
343777
343748
343748
343734
343728
343707
343692
343690
343684
343643
343639
343628
343605
343591
343575
343555
343521
343516
343481
343481
343447
343387
343385
343376
343339
343309
343303
343285
343264
343255
343242
343214
343194
343149
343140
343129
343101
343093
343066
343055
343022
343012
343006
342998
342985
342975
342955
342943
342928
342927
342891
342882
342880
342864
342838
342833
342800
342786
342764
342749
342718
342699
342691
342589
342573
342499
342447
342435
342430
342415
342365
342350
342329
342305
342282
342279
342272
342266
342259
342249
342229
342223
342196
342195
342182
342176
342170
342161
342156
342155
342068
342053
342026
342016
342006
342005
342005
341938
341890
341881
341881
341860
341815
341745
341743
341698
341694
341626
341590
341567
341511
341501
341500
341491
341461
341450
341448
341402
341385
341382
341355
341334
341334
341304
341282
341280
341270
341243
341223
341219
341197
341095
341041
341039
341026
341025
340984
340953
340923
340902
340892
340881
340872
340856
340848
340845
340826
340817
340740
340696
340645
340645
340637
340634
340631
340614
340595
340569
340548
340525
340492
340473
340333
340330
340302
340258
340208
340173
340162
340153
340136
340111
340101
340069
340065
340061
340044
340041
339981
339980
339954
339925
339918
339912
339910
339871
339864
339842
339787
339768
339756
339709
339695
339655
339641
339606
339605
339578
339578
339563
339546
339545
339543
339523
339517
339512
339488
339486
339481
339455
339357
339346
339333
339330
339307
339290
339247
339214
339201
339200
339173
339159
339125
339109
339102
339082
339077
339074
339028
339009
338958
338937
338932
338923
338913
338877
338869
338816
338799
338752
338733
338677
338658
338649
338594
338576
338576
338512
338499
338483
338475
338441
338400
338392
338369
338366
338331
338322
338312
338281
338276
338230
338205
338112
338099
338088
338085
338032
337968
337966
337959
337914
337878
337872
337834
337832
337817
337806
337786
337776
337770
337762
337722
337708
337674
337666
337651
337644
337620
337620
337607
337578
337573
337569
337557
337530
337526
337509
337502
337501
337501
337498
337481
337480
337457
337394
337378
337369
337364
337363
337358
337355
337353
337347
337341
337221
337208
337193
337162
337147
337142
337113
337107
337099
337033
337026
336989
336985
336981
336975
336953
336930
336909
336899
336895
336880
336864
336838
336834
336813
336712
336708
336672
336651
336626
336622
336588
336548
336532
336507
336497
336497
336491
336451
336447
336444
336441
336424
336419
336410
336394
336393
336382
336357
336327
336324
336319
336306
336248
336240
336203
336202
336181
336169
336156
336145
336134
336125
336040
336036
336035
336031
336027
336020
335961
335911
335885
335865
335811
335685
335673
335661
335650
335641
335629
335622
335602
335594
335590
335559
335555
335533
335513
335507
335472
335452
335441
335368
335336
335320
335306
335289
335275
335188
335135
335126
335126
335123
335102
335093
335086
335056
335030
335030
335019
334998
334969
334958
334956
334947
334939
334929
334892
334864
334857
334834
334831
334821
334799
334761
334714
334698
334673
334667
334661
334628
334616
334598
334544
334517
334505
334466
334433
334423
334419
334395
334389
334373
334366
334354
334341
334339
334312
334297
334283
334255
334196
334147
334099
334092
334080
334074
334069
334049
334046
334007
333984
333978
333947
333929
333900
333898
333799
333749
333731
333726
333620
333618
333608
333603
333601
333579
333556
333539
333503
333500
333482
333467
333455
333455
333427
333405
333363
333347
333304
333296
333279
333195
333148
333137
333113
333092
333045
333032
333030
333021
332983
332942
332941
332924
332918
332900
332838
332830
332789
332785
332771
332761
332725
332708
332663
332632
332615
332604
332592
332591
332577
332574
332559
332496
332494
332456
332412
332405
332400
332398
332372
332369
332362
332360
332347
332307
332304
332298
332221
332177
332123
332113
332101
332084
332068
331981
331956
331952
331943
331874
331866
331838
331808
331787
331773
331700
331678
331652
331634
331579
331579
331577
331570
331536
331531
331530
331528
331517
331471
331462
331459
331418
331407
331406
331369
331347
331330
331327
331317
331305
331294
331294
331292
331261
331244
331221
331206
331182
331175
331157
331153
331122
331112
331102
331096
331067
331067
331067
331033
331001
330991
330954
330944
330889
330882
330830
330829
330816
330789
330749
330744
330742
330741
330732
330725
330693
330689
330667
330659
330659
330651
330627
330546
330536
330526
330481
330460
330454
330428
330425
330417
330391
330298
330234
330218
330198
330167
330153
330150
330130
330129
330128
330117
330113
330087
330081
330081
330059
330052
330000
329977
329962
329946
329912
329874
329855
329808
329741
329703
329688
329660
329659
329647
329646
329622
329608
329599
329592
329536
329522
329509
329496
329494
329477
329476
329469
329467
329452
329428
329422
329419
329409
329405
329386
329385
329380
329375
329370
329362
329356
329330
329304
329301
329272
329244
329156
329153
329128
329128
329123
329098
329086
329082
329069
329066
329056
329023
329018
329014
329006
328999
328997
328990
328976
328975
328969
328969
328963
328915
328892
328871
328866
328859
328818
328806
328786
328758
328742
328736
328719
328684
328667
328663
328660
328647
328644
328640
328639
328633
328612
328588
328531
328504
328497
328477
328457
328429
328424
328421
328417
328358
328328
328327
328317
328308
328289
328271
328261
328253
328237
328232
328201
328182
328030
328024
328022
328011
327987
327967
327967
327931
327908
327905
327891
327887
327876
327848
327744
327737
327725
327696
327689
327627
327625
327609
327585
327550
327549
327539
327422
327407
327396
327371
327364
327329
327299
327297
327283
327278
327218
327192
327152
327152
327139
327128
327107
327071
327060
327044
327000
326991
326989
326974
326964
326956
326935
326932
326864
326858
326852
326827
326792
326780
326772
326758
326744
326729
326708
326700
326680
326671
326659
326648
326627
326627
326496
326492
326445
326410
326406
326401
326391
326376
326353
326350
326346
326345
326342
326319
326298
326257
326252
326198
326181
326167
326160
326156
326155
326099
326057
326022
326016
325993
325973
325957
325915
325892
325891
325888
325843
325838
325800
325786
325783
325767
325690
325670
325659
325622
325612
325590
325569
325550
325537
325506
325487
325439
325425
325417
325399
325385
325361
325360
325346
325345
325344
325340
325332
325324
325313
325300
325098
325040
325016
324996
324988
324981
324969
324955
324951
324950
324937
324933
324929
324900
324856
324854
324852
324842
324826
324814
324783
324745
324716
324665
324642
324637
324612
324602
324599
324596
324595
324583
324556
324555
324553
324549
324546
324533
324528
324461
324428
324409
324336
324318
324299
324294
324271
324241
324234
324219
324214
324170
324127
324098
324064
324025
323996
323990
323983
323968
323933
323933
323925
323922
323908
323902
323900
323882
323875
323845
323797
323781
323773
323735
323731
323712
323692
323688
323683
323674
323668
323653
323650
323619
323590
323574
323564
323529
323517
323506
323481
323475
323422
323416
323352
323314
323285
323272
323262
323192
323184
323147
323129
323089
323075
323052
323048
323022
323020
323014
322998
322991
322958
322951
322946
322906
322900
322864
322843
322809
322788
322770
322770
322756
322748
322710
322637
322634
322623
322599
322599
322587
322584
322582
322575
322575
322571
322558
322544
322540
322524
322514
322508
322481
322475
322471
322455
322450
322435
322417
322402
322393
322373
322359
322355
322329
322310
322289
322286
322259
322215
322192
322191
322191
322172
322160
322149
322142
322104
322072
322047
322030
322027
322001
321991
321983
321968
321966
321929
321898
321891
321889
321821
321819
321819
321815
321815
321810
321809
321796
321762
321753
321726
321719
321718
321712
321703
321666
321666
321662
321637
321593
321566
321565
321559
321534
321533
321532
321497
321495
321409
321390
321297
321274
321258
321237
321228
321209
321192
321178
321146
321125
321091
321056
321049
321041
321040
321006
320999
320987
320986
320933
320930
320916
320906
320883
320882
320880
320868
320841
320837
320833
320750
320735
320732
320709
320708
320698
320677
320602
320563
320559
320547
320500
320494
320469
320466
320459
320438
320427
320397
320371
320301
320300
320287
320248
320236
320211
320182
320119
320097
320053
320044
320031
320025
320004
319993
319971
319938
319928
319922
319910
319862
319850
319804
319785
319768
319723
319695
319625
319623
319615
319615
319563
319549
319517
319504
319497
319487
319484
319453
319453
319435
319419
319340
319328
319283
319274
319254
319237
319181
319172
319172
319157
319152
319104
319101
319080
319073
319047
319035
319012
318934
318914
318887
318825
318822
318790
318744
318728
318720
318697
318680
318657
318643
318604
318560
318560
318530
318517
318444
318379
318367
318305
318305
318290
318264
318249
318230
318159
318152
318097
318075
318065
318053
318053
318036
318008
317990
317988
317972
317930
317923
317867
317846
317832
317805
317792
317788
317784
317766
317746
317738
317697
317693
317680
317665
317638
317617
317601
317593
317560
317485
317481
317446
317438
317425
317417
317416
317413
317397
317325
317290
317278
317266
317259
317251
317236
317228
317214
317206
317151
317132
317126
317117
317055
317050
317037
317022
317021
317011
316974
316924
316912
316905
316884
316881
316863
316859
316846
316824
316800
316783
316740
316740
316734
316671
316640
316626
316618
316617
316600
316572
316572
316563
316535
316516
316455
316440
316436
316404
316401
316349
316342
316329
316306
316305
316286
316282
316270
316246
316193
316170
316161
316116
316111
316110
316099
316079
316068
315965
315944
315939
315919
315891
315869
315860
315846
315843
315830
315785
315750
315732
315713
315712
315690
315639
315627
315611
315596
315585
315575
315561
315539
315510
315496
315480
315462
315426
315426
315410
315396
315372
315364
315359
315321
315298
315284
315263
315236
315217
315205
315203
315181
315172
315136
315123
315114
315112
315103
315026
315025
314992
314958
314912
314878
314877
314875
314869
314860
314854
314849
314836
314801
314746
314702
314646
314640
314639
314638
314613
314597
314582
314528
314484
314461
314422
314405
314397
314348
314342
314327
314326
314325
314270
314248
314220
314212
314198
314195
314168
314143
314130
314129
314107
314088
314078
314045
314006
313989
313989
313978
313959
313936
313927
313895
313885
313817
313814
313793
313786
313786
313782
313757
313754
313753
313748
313688
313672
313639
313606
313576
313539
313533
313513
313498
313485
313484
313472
313458
313445
313440
313386
313384
313321
313315
313263
313241
313235
313228
313210
313175
313156
313146
313139
313135
313126
313122
313108
313097
313092
313076
313063
313039
313032
313031
313013
313000
312963
312951
312924
312916
312903
312888
312872
312864
312836
312834
312821
312774
312635
312626
312591
312584
312563
312562
312489
312481
312467
312466
312440
312409
312403
312392
312387
312368
312359
312350
312341
312335
312324
312312
312308
312270
312268
312197
312192
312185
312160
312156
312145
312140
312113
312089
312069
312062
312062
312052
312029
312014
312013
312012
311996
311973
311966
311892
311886
311857
311851
311835
311835
311826
311813
311803
311764
311753
311750
311724
311712
311711
311708
311701
311666
311649
311649
311634
311631
311580
311555
311550
311541
311517
311484
311469
311460
311432
311418
311416
311411
311394
311393
311368
311353
311330
311265
311256
311248
311217
311210
311205
311153
311133
311111
311089
311012
311001
310998
310998
310921
310907
310858
310809
310808
310798
310778
310753
310749
310735
310722
310715
310698
310686
310622
310608
310574
310558
310550
310547
310546
310516
310507
310486
310465
310437
310390
310389
310376
310376
310361
310316
310296
310293
310278
310272
310266
310127
310125
310078
310068
310062
310016
309980
309962
309875
309871
309857
309829
309823
309770
309767
309763
309750
309747
309730
309712
309680
309672
309662
309640
309629
309622
309618
309602
309581
309576
309506
309484
309482
309434
309430
309418
309393
309377
309319
309302
309301
309298
309293
309289
309286
309252
309245
309238
309236
309222
309191
309183
309170
309149
309106
309103
309087
309079
309016
308937
308932
308915
308899
308859
308845
308832
308722
308722
308674
308667
308624
308596
308591
308589
308578
308568
308532
308531
308515
308500
308498
308494
308493
308467
308465
308444
308414
308392
308380
308343
308298
308283
308280
308269
308264
308261
308225
308205
308141
308128
308116
308087
308083
308039
308031
308020
308013
307973
307971
307969
307968
307950
307911
307910
307791
307758
307739
307733
307717
307711
307660
307651
307623
307566
307559
307547
307495
307486
307477
307468
307460
307440
307404
307396
307369
307330
307302
307298
307263
307187
307175
307170
307139
307081
307034
307008
306990
306947
306905
306881
306863
306837
306822
306787
306772
306768
306764
306686
306647
306631
306605
306592
306584
306581
306578
306576
306539
306528
306510
306494
306493
306491
306438
306428
306415
306413
306365
306330
306320
306316
306315
306315
306292
306238
306193
306158
306156
306138
306132
306090
306060
306048
305988
305965
305961
305958
305952
305894
305879
305846
305841
305817
305782
305782
305781
305777
305773
305753
305724
305720
305712
305683
305675
305629
305615
305611
305585
305575
305531
305523
305473
305467
305417
305417
305409
305388
305355
305326
305264
305174
305168
305129
305125
305102
305069
305012
305002
304990
304970
304951
304891
304859
304850
304834
304833
304817
304762
304738
304729
304726
304725
304701
304690
304674
304674
304652
304577
304502
304501
304468
304460
304433
304403
304392
304379
304339
304337
304321
304275
304209
304192
304187
304178
304135
304128
304121
304117
304058
304034
304028
304023
303989
303963
303953
303941
303936
303873
303819
303793
303792
303772
303732
303725
303704
303693
303687
303677
303670
303668
303650
303596
303591
303580
303579
303547
303540
303534
303532
303516
303506
303499
303497
303470
303464
303438
303412
303411
303393
303388
303358
303324
303310
303308
303301
303297
303256
303232
303221
303219
303205
303184
303171
303119
303119
303083
303067
303066
303061
303046
303040
303037
303014
303009
302917
302899
302898
302890
302876
302874
302869
302854
302849
302841
302836
302823
302819
302772
302769
302748
302696
302672
302671
302657
302649
302623
302615
302608
302577
302542
302532
302524
302522
302514
302504
302476
302382
302350
302337
302329
302283
302261
302260
302256
302242
302215
302157
302148
302141
302118
302089
302077
302074
302056
302031
302028
301998
301967
301962
301952
301906
301899
301867
301843
301819
301804
301801
301771
301761
301759
301745
301687
301679
301670
301667
301666
301648
301634
301629
301619
301606
301587
301566
301565
301561
301546
301482
301472
301444
301405
301367
301353
301325
301322
301279
301226
301168
301160
301131
301113
301110
301103
301068
301061
301035
301017
300999
300993
300991
300971
300964
300949
300929
300900
300864
300839
300839
300742
300733
300714
300692
300667
300661
300631
300622
300576
300540
300532
300517
300495
300446
300435
300434
300412
300408
300400
300392
300362
300356
300277
300245
300242
300239
300219
300213
300191
300186
300184
300170
300123
300117
300099
300095
300094
300067
300051
299986
299984
299968
299962
299936
299933
299922
299922
299904
299901
299900
299870
299857
299842
299799
299793
299741
299697
299655
299645
299631
299597
299580
299579
299573
299573
299545
299533
299529
299480
299454
299436
299427
299420
299387
299383
299357
299356
299335
299318
299195
299176
299134
299133
299131
299128
299122
299102
299024
299023
298960
298932
298907
298866
298835
298783
298770
298763
298739
298728
298706
298702
298698
298660
298647
298629
298622
298590
298582
298569
298561
298538
298534
298531
298503
298498
298473
298464
298448
298421
298391
298381
298373
298362
298342
298340
298305
298304
298272
298248
298224
298218
298178
298177
298161
298146
298125
298122
298111
298055
298053
298034
298009
297951
297932
297932
297890
297883
297873
297859
297857
297855
297836
297827
297827
297821
297804
297784
297776
297752
297750
297743
297737
297704
297664
297645
297636
297625
297593
297558
297548
297521
297499
297477
297462
297456
297443
297411
297407
297355
297350
297331
297312
297254
297230
297209
297183
297176
297165
297162
297155
297146
297104
297100
297065
297018
297017
296972
296971
296961
296956
296953
296896
296882
296864
296861
296860
296860
296853
296843
296816
296799
296721
296709
296667
296634
296632
296629
296624
296618
296617
296581
296575
296560
296531
296516
296504
296467
296459
296456
296449
296447
296440
296423
296417
296410
296391
296381
296353
296330
296318
296309
296305
296273
296266
296254
296249
296239
296225
296221
296201
296185
296169
296140
296140
296130
296084
296073
296069
296069
296065
296064
296041
296013
295993
295987
295951
295944
295881
295881
295864
295838
295799
295753
295748
295731
295715
295704
295700
295635
295624
295559
295551
295516
295488
295476
295458
295420
295386
295384
295364
295320
295302
295292
295281
295270
295235
295220
295212
295203
295185
295151
295148
295130
295070
295068
295056
295037
295031
294992
294990
294965
294950
294947
294946
294945
294882
294881
294876
294848
294839
294837
294837
294802
294794
294746
294741
294723
294691
294676
294671
294658
294637
294596
294562
294549
294537
294535
294527
294521
294514
294477
294445
294428
294393
294381
294360
294345
294290
294282
294273
294270
294229
294227
294224
294216
294176
294168
294168
294145
294144
294083
294059
294054
294045
294038
294016
293988
293934
293929
293921
293910
293882
293790
293780
293780
293774
293749
293726
293722
293693
293690
293665
293629
293623
293605
293585
293557
293547
293535
293518
293505
293498
293458
293453
293415
293410
293410
293387
293378
293372
293330
293282
293282
293258
293222
293194
293176
293146
293134
293134
293130
293022
293002
292980
292973
292880
292876
292860
292840
292788
292775
292764
292745
292731
292728
292698
292642
292625
292590
292582
292547
292532
292484
292473
292410
292388
292385
292383
292376
292342
292338
292309
292298
292254
292224
292181
292180
292127
292122
292108
292105
292034
292000
291987
291930
291915
291905
291847
291835
291812
291792
291784
291738
291734
291732
291692
291681
291675
291674
291667
291658
291656
291652
291640
291625
291607
291555
291555
291542
291527
291523
291517
291488
291470
291466
291466
291464
291438
291433
291408
291403
291395
291347
291250
291247
291245
291240
291213
291210
291206
291203
291200
291191
291172
291168
291167
291134
291133
291127
291127
291121
291117
291106
291104
291096
291093
291084
291081
291071
291015
291002
290992
290974
290958
290953
290906
290900
290896
290858
290847
290825
290823
290823
290769
290718
290693
290682
290676
290508
290452
290411
290380
290365
290337
290321
290271
290259
290259
290246
290191
290158
290143
290142
290126
290120
290117
290070
290057
290051
290045
290019
290015
289984
289945
289931
289911
289904
289863
289857
289856
289852
289842
289838
289835
289833
289765
289761
289708
289693
289649
289648
289636
289616
289606
289601
289552
289551
289548
289522
289518
289506
289496
289478
289461
289432
289391
289385
289377
289322
289305
289296
289269
289253
289237
289206
289150
289125
289105
289104
289089
289074
289065
289032
289024
288977
288943
288941
288926
288923
288910
288874
288858
288853
288816
288769
288747
288697
288677
288661
288649
288624
288609
288599
288588
288560
288553
288521
288503
288502
288490
288441
288435
288432
288425
288413
288398
288393
288268
288262
288260
288245
288222
288213
288171
288153
288139
288130
288103
288099
288079
288047
288040
288008
288006
287933
287925
287873
287850
287848
287835
287774
287763
287761
287755
287712
287676
287640
287632
287623
287593
287578
287578
287566
287564
287556
287545
287448
287436
287426
287426
287415
287373
287369
287364
287328
287320
287309
287295
287294
287290
287254
287195
287192
287186
287177
287168
287155
287147
287147
287138
287106
287104
287080
287051
286974
286967
286955
286931
286878
286852
286845
286814
286775
286737
286707
286678
286671
286620
286614
286590
286580
286518
286518
286480
286464
286463
286420
286403
286354
286316
286263
286195
286181
286174
286093
286072
286012
285962
285959
285959
285935
285929
285912
285895
285891
285873
285846
285844
285837
285831
285799
285772
285761
285757
285635
285601
285579
285563
285544
285518
285483
285456
285445
285442
285420
285415
285375
285366
285341
285337
285336
285328
285305
285283
285274
285274
285263
285223
285222
285222
285222
285220
285185
285178
285102
285062
285057
285006
284995
284968
284954
284948
284922
284916
284905
284903
284896
284844
284840
284795
284773
284672
284633
284626
284593
284591
284559
284558
284548
284518
284510
284436
284432
284428
284421
284399
284387
284377
284335
284330
284281
284259
284255
284252
284231
284221
284206
284144
284139
284099
284091
284080
284066
284049
284008
283961
283950
283898
283889
283835
283821
283816
283805
283787
283776
283769
283751
283731
283711
283653
283651
283640
283637
283600
283577
283572
283544
283524
283513
283503
283494
283473
283448
283436
283434
283425
283367
283356
283336
283335
283307
283274
283271
283268
283233
283226
283167
283151
283107
283095
283089
283074
283048
283019
282993
282982
282980
282930
282922
282918
282904
282830
282811
282808
282768
282765
282753
282752
282735
282698
282681
282658
282650
282624
282614
282610
282602
282575
282571
282514
282499
282481
282432
282426
282421
282417
282387
282379
282368
282326
282315
282297
282289
282279
282250
282244
282230
282191
282181
282175
282141
282140
282133
282126
282126
282120
282114
282100
282093
282077
282059
282044
281990
281965
281949
281945
281933
281928
281904
281885
281861
281859
281846
281846
281842
281828
281823
281799
281759
281673
281656
281642
281614
281614
281605
281587
281575
281572
281551
281498
281495
281466
281464
281459
281454
281445
281420
281410
281378
281377
281345
281341
281328
281310
281306
281278
281269
281254
281244
281175
281168
281159
281098
281095
281070
281013
281006
280998
280993
280973
280920
280917
280897
280896
280894
280858
280858
280857
280800
280796
280792
280787
280768
280756
280723
280701
280656
280646
280615
280596
280572
280567
280527
280499
280498
280495
280489
280468
280417
280409
280369
280335
280334
280277
280270
280252
280217
280213
280210
280183
280164
280164
280142
280124
280107
280090
280075
280062
280048
279993
279983
279950
279937
279916
279907
279887
279873
279794
279784
279774
279770
279768
279764
279746
279741
279730
279706
279680
279644
279573
279564
279563
279532
279489
279464
279374
279334
279309
279297
279295
279274
279261
279227
279204
279176
279175
279165
279157
279151
279125
279101
279064
279043
279028
279011
278994
278986
278962
278881
278879
278867
278859
278852
278827
278805
278789
278779
278766
278763
278759
278742
278684
278682
278661
278653
278644
278642
278611
278591
278525
278446
278445
278412
278345
278316
278307
278304
278301
278288
278230
278194
278190
278189
278151
278150
278125
278120
278030
278004
278000
277979
277967
277964
277958
277953
277949
277947
277937
277914
277913
277900
277885
277881
277873
277865
277803
277788
277784
277741
277739
277730
277729
277710
277705
277702
277670
277670
277668
277651
277621
277619
277614
277607
277560
277518
277491
277478
277475
277455
277449
277433
277426
277388
277373
277352
277333
277326
277311
277293
277291
277249
277226
277213
277174
277163
277139
277101
277093
277088
276959
276951
276899
276898
276868
276830
276806
276801
276791
276781
276735
276728
276702
276688
276683
276668
276655
276631
276602
276581
276574
276551
276544
276535
276532
276532
276529
276529
276524
276519
276519
276493
276465
276451
276412
276408
276340
276327
276255
276230
276211
276187
276083
276024
276016
275949
275940
275931
275926
275910
275906
275905
275905
275847
275808
275797
275795
275732
275688
275688
275607
275598
275590
275582
275576
275572
275548
275531
275505
275496
275488
275440
275439
275433
275358
275344
275335
275333
275323
275297
275271
275265
275232
275184
275165
275151
275139
275110
275099
275087
275084
275075
275037
275024
275024
275020
275007
274995
274986
274984
274945
274928
274895
274863
274861
274841
274802
274769
274767
274765
274760
274745
274742
274733
274730
274724
274669
274654
274629
274599
274557
274518
274505
274504
274456
274452
274434
274414
274410
274392
274369
274339
274335
274305
274304
274298
274292
274288
274288
274272
274240
274192
274181
274180
274173
274169
274148
274148
274134
274117
274115
274074
274056
274036
274016
273962
273912
273912
273904
273837
273811
273805
273746
273737
273735
273710
273705
273702
273690
273680
273673
273663
273649
273591
273588
273566
273533
273533
273528
273520
273450
273427
273405
273394
273394
273374
273368
273361
273339
273333
273327
273306
273283
273280
273260
273245
273230
273227
273217
273215
273206
273195
273178
273165
273154
273150
273097
273091
273031
272984
272983
272966
272953
272938
272914
272836
272805
272788
272748
272717
272707
272706
272661
272649
272642
272637
272597
272586
272561
272551
272547
272543
272537
272495
272485
272464
272448
272417
272386
272314
272298
272260
272243
272119
272090
272044
272003
272000
271984
271979
271951
271869
271866
271863
271854
271852
271803
271794
271753
271750
271735
271709
271685
271676
271641
271637
271597
271587
271579
271577
271569
271568
271559
271553
271547
271539
271537
271534
271452
271442
271431
271411
271303
271280
271244
271222
271216
271186
271182
271181
271124
271119
271106
271103
271091
271068
271060
270914
270902
270890
270873
270806
270765
270759
270757
270754
270719
270705
270705
270509
270500
270493
270457
270425
270401
270384
270380
270377
270374
270370
270363
270290
270271
270183
270159
270141
270141
270114
270110
270102
270033
269987
269985
269951
269948
269925
269879
269818
269805
269797
269789
269781
269695
269677
269605
269589
269586
269582
269580
269580
269568
269568
269560
269555
269546
269517
269512
269420
269386
269363
269311
269270
269265
269246
269233
269216
269212
269212
269189
269161
269158
269157
269149
269120
269071
269032
269031
269011
268984
268983
268978
268968
268942
268934
268890
268883
268862
268848
268823
268819
268816
268752
268725
268720
268719
268690
268682
268656
268644
268635
268602
268578
268566
268484
268416
268408
268380
268373
268369
268340
268314
268279
268249
268247
268243
268225
268207
268205
268200
268173
268162
268161
268145
268097
268089
268068
268051
268046
268040
268022
268009
267883
267880
267854
267807
267770
267708
267706
267681
267667
267662
267619
267534
267516
267491
267482
267471
267458
267454
267446
267444
267429
267388
267351
267291
267258
267256
267236
267232
267219
267204
267183
267179
267161
267157
267135
267134
267119
267095
267068
267056
267044
267019
267005
267005
266983
266980
266962
266961
266926
266872
266861
266831
266809
266801
266756
266717
266702
266698
266695
266677
266649
266569
266516
266514
266485
266478
266475
266462
266454
266444
266438
266434
266421
266413
266371
266331
266322
266279
266139
266137
266136
266119
266109
266108
266084
266053
266033
265979
265953
265933
265913
265910
265910
265890
265890
265872
265839
265814
265813
265813
265772
265753
265720
265712
265694
265680
265645
265626
265617
265572
265565
265552
265496
265466
265431
265405
265384
265313
265308
265306
265306
265293
265273
265215
265213
265199
265192
265155
265134
265125
265120
265114
265105
265087
265054
264991
264964
264940
264893
264868
264846
264817
264792
264740
264721
264710
264684
264682
264681
264669
264650
264640
264638
264635
264633
264626
264625
264606
264606
264590
264573
264495
264490
264469
264436
264425
264419
264409
264390
264384
264377
264356
264329
264279
264275
264268
264264
264261
264231
264226
264195
264181
264173
264171
264167
264061
264023
263994
263989
263958
263942
263932
263923
263877
263868
263863
263852
263837
263798
263782
263750
263724
263721
263704
263700
263675
263666
263652
263642
263637
263632
263628
263600
263572
263570
263568
263550
263530
263500
263475
263366
263362
263362
263338
263324
263321
263288
263274
263244
263219
263218
263186
263184
263176
263133
263125
263103
263079
263069
263010
262978
262956
262950
262944
262926
262918
262898
262880
262858
262856
262853
262852
262838
262836
262811
262806
262787
262784
262767
262763
262743
262700
262697
262684
262675
262669
262651
262627
262614
262601
262598
262595
262566
262564
262549
262548
262534
262525
262517
262508
262501
262487
262475
262455
262447
262432
262417
262411
262389
262361
262350
262346
262340
262332
262280
262272
262246
262237
262131
262124
262111
262095
262091
262086
262059
262058
262011
261994
261985
261959
261958
261947
261929
261887
261859
261853
261836
261799
261772
261730
261727
261715
261698
261692
261660
261658
261618
261607
261591
261580
261565
261559
261554
261533
261524
261502
261469
261457
261453
261418
261394
261393
261378
261340
261322
261302
261295
261279
261269
261261
261257
261256
261239
261235
261224
261222
261198
261192
261181
261165
261162
261137
261108
261064
261050
261049
261015
261006
260997
260997
260992
260983
260979
260936
260932
260931
260923
260862
260858
260802
260772
260769
260749
260723
260710
260694
260654
260598
260584
260555
260541
260537
260525
260502
260486
260477
260471
260455
260429
260416
260411
260390
260367
260365
260360
260358
260350
260345
260339
260332
260308
260293
260278
260264
260261
260251
260232
260222
260221
260219
260212
260204
260183
260180
260173
260155
260155
260119
260095
260078
260074
260064
260063
260006
259996
259955
259918
259914
259875
259841
259749
259749
259740
259731
259723
259696
259635
259619
259573
259546
259527
259525
259479
259453
259446
259395
259382
259372
259357
259354
259302
259288
259266
259260
259258
259245
259229
259223
259214
259208
259170
259154
259126
259122
259091
259085
259073
259059
259044
259009
259007
258995
258968
258944
258942
258934
258892
258852
258812
258766
258763
258755
258723
258721
258716
258703
258684
258675
258638
258615
258595
258578
258576
258574
258547
258514
258489
258477
258471
258455
258427
258419
258413
258381
258366
258317
258316
258293
258292
258278
258259
258256
258250
258239
258233
258222
258189
258184
258180
258178
258178
258151
258145
258137
258131
258125
258113
258106
258104
258081
258079
258075
258038
258018
258012
257988
257978
257965
257929
257928
257919
257834
257783
257758
257754
257754
257729
257728
257713
257697
257682
257681
257667
257659
257639
257629
257625
257612
257598
257596
257578
257552
257523
257483
257446
257393
257377
257370
257360
257357
257336
257329
257275
257265
257245
257234
257217
257147
257120
257119
257098
257056
257029
257000
256994
256991
256987
256983
256965
256963
256919
256917
256911
256883
256861
256827
256818
256779
256775
256773
256763
256733
256727
256708
256673
256651
256620
256574
256574
256571
256570
256568
256568
256567
256549
256547
256537
256519
256507
256493
256451
256441
256430
256428
256413
256411
256411
256393
256388
256318
256317
256315
256301
256299
256263
256259
256229
256186
256156
256144
256127
256113
256094
256081
256080
256063
256055
256045
256041
256038
256028
256018
256001
256000
255972
255931
255920
255899
255853
255825
255800
255792
255781
255753
255750
255727
255694
255678
255668
255651
255638
255591
255558
255511
255497
255440
255421
255415
255393
255391
255352
255340
255328
255304
255259
255259
255190
255186
255177
255153
255111
255107
255107
255081
255078
255047
255009
254978
254976
254958
254923
254908
254869
254842
254818
254800
254789
254787
254758
254735
254694
254666
254636
254612
254609
254578
254534
254532
254514
254507
254506
254477
254467
254413
254352
254349
254342
254314
254302
254294
254294
254277
254272
254253
254193
254136
254128
254088
254085
254011
254000
253976
253967
253950
253950
253947
253922
253912
253909
253875
253869
253856
253841
253812
253797
253796
253771
253761
253687
253668
253645
253576
253553
253508
253475
253396
253367
253346
253343
253308
253279
253248
253242
253242
253223
253223
253217
253214
253203
253165
253159
253140
253130
253127
253116
253112
253097
253092
253082
253075
253074
253071
253068
253032
253029
252968
252958
252936
252910
252894
252852
252848
252825
252823
252775
252763
252759
252734
252699
252653
252608
252607
252607
252600
252590
252588
252573
252563
252552
252539
252522
252522
252518
252481
252471
252463
252459
252447
252441
252438
252417
252387
252347
252332
252301
252233
252224
252217
252216
252207
252181
252160
252146
252115
252083
252040
252025
252021
251990
251983
251975
251950
251942
251937
251934
251883
251883
251868
251864
251834
251825
251819
251815
251789
251774
251769
251753
251718
251704
251601
251595
251576
251549
251536
251518
251500
251489
251450
251449
251439
251416
251379
251355
251323
251310
251306
251289
251286
251265
251260
251258
251257
251246
251229
251218
251199
251196
251146
251145
251134
251129
251123
251121
251096
251072
251069
251061
251056
251045
251028
250995
250993
250949
250901
250891
250887
250867
250843
250834
250813
250783
250764
250742
250740
250714
250700
250670
250656
250625
250607
250551
250550
250515
250496
250484
250476
250443
250408
250384
250373
250334
250311
250298
250279
250265
250254
250250
250183
250169
250163
250154
250125
250104
250055
250051
250032
250027
250026
249963
249953
249941
249926
249900
249891
249852
249823
249807
249767
249764
249723
249702
249662
249646
249641
249633
249602
249591
249587
249578
249514
249511
249478
249475
249453
249419
249287
249257
249250
249208
249176
249169
249153
249130
249125
249095
249078
249076
249043
249033
249029
248972
248962
248960
248939
248915
248914
248898
248870
248861
248860
248816
248798
248759
248740
248715
248705
248685
248684
248661
248622
248588
248574
248535
248519
248513
248512
248500
248494
248459
248442
248403
248355
248334
248292
248277
248268
248244
248211
248199
248178
248175
248147
248142
248140
248129
248109
248106
248099
248099
248098
248089
248080
248036
248007
247971
247957
247896
247894
247891
247833
247748
247718
247717
247711
247683
247681
247668
247652
247623
247588
247576
247566
247537
247500
247477
247434
247413
247395
247391
247370
247366
247344
247290
247241
247241
247241
247230
247205
247174
247158
247152
247143
247113
247097
247073
247024
247019
247010
247007
246949
246933
246928
246923
246922
246833
246827
246801
246782
246762
246758
246741
246725
246675
246629
246614
246597
246581
246573
246567
246560
246550
246485
246477
246470
246457
246449
246429
246422
246420
246399
246346
246329
246275
246252
246245
246208
246187
246156
246126
246109
246101
246097
246069
246056
246016
246015
246009
245962
245943
245877
245836
245810
245797
245773
245762
245760
245758
245745
245745
245738
245738
245737
245736
245686
245680
245679
245580
245574
245560
245539
245465
245439
245390
245383
245371
245370
245359
245340
245297
245290
245243
245233
245150
245133
245119
245111
245099
245083
245050
245035
245017
245015
245014
245012
244996
244961
244873
244859
244849
244848
244836
244800
244776
244753
244733
244707
244691
244682
244646
244643
244607
244598
244574
244553
244537
244507
244504
244500
244477
244452
244446
244405
244402
244399
244379
244378
244358
244334
244323
244320
244320
244293
244258
244228
244220
244215
244214
244203
244135
244124
244106
243999
243989
243966
243956
243940
243931
243922
243899
243867
243842
243816
243811
243811
243787
243784
243777
243767
243761
243703
243691
243681
243665
243655
243642
243641
243608
243605
243549
243516
243485
243474
243471
243421
243401
243351
243343
243342
243334
243328
243265
243245
243215
243207
243180
243138
243109
243100
243071
243044
243033
243028
243015
242975
242951
242946
242941
242926
242904
242865
242861
242829
242814
242812
242794
242792
242771
242678
242674
242601
242586
242565
242547
242542
242511
242502
242488
242471
242452
242449
242445
242445
242442
242426
242422
242415
242395
242389
242375
242308
242305
242296
242203
242201
242176
242169
242163
242133
242115
242106
242097
242097
242089
242052
242048
242043
242021
241991
241948
241940
241936
241868
241865
241858
241854
241814
241808
241791
241791
241743
241706
241698
241679
241640
241614
241606
241598
241597
241577
241527
241522
241520
241512
241508
241483
241476
241469
241434
241432
241427
241382
241375
241367
241350
241348
241322
241316
241313
241246
241224
241211
241210
241187
241177
241166
241155
241144
241143
241131
241125
241123
241118
241095
241084
241073
241060
240989
240985
240962
240918
240863
240854
240803
240797
240762
240744
240622
240622
240615
240615
240584
240557
240541
240535
240523
240480
240467
240452
240416
240338
240305
240270
240261
240242
240216
240204
240198
240178
240171
240138
240123
240117
240093
240090
240070
240049
240041
240024
240008
239979
239966
239961
239940
239906
239883
239881
239880
239806
239765
239746
239742
239741
239741
239714
239698
239679
239667
239662
239638
239626
239589
239566
239555
239516
239495
239481
239470
239452
239411
239408
239324
239322
239281
239265
239241
239227
239216
239180
239164
239149
239141
239112
239105
239048
239031
238964
238955
238955
238925
238904
238894
238890
238890
238882
238877
238867
238847
238824
238807
238788
238776
238754
238752
238746
238726
238725
238717
238697
238686
238676
238639
238617
238617
238605
238586
238575
238556
238521
238513
238505
238493
238443
238384
238373
238353
238348
238326
238313
238300
238292
238273
238269
238261
238209
238205
238204
238177
238152
238124
238119
238115
238110
238099
238085
238052
238016
237999
237995
237959
237929
237899
237899
237880
237875
237872
237871
237868
237865
237806
237800
237780
237754
237748
237747
237746
237725
237651
237649
237641
237633
237616
237610
237594
237591
237581
237569
237567
237550
237542
237527
237511
237496
237494
237414
237376
237369
237356
237257
237245
237172
237129
237125
237105
237091
237086
237064
237051
237028
237027
237021
237017
236989
236983
236928
236888
236874
236845
236819
236804
236776
236773
236761
236737
236673
236666
236651
236639
236627
236596
236543
236497
236482
236475
236474
236473
236469
236453
236446
236444
236385
236384
236372
236368
236346
236318
236309
236282
236267
236185
236173
236153
236121
236111
236109
236063
236039
236022
236014
236005
235936
235935
235907
235899
235835
235830
235783
235719
235688
235685
235684
235681
235671
235659
235642
235601
235586
235553
235465
235413
235386
235310
235300
235290
235286
235267
235265
235256
235248
235244
235224
235197
235119
235063
235056
235051
235045
235026
235021
235001
234986
234977
234973
234941
234921
234901
234891
234881
234855
234839
234819
234795
234759
234721
234689
234652
234640
234615
234606
234559
234556
234535
234491
234463
234444
234440
234427
234415
234393
234353
234329
234325
234305
234299
234290
234276
234256
234247
234201
234193
234158
234147
234117
234096
234070
234009
233933
233895
233893
233887
233883
233878
233875
233831
233820
233800
233772
233741
233727
233724
233669
233664
233647
233630
233619
233593
233580
233575
233562
233535
233524
233523
233470
233469
233461
233445
233336
233323
233292
233258
233222
233217
233168
233164
233157
233098
233065
233039
233002
232994
232985
232953
232929
232919
232907
232902
232877
232849
232743
232733
232691
232678
232656
232656
232649
232640
232639
232616
232581
232578
232575
232553
232533
232530
232475
232466
232425
232424
232418
232367
232349
232343
232337
232295
232262
232227
232203
232192
232181
232168
232151
232136
232119
232105
232075
232074
231985
231971
231955
231954
231948
231937
231927
231918
231913
231890
231882
231859
231854
231849
231839
231838
231836
231780
231770
231761
231757
231754
231750
231727
231709
231696
231694
231687
231664
231644
231639
231524
231511
231476
231463
231453
231451
231451
231437
231436
231432
231422
231323
231281
231279
231229
231223
231208
231204
231174
231173
231170
231110
231108
231088
231077
231061
231032
231026
231013
230982
230939
230930
230886
230878
230837
230779
230722
230712
230705
230705
230699
230686
230682
230675
230666
230659
230635
230604
230587
230571
230540
230516
230511
230465
230458
230432
230428
230365
230347
230344
230301
230298
230273
230229
230188
230163
230101
230074
230067
230049
230025
230022
230007
230002
229953
229951
229931
229925
229885
229872
229859
229847
229842
229836
229825
229789
229787
229782
229776
229776
229767
229739
229732
229711
229658
229640
229637
229623
229573
229544
229536
229534
229532
229525
229512
229484
229446
229441
229413
229401
229387
229371
229345
229340
229304
229293
229292
229239
229229
229226
229219
229214
229211
229198
229168
229140
229137
229085
229081
229033
229018
229011
228971
228959
228956
228891
228888
228861
228789
228753
228739
228696
228687
228619
228615
228591
228531
228519
228475
228475
228434
228420
228414
228410
228380
228363
228325
228322
228292
228263
228254
228220
228210
228189
228181
228173
228171
228163
228159
228146
228141
228133
228101
228092
228005
228000
227993
227988
227977
227953
227917
227897
227879
227876
227834
227832
227786
227785
227776
227746
227744
227736
227730
227729
227713
227671
227663
227641
227636
227581
227577
227572
227527
227524
227517
227515
227501
227490
227458
227457
227416
227358
227349
227341
227311
227300
227291
227285
227249
227239
227230
227167
227116
227114
227110
227085
227080
227048
227048
227047
227039
227023
227018
227012
226972
226958
226926
226918
226893
226854
226849
226840
226832
226797
226759
226748
226745
226704
226704
226690
226683
226648
226612
226610
226570
226537
226523
226487
226461
226433
226425
226422
226399
226385
226364
226321
226317
226268
226260
226256
226180
226176
226155
226117
226101
226095
226084
226077
226060
226055
226050
226046
226032
226028
225989
225946
225911
225906
225883
225878
225838
225803
225783
225699
225691
225687
225669
225667
225648
225643
225642
225617
225584
225554
225542
225538
225527
225422
225388
225373
225368
225330
225287
225283
225267
225233
225186
225174
225120
225114
225112
225088
225047
225042
225041
225036
225036
225024
225019
225015
224978
224959
224936
224936
224935
224922
224892
224883
224878
224852
224852
224800
224794
224777
224774
224768
224749
224739
224723
224698
224679
224673
224660
224623
224570
224558
224535
224483
224459
224429
224409
224219
224204
224180
224175
224173
224166
224165
224158
224126
224115
224104
224095
224080
224076
224067
224061
224049
224048
224036
223975
223974
223966
223965
223955
223859
223833
223824
223821
223798
223761
223745
223660
223654
223628
223608
223597
223588
223562
223561
223557
223547
223544
223539
223537
223522
223504
223416
223390
223390
223384
223346
223332
223291
223278
223238
223202
223199
223066
223012
223009
223009
223007
222996
222978
222978
222970
222961
222941
222936
222866
222862
222851
222804
222790
222757
222681
222670
222644
222571
222561
222531
222524
222473
222461
222446
222427
222354
222350
222332
222330
222313
222307
222296
222295
222283
222265
222246
222207
222204
222201
222178
222123
222080
222056
222027
222016
221988
221988
221976
221963
221951
221948
221927
221924
221915
221886
221879
221874
221825
221786
221746
221727
221643
221628
221616
221612
221603
221583
221573
221561
221545
221517
221499
221491
221477
221470
221466
221443
221428
221425
221401
221398
221328
221295
221258
221242
221231
221189
221169
221164
221076
221054
221053
221036
221035
221009
220996
220934
220932
220926
220917
220912
220882
220876
220865
220811
220805
220800
220769
220754
220753
220748
220747
220727
220701
220691
220687
220651
220640
220637
220632
220626
220622
220514
220496
220470
220457
220439
220407
220399
220397
220367
220353
220320
220314
220263
220225
220224
220219
220215
220196
220191
220136
220133
220114
220109
220109
220084
220044
220040
220035
219987
219960
219929
219900
219894
219865
219853
219843
219829
219810
219809
219784
219777
219768
219765
219760
219745
219732
219711
219702
219690
219662
219612
219609
219600
219571
219568
219565
219514
219499
219496
219491
219474
219444
219428
219426
219371
219313
219304
219291
219279
219278
219276
219259
219250
219248
219242
219227
219215
219210
219197
219188
219152
219150
219133
219110
219066
219052
219031
219027
219021
218978
218974
218972
218972
218959
218955
218942
218939
218920
218902
218868
218838
218815
218763
218761
218723
218699
218681
218674
218649
218641
218633
218556
218539
218469
218443
218442
218415
218404
218384
218373
218371
218360
218358
218325
218306
218286
218281
218262
218256
218242
218224
218118
218089
218087
218073
218071
218022
217968
217963
217944
217895
217891
217881
217839
217824
217804
217795
217787
217771
217757
217753
217749
217734
217723
217721
217720
217687
217686
217623
217608
217573
217547
217543
217530
217528
217515
217466
217458
217452
217439
217417
217400
217358
217344
217316
217311
217285
217245
217239
217235
217210
217192
217155
217155
217149
217122
217120
217096
217084
217047
217004
216972
216971
216933
216933
216919
216846
216831
216815
216806
216798
216739
216732
216691
216689
216664
216657
216639
216610
216542
216510
216474
216417
216387
216366
216364
216352
216346
216326
216309
216274
216247
216216
216155
216153
216141
216101
216088
216082
216065
216064
216041
216036
216013
215999
215988
215978
215959
215940
215919
215908
215901
215891
215890
215854
215831
215718
215644
215634
215621
215611
215606
215600
215492
215482
215481
215446
215443
215420
215302
215241
215212
215192
215172
215172
215138
215116
215073
215030
214947
214925
214924
214918
214897
214878
214876
214842
214819
214805
214784
214739
214728
214718
214622
214621
214580
214541
214539
214526
214481
214450
214396
214379
214339
214303
214286
214286
214280
214275
214270
214264
214260
214246
214235
214227
214173
214162
214127
214114
214112
214095
214090
214085
214074
214073
214062
214057
214040
213994
213976
213948
213947
213923
213886
213878
213862
213860
213833
213804
213794
213785
213754
213727
213653
213646
213637
213634
213617
213582
213578
213545
213541
213534
213516
213512
213507
213465
213430
213408
213387
213348
213303
213295
213292
213250
213241
213225
213207
213204
213190
213183
213083
213040
213025
212964
212912
212907
212898
212894
212890
212871
212871
212870
212853
212814
212765
212728
212723
212684
212668
212637
212625
212618
212617
212579
212560
212531
212478
212464
212463
212445
212443
212417
212400
212370
212329
212281
212266
212209
212200
212181
212146
212122
212101
212086
212070
212031
212027
212026
212023
212003
211984
211944
211889
211885
211876
211843
211811
211809
211794
211787
211763
211701
211684
211673
211663
211650
211631
211461
211459
211454
211441
211435
211400
211396
211395
211373
211356
211352
211337
211311
211309
211248
211245
211237
211232
211223
211216
211192
211163
211142
211140
211118
211086
211076
211074
211072
211046
211003
210975
210943
210942
210918
210895
210891
210879
210865
210859
210856
210852
210848
210820
210815
210790
210759
210697
210676
210673
210652
210636
210600
210570
210552
210521
210506
210504
210501
210496
210466
210456
210443
210422
210404
210380
210373
210342
210330
210301
210259
210258
210251
210233
210201
210179
210152
210121
210115
210064
210063
209989
209966
209962
209887
209883
209868
209856
209847
209828
209828
209812
209782
209774
209770
209748
209730
209724
209703
209649
209616
209608
209568
209491
209473
209459
209422
209331
209291
209237
209234
209210
209201
209188
209182
209180
209173
209127
209113
209091
209082
209081
209049
209041
209024
209021
209018
209003
208978
208950
208940
208909
208901
208843
208836
208830
208797
208797
208688
208615
208563
208514
208497
208495
208448
208436
208360
208339
208275
208219
208216
208200
208192
208165
208147
208131
208128
208044
208021
207998
207995
207968
207959
207930
207894
207888
207872
207871
207846
207809
207806
207791
207785
207757
207716
207673
207648
207640
207633
207618
207607
207596
207574
207544
207539
207507
207490
207470
207427
207410
207401
207377
207377
207290
207262
207258
207238
207233
207230
207225
207219
207200
207193
207193
207170
207150
207108
207104
207086
207072
207055
207026
207012
206954
206894
206871
206866
206791
206781
206781
206765
206763
206755
206754
206744
206737
206703
206661
206622
206614
206604
206555
206528
206525
206503
206493
206468
206464
206401
206398
206397
206389
206365
206356
206338
206329
206305
206286
206279
206251
206234
206222
206200
206121
206110
206101
206085
206069
206045
206040
206026
205996
205968
205897
205880
205870
205849
205803
205797
205776
205775
205721
205709
205670
205640
205626
205586
205584
205541
205523
205520
205432
205432
205413
205278
205241
205158
205137
205133
205087
205055
205020
204981
204912
204888
204855
204837
204797
204794
204791
204790
204746
204745
204718
204639
204634
204620
204616
204604
204590
204585
204542
204535
204503
204497
204483
204474
204445
204397
204393
204385
204372
204320
204317
204312
204303
204299
204288
204252
204217
204207
204176
204175
204173
204164
204158
204155
204128
204096
204084
204080
204009
203999
203986
203978
203968
203940
203930
203928
203923
203906
203836
203835
203807
203807
203755
203741
203738
203726
203695
203667
203645
203632
203580
203547
203516
203514
203498
203483
203474
203459
203452
203433
203414
203406
203384
203381
203376
203355
203345
203345
203265
203262
203256
203252
203237
203220
203220
203166
203156
203147
203142
203115
203106
203101
203093
203090
203084
203026
203024
203015
202935
202912
202911
202876
202865
202855
202839
202836
202825
202822
202815
202794
202767
202755
202755
202750
202748
202738
202726
202701
202697
202697
202642
202634
202596
202554
202522
202483
202474
202470
202465
202460
202412
202407
202389
202361
202355
202335
202290
202287
202278
202266
202243
202222
202212
202205
202196
202180
202165
202159
202150
202134
202127
202126
202097
202094
202082
202013
202007
202005
201955
201935
201930
201859
201828
201797
201791
201780
201773
201748
201731
201712
201709
201623
201617
201595
201594
201591
201579
201577
201567
201557
201555
201540
201521
201519
201487
201476
201476
201472
201458
201439
201419
201408
201392
201391
201374
201325
201324
201318
201239
201217
201214
201180
201176
201170
201139
201137
201120
201111
201029
201022
200992
200961
200918
200898
200894
200864
200829
200817
200798
200788
200754
200746
200739
200722
200686
200654
200631
200615
200610
200591
200590
200579
200490
200484
200475
200467
200466
200455
200428
200396
200391
200366
200302
200273
200214
200173
200167
200167
200127
200114
200069
200068
200049
200036
200008
199984
199970
199953
199906
199891
199888
199882
199854
199835
199776
199761
199747
199740
199712
199690
199665
199629
199623
199601
199572
199571
199565
199561
199552
199545
199531
199500
199497
199495
199438
199410
199397
199327
199300
199256
199252
199241
199230
199225
199205
199189
199175
199173
199173
199154
199110
199102
199048
199039
199033
199029
199017
199002
198966
198946
198914
198909
198901
198838
198837
198836
198822
198802
198786
198773
198750
198747
198746
198738
198705
198700
198696
198661
198641
198590
198578
198555
198552
198543
198535
198533
198531
198515
198508
198490
198424
198402
198386
198384
198347
198279
198255
198221
198220
198186
198185
198178
198177
198161
198159
198130
198120
198098
198064
198010
197999
197994
197959
197950
197934
197925
197855
197845
197821
197812
197782
197765
197699
197680
197630
197612
197612
197478
197472
197433
197407
197405
197405
197404
197392
197386
197384
197378
197376
197374
197362
197340
197304
197291
197238
197237
197216
197210
197206
197202
197198
197192
197186
197175
197174
197164
197164
197130
197094
197054
197050
196969
196940
196917
196915
196857
196823
196811
196807
196794
196792
196783
196746
196727
196714
196698
196648
196644
196641
196630
196614
196607
196538
196485
196426
196419
196400
196396
196336
196330
196289
196266
196255
196197
196186
196175
196164
196150
196146
196137
196035
196025
196007
196007
196000
195998
195981
195957
195956
195955
195954
195928
195901
195870
195821
195781
195770
195750
195750
195707
195695
195683
195682
195619
195600
195597
195543
195540
195540
195533
195529
195529
195514
195505
195487
195420
195411
195405
195399
195386
195381
195373
195341
195334
195328
195317
195300
195265
195222
195191
195179
195156
195151
195136
195119
195118
195115
195108
195102
195050
195037
195030
195005
194954
194924
194864
194861
194861
194816
194787
194780
194736
194729
194727
194724
194713
194629
194611
194590
194589
194580
194563
194552
194523
194493
194412
194398
194388
194387
194319
194313
194294
194272
194254
194177
194175
194171
194150
194150
194127
194043
194042
194032
193922
193907
193907
193895
193892
193890
193883
193846
193840
193832
193800
193788
193769
193674
193648
193639
193600
193591
193557
193513
193482
193452
193426
193382
193357
193348
193332
193306
193298
193243
193233
193193
193151
193137
193109
193100
193058
193049
193048
193044
193036
192947
192945
192942
192926
192919
192907
192883
192838
192810
192796
192787
192776
192776
192758
192695
192676
192670
192659
192657
192608
192578
192562
192523
192490
192471
192463
192442
192415
192398
192389
192364
192345
192282
192271
192229
192206
192195
192184
192168
192159
192147
192129
192088
192051
192045
192033
192021
191979
191942
191919
191870
191870
191818
191740
191717
191707
191657
191656
191642
191628
191623
191613
191583
191571
191493
191490
191480
191384
191372
191355
191336
191333
191324
191323
191322
191280
191242
191237
191201
191199
191167
191142
191134
191134
191112
191084
190999
190998
190997
190966
190928
190882
190881
190832
190826
190823
190813
190772
190770
190767
190733
190727
190721
190695
190666
190664
190656
190638
190635
190621
190580
190559
190555
190522
190471
190448
190448
190438
190429
190428
190422
190353
190348
190322
190303
190299
190294
190281
190269
190265
190233
190179
190154
190153
190135
190093
190083
190026
189999
189981
189968
189949
189943
189940
189940
189936
189926
189909
189905
189891
189845
189825
189734
189625
189624
189623
189620
189587
189576
189571
189570
189539
189537
189534
189523
189450
189435
189380
189374
189345
189341
189312
189290
189282
189259
189253
189241
189204
189192
189164
189146
189145
189112
189058
189058
189038
189031
189021
188985
188974
188973
188964
188962
188933
188889
188865
188862
188837
188830
188807
188753
188753
188730
188688
188673
188656
188628
188577
188547
188431
188397
188371
188338
188328
188321
188321
188296
188296
188265
188261
188213
188212
188207
188134
188106
188106
188098
188084
188083
188077
188050
188048
188046
188045
188024
187971
187885
187864
187857
187839
187815
187765
187760
187734
187725
187688
187685
187669
187647
187629
187627
187580
187556
187550
187539
187534
187518
187443
187413
187402
187400
187370
187365
187340
187339
187338
187334
187323
187303
187293
187287
187282
187265
187260
187255
187242
187222
187199
187186
187093
187090
187072
187066
187041
186994
186947
186944
186875
186868
186862
186846
186845
186822
186821
186813
186807
186797
186796
186779
186764
186739
186718
186699
186685
186667
186661
186658
186656
186648
186639
186599
186596
186576
186574
186545
186541
186528
186519
186511
186496
186477
186407
186389
186388
186378
186354
186320
186304
186278
186222
186215
186198
186188
186110
186091
186090
186075
186064
186054
186035
186027
186019
186014
185990
185980
185968
185966
185949
185939
185915
185896
185882
185835
185821
185818
185813
185800
185781
185779
185774
185710
185691
185647
185609
185568
185557
185496
185489
185483
185474
185426
185404
185376
185375
185365
185334
185268
185211
185150
185092
185090
185080
185072
185063
185047
184991
184946
184904
184896
184882
184876
184826
184800
184782
184767
184732
184663
184642
184642
184618
184616
184606
184576
184551
184547
184514
184479
184458
184351
184347
184326
184314
184312
184300
184279
184274
184271
184245
184226
184203
184173
184169
184168
184164
184145
184048
184024
184005
183891
183823
183819
183818
183809
183767
183762
183753
183743
183720
183658
183649
183629
183606
183560
183558
183546
183463
183457
183451
183434
183434
183367
183361
183361
183331
183325
183325
183303
183303
183273
183252
183250
183245
183243
183234
183229
183207
183191
183158
183153
183077
183069
183068
183058
183040
182947
182920
182899
182868
182787
182772
182685
182674
182667
182662
182656
182629
182611
182600
182592
182559
182529
182518
182505
182503
182465
182465
182445
182441
182418
182407
182382
182272
182220
182216
182168
182120
182119
182100
182059
182055
182053
182040
182001
181945
181925
181922
181921
181869
181862
181832
181820
181816
181792
181773
181729
181710
181678
181643
181641
181624
181621
181614
181592
181527
181522
181516
181457
181451
181420
181420
181390
181383
181365
181336
181330
181255
181191
181190
181183
181183
181126
181111
181107
181105
181101
181058
181053
181044
181011
181007
180997
180963
180953
180940
180932
180921
180895
180841
180835
180835
180735
180732
180703
180687
180662
180640
180640
180619
180612
180581
180553
180498
180494
180490
180453
180446
180430
180394
180383
180381
180373
180361
180345
180342
180333
180328
180328
180317
180277
180273
180231
180215
180213
180210
180200
180184
180122
180119
180109
180103
180103
180095
180061
180008
180005
180003
179972
179966
179917
179913
179894
179890
179868
179858
179806
179801
179770
179752
179751
179745
179653
179643
179625
179618
179589
179559
179500
179480
179425
179405
179373
179366
179345
179314
179309
179303
179301
179296
179296
179285
179280
179276
179257
179212
179167
179159
179140
179126
179124
179107
179106
179088
179079
179068
179044
179005
179005
178992
178947
178939
178912
178898
178885
178877
178873
178862
178857
178839
178788
178788
178781
178780
178769
178739
178713
178702
178669
178611
178604
178600
178594
178588
178579
178565
178556
178548
178544
178532
178526
178521
178503
178480
178397
178378
178371
178351
178346
178326
178307
178281
178270
178260
178223
178217
178213
178197
178185
178164
178161
178143
178096
178090
178064
178063
178047
178046
178037
177965
177929
177918
177915
177913
177912
177903
177902
177876
177865
177862
177861
177848
177832
177786
177778
177774
177767
177705
177673
177670
177606
177587
177530
177485
177351
177332
177290
177281
177268
177218
177179
177068
177065
176998
176981
176975
176971
176933
176930
176911
176902
176897
176839
176830
176824
176818
176797
176794
176792
176781
176777
176759
176744
176732
176691
176685
176682
176666
176648
176647
176582
176581
176539
176524
176424
176392
176385
176363
176359
176358
176354
176341
176251
176247
176187
176180
176151
176105
176101
176087
176052
176039
176018
176011
175941
175939
175904
175901
175872
175865
175849
175846
175835
175767
175747
175714
175708
175671
175604
175602
175593
175589
175552
175527
175504
175492
175488
175482
175456
175433
175337
175327
175292
175289
175278
175264
175232
175222
175207
175173
175159
175154
175138
175130
175056
175045
175030
175020
175009
175006
174988
174981
174918
174856
174856
174855
174848
174823
174815
174789
174749
174741
174720
174630
174604
174583
174583
174541
174534
174530
174521
174520
174504
174496
174483
174456
174422
174420
174387
174382
174373
174373
174315
174301
174278
174250
174246
174238
174220
174211
174160
174153
174145
174144
174144
174132
174095
174056
174054
174047
174024
174003
173967
173947
173917
173903
173897
173886
173882
173864
173864
173817
173812
173812
173766
173756
173750
173742
173734
173725
173691
173670
173667
173667
173658
173655
173642
173636
173625
173588
173563
173545
173543
173536
173533
173454
173364
173330
173283
173283
173278
173268
173266
173253
173212
173201
173186
173185
173161
173146
173096
173095
173087
173073
173006
172994
172990
172877
172870
172856
172856
172842
172832
172829
172794
172787
172785
172766
172759
172754
172742
172726
172712
172704
172676
172662
172639
172632
172607
172606
172599
172591
172565
172563
172528
172517
172512
172492
172455
172442
172437
172360
172338
172327
172311
172239
172208
172199
172130
172112
172097
172081
172075
172069
171988
171963
171928
171916
171873
171857
171844
171839
171834
171788
171779
171762
171741
171700
171686
171684
171678
171676
171668
171655
171607
171600
171562
171531
171517
171500
171471
171423
171419
171379
171303
171283
171279
171272
171217
171208
171189
171189
171174
171159
171157
171134
171122
171100
171095
171077
171048
171046
171016
171004
170993
170990
170984
170972
170963
170933
170904
170834
170821
170773
170754
170748
170743
170721
170692
170637
170593
170548
170540
170538
170537
170515
170515
170485
170465
170458
170417
170416
170413
170389
170376
170375
170355
170350
170342
170337
170328
170321
170293
170275
170275
170169
170159
170106
170081
170070
170036
170030
170028
170018
169979
169974
169973
169962
169951
169947
169943
169942
169940
169908
169862
169857
169823
169801
169792
169783
169779
169776
169776
169766
169760
169754
169735
169706
169699
169697
169681
169673
169650
169623
169622
169614
169611
169570
169528
169514
169493
169455
169425
169424
169421
169402
169394
169352
169325
169272
169270
169257
169241
169229
169199
169196
169187
169182
169181
169179
169148
169139
169135
169113
169109
169085
169059
169048
169016
169004
168988
168950
168939
168936
168904
168885
168884
168878
168858
168842
168824
168816
168804
168783
168758
168756
168754
168751
168744
168731
168730
168680
168665
168655
168627
168585
168573
168522
168483
168447
168408
168405
168397
168384
168373
168356
168334
168329
168329
168310
168284
168244
168234
168232
168232
168210
168204
168166
168143
168097
168069
167998
167997
167988
167950
167916
167844
167828
167796
167784
167758
167730
167713
167704
167666
167616
167614
167605
167531
167497
167490
167479
167463
167435
167430
167428
167415
167414
167409
167392
167390
167389
167329
167263
167251
167246
167239
167230
167220
167192
167190
167170
167161
167153
167145
167091
167061
167054
167034
167027
167001
167000
166990
166972
166971
166937
166935
166932
166906
166900
166895
166887
166845
166824
166791
166787
166784
166756
166748
166743
166713
166701
166661
166639
166623
166613
166601
166583
166574
166563
166556
166556
166547
166543
166531
166526
166511
166493
166464
166396
166336
166326
166280
166268
166251
166246
166217
166212
166204
166197
166196
166196
166133
166047
166033
166001
165997
165931
165922
165903
165894
165876
165866
165863
165846
165844
165822
165815
165807
165798
165741
165740
165730
165727
165701
165678
165598
165598
165490
165439
165429
165419
165411
165403
165389
165343
165302
165300
165283
165274
165261
165258
165258
165222
165212
165197
165186
165174
165144
165099
165085
165084
165081
165060
165049
165041
165036
165000
164998
164994
164956
164948
164938
164936
164928
164909
164900
164898
164839
164831
164809
164796
164766
164736
164723
164709
164685
164655
164646
164628
164627
164620
164602
164594
164579
164564
164559
164521
164494
164493
164448
164446
164422
164390
164386
164347
164330
164294
164291
164288
164286
164278
164276
164274
164215
164201
164167
164159
164121
164097
164096
164087
164081
164025
164019
164007
163988
163957
163887
163822
163791
163772
163771
163711
163681
163676
163664
163624
163591
163536
163530
163519
163499
163483
163476
163475
163448
163414
163397
163343
163309
163286
163237
163235
163191
163174
163158
163155
163136
163129
163115
163095
163091
163068
163039
163010
162999
162996
162995
162984
162966
162922
162918
162911
162867
162830
162804
162799
162783
162748
162741
162737
162699
162694
162672
162665
162644
162633
162618
162596
162582
162554
162545
162535
162512
162499
162497
162481
162479
162474
162439
162391
162390
162342
162329
162299
162279
162278
162273
162238
162216
162214
162207
162206
162202
162198
162183
162182
162175
162174
162165
162162
162125
162095
162083
162050
162030
162021
162016
162010
162008
161972
161908
161833
161811
161796
161792
161764
161758
161746
161732
161720
161713
161711
161691
161664
161653
161636
161623
161606
161601
161592
161589
161566
161520
161508
161490
161451
161443
161442
161422
161422
161421
161369
161346
161339
161337
161260
161238
161238
161220
161209
161209
161200
161177
161152
161125
161103
161042
161021
161018
160982
160973
160972
160945
160915
160915
160881
160870
160824
160774
160759
160741
160709
160703
160659
160653
160609
160597
160569
160518
160494
160463
160446
160421
160347
160320
160290
160281
160278
160265
160249
160229
160213
160157
160141
160126
160089
160087
160083
160081
160050
160039
160024
159929
159876
159827
159825
159811
159791
159775
159756
159711
159706
159685
159674
159672
159668
159642
159638
159632
159626
159625
159614
159597
159597
159537
159534
159362
159345
159331
159295
159252
159236
159227
159206
159191
159176
159173
159165
159164
159143
159119
159104
159095
159085
159071
159064
159048
159046
159027
159026
159025
159002
158965
158798
158749
158723
158719
158710
158708
158688
158676
158630
158621
158607
158589
158560
158557
158545
158508
158506
158465
158435
158348
158325
158309
158305
158241
158193
158183
158154
158151
158129
158109
158072
158046
157991
157986
157957
157935
157930
157903
157903
157892
157885
157869
157869
157856
157826
157818
157787
157784
157772
157765
157705
157661
157614
157572
157560
157545
157523
157505
157504
157483
157474
157362
157328
157293
157255
157226
157220
157189
157187
157185
157182
157163
157106
157105
157083
157073
157013
156977
156973
156965
156965
156951
156944
156906
156880
156794
156780
156779
156778
156770
156767
156744
156743
156719
156703
156689
156641
156618
156596
156562
156494
156487
156467
156433
156389
156360
156320
156312
156278
156275
156273
156231
156212
156159
156134
156114
156108
156043
156038
156019
156018
156008
155981
155929
155925
155923
155882
155879
155879
155879
155866
155865
155864
155856
155788
155780
155779
155770
155753
155720
155719
155702
155638
155635
155621
155616
155609
155574
155538
155528
155525
155514
155452
155400
155363
155347
155326
155291
155286
155221
155211
155201
155198
155158
155139
155088
155081
155070
155066
155059
155055
155027
155001
154992
154950
154945
154932
154931
154914
154891
154873
154870
154869
154855
154830
154783
154781
154750
154740
154725
154661
154614
154569
154536
154530
154529
154515
154507
154459
154457
154422
154413
154407
154405
154400
154398
154395
154381
154364
154319
154315
154274
154260
154246
154240
154235
154184
154169
154156
154141
154109
154108
154094
154085
154080
154066
154045
154040
154025
154004
153993
153985
153974
153969
153955
153911
153909
153898
153895
153878
153870
153852
153816
153815
153805
153799
153746
153743
153734
153717
153707
153700
153625
153601
153521
153517
153514
153480
153472
153440
153424
153416
153408
153398
153364
153315
153308
153302
153247
153232
153230
153217
153201
153183
153124
153122
153098
153092
153090
153065
153059
153013
152993
152910
152898
152894
152872
152856
152840
152838
152815
152813
152812
152801
152788
152757
152735
152731
152729
152706
152686
152682
152679
152652
152611
152588
152580
152559
152540
152523
152508
152451
152437
152435
152402
152373
152361
152359
152342
152341
152315
152294
152284
152283
152281
152272
152247
152219
152214
152210
152171
152159
152154
152150
152140
152122
152110
152092
152090
152079
151991
151985
151967
151963
151962
151955
151945
151935
151922
151914
151900
151895
151888
151865
151864
151862
151820
151796
151795
151774
151770
151741
151683
151673
151661
151632
151594
151562
151558
151534
151524
151493
151478
151459
151458
151436
151432
151430
151414
151380
151380
151366
151342
151339
151328
151301
151287
151277
151274
151248
151209
151139
151073
151057
151040
151020
150973
150926
150896
150851
150840
150832
150782
150775
150765
150762
150758
150663
150634
150633
150610
150601
150587
150558
150556
150554
150534
150528
150521
150508
150496
150483
150456
150437
150428
150377
150282
150258
150235
150227
150212
150208
150168
150167
150163
150128
150124
150117
150115
150041
150020
150020
149971
149955
149948
149945
149863
149842
149815
149808
149807
149776
149771
149762
149762
149760
149708
149677
149673
149666
149656
149655
149644
149626
149623
149605
149573
149539
149508
149490
149483
149479
149420
149412
149401
149400
149307
149307
149270
149259
149248
149234
149231
149216
149151
149104
149039
149024
149004
148987
148979
148976
148972
148969
148931
148902
148872
148864
148847
148844
148833
148813
148811
148781
148764
148756
148732
148720
148717
148716
148677
148636
148635
148621
148562
148553
148520
148513
148492
148489
148471
148452
148431
148427
148410
148408
148384
148375
148362
148350
148314
148291
148287
148183
148173
148166
148139
148138
148128
148125
148090
148089
148065
148035
147989
147982
147974
147930
147918
147901
147878
147854
147854
147834
147817
147807
147802
147802
147793
147785
147780
147769
147761
147750
147746
147691
147690
147685
147681
147671
147661
147656
147618
147613
147612
147601
147597
147563
147555
147549
147533
147516
147511
147481
147475
147459
147430
147381
147366
147364
147362
147305
147282
147278
147268
147267
147262
147250
147211
147165
147165
147162
147082
147079
147076
147069
147065
147049
147047
147016
146993
146987
146955
146954
146934
146931
146929
146901
146846
146836
146826
146802
146792
146756
146751
146736
146725
146688
146666
146660
146616
146575
146565
146532
146525
146518
146449
146447
146420
146398
146370
146344
146338
146330
146327
146326
146314
146249
146158
146151
146128
146121
146089
146043
146035
146022
146012
146000
145990
145954
145954
145945
145909
145892
145827
145819
145818
145816
145774
145749
145729
145683
145673
145672
145658
145658
145646
145644
145622
145591
145549
145546
145533
145528
145514
145501
145412
145406
145372
145348
145322
145317
145313
145308
145307
145305
145282
145281
145236
145233
145231
145225
145222
145213
145207
145205
145179
145160
145147
145126
145100
145086
145069
145062
145058
145058
145055
145051
145043
145025
145010
144992
144991
144972
144966
144933
144879
144878
144804
144787
144687
144648
144645
144609
144607
144600
144569
144565
144526
144487
144467
144459
144453
144406
144370
144362
144357
144340
144277
144273
144256
144244
144232
144231
144215
144198
144184
144169
144156
144134
144113
144111
144089
144087
144055
144049
144046
144021
144020
143962
143932
143903
143901
143899
143853
143836
143820
143807
143802
143789
143671
143659
143561
143521
143517
143513
143499
143473
143467
143444
143432
143412
143370
143357
143342
143303
143252
143240
143218
143131
143109
143107
143097
143084
143037
143024
143016
143000
142971
142956
142954
142954
142949
142926
142907
142898
142893
142865
142849
142832
142822
142817
142807
142804
142778
142774
142763
142751
142748
142713
142658
142649
142621
142592
142533
142383
142376
142356
142328
142312
142300
142275
142225
142218
142038
142010
141976
141954
141953
141927
141889
141873
141858
141832
141823
141815
141813
141812
141812
141798
141791
141785
141783
141765
141760
141750
141733
141730
141725
141720
141710
141705
141673
141632
141600
141591
141587
141575
141575
141517
141507
141498
141380
141357
141343
141341
141332
141320
141319
141305
141295
141270
141223
141218
141214
141211
141209
141200
141197
141184
141113
141113
141111
141089
141073
141069
141061
141048
141038
141023
140960
140959
140949
140941
140898
140894
140886
140885
140856
140819
140805
140790
140777
140768
140763
140758
140758
140707
140701
140662
140590
140582
140577
140533
140507
140488
140448
140440
140416
140411
140389
140375
140368
140360
140333
140324
140313
140312
140263
140218
140159
140137
140088
140087
139981
139944
139932
139931
139912
139904
139899
139893
139877
139818
139797
139782
139740
139685
139681
139673
139568
139567
139548
139537
139536
139534
139445
139431
139412
139396
139361
139349
139321
139297
139291
139244
139237
139234
139203
139199
139173
139161
139108
139085
139085
139080
139079
139037
139021
139018
139005
139003
138982
138925
138916
138790
138770
138734
138733
138678
138674
138647
138639
138614
138613
138593
138569
138544
138536
138478
138454
138434
138397
138375
138362
138311
138255
138241
138228
138222
138187
138168
138158
138156
138142
138142
138130
138120
138102
138087
138076
138058
138046
138033
138033
138032
138018
137993
137982
137911
137910
137909
137848
137773
137767
137741
137725
137716
137656
137651
137643
137631
137598
137564
137511
137481
137462
137437
137426
137411
137405
137403
137393
137359
137351
137342
137334
137320
137302
137275
137232
137230
137217
137186
137137
137126
137083
137081
137075
137069
137034
137027
136981
136963
136946
136928
136906
136872
136862
136860
136833
136826
136803
136774
136759
136731
136711
136696
136678
136641
136636
136609
136599
136563
136469
136468
136453
136403
136383
136366
136333
136306
136295
136291
136259
136254
136235
136229
136216
136212
136178
136177
136159
136155
136147
136133
136117
136110
136080
136067
136062
136032
135996
135950
135930
135923
135852
135825
135812
135786
135742
135715
135704
135657
135632
135621
135595
135584
135582
135563
135558
135556
135518
135467
135447
135446
135434
135409
135383
135363
135299
135287
135266
135228
135198
135186
135172
135166
135166
135162
135151
135147
135123
135115
135101
135011
135009
134998
134992
134974
134944
134938
134920
134919
134842
134816
134779
134773
134773
134743
134739
134738
134720
134715
134688
134663
134631
134629
134618
134570
134426
134386
134383
134351
134342
134340
134307
134274
134264
134226
134225
134118
134103
134078
134057
134020
133935
133932
133928
133872
133861
133842
133812
133811
133795
133730
133722
133719
133715
133707
133707
133696
133696
133682
133614
133608
133604
133592
133566
133558
133540
133526
133475
133466
133451
133439
133403
133376
133334
133296
133268
133265
133264
133262
133261
133257
133248
133248
133247
133241
133231
133230
133223
133206
133196
133192
133166
133115
133089
133058
133054
133038
132975
132966
132940
132936
132894
132888
132849
132838
132828
132827
132787
132737
132706
132701
132690
132676
132675
132647
132625
132590
132590
132572
132565
132557
132554
132419
132415
132405
132353
132353
132345
132318
132312
132301
132298
132272
132265
132257
132240
132229
132204
132174
132145
132136
132119
132085
132081
132058
132020
132014
132007
131990
131978
131974
131966
131955
131919
131906
131839
131812
131803
131755
131755
131750
131676
131665
131646
131625
131623
131606
131556
131538
131537
131531
131505
131496
131464
131457
131454
131452
131447
131438
131412
131410
131403
131400
131400
131397
131395
131395
131365
131322
131310
131272
131269
131265
131223
131223
131185
131184
131174
131168
131165
131135
131133
131129
131122
131120
131078
131064
131057
131043
130982
130976
130918
130906
130893
130877
130836
130808
130803
130794
130792
130772
130728
130692
130663
130661
130610
130598
130548
130518
130496
130480
130464
130419
130416
130410
130354
130324
130284
130254
130253
130239
130174
130156
130148
130130
130124
130101
130082
130034
130028
129983
129966
129963
129948
129915
129904
129884
129883
129880
129870
129867
129866
129865
129851
129851
129847
129830
129770
129763
129754
129743
129738
129695
129683
129660
129659
129656
129647
129614
129597
129591
129590
129572
129552
129501
129481
129369
129366
129361
129350
129324
129320
129300
129266
129256
129215
129169
129159
129148
129146
129117
129114
129106
129096
129093
129067
129064
129044
129039
129039
129018
129018
128981
128962
128945
128896
128864
128850
128834
128822
128809
128771
128766
128728
128717
128706
128653
128652
128635
128630
128628
128614
128600
128597
128572
128568
128549
128548
128538
128534
128517
128502
128498
128477
128471
128470
128416
128410
128390
128328
128295
128273
128269
128266
128261
128185
128175
128171
128130
128103
128075
128062
128046
128036
128019
127937
127898
127889
127883
127879
127873
127830
127816
127784
127779
127771
127734
127716
127706
127705
127702
127681
127679
127660
127659
127635
127603
127598
127585
127584
127575
127544
127542
127542
127521
127519
127518
127515
127501
127494
127486
127474
127460
127458
127431
127379
127355
127325
127314
127294
127279
127276
127237
127235
127224
127198
127188
127183
127151
127136
127127
127101
127075
127040
127037
127013
127002
126990
126965
126964
126945
126926
126885
126859
126838
126829
126771
126768
126726
126724
126696
126685
126651
126644
126615
126586
126579
126574
126537
126526
126509
126499
126492
126479
126459
126447
126443
126441
126419
126414
126402
126398
126386
126379
126376
126371
126330
126217
126180
126167
126132
126117
126111
126066
126064
126014
125999
125987
125947
125830
125819
125785
125768
125730
125729
125729
125623
125622
125619
125605
125563
125558
125545
125510
125508
125507
125494
125483
125461
125458
125432
125426
125423
125419
125407
125387
125387
125372
125353
125353
125347
125336
125316
125312
125305
125261
125230
125179
125172
125158
125127
125117
125083
125080
125046
125040
125019
124948
124944
124929
124916
124900
124839
124739
124737
124715
124709
124692
124679
124658
124657
124603
124592
124592
124587
124565
124549
124542
124516
124507
124497
124475
124448
124424
124363
124349
124341
124334
124317
124313
124293
124272
124256
124229
124221
124211
124203
124172
124143
124134
124100
124090
124069
124043
124021
124012
123990
123936
123887
123868
123866
123866
123858
123842
123818
123805
123783
123763
123749
123735
123699
123687
123682
123681
123674
123652
123637
123578
123523
123522
123517
123495
123491
123486
123444
123438
123434
123434
123325
123324
123298
123280
123278
123277
123266
123225
123222
123188
123142
123138
123120
123062
123045
123030
123009
123005
122985
122981
122962
122949
122918
122891
122890
122884
122868
122851
122806
122784
122781
122703
122702
122695
122665
122663
122630
122627
122607
122600
122586
122585
122568
122552
122552
122550
122514
122485
122468
122427
122397
122381
122371
122345
122344
122336
122314
122308
122157
122156
122140
122124
122120
122114
122092
122054
121999
121984
121960
121948
121933
121925
121907
121904
121885
121878
121874
121869
121835
121806
121787
121766
121727
121712
121704
121692
121683
121628
121603
121584
121557
121556
121525
121473
121454
121417
121415
121405
121394
121341
121335
121335
121328
121322
121282
121272
121257
121237
121223
121218
121164
121162
121129
121116
121097
121043
121037
120997
120992
120974
120972
120952
120936
120932
120896
120889
120877
120854
120839
120826
120805
120792
120789
120789
120789
120771
120761
120748
120733
120727
120718
120717
120705
120693
120615
120592
120578
120577
120558
120552
120549
120526
120491
120481
120463
120443
120441
120435
120404
120395
120381
120379
120375
120373
120364
120358
120356
120341
120341
120257
120247
120212
120209
120203
120197
120187
120130
120121
120082
120066
120049
120043
120024
120016
119998
119992
119983
119967
119963
119928
119917
119883
119873
119868
119840
119812
119809
119801
119801
119766
119760
119732
119719
119718
119708
119682
119597
119593
119564
119523
119522
119516
119494
119479
119445
119445
119427
119396
119390
119365
119356
119318
119272
119270
119238
119154
119124
119118
119116
119094
119083
119061
119047
119046
119039
119032
118970
118970
118945
118931
118929
118926
118923
118855
118807
118797
118795
118768
118764
118763
118750
118728
118720
118695
118684
118647
118628
118604
118580
118558
118542
118521
118508
118477
118467
118402
118383
118374
118365
118343
118329
118316
118315
118305
118302
118298
118292
118256
118255
118254
118225
118207
118158
118149
118137
118117
118109
118108
118107
118101
118089
118077
118060
118031
118011
117944
117943
117931
117930
117911
117872
117867
117810
117786
117767
117761
117759
117738
117722
117718
117677
117667
117631
117611
117610
117584
117576
117567
117549
117515
117514
117508
117508
117457
117456
117420
117402
117401
117380
117361
117358
117351
117336
117303
117292
117289
117273
117226
117157
117151
117147
117123
117107
117083
117062
117033
117017
116978
116977
116974
116959
116941
116935
116917
116904
116886
116828
116784
116751
116738
116725
116690
116664
116627
116626
116609
116605
116599
116539
116538
116494
116456
116423
116406
116402
116381
116373
116370
116369
116369
116333
116299
116286
116261
116258
116247
116212
116171
116149
116137
116125
116121
116078
116077
116073
116035
116007
116000
115927
115899
115878
115861
115818
115818
115817
115793
115774
115735
115714
115711
115695
115654
115651
115635
115633
115570
115563
115540
115516
115497
115434
115391
115384
115363
115362
115352
115335
115296
115294
115281
115246
115214
115200
115196
115179
115168
115167
115162
115160
115152
115084
115082
115068
115049
115043
115013
114951
114944
114938
114889
114882
114880
114825
114814
114801
114769
114754
114741
114737
114720
114678
114625
114606
114569
114561
114560
114470
114469
114458
114457
114447
114442
114442
114404
114404
114384
114349
114348
114320
114277
114261
114256
114249
114236
114230
114197
114189
114179
114162
114135
114105
114080
114008
113942
113933
113926
113914
113850
113828
113803
113769
113763
113737
113711
113710
113698
113695
113661
113619
113617
113609
113576
113523
113520
113513
113460
113456
113452
113442
113394
113384
113345
113307
113303
113282
113249
113222
113202
113200
113183
113182
113155
113137
113130
113120
113117
113111
113107
113081
113057
113046
113038
113036
113029
113003
113002
112990
112945
112881
112873
112871
112855
112836
112818
112816
112753
112726
112676
112674
112637
112637
112619
112570
112557
112518
112502
112501
112496
112492
112477
112412
112396
112362
112356
112352
112348
112342
112335
112331
112301
112301
112262
112245
112226
112214
112188
112142
112070
112055
112008
111995
111986
111947
111914
111855
111845
111831
111823
111811
111790
111731
111717
111704
111704
111651
111648
111605
111572
111539
111536
111505
111498
111491
111471
111458
111444
111396
111377
111329
111277
111276
111268
111267
111239
111224
111198
111186
111176
111168
111103
111101
111067
110965
110959
110938
110937
110898
110874
110849
110848
110832
110823
110765
110763
110757
110727
110726
110686
110682
110681
110608
110578
110574
110550
110537
110533
110505
110483
110389
110387
110349
110347
110307
110285
110283
110266
110264
110255
110203
110200
110170
110167
110154
110117
110088
110076
110070
110069
110027
110008
110006
109978
109878
109863
109843
109833
109828
109826
109814
109777
109760
109757
109749
109745
109740
109701
109695
109680
109674
109668
109663
109637
109632
109631
109626
109618
109604
109599
109591
109584
109582
109564
109556
109546
109492
109472
109467
109450
109420
109412
109401
109319
109283
109251
109223
109194
109188
109154
109148
109110
109103
109096
109071
109030
108950
108921
108914
108859
108859
108855
108837
108819
108796
108790
108762
108747
108720
108670
108653
108633
108629
108551
108545
108543
108498
108480
108468
108465
108444
108433
108406
108371
108369
108278
108270
108260
108237
108236
108183
108170
108160
108147
108124
108120
108098
108075
108035
108011
108009
107998
107972
107970
107938
107935
107874
107860
107855
107835
107784
107739
107695
107672
107642
107634
107627
107598
107564
107560
107520
107519
107495
107481
107472
107455
107449
107449
107373
107372
107353
107344
107334
107277
107275
107228
107196
107194
107186
107183
107181
107154
107106
107104
107056
107045
107022
107012
106967
106961
106949
106946
106935
106869
106858
106830
106811
106809
106802
106775
106774
106731
106694
106678
106655
106603
106585
106533
106525
106515
106469
106406
106392
106361
106335
106295
106276
106275
106275
106272
106254
106250
106239
106220
106168
106140
106135
106122
106111
106072
106026
106020
106018
106014
106002
105998
105964
105913
105800
105794
105775
105753
105737
105687
105648
105623
105622
105577
105569
105521
105514
105479
105450
105426
105395
105378
105373
105371
105359
105329
105316
105295
105292
105291
105281
105272
105261
105252
105223
105222
105217
105210
105190
105133
105126
105105
105048
105031
105007
104998
104965
104939
104906
104887
104855
104850
104849
104848
104810
104797
104795
104793
104774
104764
104756
104752
104745
104713
104708
104645
104642
104631
104586
104565
104565
104502
104487
104479
104462
104424
104414
104386
104340
104336
104333
104325
104323
104290
104279
104265
104202
104181
104174
104134
104125
104057
104049
104045
103940
103934
103909
103908
103902
103853
103811
103788
103780
103738
103734
103726
103672
103662
103645
103606
103517
103476
103468
103463
103462
103454
103424
103370
103310
103247
103205
103170
103159
103145
103117
103105
103083
103075
103048
103048
103010
102964
102917
102864
102853
102821
102814
102794
102762
102750
102716
102679
102679
102677
102631
102629
102629
102623
102602
102562
102554
102541
102507
102448
102437
102431
102425
102413
102412
102378
102373
102318
102290
102273
102194
102168
102156
102155
102124
102117
102103
102098
102094
102076
102003
101977
101951
101937
101873
101840
101825
101816
101804
101791
101789
101741
101698
101690
101682
101680
101670
101646
101638
101622
101613
101579
101486
101475
101421
101410
101397
101393
101377
101362
101361
101352
101295
101271
101254
101250
101225
101212
101108
101104
101092
101057
101043
101024
101011
100998
100979
100973
100898
100890
100886
100882
100869
100866
100856
100847
100811
100779
100755
100748
100720
100694
100663
100651
100633
100632
100604
100561
100549
100522
100484
100465
100453
100425
100401
100386
100352
100326
100309
100273
100268
100210
100198
100188
100169
100168
100148
100122
100120
100081
100073
100031
100008
99963
99955
99893
99890
99862
99814
99786
99777
99760
99713
99712
99706
99672
99671
99593
99585
99583
99581
99574
99548
99541
99537
99495
99421
99403
99388
99384
99369
99342
99316
99292
99284
99276
99257
99240
99229
99212
99204
99177
99177
99175
99169
99099
99089
99088
99088
99086
99083
99078
99070
99068
98994
98993
98954
98951
98935
98930
98875
98874
98859
98813
98805
98719
98719
98702
98692
98624
98617
98598
98577
98576
98570
98560
98543
98491
98468
98455
98429
98370
98356
98356
98321
98311
98311
98301
98291
98290
98288
98283
98268
98241
98240
98217
98211
98176
98175
98160
98132
98127
98114
98086
98064
98051
98043
98034
97976
97975
97974
97966
97941
97941
97918
97878
97855
97821
97815
97804
97798
97761
97751
97724
97718
97703
97675
97650
97645
97617
97615
97600
97582
97566
97560
97483
97474
97445
97375
97360
97359
97354
97345
97303
97296
97281
97264
97256
97228
97212
97210
97160
97126
97118
97113
97084
97074
97040
97031
97012
97007
96960
96948
96911
96900
96880
96868
96862
96849
96847
96843
96805
96803
96797
96781
96766
96745
96739
96724
96717
96707
96681
96679
96677
96642
96606
96604
96602
96538
96521
96507
96502
96497
96494
96487
96470
96402
96375
96338
96329
96283
96279
96266
96241
96239
96223
96155
96148
96141
96141
96132
96073
96071
96067
96053
96041
96006
96005
95999
95971
95956
95929
95919
95885
95877
95874
95853
95847
95835
95814
95773
95714
95713
95620
95609
95603
95595
95584
95575
95518
95510
95497
95484
95456
95421
95416
95409
95381
95339
95316
95284
95221
95198
95169
95139
95120
95098
95093
95035
95029
95005
95003
94996
94989
94978
94969
94922
94921
94915
94905
94896
94842
94832
94826
94812
94806
94787
94783
94783
94766
94753
94743
94709
94701
94662
94658
94625
94593
94574
94516
94459
94443
94439
94429
94404
94403
94398
94375
94345
94328
94288
94239
94193
94171
94128
94095
94093
94088
94070
94035
94031
94011
93991
93983
93975
93956
93953
93880
93856
93819
93730
93730
93696
93686
93672
93652
93643
93609
93584
93572
93555
93552
93539
93526
93491
93488
93476
93453
93401
93384
93372
93347
93311
93200
93194
93155
93133
93098
93098
93082
93048
93037
93030
92995
92931
92925
92903
92878
92862
92852
92823
92787
92783
92777
92775
92770
92753
92747
92741
92730
92702
92619
92600
92583
92570
92510
92474
92438
92419
92400
92377
92341
92338
92334
92330
92318
92272
92262
92258
92247
92152
92150
92139
92138
92121
92102
92063
92051
92041
92019
92000
91963
91928
91923
91916
91911
91889
91870
91868
91865
91864
91853
91837
91837
91828
91798
91743
91688
91616
91609
91596
91590
91531
91515
91500
91499
91480
91476
91455
91450
91370
91354
91327
91295
91284
91277
91268
91256
91255
91252
91238
91227
91184
91170
91159
91132
91104
91099
91090
91067
91006
91004
90986
90979
90978
90929
90927
90924
90916
90858
90832
90825
90755
90740
90735
90705
90665
90643
90636
90630
90621
90599
90598
90592
90589
90587
90558
90540
90532
90521
90504
90482
90479
90447
90439
90402
90401
90397
90368
90345
90331
90290
90275
90249
90246
90182
90170
90038
90034
90021
90018
89971
89962
89957
89941
89920
89905
89875
89831
89803
89789
89783
89781
89757
89705
89668
89664
89650
89649
89633
89600
89597
89592
89587
89533
89503
89483
89471
89442
89422
89409
89400
89397
89355
89355
89316
89300
89276
89247
89245
89228
89219
89213
89205
89154
89139
89139
89123
89106
89104
89101
89091
89080
89078
89074
89046
88987
88945
88923
88913
88877
88844
88836
88835
88831
88821
88817
88788
88766
88712
88703
88690
88686
88671
88598
88560
88547
88544
88515
88453
88446
88441
88418
88394
88391
88356
88353
88341
88328
88290
88283
88279
88273
88258
88233
88228
88219
88208
88177
88158
88156
88137
88135
88123
88109
88102
88078
88075
88066
88059
88050
88014
88011
87975
87957
87944
87898
87865
87862
87851
87845
87824
87773
87769
87748
87712
87691
87663
87656
87652
87650
87641
87634
87521
87483
87479
87452
87431
87389
87357
87349
87349
87288
87257
87239
87226
87222
87220
87213
87193
87182
87173
87150
87124
87085
87061
87054
87019
86946
86902
86895
86895
86894
86889
86829
86809
86791
86788
86783
86764
86749
86748
86720
86692
86684
86652
86645
86617
86599
86552
86550
86530
86518
86439
86397
86353
86306
86259
86251
86225
86195
86173
86168
86122
86089
86089
86072
86060
86035
86029
86022
86012
86004
85997
85983
85982
85976
85940
85927
85879
85864
85860
85855
85836
85782
85782
85758
85693
85684
85674
85649
85641
85640
85637
85618
85600
85588
85588
85575
85533
85521
85518
85517
85486
85479
85474
85455
85448
85437
85412
85387
85378
85366
85349
85317
85304
85299
85274
85249
85227
85205
85179
85148
85110
85105
85105
85095
85094
85091
85031
85019
84985
84970
84967
84937
84930
84892
84879
84867
84850
84837
84834
84789
84783
84734
84647
84595
84590
84545
84536
84532
84525
84522
84490
84438
84415
84391
84388
84357
84329
84328
84305
84267
84258
84255
84251
84244
84192
84160
84115
84099
84073
84028
83960
83854
83826
83822
83820
83819
83810
83793
83754
83721
83718
83705
83696
83667
83631
83627
83616
83596
83571
83552
83480
83476
83470
83402
83380
83360
83352
83336
83334
83332
83318
83303
83302
83293
83267
83226
83194
83183
83171
83159
83055
83050
83045
83027
83018
83015
82996
82951
82920
82911
82908
82889
82879
82851
82834
82788
82686
82673
82669
82619
82607
82607
82603
82563
82498
82487
82468
82446
82437
82433
82430
82392
82303
82292
82279
82256
82248
82196
82195
82187
82167
82155
82152
82127
82048
81990
81966
81957
81944
81935
81935
81922
81890
81857
81844
81840
81838
81831
81817
81812
81721
81720
81716
81700
81683
81661
81656
81637
81615
81593
81566
81563
81554
81552
81499
81474
81465
81456
81437
81405
81366
81361
81291
81249
81247
81245
81238
81220
81191
81173
81120
81109
81103
81088
81037
80992
80983
80960
80942
80933
80905
80895
80844
80825
80809
80780
80779
80759
80756
80718
80710
80699
80685
80684
80680
80663
80663
80638
80637
80597
80593
80576
80570
80532
80529
80475
80440
80412
80398
80394
80384
80356
80349
80332
80330
80301
80300
80299
80293
80212
80207
80195
80192
80169
80162
80159
80016
80002
79997
79978
79974
79961
79959
79917
79895
79892
79842
79831
79757
79747
79735
79733
79725
79647
79546
79529
79483
79476
79447
79422
79389
79309
79232
79193
79170
79160
79154
79148
79145
79124
79072
79056
78999
78952
78906
78901
78892
78849
78835
78818
78808
78783
78776
78758
78739
78738
78697
78672
78663
78634
78622
78576
78551
78540
78509
78508
78447
78436
78418
78410
78386
78354
78354
78349
78315
78313
78308
78296
78286
78239
78218
78191
78184
78182
78181
78158
78153
78094
78050
78049
77991
77949
77935
77927
77893
77883
77880
77861
77835
77831
77817
77812
77788
77764
77763
77714
77661
77652
77637
77625
77618
77578
77577
77562
77496
77441
77437
77420
77388
77369
77357
77356
77331
77310
77304
77245
77237
77221
77219
77202
77167
77161
77154
77154
77133
77132
77096
77094
77081
77049
77047
77006
76962
76960
76953
76946
76935
76933
76920
76917
76913
76895
76851
76823
76780
76766
76720
76680
76664
76659
76635
76611
76603
76581
76549
76521
76481
76479
76459
76446
76436
76312
76262
76250
76224
76177
76177
76155
76103
76102
76079
76079
76032
76006
76006
76000
75988
75935
75922
75910
75856
75808
75807
75798
75791
75789
75783
75777
75772
75727
75724
75714
75635
75633
75606
75598
75571
75545
75544
75523
75494
75438
75436
75419
75419
75411
75409
75382
75356
75327
75299
75272
75261
75254
75248
75233
75214
75194
75104
75104
75099
75096
75056
75044
75032
75030
75024
75022
75020
75007
74989
74975
74934
74925
74872
74871
74854
74826
74810
74796
74765
74761
74753
74742
74729
74712
74698
74694
74691
74656
74608
74604
74592
74559
74534
74534
74475
74472
74448
74424
74418
74346
74303
74286
74266
74240
74233
74210
74204
74188
74168
74156
74117
74104
74090
74063
74061
74057
74046
74042
74035
74031
74006
74006
73960
73955
73945
73857
73835
73823
73818
73788
73786
73780
73768
73762
73756
73745
73697
73671
73618
73601
73595
73586
73550
73547
73517
73488
73474
73447
73371
73364
73325
73317
73303
73303
73293
73277
73250
73249
73202
73129
73099
73086
73048
73014
73000
72997
72996
72971
72963
72958
72945
72934
72858
72791
72757
72755
72752
72745
72699
72638
72617
72591
72590
72588
72575
72572
72571
72537
72531
72504
72503
72468
72467
72446
72365
72334
72299
72292
72283
72232
72221
72166
72148
72130
72130
72063
72061
72058
72033
71978
71940
71894
71847
71808
71788
71787
71761
71758
71756
71716
71687
71649
71646
71634
71604
71539
71527
71512
71469
71436
71425
71417
71395
71385
71380
71349
71302
71296
71275
71265
71263
71258
71258
71220
71201
71178
71156
71122
71108
71093
71090
71050
71032
71019
71018
70999
70950
70939
70913
70894
70891
70866
70866
70860
70853
70853
70850
70835
70825
70796
70771
70702
70697
70691
70678
70642
70640
70605
70525
70468
70457
70455
70434
70414
70366
70348
70346
70327
70286
70274
70273
70240
70238
70226
70210
70190
70170
70120
70116
70102
70046
70023
69986
69982
69969
69968
69962
69946
69931
69920
69891
69864
69850
69822
69787
69751
69741
69728
69719
69614
69606
69599
69598
69585
69569
69527
69525
69517
69498
69478
69460
69448
69404
69398
69394
69328
69310
69222
69215
69198
69192
69191
69133
69126
69106
69076
69055
69012
68991
68984
68946
68916
68902
68862
68855
68802
68799
68768
68749
68742
68708
68703
68666
68636
68611
68608
68590
68571
68555
68546
68512
68445
68439
68332
68321
68302
68292
68285
68263
68237
68179
68139
68128
68114
68110
68078
68031
67986
67984
67962
67922
67920
67919
67912
67903
67895
67848
67785
67775
67722
67659
67626
67614
67606
67597
67561
67509
67500
67486
67477
67462
67450
67413
67387
67376
67371
67335
67307
67290
67286
67271
67256
67245
67231
67223
67172
67136
67081
67061
67028
67008
66989
66961
66952
66951
66936
66892
66891
66881
66875
66819
66793
66789
66760
66747
66734
66726
66694
66676
66660
66658
66608
66543
66525
66518
66509
66499
66467
66460
66443
66437
66408
66388
66353
66301
66298
66281
66248
66226
66207
66202
66179
66161
66155
66140
66136
66131
66112
66065
66060
66009
65971
65965
65910
65863
65853
65840
65829
65826
65815
65814
65811
65765
65724
65662
65623
65601
65506
65480
65474
65458
65428
65406
65399
65284
65233
65227
65219
65211
65194
65187
65182
65179
65154
65145
65142
65130
65125
65121
65120
65072
65058
65032
65028
65017
64973
64971
64971
64969
64966
64910
64890
64812
64763
64757
64715
64701
64698
64686
64683
64668
64661
64629
64612
64596
64579
64563
64549
64546
64545
64528
64512
64506
64501
64493
64492
64480
64420
64411
64395
64394
64368
64348
64346
64341
64333
64310
64294
64237
64234
64226
64201
64158
64143
64131
64129
64105
64089
64085
64059
64040
64025
64020
63998
63996
63984
63921
63918
63857
63809
63803
63784
63779
63766
63735
63724
63706
63685
63678
63668
63657
63656
63650
63648
63629
63620
63590
63582
63581
63555
63517
63502
63493
63451
63424
63390
63380
63350
63346
63329
63309
63304
63295
63268
63215
63151
63143
63104
63098
63093
63058
63043
63021
63004
63001
62984
62974
62960
62954
62947
62946
62924
62918
62894
62888
62866
62861
62849
62846
62819
62793
62742
62725
62711
62706
62623
62619
62618
62604
62587
62577
62553
62544
62536
62525
62516
62495
62476
62474
62473
62461
62458
62427
62412
62393
62392
62377
62312
62267
62263
62252
62225
62174
62119
62103
62073
62057
62051
62041
62024
62004
61981
61971
61948
61905
61888
61880
61865
61853
61808
61796
61788
61787
61752
61731
61672
61663
61636
61622
61613
61597
61583
61580
61551
61542
61537
61525
61495
61481
61479
61478
61409
61371
61361
61356
61334
61322
61319
61298
61283
61252
61249
61246
61217
61193
61177
61131
61113
61092
61089
61086
61067
61034
61005
60968
60964
60956
60890
60881
60865
60837
60823
60784
60764
60762
60760
60752
60741
60733
60715
60702
60681
60677
60668
60641
60640
60634
60632
60632
60612
60595
60546
60544
60512
60510
60486
60472
60449
60342
60285
60243
60142
60115
60101
60090
60052
60023
59951
59948
59936
59926
59905
59887
59882
59773
59717
59682
59671
59654
59628
59624
59623
59577
59550
59529
59502
59499
59445
59358
59346
59343
59318
59311
59308
59307
59293
59293
59250
59232
59195
59175
59127
59078
59074
59068
59068
58957
58936
58885
58839
58809
58787
58759
58753
58734
58723
58704
58697
58636
58623
58617
58616
58615
58614
58568
58564
58554
58502
58381
58354
58281
58273
58273
58248
58218
58187
58158
58152
58138
58130
58129
58129
58095
58086
58053
58015
57971
57961
57957
57900
57840
57791
57736
57726
57719
57714
57695
57660
57641
57616
57614
57603
57535
57502
57492
57463
57453
57415
57411
57394
57378
57351
57349
57322
57301
57301
57297
57294
57294
57265
57252
57204
57165
57131
57123
57095
57071
57052
57043
57042
57034
57034
57017
57016
57016
56988
56937
56911
56891
56851
56822
56806
56783
56781
56741
56736
56723
56701
56665
56656
56654
56647
56604
56598
56588
56554
56531
56503
56420
56404
56363
56348
56334
56306
56277
56270
56268
56247
56231
56193
56174
56079
56051
56039
56037
55999
55988
55973
55962
55947
55930
55856
55828
55790
55754
55744
55740
55703
55693
55661
55659
55623
55609
55431
55420
55412
55409
55378
55358
55348
55333
55312
55308
55305
55287
55282
55237
55218
55213
55183
55178
55178
55166
55160
55158
55138
55132
55121
55105
55038
55027
55010
54980
54944
54940
54876
54802
54800
54718
54687
54662
54637
54634
54595
54579
54574
54554
54520
54518
54516
54515
54469
54447
54438
54431
54397
54394
54348
54334
54333
54331
54304
54300
54293
54240
54223
54221
54192
54191
54062
54011
53969
53936
53822
53816
53813
53813
53802
53793
53773
53749
53735
53724
53722
53716
53662
53639
53621
53575
53552
53523
53487
53483
53421
53362
53360
53353
53346
53317
53305
53290
53280
53278
53187
53176
53175
53153
53144
53133
53126
53083
53079
53064
53023
52943
52855
52831
52820
52817
52815
52794
52775
52768
52740
52737
52673
52663
52658
52641
52639
52618
52611
52605
52602
52595
52595
52523
52503
52471
52464
52414
52400
52377
52343
52287
52286
52281
52274
52274
52210
52167
52151
52143
52132
52100
52084
52054
52052
52031
52023
51976
51955
51951
51948
51947
51906
51887
51854
51806
51791
51782
51758
51744
51738
51728
51728
51714
51705
51697
51691
51667
51650
51604
51544
51526
51508
51486
51472
51418
51416
51406
51398
51395
51370
51364
51333
51307
51305
51301
51301
51274
51267
51257
51224
51220
51217
51215
51187
51175
51162
51139
51126
51122
51117
51071
51031
51009
50948
50937
50914
50840
50826
50824
50814
50796
50781
50781
50770
50732
50722
50722
50698
50687
50680
50676
50673
50654
50624
50616
50604
50598
50528
50519
50466
50443
50432
50426
50420
50413
50409
50366
50366
50347
50341
50330
50328
50298
50244
50231
50219
50218
50200
50198
50146
50137
50134
50132
50126
50125
50105
50060
50038
50006
50006
50002
49994
49991
49975
49953
49880
49861
49853
49843
49799
49788
49784
49755
49714
49707
49697
49694
49683
49675
49670
49642
49623
49612
49550
49524
49511
49497
49480
49459
49438
49391
49388
49373
49370
49357
49355
49348
49343
49341
49316
49302
49264
49208
49187
49169
49165
49158
49143
49139
49116
49112
49105
49021
48999
48948
48933
48932
48887
48855
48854
48839
48839
48747
48741
48725
48708
48698
48686
48668
48646
48593
48592
48592
48562
48560
48494
48485
48475
48460
48459
48446
48434
48416
48408
48400
48351
48328
48318
48311
48299
48282
48191
48158
48146
48130
48091
48024
48021
47977
47929
47921
47905
47891
47852
47839
47798
47785
47779
47771
47747
47739
47715
47706
47703
47698
47694
47665
47659
47632
47614
47597
47565
47507
47497
47485
47483
47478
47460
47413
47398
47390
47389
47387
47372
47369
47361
47293
47270
47268
47224
47201
47197
47174
47133
47117
47101
47068
47050
47039
47013
46989
46981
46931
46889
46851
46820
46812
46798
46763
46679
46667
46661
46626
46592
46580
46550
46549
46544
46530
46527
46488
46488
46483
46436
46411
46407
46376
46311
46301
46296
46295
46294
46284
46270
46268
46264
46208
46199
46198
46177
46173
46171
46152
46151
46142
46081
46058
46036
46022
46022
46018
45980
45957
45957
45957
45954
45947
45936
45926
45923
45919
45905
45898
45886
45862
45858
45820
45817
45804
45788
45770
45753
45721
45717
45704
45693
45680
45652
45644
45644
45624
45618
45596
45593
45560
45551
45539
45529
45519
45489
45445
45432
45423
45423
45388
45386
45378
45377
45368
45327
45315
45306
45284
45281
45272
45253
45253
45234
45226
45214
45213
45202
45179
45174
45091
45045
45023
45019
45011
44964
44962
44947
44890
44885
44726
44704
44662
44627
44611
44574
44534
44514
44510
44490
44480
44418
44402
44369
44366
44347
44340
44336
44284
44233
44229
44226
44191
44172
44141
44140
44113
44077
44064
44063
44043
44026
44026
43984
43982
43978
43933
43927
43911
43874
43865
43864
43821
43803
43752
43750
43722
43716
43709
43683
43666
43650
43647
43557
43544
43533
43509
43502
43496
43470
43440
43429
43424
43406
43392
43390
43350
43341
43329
43326
43316
43310
43306
43277
43228
43219
43205
43180
43147
43142
43135
43120
43115
43097
43095
43051
43023
43007
42925
42925
42884
42878
42861
42837
42812
42793
42791
42776
42756
42739
42735
42725
42704
42694
42635
42594
42589
42572
42550
42545
42539
42534
42512
42478
42473
42458
42380
42364
42363
42360
42352
42254
42244
42237
42193
42156
42135
42120
42089
42071
42053
42052
42051
42006
41969
41950
41946
41937
41933
41921
41900
41884
41833
41829
41828
41822
41805
41742
41734
41703
41646
41634
41634
41613
41604
41595
41541
41536
41468
41456
41418
41377
41366
41353
41353
41341
41289
41238
41223
41214
41199
41164
41118
41096
41064
41050
41046
41028
41025
41013
40967
40920
40871
40869
40864
40849
40830
40800
40790
40789
40778
40776
40759
40755
40752
40747
40739
40701
40695
40676
40671
40668
40663
40646
40619
40605
40586
40572
40564
40555
40552
40551
40534
40534
40490
40413
40402
40399
40392
40390
40357
40341
40325
40308
40272
40255
40237
40233
40224
40220
40209
40204
40137
40120
40111
40061
40056
40048
40043
40038
39989
39968
39938
39921
39889
39887
39885
39868
39747
39743
39731
39688
39685
39656
39621
39580
39579
39554
39546
39537
39520
39504
39480
39446
39433
39328
39322
39322
39312
39305
39264
39257
39239
39200
39192
39179
39164
39135
39120
39114
39103
39075
39065
39030
38982
38982
38963
38963
38954
38937
38926
38915
38903
38853
38844
38796
38779
38771
38760
38749
38736
38704
38612
38601
38593
38588
38585
38564
38561
38489
38461
38395
38394
38373
38349
38339
38324
38315
38312
38300
38289
38279
38208
38195
38194
38190
38189
38185
38163
38139
38135
38111
38085
38046
38035
37942
37898
37867
37814
37806
37759
37739
37739
37727
37709
37699
37677
37648
37619
37590
37584
37534
37525
37459
37456
37416
37408
37388
37359
37354
37342
37287
37213
37182
37178
37170
37138
37098
37071
37052
37040
37018
37005
36992
36990
36945
36933
36927
36895
36894
36894
36889
36881
36876
36862
36856
36842
36831
36810
36783
36777
36770
36744
36741
36736
36731
36719
36707
36705
36674
36664
36650
36624
36621
36585
36567
36469
36469
36400
36386
36374
36331
36327
36324
36297
36278
36276
36251
36239
36190
36190
36185
36165
36162
36099
36084
36059
36038
35970
35964
35943
35918
35904
35863
35750
35742
35741
35731
35694
35686
35676
35656
35650
35629
35625
35611
35593
35589
35585
35584
35582
35566
35504
35502
35501
35499
35451
35438
35423
35380
35360
35342
35331
35330
35312
35294
35286
35248
35218
35215
35209
35202
35189
35118
35105
35085
35084
35082
35074
35040
35027
35014
35004
34958
34914
34914
34907
34878
34877
34859
34842
34836
34783
34767
34758
34741
34729
34692
34690
34678
34674
34671
34664
34640
34591
34588
34549
34541
34540
34533
34528
34520
34520
34505
34464
34459
34396
34366
34362
34360
34344
34338
34297
34262
34250
34211
34210
34181
34176
34175
34170
34151
34136
34103
34072
34059
34026
33987
33976
33965
33934
33923
33915
33913
33892
33891
33870
33864
33844
33843
33824
33810
33786
33768
33746
33744
33720
33684
33678
33662
33639
33631
33625
33606
33606
33600
33577
33573
33569
33565
33533
33527
33515
33503
33463
33439
33425
33399
33390
33381
33349
33346
33335
33313
33295
33259
33249
33248
33208
33207
33176
33145
33135
33124
33118
33097
33072
33070
33060
33032
33029
33022
33022
33010
33009
32968
32948
32860
32854
32846
32784
32752
32736
32729
32729
32678
32654
32647
32638
32637
32606
32586
32568
32544
32529
32391
32386
32378
32344
32320
32318
32265
32238
32178
32173
32170
32139
32128
32069
32017
31965
31953
31928
31918
31899
31885
31881
31873
31865
31825
31819
31813
31802
31776
31754
31731
31719
31714
31711
31685
31663
31647
31647
31611
31610
31575
31557
31537
31511
31493
31475
31457
31443
31442
31439
31437
31375
31353
31349
31334
31323
31301
31280
31273
31246
31246
31246
31237
31199
31193
31190
31178
31159
31135
31130
31113
31104
31086
31085
31078
31058
31034
30988
30907
30877
30849
30830
30813
30773
30749
30686
30658
30625
30620
30609
30595
30572
30545
30539
30521
30512
30509
30467
30456
30450
30431
30409
30394
30371
30367
30347
30317
30278
30232
30206
30201
30192
30175
30174
30130
30130
30114
30086
30081
30079
30051
30027
30022
29949
29936
29918
29880
29876
29861
29837
29766
29765
29753
29732
29715
29697
29660
29650
29647
29614
29609
29605
29604
29585
29568
29568
29557
29554
29520
29510
29489
29456
29442
29433
29432
29410
29405
29401
29399
29397
29395
29388
29325
29304
29297
29290
29275
29238
29186
29160
29130
29120
29106
29086
29057
29042
29036
28999
28979
28974
28971
28955
28943
28914
28911
28894
28870
28867
28834
28806
28800
28773
28772
28762
28761
28721
28630
28614
28612
28609
28594
28578
28544
28527
28516
28496
28478
28439
28438
28434
28396
28388
28347
28334
28328
28277
28269
28261
28244
28189
28130
28105
28089
28055
28054
28041
28008
27993
27992
27943
27938
27897
27870
27862
27860
27824
27746
27740
27703
27692
27681
27625
27607
27573
27569
27529
27527
27520
27460
27457
27402
27346
27332
27307
27306
27302
27301
27283
27266
27264
27238
27236
27234
27219
27173
27148
27099
27092
27089
27086
27070
27058
27025
27014
26984
26978
26976
26932
26924
26894
26827
26811
26806
26797
26760
26737
26686
26679
26667
26661
26654
26653
26652
26624
26617
26616
26610
26588
26587
26582
26550
26545
26531
26515
26500
26497
26490
26490
26475
26457
26446
26430
26422
26388
26312
26311
26302
26277
26257
26243
26192
26169
26154
26143
26127
26123
26105
26087
26010
26007
26003
25997
25968
25928
25911
25886
25849
25824
25766
25750
25739
25692
25688
25684
25662
25594
25555
25513
25505
25496
25490
25475
25474
25468
25453
25452
25446
25349
25315
25313
25312
25293
25291
25291
25260
25234
25197
25167
25155
25146
25138
25130
25127
25124
25090
25037
25022
25022
24977
24958
24957
24928
24897
24896
24895
24860
24854
24846
24843
24842
24829
24820
24811
24795
24770
24759
24737
24729
24726
24720
24711
24693
24688
24678
24658
24630
24626
24601
24585
24563
24517
24502
24440
24435
24418
24418
24367
24359
24347
24338
24322
24280
24274
24274
24242
24232
24210
24197
24180
24095
24061
24036
23991
23987
23973
23907
23893
23880
23868
23831
23822
23813
23811
23801
23785
23785
23783
23769
23748
23723
23709
23703
23701
23690
23669
23654
23654
23630
23608
23604
23563
23551
23524
23523
23520
23504
23490
23487
23454
23405
23404
23366
23356
23332
23332
23326
23291
23290
23283
23271
23211
23177
23170
23131
23091
23067
23049
23045
23030
23020
22967
22965
22933
22928
22915
22907
22865
22856
22829
22806
22788
22708
22705
22684
22679
22679
22651
22625
22620
22589
22580
22505
22457
22424
22408
22407
22402
22402
22389
22382
22372
22340
22315
22288
22286
22279
22259
22254
22235
22227
22214
22197
22185
22170
22150
22120
22112
22068
22066
22049
22039
22032
22029
22027
21990
21978
21969
21969
21954
21926
21862
21824
21823
21817
21806
21802
21769
21763
21739
21717
21709
21682
21663
21656
21642
21623
21589
21558
21508
21492
21486
21427
21423
21364
21355
21238
21234
21203
21189
21189
21188
21187
21173
21165
21161
21153
21146
21136
21124
21122
21118
21023
20981
20970
20969
20955
20944
20935
20917
20908
20831
20783
20771
20741
20710
20642
20565
20546
20527
20510
20502
20501
20498
20448
20442
20433
20426
20410
20399
20352
20343
20329
20303
20300
20239
20184
20154
20151
20139
20111
20072
20025
20014
19992
19982
19976
19939
19918
19915
19892
19812
19758
19725
19698
19646
19592
19584
19541
19535
19481
19447
19441
19437
19420
19398
19393
19391
19391
19383
19374
19371
19362
19345
19341
19339
19334
19332
19320
19315
19314
19218
19151
19145
19139
19120
19116
19091
19084
19066
19040
19027
18991
18990
18982
18932
18911
18898
18883
18828
18827
18814
18772
18770
18753
18739
18721
18718
18697
18697
18695
18690
18683
18648
18636
18606
18583
18579
18567
18551
18510
18495
18493
18455
18448
18404
18369
18367
18363
18348
18318
18314
18295
18290
18282
18279
18250
18248
18230
18228
18221
18194
18170
18100
18088
18075
18042
18025
18014
18009
18000
17977
17972
17882
17875
17873
17873
17839
17838
17828
17798
17797
17796
17792
17771
17751
17702
17694
17668
17638
17611
17560
17491
17486
17434
17426
17398
17379
17280
17254
17235
17227
17178
17107
17057
17047
17039
17020
16987
16942
16940
16899
16874
16862
16839
16830
16821
16817
16779
16778
16757
16755
16747
16736
16701
16639
16638
16635
16625
16622
16618
16616
16612
16607
16605
16593
16586
16568
16567
16557
16548
16542
16532
16526
16520
16497
16492
16487
16477
16466
16464
16460
16448
16419
16375
16324
16293
16286
16255
16237
16201
16190
16185
16133
16108
16098
16079
16034
16030
16029
16021
16015
15966
15963
15915
15912
15872
15850
15835
15815
15729
15720
15632
15631
15590
15538
15530
15529
15526
15524
15463
15457
15452
15443
15409
15356
15334
15299
15299
15270
15256
15237
15224
15220
15191
15158
15153
15140
15093
15078
15077
15062
15060
15051
15030
15026
15009
14990
14975
14967
14966
14934
14926
14898
14883
14869
14852
14841
14830
14829
14825
14822
14809
14803
14795
14790
14757
14743
14725
14707
14698
14686
14682
14674
14661
14660
14594
14590
14576
14540
14535
14533
14523
14478
14468
14419
14404
14385
14357
14302
14289
14273
14265
14257
14223
14219
14203
14200
14182
14151
14137
14127
14102
14099
14083
14080
14065
14062
14038
14015
13979
13963
13950
13929
13895
13883
13868
13855
13848
13846
13772
13755
13731
13715
13682
13681
13654
13647
13622
13596
13575
13568
13566
13542
13502
13476
13411
13342
13321
13286
13259
13223
13188
13186
13175
13157
13151
13144
13140
13116
13077
13074
13066
13062
13053
13043
12986
12982
12958
12930
12923
12871
12844
12833
12832
12831
12767
12764
12760
12745
12730
12712
12693
12689
12684
12650
12644
12636
12628
12537
12499
12453
12444
12433
12356
12354
12343
12329
12299
12293
12252
12237
12168
12167
12165
12138
12128
12059
12048
12038
12021
11989
11946
11923
11914
11858
11846
11807
11753
11732
11698
11678
11651
11647
11642
11641
11607
11607
11597
11582
11580
11563
11555
11546
11527
11520
11516
11470
11425
11362
11351
11340
11328
11306
11303
11298
11290
11282
11277
11242
11242
11224
11211
11207
11176
11157
11137
11129
11122
11115
11072
11039
11027
11003
10941
10930
10913
10911
10895
10867
10854
10843
10841
10840
10810
10800
10798
10794
10778
10773
10717
10664
10654
10652
10641
10635
10626
10592
10563
10558
10553
10536
10535
10531
10516
10505
10497
10493
10451
10396
10394
10393
10382
10367
10294
10277
10267
10266
10262
10225
10218
10203
10182
10162
10136
10116
10079
10079
10044
10043
10030
10024
10001
9999
9997
9982
9962
9948
9924
9879
9868
9807
9740
9728
9683
9680
9658
9657
9628
9617
9596
9569
9559
9506
9489
9472
9451
9383
9363
9363
9362
9335
9296
9292
9236
9222
9174
9174
9157
9141
9119
9119
9059
9045
9014
8985
8973
8935
8927
8877
8862
8859
8841
8832
8796
8796
8795
8738
8685
8683
8659
8640
8626
8625
8571
8525
8524
8521
8471
8392
8381
8370
8359
8300
8279
8273
8268
8243
8241
8238
8215
8154
8151
8084
8074
8058
8057
8047
8033
8011
7994
7984
7976
7926
7907
7903
7899
7893
7855
7848
7823
7816
7760
7729
7716
7698
7671
7634
7628
7591
7557
7542
7470
7390
7362
7340
7216
7209
7208
7188
7178
7174
7153
7144
7144
7140
7138
7136
7125
7096
7074
7060
7037
7032
7023
7015
7012
7001
6989
6889
6879
6877
6864
6858
6847
6816
6815
6790
6784
6766
6757
6744
6724
6691
6688
6647
6584
6561
6550
6528
6510
6504
6502
6497
6495
6467
6464
6399
6397
6323
6313
6281
6234
6220
6215
6208
6201
6157
6153
6079
6072
5973
5968
5951
5941
5930
5920
5914
5901
5892
5864
5840
5836
5833
5788
5774
5773
5739
5710
5663
5610
5586
5575
5571
5568
5554
5549
5544
5538
5521
5505
5467
5457
5417
5414
5390
5378
5369
5352
5344
5337
5309
5285
5277
5258
5235
5233
5225
5220
5220
5220
5190
5158
5147
5146
5138
5104
5079
5060
5055
5050
5050
5049
5047
4967
4967
4951
4942
4928
4894
4866
4802
4800
4791
4765
4752
4742
4735
4717
4712
4662
4659
4633
4620
4617
4616
4584
4566
4554
4524
4521
4514
4512
4455
4452
4445
4425
4425
4419
4413
4412
4400
4396
4375
4374
4303
4286
4268
4261
4260
4249
4249
4242
4215
4200
4139
4110
4095
4064
4045
4022
3983
3983
3930
3923
3896
3857
3840
3824
3802
3799
3765
3757
3712
3696
3655
3634
3632
3577
3570
3553
3548
3524
3522
3514
3489
3476
3462
3459
3430
3378
3360
3351
3324
3324
3310
3247
3242
3236
3226
3210
3208
3199
3158
3149
3117
3111
3111
3101
3094
3067
3061
3037
3033
3009
3008
2982
2974
2971
2967
2966
2963
2924
2913
2889
2886
2861
2853
2838
2828
2810
2788
2767
2744
2728
2728
2705
2681
2637
2626
2622
2616
2603
2582
2579
2548
2534
2529
2519
2513
2504
2473
2468
2422
2417
2369
2364
2358
2357
2355
2320
2319
2295
2293
2275
2268
2256
2237
2218
2181
2138
2126
2096
2091
2090
2078
2058
2039
2033
2030
2016
1986
1952
1880
1850
1834
1833
1801
1780
1770
1751
1751
1713
1707
1700
1658
1636
1632
1580
1496
1473
1446
1419
1418
1413
1407
1263
1244
1240
1236
1204
1175
1166
1097
1071
1052
1041
1021
1015
1007
974
968
939
917
908
858
849
845
835
803
783
728
714
694
685
643
631
631
598
593
556
553
540
520
507
498
486
479
423
388
365
300
288
270
221
98
91
79
52
16
11
-7
-47
-66
-88
-132
-163
-164
-188
-196
-215
-219
-237
-243
-243
-298
-299
-321
-331
-339
-363
-403
-424
-513
-516
-521
-525
-577
-578
-601
-620
-633
-679
-682
-702
-713
-713
-731
-773
-775
-776
-780
-785
-786
-809
-816
-819
-829
-835
-857
-869
-879
-892
-894
-896
-923
-1003
-1041
-1068
-1094
-1106
-1140
-1160
-1173
-1195
-1209
-1245
-1259
-1261
-1266
-1266
-1280
-1280
-1283
-1285
-1291
-1294
-1317
-1322
-1328
-1347
-1375
-1417
-1420
-1421
-1440
-1442
-1445
-1480
-1523
-1557
-1568
-1630
-1633
-1660
-1663
-1677
-1771
-1791
-1815
-1817
-1817
-1895
-1936
-1992
-2001
-2051
-2058
-2073
-2118
-2126
-2161
-2190
-2230
-2249
-2259
-2260
-2290
-2293
-2304
-2327
-2340
-2344
-2346
-2349
-2354
-2359
-2466
-2481
-2522
-2550
-2561
-2590
-2624
-2651
-2666
-2677
-2715
-2730
-2738
-2739
-2744
-2804
-2808
-2823
-2824
-2828
-2854
-2861
-2888
-2894
-2899
-2906
-2944
-2953
-2974
-2975
-2987
-3026
-3030
-3030
-3035
-3057
-3084
-3102
-3136
-3162
-3162
-3166
-3182
-3189
-3201
-3212
-3212
-3221
-3225
-3245
-3266
-3266
-3285
-3294
-3300
-3302
-3307
-3346
-3377
-3411
-3419
-3461
-3461
-3467
-3483
-3502
-3535
-3572
-3594
-3651
-3712
-3726
-3758
-3808
-3905
-3918
-3918
-3941
-3960
-3961
-4042
-4044
-4050
-4067
-4071
-4132
-4148
-4154
-4154
-4161
-4169
-4175
-4192
-4200
-4215
-4225
-4238
-4252
-4272
-4274
-4288
-4305
-4319
-4363
-4367
-4368
-4374
-4384
-4390
-4409
-4471
-4480
-4488
-4550
-4562
-4574
-4579
-4591
-4606
-4611
-4614
-4661
-4708
-4739
-4749
-4772
-4795
-4797
-4801
-4809
-4901
-4950
-4953
-4958
-4963
-4974
-4995
-5000
-5026
-5052
-5064
-5084
-5139
-5144
-5165
-5211
-5238
-5247
-5256
-5266
-5301
-5305
-5373
-5399
-5400
-5412
-5418
-5462
-5467
-5471
-5483
-5502
-5519
-5550
-5571
-5583
-5608
-5614
-5623
-5664
-5744
-5745
-5764
-5773
-5799
-5810
-5814
-5821
-5857
-5872
-5925
-5947
-5991
-6000
-6056
-6081
-6088
-6183
-6195
-6229
-6233
-6238
-6247
-6277
-6351
-6406
-6429
-6455
-6478
-6515
-6519
-6519
-6531
-6643
-6668
-6670
-6689
-6704
-6707
-6785
-6802
-6820
-6842
-6863
-6882
-6892
-6896
-6898
-6914
-6917
-6922
-6937
-6941
-6941
-6950
-6950
-6969
-6982
-7000
-7020
-7026
-7081
-7081
-7087
-7101
-7142
-7145
-7173
-7186
-7186
-7225
-7235
-7245
-7248
-7286
-7296
-7298
-7313
-7326
-7351
-7359
-7502
-7525
-7548
-7585
-7588
-7591
-7611
-7723
-7738
-7763
-7767
-7791
-7808
-7876
-7923
-7932
-7954
-8003
-8013
-8017
-8034
-8035
-8061
-8091
-8103
-8119
-8121
-8131
-8144
-8152
-8172
-8177
-8195
-8205
-8227
-8253
-8271
-8317
-8337
-8357
-8384
-8387
-8420
-8440
-8494
-8520
-8546
-8556
-8583
-8601
-8626
-8645
-8661
-8676
-8743
-8746
-8773
-8814
-8864
-8875
-8921
-8968
-8976
-8992
-9021
-9027
-9046
-9095
-9096
-9153
-9165
-9175
-9184
-9193
-9193
-9201
-9210
-9213
-9216
-9220
-9223
-9233
-9240
-9288
-9299
-9332
-9339
-9385
-9415
-9433
-9453
-9461
-9467
-9479
-9486
-9488
-9527
-9535
-9590
-9597
-9600
-9609
-9648
-9684
-9711
-9760
-9771
-9792
-9848
-9863
-9923
-9934
-9956
-9970
-9974
-9982
-10004
-10044
-10061
-10063
-10069
-10091
-10108
-10140
-10141
-10142
-10144
-10154
-10168
-10220
-10242
-10245
-10246
-10247
-10276
-10290
-10317
-10333
-10350
-10352
-10364
-10398
-10400
-10410
-10414
-10433
-10470
-10472
-10484
-10503
-10582
-10599
-10624
-10644
-10651
-10662
-10736
-10752
-10755
-10793
-10793
-10810
-10813
-10904
-10911
-10921
-10924
-10959
-10967
-10994
-11038
-11045
-11063
-11089
-11131
-11149
-11232
-11260
-11271
-11301
-11340
-11348
-11350
-11353
-11357
-11390
-11398
-11433
-11510
-11531
-11574
-11578
-11601
-11609
-11613
-11624
-11628
-11635
-11636
-11640
-11647
-11661
-11714
-11753
-11773
-11797
-11799
-11801
-11809
-11811
-11826
-11845
-11932
-11943
-11950
-11959
-11959
-11966
-11981
-12010
-12017
-12111
-12113
-12126
-12148
-12151
-12161
-12163
-12164
-12191
-12208
-12209
-12210
-12216
-12221
-12240
-12272
-12313
-12337
-12359
-12360
-12375
-12426
-12474
-12484
-12524
-12528
-12531
-12559
-12575
-12591
-12604
-12616
-12644
-12648
-12654
-12689
-12715
-12740
-12741
-12764
-12786
-12787
-12798
-12852
-12873
-12900
-12981
-13057
-13081
-13082
-13084
-13084
-13101
-13107
-13114
-13131
-13153
-13160
-13162
-13239
-13248
-13258
-13299
-13325
-13372
-13377
-13384
-13409
-13410
-13438
-13447
-13482
-13487
-13490
-13492
-13495
-13523
-13545
-13581
-13589
-13649
-13679
-13682
-13697
-13720
-13722
-13732
-13751
-13757
-13781
-13825
-13828
-13863
-13876
-13886
-13905
-13919
-13936
-14048
-14111
-14113
-14117
-14132
-14176
-14181
-14197
-14199
-14251
-14274
-14283
-14285
-14308
-14322
-14339
-14340
-14362
-14367
-14371
-14383
-14396
-14402
-14414
-14447
-14450
-14464
-14471
-14474
-14479
-14502
-14512
-14537
-14552
-14560
-14588
-14619
-14627
-14636
-14638
-14662
-14662
-14694
-14700
-14711
-14712
-14739
-14751
-14768
-14796
-14838
-14885
-14916
-14918
-14979
-15002
-15020
-15045
-15055
-15065
-15080
-15086
-15099
-15120
-15136
-15166
-15213
-15237
-15274
-15339
-15359
-15377
-15395
-15408
-15422
-15422
-15424
-15427
-15457
-15508
-15574
-15588
-15590
-15614
-15670
-15675
-15688
-15697
-15702
-15713
-15715
-15721
-15740
-15747
-15760
-15800
-15805
-15849
-15878
-15886
-15904
-15998
-16010
-16031
-16066
-16125
-16131
-16131
-16135
-16144
-16166
-16188
-16191
-16237
-16247
-16262
-16302
-16314
-16321
-16330
-16363
-16409
-16418
-16422
-16429
-16491
-16494
-16593
-16609
-16617
-16630
-16632
-16657
-16666
-16674
-16675
-16738
-16749
-16760
-16792
-16805
-16835
-16844
-16853
-16862
-16898
-16900
-16917
-16940
-16946
-16960
-16972
-16978
-16983
-16994
-16996
-16998
-17002
-17045
-17067
-17082
-17087
-17091
-17127
-17149
-17167
-17167
-17178
-17251
-17268
-17272
-17280
-17298
-17328
-17377
-17397
-17418
-17426
-17442
-17466
-17474
-17483
-17497
-17502
-17553
-17572
-17596
-17597
-17629
-17638
-17639
-17655
-17728
-17729
-17733
-17742
-17780
-17788
-17800
-17818
-17821
-17874
-17879
-17880
-17891
-17905
-17921
-17924
-17950
-17969
-17972
-18006
-18034
-18036
-18050
-18084
-18089
-18091
-18098
-18110
-18181
-18192
-18223
-18262
-18266
-18321
-18340
-18355
-18444
-18452
-18493
-18513
-18521
-18531
-18535
-18540
-18543
-18581
-18606
-18617
-18633
-18657
-18666
-18669
-18685
-18717
-18737
-18746
-18765
-18773
-18783
-18795
-18806
-18806
-18820
-18848
-18871
-18899
-18903
-18912
-18942
-18951
-18965
-18970
-18979
-19008
-19016
-19034
-19039
-19045
-19061
-19062
-19064
-19107
-19125
-19131
-19166
-19195
-19196
-19229
-19250
-19270
-19285
-19286
-19296
-19303
-19335
-19340
-19350
-19363
-19373
-19398
-19427
-19463
-19470
-19472
-19492
-19496
-19515
-19524
-19525
-19585
-19618
-19621
-19624
-19637
-19680
-19712
-19737
-19747
-19785
-19797
-19810
-19820
-19842
-19849
-19861
-19861
-19885
-19898
-19905
-19916
-19930
-19946
-20004
-20012
-20016
-20018
-20021
-20029
-20052
-20082
-20087
-20149
-20179
-20190
-20276
-20297
-20326
-20364
-20380
-20383
-20394
-20410
-20491
-20516
-20552
-20566
-20586
-20613
-20616
-20621
-20645
-20664
-20665
-20677
-20694
-20701
-20715
-20726
-20747
-20760
-20811
-20815
-20818
-20847
-20856
-20868
-20930
-20940
-20945
-20950
-20986
-20987
-20996
-21002
-21056
-21061
-21064
-21083
-21090
-21104
-21136
-21166
-21184
-21204
-21215
-21300
-21300
-21328
-21334
-21353
-21363
-21389
-21434
-21437
-21450
-21457
-21473
-21515
-21570
-21583
-21610
-21631
-21648
-21660
-21675
-21685
-21692
-21715
-21721
-21748
-21797
-21815
-21824
-21836
-21837
-21871
-21873
-21922
-21936
-21944
-21963
-21963
-22006
-22014
-22028
-22030
-22031
-22076
-22083
-22100
-22104
-22144
-22147
-22175
-22193
-22199
-22211
-22230
-22237
-22241
-22256
-22288
-22326
-22330
-22334
-22348
-22361
-22379
-22392
-22426
-22427
-22433
-22478
-22489
-22494
-22512
-22535
-22538
-22547
-22551
-22562
-22566
-22569
-22660
-22668
-22685
-22686
-22688
-22696
-22709
-22709
-22716
-22723
-22760
-22777
-22784
-22785
-22815
-22815
-22827
-22829
-22859
-22892
-22908
-22919
-22936
-22971
-23020
-23056
-23059
-23068
-23088
-23179
-23200
-23227
-23232
-23256
-23274
-23308
-23314
-23336
-23350
-23359
-23366
-23369
-23407
-23453
-23481
-23529
-23530
-23550
-23558
-23621
-23632
-23658
-23666
-23681
-23691
-23693
-23728
-23744
-23754
-23790
-23792
-23802
-23809
-23814
-23844
-23859
-23889
-23897
-23935
-23947
-23969
-23998
-24032
-24045
-24056
-24089
-24092
-24102
-24106
-24150
-24171
-24180
-24201
-24203
-24240
-24260
-24269
-24277
-24298
-24301
-24314
-24349
-24366
-24367
-24374
-24374
-24397
-24512
-24559
-24561
-24604
-24619
-24634
-24700
-24729
-24732
-24749
-24749
-24750
-24751
-24776
-24790
-24815
-24834
-24865
-24869
-24907
-24925
-24928
-24929
-24943
-24950
-24977
-24987
-25011
-25021
-25021
-25025
-25033
-25035
-25041
-25047
-25062
-25066
-25095
-25096
-25110
-25125
-25177
-25189
-25234
-25236
-25246
-25250
-25257
-25277
-25285
-25289
-25292
-25299
-25329
-25345
-25356
-25365
-25411
-25429
-25435
-25452
-25497
-25504
-25514
-25517
-25545
-25582
-25582
-25590
-25610
-25619
-25638
-25654
-25741
-25762
-25789
-25817
-25831
-25893
-25922
-25927
-25953
-25969
-25973
-26015
-26026
-26044
-26085
-26093
-26098
-26105
-26128
-26141
-26145
-26149
-26155
-26164
-26182
-26211
-26242
-26286
-26335
-26368
-26390
-26420
-26456
-26456
-26458
-26466
-26468
-26476
-26534
-26539
-26543
-26595
-26621
-26638
-26660
-26669
-26674
-26701
-26725
-26764
-26771
-26846
-26858
-26894
-26945
-26945
-26962
-26997
-27013
-27022
-27046
-27062
-27070
-27098
-27099
-27115
-27117
-27131
-27153
-27176
-27184
-27201
-27228
-27233
-27251
-27268
-27289
-27306
-27317
-27352
-27371
-27445
-27451
-27452
-27483
-27489
-27504
-27516
-27543
-27563
-27574
-27657
-27682
-27707
-27726
-27744
-27751
-27757
-27757
-27763
-27767
-27789
-27852
-27862
-27864
-27899
-27909
-27921
-27922
-27944
-27994
-28023
-28055
-28057
-28065
-28071
-28089
-28125
-28129
-28156
-28194
-28207
-28232
-28244
-28254
-28259
-28261
-28315
-28327
-28396
-28428
-28429
-28453
-28528
-28565
-28567
-28624
-28636
-28656
-28689
-28726
-28726
-28739
-28752
-28757
-28785
-28787
-28802
-28829
-28845
-28850
-28862
-28911
-28919
-28919
-28964
-29025
-29033
-29036
-29038
-29051
-29054
-29082
-29086
-29130
-29169
-29171
-29208
-29209
-29243
-29253
-29282
-29289
-29297
-29305
-29312
-29417
-29447
-29483
-29485
-29498
-29552
-29560
-29621
-29622
-29645
-29663
-29664
-29693
-29708
-29730
-29760
-29800
-29804
-29805
-29878
-29879
-29924
-29930
-29956
-29989
-29990
-29995
-30013
-30048
-30050
-30054
-30067
-30112
-30124
-30126
-30163
-30178
-30184
-30187
-30240
-30251
-30267
-30268
-30300
-30337
-30381
-30394
-30406
-30421
-30426
-30430
-30455
-30459
-30465
-30473
-30478
-30483
-30507
-30565
-30592
-30595
-30598
-30634
-30648
-30667
-30676
-30716
-30742
-30751
-30775
-30794
-30826
-30836
-30852
-30855
-30895
-30903
-30921
-30933
-30950
-30965
-30980
-30981
-30997
-31032
-31055
-31079
-31140
-31155
-31181
-31196
-31200
-31220
-31232
-31239
-31247
-31265
-31288
-31315
-31318
-31320
-31327
-31366
-31384
-31389
-31411
-31419
-31454
-31488
-31495
-31506
-31507
-31519
-31560
-31573
-31659
-31667
-31694
-31694
-31703
-31723
-31735
-31739
-31773
-31841
-31859
-31860
-31876
-31899
-31921
-31935
-31941
-31982
-32004
-32039
-32047
-32069
-32077
-32112
-32117
-32130
-32149
-32176
-32222
-32233
-32260
-32309
-32318
-32346
-32363
-32388
-32409
-32425
-32438
-32477
-32511
-32513
-32516
-32524
-32545
-32561
-32591
-32605
-32606
-32653
-32668
-32681
-32694
-32710
-32718
-32755
-32786
-32797
-32799
-32813
-32859
-32861
-32891
-32897
-32963
-32968
-32970
-32984
-33004
-33015
-33032
-33096
-33099
-33114
-33136
-33152
-33164
-33174
-33187
-33207
-33229
-33235
-33245
-33260
-33263
-33282
-33293
-33334
-33335
-33348
-33384
-33384
-33393
-33407
-33419
-33426
-33428
-33462
-33466
-33469
-33469
-33479
-33489
-33511
-33531
-33533
-33556
-33561
-33582
-33588
-33615
-33649
-33653
-33689
-33714
-33725
-33786
-33797
-33825
-33834
-33857
-33886
-33896
-33896
-33897
-33898
-33923
-33948
-33970
-33974
-33983
-33991
-33995
-34018
-34025
-34045
-34047
-34064
-34071
-34079
-34118
-34140
-34158
-34161
-34172
-34176
-34178
-34184
-34189
-34263
-34276
-34300
-34336
-34387
-34429
-34444
-34467
-34474
-34486
-34523
-34526
-34535
-34535
-34537
-34542
-34566
-34570
-34573
-34592
-34601
-34614
-34616
-34628
-34677
-34683
-34697
-34718
-34737
-34779
-34779
-34788
-34813
-34833
-34839
-34894
-34906
-34914
-34939
-34944
-34980
-35069
-35095
-35096
-35130
-35146
-35147
-35149
-35234
-35274
-35289
-35318
-35351
-35356
-35364
-35365
-35386
-35433
-35468
-35532
-35535
-35557
-35563
-35570
-35599
-35619
-35619
-35628
-35639
-35640
-35642
-35652
-35720
-35723
-35738
-35745
-35767
-35779
-35789
-35792
-35813
-35844
-35853
-35902
-35924
-35933
-35945
-35948
-35955
-35978
-36002
-36019
-36032
-36055
-36057
-36115
-36117
-36139
-36235
-36238
-36281
-36293
-36301
-36334
-36353
-36364
-36402
-36438
-36440
-36466
-36469
-36477
-36497
-36500
-36501
-36517
-36521
-36534
-36553
-36579
-36586
-36606
-36607
-36648
-36652
-36665
-36673
-36687
-36702
-36750
-36771
-36784
-36808
-36820
-36842
-36872
-36912
-36913
-36939
-36964
-37025
-37037
-37065
-37113
-37147
-37157
-37165
-37246
-37254
-37300
-37300
-37346
-37353
-37392
-37416
-37507
-37523
-37526
-37546
-37554
-37581
-37593
-37643
-37647
-37649
-37667
-37685
-37691
-37723
-37737
-37769
-37810
-37822
-37826
-37850
-37851
-37927
-37962
-37969
-38037
-38039
-38078
-38111
-38140
-38173
-38216
-38237
-38237
-38242
-38243
-38296
-38336
-38357
-38357
-38392
-38398
-38442
-38448
-38501
-38548
-38557
-38567
-38577
-38611
-38648
-38671
-38781
-38805
-38839
-38852
-38855
-38880
-38886
-38886
-38907
-38924
-38924
-38943
-38989
-39016
-39028
-39071
-39088
-39101
-39108
-39113
-39122
-39129
-39144
-39180
-39198
-39199
-39213
-39236
-39245
-39254
-39261
-39268
-39294
-39308
-39312
-39314
-39325
-39330
-39353
-39378
-39399
-39399
-39419
-39433
-39452
-39486
-39518
-39523
-39567
-39576
-39582
-39585
-39593
-39616
-39694
-39736
-39785
-39805
-39816
-39820
-39839
-39852
-39873
-39889
-39920
-39926
-40034
-40037
-40051
-40079
-40087
-40111
-40122
-40122
-40124
-40130
-40169
-40214
-40224
-40236
-40250
-40309
-40322
-40363
-40373
-40374
-40396
-40428
-40428
-40466
-40516
-40524
-40532
-40537
-40556
-40557
-40570
-40574
-40628
-40647
-40647
-40651
-40672
-40679
-40680
-40687
-40693
-40740
-40766
-40795
-40801
-40803
-40805
-40845
-40855
-40910
-40925
-40967
-40999
-41013
-41026
-41065
-41079
-41082
-41085
-41097
-41108
-41123
-41143
-41184
-41206
-41214
-41257
-41280
-41329
-41333
-41413
-41443
-41446
-41468
-41470
-41493
-41501
-41507
-41510
-41575
-41581
-41584
-41600
-41604
-41618
-41624
-41654
-41656
-41657
-41694
-41700
-41714
-41735
-41753
-41770
-41771
-41798
-41840
-41853
-41868
-41943
-41978
-42004
-42023
-42032
-42038
-42121
-42131
-42171
-42193
-42203
-42212
-42218
-42220
-42255
-42259
-42283
-42346
-42352
-42365
-42389
-42390
-42390
-42397
-42403
-42419
-42423
-42485
-42497
-42531
-42557
-42576
-42600
-42623
-42625
-42668
-42690
-42692
-42700
-42706
-42715
-42768
-42777
-42787
-42789
-42789
-42795
-42796
-42826
-42842
-42849
-42858
-42864
-42871
-42880
-42906
-42934
-42965
-42969
-42987
-43028
-43090
-43093
-43096
-43117
-43119
-43176
-43195
-43268
-43282
-43318
-43319
-43327
-43358
-43361
-43424
-43447
-43469
-43474
-43477
-43494
-43550
-43552
-43560
-43566
-43577
-43591
-43606
-43671
-43680
-43726
-43738
-43743
-43797
-43801
-43845
-43874
-43903
-43950
-43975
-43995
-44008
-44054
-44058
-44130
-44201
-44280
-44283
-44317
-44325
-44362
-44393
-44401
-44411
-44474
-44485
-44518
-44533
-44542
-44562
-44572
-44587
-44588
-44607
-44614
-44625
-44643
-44681
-44738
-44749
-44778
-44824
-44851
-44875
-44887
-44898
-44912
-44945
-44961
-44968
-44972
-44982
-44999
-45000
-45017
-45030
-45032
-45033
-45057
-45081
-45090
-45124
-45149
-45180
-45197
-45207
-45216
-45219
-45225
-45236
-45338
-45349
-45352
-45373
-45375
-45407
-45426
-45426
-45440
-45445
-45449
-45474
-45552
-45556
-45557
-45614
-45620
-45653
-45655
-45663
-45664
-45707
-45716
-45719
-45772
-45786
-45851
-45907
-45914
-45917
-45987
-46007
-46039
-46043
-46048
-46059
-46062
-46092
-46122
-46200
-46238
-46251
-46273
-46278
-46284
-46311
-46323
-46343
-46368
-46389
-46409
-46423
-46446
-46504
-46507
-46525
-46552
-46586
-46607
-46619
-46630
-46634
-46666
-46678
-46734
-46743
-46820
-46825
-46832
-46863
-46904
-46950
-46972
-46982
-46985
-46989
-47054
-47057
-47086
-47126
-47133
-47165
-47166
-47216
-47226
-47272
-47278
-47308
-47336
-47344
-47405
-47444
-47467
-47491
-47540
-47562
-47574
-47587
-47591
-47592
-47602
-47606
-47648
-47666
-47676
-47690
-47727
-47748
-47763
-47771
-47785
-47788
-47793
-47834
-47841
-47849
-47853
-47910
-47915
-47921
-47973
-47983
-48031
-48071
-48107
-48188
-48193
-48200
-48207
-48218
-48222
-48232
-48248
-48301
-48303
-48336
-48339
-48341
-48348
-48351
-48380
-48389
-48404
-48416
-48439
-48591
-48591
-48597
-48611
-48614
-48621
-48624
-48625
-48640
-48715
-48720
-48747
-48785
-48821
-48853
-48877
-48895
-48921
-48935
-48954
-48967
-48980
-49011
-49020
-49073
-49086
-49088
-49106
-49109
-49116
-49122
-49123
-49137
-49140
-49148
-49159
-49165
-49166
-49177
-49191
-49192
-49197
-49212
-49213
-49232
-49260
-49262
-49276
-49295
-49299
-49329
-49344
-49350
-49350
-49358
-49366
-49383
-49413
-49431
-49504
-49509
-49510
-49572
-49614
-49631
-49661
-49767
-49769
-49771
-49780
-49862
-49863
-49942
-49971
-49986
-49994
-50014
-50029
-50029
-50032
-50060
-50088
-50110
-50113
-50114
-50202
-50273
-50280
-50303
-50313
-50325
-50327
-50362
-50433
-50453
-50454
-50481
-50527
-50538
-50654
-50665
-50721
-50724
-50738
-50752
-50775
-50775
-50807
-50830
-50831
-50893
-50895
-50912
-50921
-50941
-50947
-50988
-50994
-51007
-51009
-51019
-51041
-51064
-51073
-51107
-51135
-51141
-51142
-51149
-51162
-51165
-51208
-51219
-51234
-51250
-51294
-51296
-51319
-51345
-51357
-51365
-51383
-51399
-51401
-51418
-51500
-51528
-51559
-51640
-51666
-51671
-51675
-51693
-51715
-51734
-51751
-51784
-51794
-51813
-51828
-51835
-51842
-51860
-51872
-51879
-51906
-51908
-51909
-51916
-51947
-51951
-51967
-51970
-51975
-51993
-51995
-52036
-52040
-52118
-52126
-52135
-52138
-52162
-52175
-52187
-52189
-52198
-52233
-52256
-52331
-52338
-52367
-52386
-52396
-52403
-52436
-52459
-52479
-52501
-52574
-52599
-52644
-52649
-52689
-52692
-52705
-52708
-52722
-52776
-52819
-52840
-52846
-52881
-52923
-52926
-52933
-52942
-52967
-52974
-52979
-52998
-53006
-53063
-53075
-53077
-53125
-53131
-53132
-53159
-53170
-53172
-53185
-53187
-53202
-53209
-53223
-53224
-53264
-53277
-53305
-53306
-53307
-53317
-53328
-53342
-53363
-53403
-53481
-53496
-53556
-53562
-53572
-53576
-53589
-53596
-53613
-53621
-53654
-53667
-53684
-53732
-53740
-53790
-53796
-53801
-53830
-53846
-53849
-53878
-53883
-53930
-53933
-53934
-53944
-53955
-54044
-54062
-54084
-54094
-54134
-54183
-54199
-54202
-54217
-54225
-54344
-54355
-54363
-54374
-54384
-54401
-54440
-54456
-54465
-54474
-54499
-54544
-54579
-54637
-54674
-54674
-54711
-54735
-54736
-54736
-54755
-54816
-54820
-54821
-54844
-54861
-54885
-54904
-54929
-54930
-54938
-54988
-54990
-55012
-55038
-55038
-55049
-55074
-55102
-55104
-55106
-55120
-55123
-55156
-55209
-55221
-55233
-55241
-55246
-55282
-55334
-55412
-55428
-55456
-55467
-55511
-55521
-55549
-55573
-55587
-55608
-55639
-55655
-55660
-55671
-55677
-55698
-55793
-55795
-55798
-55819
-55830
-55830
-55859
-55924
-55924
-55958
-55984
-56061
-56096
-56110
-56110
-56122
-56163
-56170
-56171
-56184
-56185
-56214
-56228
-56266
-56308
-56330
-56336
-56346
-56349
-56367
-56374
-56375
-56390
-56392
-56395
-56416
-56421
-56452
-56522
-56524
-56529
-56549
-56558
-56568
-56576
-56599
-56615
-56625
-56653
-56657
-56713
-56736
-56745
-56759
-56794
-56808
-56816
-56824
-56847
-56852
-56895
-56943
-56976
-57025
-57032
-57035
-57058
-57066
-57124
-57170
-57188
-57218
-57225
-57238
-57260
-57281
-57286
-57309
-57315
-57338
-57348
-57377
-57392
-57392
-57424
-57432
-57438
-57470
-57480
-57486
-57493
-57498
-57512
-57521
-57542
-57551
-57562
-57594
-57598
-57609
-57644
-57663
-57679
-57687
-57715
-57715
-57767
-57788
-57821
-57844
-57883
-57893
-57928
-58005
-58011
-58016
-58020
-58035
-58061
-58067
-58071
-58090
-58099
-58100
-58101
-58109
-58138
-58176
-58231
-58234
-58250
-58259
-58272
-58309
-58315
-58351
-58434
-58455
-58462
-58498
-58501
-58523
-58527
-58531
-58538
-58554
-58604
-58607
-58662
-58665
-58668
-58687
-58688
-58695
-58696
-58761
-58775
-58800
-58832
-58837
-58845
-58846
-58865
-58881
-58889
-58891
-58911
-58926
-58968
-58978
-59005
-59006
-59025
-59058
-59065
-59119
-59122
-59144
-59153
-59169
-59175
-59201
-59210
-59215
-59221
-59222
-59253
-59260
-59267
-59270
-59286
-59308
-59353
-59357
-59365
-59384
-59421
-59424
-59444
-59453
-59465
-59480
-59495
-59516
-59535
-59580
-59602
-59606
-59607
-59636
-59647
-59661
-59672
-59741
-59798
-59820
-59822
-59847
-59870
-59877
-59904
-59921
-59922
-59935
-59949
-59990
-60022
-60029
-60067
-60100
-60132
-60137
-60162
-60182
-60210
-60239
-60274
-60307
-60322
-60356
-60412
-60415
-60417
-60436
-60463
-60490
-60497
-60501
-60503
-60524
-60544
-60545
-60573
-60589
-60625
-60639
-60674
-60677
-60717
-60720
-60735
-60774
-60799
-60801
-60819
-60824
-60830
-60851
-60857
-60868
-60870
-60873
-60925
-60928
-60953
-61026
-61030
-61037
-61046
-61051
-61071
-61076
-61086
-61102
-61110
-61115
-61116
-61173
-61191
-61195
-61199
-61230
-61237
-61250
-61285
-61310
-61315
-61333
-61366
-61371
-61373
-61376
-61389
-61397
-61427
-61434
-61532
-61541
-61600
-61606
-61630
-61718
-61723
-61750
-61771
-61788
-61789
-61828
-61830
-61912
-61919
-61924
-61937
-61940
-61947
-61948
-62005
-62008
-62012
-62029
-62034
-62099
-62099
-62100
-62101
-62107
-62125
-62133
-62148
-62188
-62193
-62227
-62255
-62285
-62289
-62295
-62295
-62365
-62371
-62407
-62422
-62423
-62431
-62441
-62446
-62451
-62473
-62504
-62510
-62549
-62554
-62612
-62622
-62626
-62633
-62664
-62668
-62685
-62715
-62718
-62730
-62733
-62757
-62762
-62767
-62769
-62780
-62804
-62806
-62854
-62856
-62874
-62881
-62888
-62895
-62896
-62932
-62940
-62948
-62961
-62962
-63052
-63066
-63082
-63094
-63107
-63115
-63134
-63158
-63173
-63228
-63272
-63286
-63304
-63307
-63308
-63317
-63322
-63322
-63339
-63351
-63355
-63366
-63368
-63371
-63398
-63437
-63457
-63489
-63523
-63560
-63568
-63604
-63621
-63635
-63638
-63647
-63684
-63692
-63692
-63694
-63763
-63765
-63765
-63773
-63798
-63805
-63849
-63851
-63864
-63867
-63888
-63892
-63910
-63928
-63933
-63949
-63952
-63954
-63995
-64024
-64030
-64051
-64054
-64055
-64057
-64105
-64106
-64109
-64111
-64119
-64151
-64162
-64189
-64192
-64196
-64214
-64221
-64248
-64282
-64309
-64319
-64333
-64344
-64348
-64348
-64424
-64429
-64438
-64480
-64485
-64505
-64523
-64538
-64570
-64600
-64601
-64604
-64639
-64640
-64645
-64671
-64713
-64722
-64726
-64729
-64768
-64769
-64770
-64780
-64793
-64802
-64817
-64824
-64875
-64887
-64973
-64995
-65000
-65011
-65034
-65037
-65038
-65041
-65043
-65054
-65068
-65072
-65074
-65087
-65124
-65128
-65176
-65186
-65188
-65214
-65216
-65259
-65267
-65292
-65299
-65308
-65311
-65313
-65334
-65341
-65376
-65392
-65398
-65458
-65461
-65471
-65481
-65486
-65492
-65499
-65523
-65575
-65584
-65590
-65599
-65628
-65631
-65641
-65657
-65661
-65696
-65731
-65733
-65758
-65809
-65820
-65827
-65844
-65852
-65859
-65883
-65885
-65888
-65910
-65910
-65914
-65999
-66002
-66004
-66023
-66064
-66066
-66081
-66088
-66114
-66121
-66149
-66166
-66185
-66190
-66209
-66221
-66244
-66259
-66273
-66278
-66280
-66297
-66321
-66370
-66373
-66399
-66425
-66442
-66459
-66470
-66487
-66491
-66521
-66553
-66562
-66575
-66589
-66594
-66629
-66632
-66816
-66857
-66862
-66884
-66944
-66961
-66965
-67017
-67047
-67078
-67099
-67101
-67117
-67117
-67145
-67149
-67149
-67155
-67178
-67197
-67212
-67212
-67227
-67299
-67386
-67389
-67396
-67427
-67427
-67429
-67446
-67456
-67510
-67527
-67580
-67583
-67633
-67639
-67670
-67687
-67692
-67725
-67770
-67784
-67789
-67799
-67809
-67826
-67838
-67885
-67919
-67925
-67929
-67931
-67942
-67950
-67999
-68005
-68033
-68034
-68096
-68142
-68166
-68213
-68241
-68243
-68255
-68256
-68286
-68299
-68309
-68339
-68342
-68362
-68362
-68364
-68375
-68396
-68405
-68413
-68417
-68425
-68432
-68440
-68458
-68465
-68477
-68480
-68491
-68499
-68561
-68581
-68599
-68640
-68671
-68725
-68731
-68739
-68786
-68812
-68836
-68858
-68878
-68919
-68925
-68946
-68960
-68966
-69003
-69010
-69015
-69042
-69049
-69088
-69124
-69170
-69206
-69219
-69229
-69261
-69264
-69285
-69329
-69372
-69384
-69413
-69477
-69557
-69656
-69686
-69709
-69751
-69766
-69783
-69783
-69824
-69862
-69891
-69915
-69917
-69919
-69922
-69950
-70002
-70007
-70054
-70060
-70086
-70091
-70114
-70116
-70123
-70138
-70140
-70144
-70151
-70173
-70174
-70181
-70188
-70215
-70223
-70241
-70244
-70248
-70254
-70279
-70313
-70350
-70373
-70383
-70405
-70456
-70461
-70466
-70496
-70499
-70501
-70519
-70593
-70605
-70616
-70616
-70628
-70629
-70632
-70645
-70652
-70653
-70667
-70668
-70734
-70742
-70761
-70799
-70809
-70810
-70831
-70833
-70863
-70869
-70893
-70897
-70902
-70922
-70960
-70963
-70975
-71030
-71051
-71060
-71080
-71089
-71096
-71117
-71136
-71151
-71153
-71170
-71181
-71185
-71219
-71232
-71244
-71246
-71246
-71250
-71268
-71271
-71273
-71309
-71313
-71314
-71324
-71330
-71331
-71348
-71354
-71384
-71403
-71410
-71455
-71460
-71470
-71508
-71521
-71533
-71599
-71605
-71624
-71638
-71646
-71652
-71654
-71701
-71706
-71721
-71753
-71771
-71775
-71798
-71804
-71853
-71918
-71930
-71936
-71986
-71988
-72006
-72028
-72036
-72040
-72047
-72056
-72063
-72095
-72102
-72103
-72105
-72154
-72177
-72195
-72259
-72260
-72277
-72348
-72431
-72457
-72470
-72477
-72517
-72543
-72544
-72581
-72608
-72631
-72641
-72644
-72656
-72661
-72663
-72705
-72708
-72725
-72738
-72798
-72807
-72816
-72825
-72828
-72831
-72866
-72881
-72884
-72892
-72893
-72896
-72926
-72931
-72940
-72948
-73004
-73044
-73052
-73078
-73087
-73096
-73153
-73156
-73178
-73185
-73214
-73273
-73283
-73287
-73306
-73352
-73352
-73366
-73384
-73404
-73410
-73435
-73439
-73522
-73564
-73580
-73590
-73644
-73648
-73664
-73744
-73748
-73784
-73785
-73786
-73790
-73846
-73872
-73885
-73932
-73971
-73976
-73978
-74005
-74006
-74061
-74080
-74087
-74109
-74110
-74131
-74141
-74161
-74192
-74197
-74199
-74206
-74208
-74213
-74235
-74245
-74251
-74265
-74270
-74279
-74291
-74297
-74301
-74355
-74373
-74383
-74395
-74424
-74437
-74438
-74469
-74482
-74554
-74578
-74601
-74603
-74605
-74633
-74646
-74687
-74697
-74732
-74744
-74750
-74751
-74778
-74794
-74824
-74835
-74871
-74880
-74897
-75024
-75038
-75050
-75052
-75069
-75079
-75087
-75088
-75154
-75164
-75165
-75217
-75254
-75285
-75297
-75357
-75373
-75401
-75445
-75448
-75457
-75467
-75472
-75542
-75564
-75582
-75590
-75598
-75652
-75672
-75702
-75708
-75711
-75725
-75735
-75736
-75737
-75812
-75816
-75828
-75849
-75850
-75861
-75876
-75887
-75907
-75917
-75932
-75979
-75979
-75994
-76016
-76031
-76068
-76075
-76107
-76132
-76149
-76156
-76171
-76214
-76274
-76302
-76308
-76335
-76381
-76413
-76433
-76436
-76465
-76534
-76570
-76614
-76634
-76645
-76664
-76678
-76690
-76722
-76760
-76779
-76806
-76840
-76856
-76857
-76933
-77045
-77052
-77065
-77073
-77080
-77089
-77108
-77114
-77128
-77134
-77158
-77168
-77208
-77217
-77223
-77248
-77253
-77303
-77354
-77355
-77355
-77360
-77363
-77388
-77434
-77440
-77443
-77453
-77471
-77479
-77498
-77510
-77526
-77530
-77549
-77562
-77604
-77751
-77759
-77860
-77865
-77892
-77941
-77951
-77981
-78045
-78088
-78107
-78117
-78146
-78160
-78180
-78194
-78201
-78206
-78206
-78208
-78244
-78250
-78258
-78270
-78280
-78325
-78359
-78367
-78379
-78385
-78407
-78414
-78445
-78544
-78559
-78561
-78597
-78623
-78639
-78658
-78667
-78681
-78682
-78694
-78712
-78731
-78748
-78756
-78790
-78843
-78896
-78925
-78942
-79020
-79032
-79035
-79035
-79065
-79065
-79079
-79102
-79118
-79132
-79133
-79171
-79177
-79217
-79269
-79279
-79306
-79311
-79335
-79360
-79403
-79409
-79416
-79444
-79450
-79465
-79509
-79510
-79514
-79535
-79537
-79537
-79554
-79579
-79584
-79597
-79620
-79627
-79629
-79632
-79669
-79671
-79692
-79724
-79760
-79813
-79826
-79855
-79899
-79905
-79907
-79916
-79935
-79941
-79997
-80041
-80045
-80050
-80053
-80059
-80062
-80064
-80094
-80096
-80128
-80135
-80144
-80172
-80180
-80193
-80204
-80241
-80246
-80246
-80280
-80291
-80315
-80333
-80360
-80372
-80376
-80394
-80401
-80412
-80501
-80510
-80534
-80540
-80568
-80579
-80582
-80642
-80656
-80681
-80695
-80714
-80732
-80737
-80796
-80809
-80867
-80869
-80894
-80895
-80970
-81006
-81035
-81128
-81154
-81170
-81205
-81220
-81223
-81267
-81288
-81314
-81341
-81354
-81393
-81440
-81444
-81450
-81512
-81521
-81531
-81534
-81557
-81575
-81590
-81620
-81632
-81680
-81706
-81715
-81738
-81742
-81745
-81746
-81748
-81785
-81789
-81798
-81813
-81819
-81832
-81862
-81869
-81885
-81892
-81912
-81979
-81993
-82013
-82067
-82093
-82121
-82125
-82151
-82155
-82219
-82235
-82339
-82340
-82351
-82394
-82402
-82436
-82441
-82524
-82535
-82562
-82570
-82591
-82593
-82617
-82640
-82652
-82666
-82676
-82676
-82710
-82720
-82735
-82748
-82749
-82765
-82842
-82848
-82863
-82875
-82884
-82893
-82916
-82962
-82991
-83027
-83053
-83058
-83076
-83078
-83092
-83108
-83138
-83166
-83174
-83176
-83185
-83206
-83274
-83293
-83297
-83322
-83358
-83369
-83376
-83428
-83463
-83476
-83476
-83479
-83507
-83510
-83512
-83515
-83520
-83535
-83564
-83586
-83620
-83626
-83635
-83683
-83713
-83715
-83729
-83736
-83737
-83743
-83759
-83768
-83790
-83818
-83850
-83859
-83869
-83875
-83905
-83914
-83927
-83957
-83999
-84006
-84020
-84037
-84058
-84069
-84073
-84080
-84081
-84085
-84111
-84136
-84150
-84161
-84192
-84223
-84231
-84245
-84281
-84296
-84298
-84305
-84317
-84354
-84409
-84430
-84440
-84441
-84473
-84475
-84487
-84531
-84539
-84544
-84589
-84592
-84595
-84627
-84650
-84670
-84675
-84678
-84701
-84707
-84722
-84735
-84749
-84768
-84774
-84787
-84788
-84794
-84864
-84866
-84932
-84942
-84943
-84950
-84957
-84973
-84985
-84998
-84998
-85006
-85015
-85042
-85058
-85063
-85082
-85096
-85096
-85113
-85122
-85179
-85194
-85256
-85344
-85347
-85352
-85367
-85386
-85397
-85418
-85431
-85437
-85437
-85447
-85467
-85486
-85529
-85559
-85567
-85579
-85593
-85609
-85623
-85629
-85652
-85656
-85667
-85669
-85674
-85678
-85700
-85739
-85742
-85748
-85754
-85754
-85765
-85776
-85808
-85809
-85856
-85858
-85882
-85883
-85918
-85922
-85965
-85980
-86011
-86028
-86037
-86041
-86047
-86056
-86070
-86120
-86139
-86254
-86258
-86285
-86318
-86337
-86347
-86376
-86405
-86416
-86509
-86601
-86606
-86619
-86626
-86628
-86634
-86674
-86722
-86725
-86728
-86728
-86730
-86760
-86768
-86785
-86788
-86795
-86834
-86853
-86925
-86938
-86949
-86955
-86965
-87006
-87012
-87024
-87046
-87047
-87052
-87052
-87073
-87091
-87123
-87149
-87171
-87172
-87194
-87195
-87211
-87347
-87369
-87403
-87476
-87522
-87572
-87573
-87584
-87598
-87606
-87618
-87622
-87697
-87709
-87716
-87726
-87747
-87766
-87797
-87807
-87848
-87850
-87899
-87899
-87900
-87923
-87931
-87990
-88005
-88011
-88019
-88041
-88049
-88049
-88061
-88067
-88094
-88104
-88123
-88157
-88175
-88210
-88222
-88301
-88307
-88315
-88321
-88326
-88369
-88380
-88382
-88446
-88462
-88473
-88479
-88483
-88483
-88486
-88516
-88534
-88546
-88574
-88601
-88601
-88610
-88614
-88646
-88684
-88686
-88712
-88713
-88713
-88714
-88754
-88764
-88782
-88826
-88830
-88836
-88853
-88860
-88863
-88957
-88988
-89000
-89032
-89033
-89070
-89178
-89179
-89183
-89189
-89223
-89277
-89277
-89296
-89309
-89347
-89366
-89390
-89443
-89446
-89486
-89519
-89525
-89527
-89544
-89546
-89552
-89573
-89582
-89626
-89632
-89644
-89647
-89670
-89684
-89706
-89715
-89717
-89742
-89758
-89767
-89767
-89859
-89863
-89867
-89873
-89875
-89881
-89916
-89940
-90015
-90025
-90031
-90035
-90050
-90065
-90136
-90171
-90174
-90194
-90225
-90278
-90290
-90300
-90347
-90473
-90492
-90535
-90540
-90556
-90589
-90601
-90602
-90799
-90800
-90885
-90916
-90917
-90939
-90946
-90947
-90971
-90994
-91024
-91032
-91038
-91048
-91084
-91105
-91119
-91138
-91138
-91153
-91156
-91177
-91218
-91219
-91246
-91268
-91284
-91337
-91371
-91390
-91391
-91407
-91426
-91428
-91431
-91454
-91477
-91493
-91546
-91554
-91563
-91590
-91599
-91603
-91607
-91626
-91645
-91651
-91681
-91693
-91708
-91747
-91747
-91752
-91778
-91833
-91836
-91854
-91881
-91883
-91909
-92028
-92031
-92039
-92053
-92158
-92187
-92194
-92202
-92208
-92225
-92262
-92265
-92267
-92277
-92283
-92311
-92371
-92383
-92410
-92567
-92581
-92588
-92603
-92633
-92643
-92647
-92662
-92698
-92743
-92744
-92756
-92758
-92763
-92777
-92814
-92826
-92830
-92830
-92840
-92872
-92881
-92889
-92895
-92900
-92933
-92939
-92948
-92977
-93002
-93046
-93075
-93132
-93168
-93171
-93175
-93176
-93180
-93195
-93204
-93204
-93288
-93311
-93331
-93351
-93354
-93411
-93415
-93430
-93479
-93541
-93582
-93611
-93621
-93626
-93626
-93647
-93656
-93754
-93757
-93784
-93801
-93802
-93815
-93836
-93844
-93846
-93888
-93904
-93912
-93916
-93924
-93953
-93974
-93985
-93994
-94008
-94021
-94051
-94083
-94109
-94140
-94143
-94157
-94170
-94171
-94219
-94219
-94244
-94247
-94268
-94277
-94370
-94383
-94412
-94414
-94433
-94448
-94474
-94477
-94506
-94524
-94536
-94672
-94679
-94751
-94755
-94762
-94780
-94781
-94794
-94821
-94854
-94884
-94964
-94970
-94974
-95003
-95047
-95080
-95118
-95127
-95132
-95205
-95259
-95270
-95293
-95302
-95335
-95351
-95363
-95371
-95374
-95408
-95431
-95437
-95453
-95476
-95498
-95555
-95565
-95579
-95602
-95664
-95670
-95685
-95688
-95701
-95747
-95747
-95756
-95811
-95829
-95840
-95847
-95901
-95926
-95973
-95986
-96000
-96041
-96057
-96066
-96097
-96121
-96148
-96182
-96281
-96336
-96340
-96364
-96414
-96417
-96430
-96446
-96484
-96492
-96515
-96517
-96537
-96567
-96580
-96591
-96622
-96625
-96665
-96679
-96682
-96707
-96716
-96717
-96738
-96743
-96756
-96825
-96857
-96887
-96896
-96927
-96934
-96964
-96976
-97018
-97042
-97042
-97046
-97053
-97058
-97068
-97076
-97084
-97189
-97233
-97240
-97260
-97279
-97280
-97284
-97300
-97337
-97349
-97361
-97362
-97372
-97461
-97471
-97565
-97589
-97607
-97644
-97667
-97670
-97676
-97685
-97691
-97717
-97720
-97764
-97765
-97783
-97834
-97851
-97885
-97885
-97890
-97921
-97926
-97930
-97930
-97947
-97947
-98022
-98025
-98056
-98070
-98099
-98100
-98137
-98139
-98244
-98246
-98260
-98293
-98305
-98308
-98358
-98362
-98408
-98413
-98425
-98427
-98427
-98444
-98451
-98461
-98475
-98490
-98529
-98534
-98539
-98552
-98576
-98637
-98638
-98654
-98703
-98721
-98732
-98737
-98753
-98784
-98796
-98797
-98797
-98810
-98837
-98899
-98936
-98939
-98989
-98999
-99003
-99008
-99023
-99042
-99143
-99148
-99156
-99169
-99186
-99190
-99198
-99205
-99225
-99231
-99233
-99259
-99259
-99261
-99264
-99272
-99278
-99362
-99364
-99397
-99410
-99411
-99450
-99509
-99522
-99546
-99595
-99598
-99605
-99609
-99633
-99634
-99684
-99689
-99696
-99700
-99749
-99780
-99786
-99787
-99796
-99808
-99810
-99810
-99827
-99852
-99883
-99907
-99935
-99949
-99951
-99969
-100030
-100054
-100126
-100129
-100143
-100162
-100189
-100220
-100279
-100295
-100311
-100332
-100359
-100430
-100470
-100506
-100545
-100559
-100574
-100611
-100616
-100630
-100633
-100633
-100658
-100668
-100671
-100701
-100765
-100778
-100795
-100861
-100869
-100876
-100910
-100918
-100929
-100942
-100942
-100960
-100972
-101002
-101024
-101035
-101075
-101092
-101103
-101125
-101133
-101196
-101201
-101207
-101225
-101245
-101257
-101318
-101339
-101354
-101375
-101422
-101435
-101466
-101466
-101471
-101515
-101523
-101542
-101552
-101570
-101597
-101599
-101621
-101646
-101685
-101706
-101713
-101722
-101723
-101794
-101802
-101815
-101852
-101853
-101853
-101868
-101877
-101888
-101932
-102011
-102063
-102075
-102101
-102103
-102104
-102110
-102113
-102114
-102114
-102115
-102126
-102127
-102199
-102205
-102230
-102232
-102250
-102260
-102266
-102274
-102307
-102310
-102331
-102354
-102379
-102381
-102431
-102466
-102507
-102527
-102532
-102546
-102549
-102559
-102582
-102607
-102608
-102642
-102656
-102679
-102690
-102716
-102716
-102745
-102756
-102772
-102774
-102792
-102799
-102824
-102830
-102833
-102837
-102848
-102851
-102853
-102923
-102935
-102940
-102963
-102984
-103051
-103071
-103103
-103126
-103179
-103191
-103220
-103242
-103258
-103268
-103278
-103279
-103299
-103309
-103323
-103329
-103332
-103378
-103413
-103417
-103419
-103440
-103508
-103514
-103549
-103574
-103593
-103666
-103682
-103682
-103693
-103716
-103717
-103725
-103732
-103738
-103741
-103751
-103760
-103784
-103831
-103853
-103855
-103857
-103885
-103885
-103907
-103920
-103976
-103990
-103990
-104004
-104016
-104059
-104074
-104134
-104139
-104150
-104154
-104163
-104170
-104187
-104194
-104199
-104200
-104238
-104311
-104313
-104326
-104339
-104369
-104376
-104384
-104386
-104395
-104454
-104454
-104459
-104481
-104511
-104516
-104525
-104536
-104572
-104595
-104599
-104609
-104611
-104627
-104631
-104637
-104669
-104673
-104688
-104689
-104714
-104724
-104767
-104767
-104784
-104792
-104814
-104817
-104828
-104858
-104869
-104877
-104894
-104906
-104947
-104949
-104952
-104954
-104958
-104985
-104998
-105015
-105033
-105068
-105118
-105143
-105161
-105246
-105273
-105281
-105288
-105291
-105311
-105353
-105364
-105376
-105391
-105397
-105424
-105434
-105487
-105506
-105525
-105531
-105550
-105580
-105588
-105603
-105611
-105616
-105623
-105632
-105634
-105638
-105655
-105655
-105665
-105666
-105704
-105709
-105746
-105764
-105778
-105787
-105808
-105823
-105823
-105826
-105828
-105864
-105871
-105874
-105903
-105904
-105933
-105966
-105979
-106035
-106036
-106041
-106047
-106111
-106114
-106115
-106127
-106159
-106190
-106204
-106209
-106213
-106213
-106220
-106221
-106231
-106285
-106293
-106303
-106343
-106378
-106409
-106421
-106422
-106424
-106427
-106462
-106482
-106582
-106588
-106615
-106682
-106725
-106737
-106762
-106793
-106808
-106814
-106851
-106881
-106892
-106911
-106916
-106933
-106938
-106952
-107017
-107056
-107056
-107092
-107107
-107149
-107153
-107174
-107177
-107191
-107212
-107283
-107297
-107324
-107328
-107348
-107353
-107354
-107359
-107382
-107411
-107421
-107427
-107444
-107464
-107464
-107471
-107501
-107517
-107518
-107530
-107530
-107580
-107693
-107697
-107700
-107705
-107707
-107717
-107734
-107741
-107746
-107761
-107768
-107783
-107789
-107793
-107797
-107814
-107825
-107847
-107850
-107892
-107897
-107900
-107945
-107955
-107959
-107998
-108074
-108104
-108117
-108179
-108184
-108197
-108227
-108261
-108269
-108344
-108352
-108402
-108404
-108411
-108439
-108445
-108448
-108500
-108533
-108534
-108538
-108579
-108588
-108616
-108616
-108636
-108639
-108681
-108724
-108739
-108799
-108811
-108831
-108834
-108840
-108894
-108897
-108909
-108919
-108979
-109001
-109006
-109017
-109023
-109107
-109119
-109132
-109151
-109154
-109157
-109159
-109223
-109234
-109319
-109322
-109365
-109374
-109423
-109433
-109449
-109469
-109470
-109476
-109490
-109502
-109525
-109534
-109541
-109543
-109557
-109581
-109612
-109613
-109622
-109628
-109655
-109672
-109680
-109704
-109769
-109770
-109799
-109800
-109865
-109874
-109886
-109886
-109906
-109909
-109911
-109926
-109952
-109967
-110012
-110048
-110068
-110088
-110179
-110185
-110187
-110203
-110232
-110241
-110246
-110261
-110303
-110331
-110365
-110385
-110397
-110445
-110457
-110474
-110510
-110561
-110565
-110567
-110579
-110581
-110594
-110608
-110632
-110634
-110640
-110670
-110684
-110686
-110708
-110711
-110736
-110774
-110782
-110855
-110855
-110884
-110890
-110903
-110955
-110963
-110966
-111015
-111036
-111051
-111061
-111067
-111070
-111076
-111111
-111151
-111153
-111160
-111166
-111167
-111188
-111219
-111229
-111246
-111288
-111294
-111346
-111356
-111369
-111381
-111391
-111410
-111448
-111497
-111503
-111545
-111560
-111577
-111651
-111663
-111694
-111743
-111748
-111769
-111790
-111796
-111804
-111810
-111840
-111840
-111854
-111862
-111878
-111880
-111880
-111939
-111939
-111941
-111971
-111974
-111974
-111983
-112002
-112004
-112013
-112015
-112028
-112094
-112111
-112132
-112137
-112184
-112192
-112195
-112208
-112228
-112235
-112247
-112318
-112320
-112322
-112390
-112391
-112397
-112422
-112440
-112448
-112468
-112470
-112470
-112483
-112517
-112537
-112601
-112624
-112625
-112642
-112652
-112671
-112677
-112768
-112809
-112853
-112917
-112922
-112937
-112951
-113025
-113025
-113038
-113072
-113074
-113102
-113139
-113151
-113181
-113183
-113199
-113247
-113289
-113299
-113312
-113366
-113367
-113375
-113382
-113392
-113405
-113517
-113526
-113570
-113575
-113576
-113642
-113654
-113694
-113696
-113704
-113775
-113777
-113790
-113812
-113836
-113892
-113923
-113937
-114013
-114028
-114053
-114066
-114075
-114099
-114115
-114117
-114166
-114218
-114229
-114237
-114259
-114266
-114334
-114362
-114369
-114371
-114406
-114439
-114489
-114538
-114556
-114614
-114626
-114642
-114691
-114701
-114713
-114724
-114739
-114739
-114774
-114781
-114783
-114787
-114792
-114804
-114816
-114817
-114834
-114841
-114846
-114865
-114891
-114892
-114895
-114912
-114924
-114927
-114927
-114948
-115030
-115056
-115094
-115110
-115145
-115168
-115219
-115252
-115292
-115303
-115304
-115347
-115373
-115397
-115439
-115462
-115488
-115489
-115512
-115518
-115566
-115567
-115567
-115568
-115576
-115580
-115656
-115668
-115724
-115739
-115746
-115780
-115784
-115793
-115811
-115811
-115817
-115839
-115895
-115923
-115938
-115938
-115938
-115947
-115982
-116000
-116001
-116002
-116019
-116025
-116051
-116087
-116088
-116101
-116110
-116144
-116183
-116203
-116216
-116235
-116250
-116272
-116291
-116293
-116300
-116302
-116306
-116325
-116341
-116343
-116359
-116399
-116412
-116427
-116434
-116435
-116435
-116437
-116458
-116471
-116505
-116511
-116535
-116566
-116613
-116636
-116643
-116645
-116679
-116702
-116723
-116727
-116752
-116762
-116768
-116782
-116798
-116829
-116837
-116857
-116872
-116880
-116882
-116891
-116896
-116919
-116938
-116943
-116964
-116973
-116995
-117005
-117005
-117009
-117011
-117030
-117047
-117097
-117149
-117188
-117189
-117203
-117220
-117221
-117229
-117253
-117266
-117270
-117288
-117314
-117322
-117336
-117364
-117390
-117411
-117413
-117415
-117486
-117497
-117518
-117538
-117548
-117567
-117579
-117629
-117658
-117668
-117676
-117679
-117691
-117707
-117739
-117748
-117761
-117766
-117767
-117808
-117817
-117822
-117872
-117893
-117895
-117929
-117968
-117970
-117970
-117990
-118073
-118080
-118082
-118085
-118087
-118093
-118095
-118097
-118125
-118174
-118222
-118242
-118252
-118258
-118260
-118320
-118326
-118336
-118364
-118393
-118405
-118434
-118468
-118484
-118491
-118507
-118514
-118553
-118561
-118568
-118588
-118655
-118663
-118665
-118685
-118686
-118691
-118762
-118767
-118781
-118796
-118801
-118810
-118818
-118827
-118846
-118898
-118925
-118926
-118939
-118939
-118970
-118974
-119028
-119041
-119064
-119169
-119175
-119178
-119214
-119251
-119256
-119273
-119300
-119318
-119327
-119333
-119334
-119338
-119369
-119383
-119387
-119389
-119414
-119461
-119507
-119529
-119530
-119560
-119562
-119642
-119742
-119772
-119775
-119835
-119848
-119872
-119875
-119908
-119963
-119973
-119999
-120005
-120047
-120071
-120082
-120160
-120197
-120243
-120259
-120274
-120287
-120290
-120297
-120310
-120330
-120358
-120362
-120382
-120448
-120501
-120507
-120514
-120561
-120566
-120613
-120614
-120632
-120654
-120676
-120681
-120694
-120698
-120730
-120734
-120737
-120741
-120746
-120756
-120760
-120761
-120798
-120829
-120843
-120892
-121072
-121085
-121113
-121115
-121174
-121179
-121223
-121287
-121298
-121307
-121334
-121378
-121409
-121435
-121477
-121487
-121488
-121509
-121513
-121514
-121541
-121553
-121613
-121638
-121650
-121670
-121677
-121677
-121700
-121720
-121740
-121799
-121808
-121823
-121827
-121831
-121855
-121894
-121913
-121916
-121955
-121955
-121961
-121966
-121970
-121999
-122022
-122023
-122057
-122060
-122083
-122103
-122108
-122120
-122133
-122161
-122165
-122171
-122177
-122188
-122207
-122216
-122216
-122231
-122250
-122289
-122324
-122337
-122339
-122355
-122359
-122362
-122365
-122368
-122368
-122379
-122388
-122411
-122427
-122436
-122460
-122471
-122475
-122479
-122482
-122486
-122501
-122504
-122531
-122543
-122546
-122571
-122576
-122634
-122647
-122662
-122672
-122706
-122713
-122721
-122747
-122761
-122782
-122821
-122847
-122856
-122893
-122895
-122897
-122943
-122971
-122976
-123042
-123070
-123128
-123132
-123165
-123185
-123186
-123219
-123231
-123232
-123239
-123279
-123281
-123337
-123402
-123425
-123485
-123492
-123512
-123517
-123555
-123565
-123628
-123656
-123663
-123682
-123698
-123703
-123705
-123723
-123757
-123767
-123767
-123768
-123869
-123881
-123897
-123900
-123916
-123922
-123926
-123946
-123981
-123989
-123991
-124001
-124023
-124059
-124076
-124083
-124085
-124089
-124094
-124110
-124152
-124168
-124211
-124218
-124234
-124272
-124296
-124299
-124331
-124334
-124335
-124357
-124380
-124382
-124385
-124465
-124484
-124502
-124543
-124625
-124635
-124646
-124694
-124747
-124774
-124806
-124820
-124842
-124871
-124881
-124894
-124898
-124912
-124938
-124962
-124996
-125008
-125025
-125034
-125035
-125057
-125067
-125144
-125168
-125170
-125181
-125190
-125196
-125197
-125217
-125224
-125238
-125251
-125264
-125299
-125309
-125352
-125354
-125359
-125379
-125386
-125480
-125519
-125521
-125524
-125539
-125602
-125639
-125639
-125645
-125647
-125655
-125691
-125701
-125714
-125723
-125740
-125787
-125817
-125838
-125863
-125882
-125890
-126013
-126014
-126030
-126069
-126078
-126114
-126126
-126133
-126149
-126161
-126166
-126178
-126188
-126194
-126194
-126195
-126220
-126228
-126232
-126238
-126244
-126277
-126290
-126295
-126301
-126303
-126313
-126317
-126333
-126364
-126452
-126495
-126545
-126553
-126557
-126580
-126601
-126629
-126654
-126655
-126671
-126710
-126722
-126724
-126732
-126744
-126761
-126763
-126771
-126782
-126793
-126798
-126806
-126817
-126826
-126832
-126896
-126900
-126917
-126921
-126986
-127140
-127146
-127160
-127174
-127179
-127277
-127288
-127302
-127324
-127326
-127340
-127381
-127395
-127428
-127431
-127436
-127491
-127513
-127551
-127560
-127565
-127569
-127571
-127592
-127598
-127609
-127617
-127634
-127675
-127716
-127722
-127785
-127808
-127849
-127876
-127880
-127888
-127903
-127903
-127920
-127950
-128049
-128066
-128074
-128077
-128078
-128085
-128101
-128117
-128119
-128125
-128127
-128224
-128229
-128243
-128252
-128321
-128343
-128344
-128346
-128375
-128399
-128416
-128463
-128466
-128470
-128487
-128488
-128510
-128521
-128554
-128563
-128605
-128608
-128636
-128642
-128653
-128666
-128730
-128742
-128745
-128747
-128814
-128825
-128836
-128918
-128980
-129003
-129006
-129015
-129019
-129029
-129032
-129043
-129047
-129049
-129055
-129069
-129069
-129074
-129078
-129085
-129106
-129119
-129141
-129164
-129191
-129215
-129226
-129279
-129279
-129316
-129355
-129357
-129391
-129445
-129454
-129462
-129466
-129505
-129513
-129514
-129550
-129560
-129578
-129678
-129713
-129734
-129735
-129768
-129784
-129821
-129834
-129837
-129861
-129885
-129925
-129955
-129962
-129963
-130012
-130016
-130089
-130104
-130132
-130137
-130141
-130203
-130233
-130269
-130278
-130282
-130287
-130328
-130331
-130332
-130342
-130349
-130357
-130373
-130406
-130417
-130433
-130471
-130488
-130498
-130513
-130528
-130537
-130568
-130586
-130595
-130619
-130621
-130627
-130653
-130713
-130718
-130738
-130738
-130772
-130773
-130779
-130794
-130850
-130861
-130888
-130920
-130923
-130956
-131009
-131009
-131046
-131056
-131085
-131161
-131195
-131220
-131237
-131273
-131290
-131293
-131297
-131312
-131316
-131324
-131328
-131342
-131343
-131413
-131421
-131443
-131481
-131557
-131592
-131655
-131660
-131674
-131675
-131677
-131756
-131762
-131763
-131792
-131796
-131819
-131843
-131849
-131873
-131892
-131918
-131951
-131969
-131978
-131982
-131994
-132049
-132093
-132141
-132144
-132146
-132148
-132149
-132155
-132194
-132199
-132210
-132239
-132279
-132282
-132282
-132293
-132308
-132323
-132353
-132365
-132370
-132431
-132444
-132487
-132501
-132525
-132552
-132557
-132565
-132570
-132597
-132612
-132634
-132661
-132685
-132702
-132706
-132718
-132743
-132790
-132792
-132830
-132834
-132877
-132893
-132896
-132928
-132936
-132995
-133005
-133006
-133043
-133097
-133098
-133118
-133189
-133190
-133194
-133196
-133220
-133227
-133237
-133263
-133264
-133273
-133274
-133284
-133310
-133333
-133345
-133369
-133373
-133373
-133378
-133410
-133411
-133462
-133474
-133484
-133507
-133508
-133513
-133532
-133532
-133539
-133592
-133600
-133619
-133622
-133627
-133749
-133754
-133755
-133800
-133822
-133876
-133923
-133960
-133965
-133967
-133981
-134006
-134011
-134023
-134038
-134046
-134049
-134144
-134157
-134182
-134195
-134197
-134247
-134251
-134255
-134257
-134257
-134262
-134290
-134320
-134323
-134344
-134361
-134368
-134375
-134390
-134397
-134412
-134420
-134422
-134442
-134464
-134470
-134507
-134534
-134564
-134573
-134575
-134590
-134629
-134635
-134637
-134649
-134664
-134670
-134703
-134711
-134718
-134732
-134741
-134747
-134771
-134810
-134839
-134849
-134861
-134864
-134873
-134916
-134931
-134939
-134960
-134978
-134984
-134998
-135019
-135025
-135070
-135076
-135078
-135080
-135093
-135110
-135130
-135170
-135171
-135172
-135192
-135206
-135236
-135329
-135339
-135352
-135372
-135375
-135394
-135398
-135415
-135504
-135548
-135605
-135613
-135654
-135655
-135662
-135669
-135671
-135679
-135693
-135702
-135723
-135771
-135796
-135841
-135851
-135947
-135958
-135983
-136010
-136020
-136037
-136039
-136078
-136089
-136136
-136147
-136220
-136259
-136263
-136283
-136308
-136318
-136335
-136362
-136391
-136451
-136479
-136496
-136498
-136536
-136538
-136550
-136565
-136577
-136582
-136593
-136618
-136633
-136635
-136637
-136647
-136654
-136669
-136696
-136699
-136734
-136745
-136759
-136782
-136831
-136843
-136877
-136938
-136948
-136948
-136948
-136956
-136975
-137031
-137039
-137051
-137061
-137089
-137095
-137104
-137127
-137149
-137199
-137208
-137239
-137250
-137250
-137278
-137349
-137353
-137395
-137409
-137443
-137445
-137468
-137494
-137496
-137566
-137579
-137587
-137610
-137631
-137716
-137783
-137787
-137800
-137820
-137842
-137843
-137880
-137893
-137904
-137916
-137920
-137926
-137970
-137973
-137986
-138017
-138019
-138035
-138097
-138109
-138165
-138221
-138273
-138278
-138312
-138331
-138333
-138335
-138338
-138348
-138394
-138406
-138412
-138421
-138432
-138446
-138464
-138479
-138504
-138513
-138612
-138615
-138624
-138632
-138640
-138646
-138651
-138652
-138669
-138688
-138717
-138727
-138730
-138791
-138797
-138827
-138865
-138869
-138873
-138892
-138947
-138980
-138981
-139044
-139051
-139051
-139114
-139156
-139172
-139182
-139225
-139225
-139257
-139259
-139296
-139297
-139327
-139347
-139351
-139352
-139375
-139385
-139386
-139395
-139396
-139404
-139408
-139409
-139413
-139420
-139432
-139461
-139466
-139480
-139495
-139563
-139575
-139586
-139591
-139605
-139607
-139613
-139635
-139657
-139664
-139678
-139686
-139710
-139725
-139727
-139735
-139752
-139764
-139768
-139797
-139801
-139805
-139823
-139831
-139869
-139879
-139917
-139922
-139948
-139956
-139971
-139974
-140021
-140042
-140086
-140173
-140177
-140201
-140205
-140209
-140216
-140236
-140253
-140260
-140261
-140286
-140320
-140325
-140337
-140339
-140341
-140351
-140412
-140428
-140449
-140504
-140517
-140525
-140529
-140537
-140544
-140556
-140569
-140580
-140585
-140610
-140637
-140649
-140649
-140652
-140658
-140659
-140677
-140710
-140723
-140725
-140764
-140796
-140826
-140838
-140855
-140855
-140859
-140867
-140913
-140968
-140973
-140995
-141041
-141043
-141072
-141076
-141087
-141095
-141129
-141170
-141179
-141182
-141240
-141247
-141269
-141273
-141283
-141286
-141298
-141312
-141313
-141355
-141391
-141424
-141436
-141437
-141446
-141448
-141465
-141469
-141470
-141485
-141510
-141541
-141543
-141676
-141692
-141705
-141715
-141774
-141823
-141826
-141830
-141839
-141881
-141892
-141900
-141960
-141963
-141967
-141972
-141989
-141992
-142025
-142067
-142087
-142089
-142128
-142130
-142160
-142164
-142165
-142166
-142190
-142201
-142203
-142222
-142233
-142239
-142263
-142276
-142280
-142299
-142342
-142358
-142443
-142446
-142456
-142461
-142465
-142476
-142549
-142578
-142656
-142696
-142697
-142709
-142731
-142779
-142874
-142875
-142876
-142877
-142882
-142901
-142946
-142975
-142998
-143027
-143032
-143065
-143098
-143152
-143196
-143205
-143261
-143281
-143322
-143335
-143358
-143361
-143366
-143366
-143383
-143403
-143435
-143478
-143523
-143540
-143546
-143560
-143567
-143598
-143633
-143657
-143683
-143691
-143708
-143764
-143765
-143776
-143790
-143795
-143810
-143825
-143883
-143928
-143992
-144011
-144047
-144060
-144097
-144126
-144142
-144147
-144158
-144196
-144250
-144260
-144285
-144305
-144332
-144353
-144366
-144366
-144402
-144433
-144480
-144499
-144531
-144688
-144700
-144701
-144714
-144787
-144813
-144822
-144826
-144842
-144871
-144875
-144876
-144909
-144923
-144932
-144938
-144975
-144993
-145026
-145045
-145074
-145093
-145103
-145124
-145138
-145141
-145148
-145157
-145170
-145183
-145236
-145247
-145249
-145273
-145287
-145318
-145372
-145400
-145441
-145444
-145499
-145501
-145503
-145519
-145528
-145537
-145539
-145567
-145585
-145588
-145599
-145611
-145647
-145667
-145691
-145692
-145707
-145715
-145727
-145730
-145732
-145755
-145776
-145805
-145837
-145851
-145858
-145858
-145860
-145861
-145892
-145893
-145917
-145937
-145945
-145963
-145974
-146009
-146015
-146076
-146082
-146096
-146119
-146187
-146217
-146237
-146250
-146305
-146323
-146334
-146349
-146367
-146413
-146446
-146472
-146480
-146492
-146505
-146512
-146542
-146562
-146567
-146574
-146578
-146595
-146600
-146603
-146612
-146622
-146623
-146634
-146636
-146650
-146748
-146758
-146806
-146817
-146878
-146882
-146884
-146909
-146948
-146960
-146974
-147024
-147029
-147042
-147043
-147048
-147083
-147086
-147129
-147169
-147172
-147189
-147193
-147208
-147244
-147248
-147252
-147256
-147322
-147358
-147380
-147385
-147391
-147408
-147418
-147429
-147440
-147446
-147456
-147464
-147494
-147518
-147521
-147528
-147551
-147557
-147582
-147599
-147624
-147656
-147689
-147718
-147766
-147777
-147800
-147873
-147939
-147945
-147955
-147969
-148034
-148042
-148043
-148053
-148061
-148103
-148126
-148130
-148139
-148169
-148189
-148193
-148208
-148227
-148246
-148250
-148286
-148300
-148324
-148324
-148342
-148350
-148393
-148450
-148463
-148506
-148556
-148581
-148604
-148611
-148659
-148659
-148664
-148700
-148703
-148705
-148711
-148733
-148774
-148777
-148843
-148849
-148858
-148862
-148898
-148934
-148936
-148959
-149010
-149031
-149065
-149123
-149130
-149160
-149165
-149176
-149186
-149200
-149204
-149216
-149219
-149238
-149262
-149334
-149349
-149436
-149500
-149525
-149542
-149561
-149563
-149569
-149575
-149594
-149620
-149628
-149641
-149647
-149699
-149711
-149746
-149768
-149784
-149838
-149866
-149876
-149895
-149900
-149912
-149951
-149973
-150000
-150002
-150003
-150019
-150026
-150037
-150037
-150051
-150070
-150082
-150097
-150102
-150107
-150111
-150115
-150116
-150179
-150183
-150199
-150213
-150219
-150228
-150251
-150264
-150284
-150284
-150318
-150319
-150347
-150416
-150425
-150486
-150502
-150516
-150525
-150539
-150559
-150580
-150613
-150627
-150687
-150707
-150735
-150775
-150779
-150799
-150804
-150860
-150893
-150944
-150972
-150973
-150975
-150985
-150992
-151076
-151086
-151097
-151105
-151106
-151126
-151169
-151171
-151186
-151197
-151210
-151223
-151238
-151250
-151259
-151289
-151301
-151322
-151323
-151362
-151411
-151412
-151412
-151437
-151439
-151474
-151487
-151496
-151523
-151526
-151537
-151563
-151569
-151574
-151577
-151577
-151611
-151612
-151632
-151640
-151649
-151652
-151655
-151668
-151672
-151680
-151689
-151691
-151702
-151753
-151786
-151786
-151790
-151808
-151838
-151849
-151966
-151971
-151976
-151981
-151997
-152011
-152030
-152066
-152082
-152084
-152098
-152107
-152147
-152171
-152251
-152263
-152265
-152300
-152350
-152390
-152394
-152403
-152413
-152461
-152498
-152537
-152573
-152673
-152724
-152772
-152823
-152824
-152852
-152863
-152866
-152906
-152906
-152915
-152916
-152919
-152970
-153016
-153028
-153042
-153043
-153060
-153069
-153168
-153176
-153192
-153215
-153234
-153237
-153240
-153243
-153245
-153249
-153282
-153283
-153300
-153327
-153370
-153406
-153451
-153452
-153465
-153467
-153487
-153499
-153519
-153537
-153573
-153596
-153632
-153644
-153661
-153690
-153723
-153735
-153770
-153808
-153841
-153861
-153880
-153930
-153937
-153942
-153949
-153989
-154012
-154057
-154090
-154104
-154112
-154114
-154118
-154172
-154195
-154205
-154262
-154289
-154292
-154336
-154337
-154339
-154378
-154390
-154446
-154446
-154516
-154531
-154538
-154577
-154590
-154610
-154614
-154627
-154627
-154631
-154645
-154653
-154654
-154710
-154725
-154726
-154791
-154798
-154810
-154818
-154837
-154849
-154852
-154858
-154873
-154899
-154924
-154926
-154950
-155000
-155002
-155021
-155042
-155052
-155067
-155082
-155110
-155125
-155142
-155144
-155154
-155196
-155202
-155206
-155209
-155221
-155228
-155234
-155253
-155261
-155274
-155302
-155344
-155352
-155364
-155368
-155381
-155440
-155462
-155480
-155496
-155539
-155546
-155572
-155583
-155595
-155646
-155658
-155660
-155676
-155676
-155707
-155711
-155712
-155714
-155776
-155807
-155814
-155829
-155840
-155903
-155904
-155909
-155964
-155981
-156033
-156039
-156071
-156073
-156081
-156099
-156113
-156130
-156158
-156162
-156202
-156204
-156229
-156274
-156291
-156315
-156317
-156336
-156377
-156384
-156438
-156441
-156456
-156530
-156536
-156557
-156578
-156602
-156606
-156618
-156647
-156654
-156657
-156694
-156735
-156742
-156757
-156766
-156766
-156795
-156804
-156807
-156826
-156829
-156839
-156864
-156876
-156883
-156926
-156931
-156942
-156978
-156982
-157059
-157064
-157068
-157080
-157127
-157133
-157171
-157179
-157205
-157211
-157222
-157226
-157228
-157263
-157281
-157332
-157337
-157364
-157409
-157414
-157417
-157419
-157422
-157461
-157463
-157471
-157490
-157514
-157551
-157568
-157610
-157619
-157621
-157623
-157628
-157641
-157647
-157658
-157659
-157716
-157758
-157762
-157784
-157827
-157885
-157897
-157905
-157945
-157952
-157976
-157983
-158007
-158010
-158019
-158033
-158043
-158086
-158093
-158096
-158136
-158147
-158151
-158159
-158162
-158199
-158223
-158235
-158264
-158271
-158273
-158295
-158322
-158339
-158342
-158364
-158384
-158406
-158409
-158481
-158499
-158520
-158526
-158539
-158542
-158550
-158551
-158553
-158573
-158611
-158657
-158695
-158699
-158701
-158718
-158718
-158745
-158755
-158760
-158761
-158761
-158773
-158776
-158789
-158790
-158849
-158851
-158865
-158869
-158884
-158926
-158957
-158991
-159063
-159079
-159092
-159092
-159094
-159117
-159131
-159138
-159224
-159233
-159241
-159293
-159298
-159405
-159416
-159425
-159434
-159448
-159472
-159507
-159518
-159538
-159586
-159600
-159680
-159684
-159695
-159695
-159699
-159710
-159731
-159744
-159759
-159805
-159853
-159856
-159868
-159871
-159921
-159949
-159995
-160012
-160016
-160067
-160088
-160088
-160090
-160110
-160134
-160143
-160145
-160182
-160191
-160192
-160195
-160204
-160231
-160253
-160258
-160277
-160301
-160306
-160312
-160327
-160360
-160364
-160382
-160416
-160421
-160422
-160434
-160441
-160467
-160470
-160488
-160490
-160502
-160517
-160524
-160531
-160562
-160592
-160678
-160684
-160689
-160689
-160708
-160747
-160758
-160772
-160785
-160789
-160804
-160831
-160859
-160860
-160910
-160929
-160931
-160937
-160973
-160991
-161017
-161026
-161029
-161054
-161063
-161075
-161081
-161100
-161171
-161235
-161276
-161311
-161334
-161341
-161352
-161354
-161415
-161428
-161446
-161536
-161540
-161544
-161557
-161564
-161565
-161579
-161579
-161595
-161610
-161619
-161669
-161693
-161760
-161771
-161772
-161781
-161890
-161913
-161920
-161949
-161952
-161973
-161993
-162002
-162006
-162007
-162014
-162021
-162023
-162054
-162106
-162109
-162143
-162151
-162165
-162192
-162201
-162209
-162246
-162257
-162295
-162332
-162384
-162415
-162435
-162446
-162479
-162514
-162532
-162537
-162557
-162601
-162605
-162629
-162657
-162672
-162690
-162697
-162757
-162762
-162789
-162795
-162846
-162884
-162898
-162915
-162921
-162923
-162934
-162936
-162961
-162962
-162967
-163008
-163014
-163019
-163030
-163050
-163081
-163119
-163123
-163162
-163169
-163218
-163222
-163229
-163231
-163238
-163297
-163303
-163364
-163365
-163405
-163442
-163489
-163502
-163534
-163535
-163537
-163538
-163553
-163618
-163619
-163634
-163678
-163695
-163707
-163757
-163832
-163866
-163883
-163895
-163910
-163916
-163930
-163933
-163965
-163965
-163971
-163997
-164002
-164014
-164042
-164049
-164056
-164064
-164069
-164097
-164100
-164126
-164153
-164166
-164194
-164205
-164208
-164209
-164243
-164246
-164265
-164275
-164279
-164291
-164315
-164323
-164355
-164374
-164376
-164485
-164488
-164494
-164508
-164530
-164538
-164626
-164650
-164689
-164697
-164715
-164740
-164765
-164765
-164772
-164779
-164781
-164786
-164813
-164848
-164876
-164882
-165003
-165013
-165060
-165066
-165108
-165115
-165115
-165127
-165145
-165219
-165225
-165241
-165260
-165270
-165291
-165311
-165313
-165317
-165353
-165357
-165369
-165380
-165392
-165394
-165412
-165443
-165446
-165463
-165502
-165514
-165517
-165533
-165541
-165562
-165571
-165594
-165623
-165640
-165654
-165660
-165661
-165676
-165690
-165721
-165724
-165740
-165745
-165752
-165798
-165801
-165820
-165826
-165844
-165961
-165962
-165974
-166004
-166018
-166048
-166095
-166181
-166185
-166195
-166213
-166247
-166259
-166261
-166263
-166359
-166422
-166432
-166450
-166451
-166451
-166474
-166490
-166492
-166502
-166502
-166510
-166529
-166556
-166592
-166619
-166625
-166629
-166659
-166666
-166668
-166704
-166707
-166714
-166734
-166746
-166751
-166757
-166783
-166823
-166836
-166862
-166865
-166872
-166874
-166905
-166931
-166953
-167006
-167092
-167131
-167140
-167192
-167231
-167274
-167317
-167337
-167342
-167360
-167366
-167382
-167388
-167411
-167417
-167422
-167427
-167486
-167526
-167536
-167551
-167556
-167620
-167623
-167645
-167693
-167711
-167742
-167747
-167782
-167802
-167803
-167805
-167818
-167826
-167869
-167905
-167932
-167932
-167948
-167959
-167994
-168077
-168116
-168119
-168154
-168184
-168188
-168195
-168196
-168231
-168239
-168255
-168263
-168273
-168308
-168332
-168338
-168349
-168370
-168398
-168431
-168452
-168463
-168471
-168496
-168502
-168537
-168538
-168545
-168550
-168570
-168584
-168586
-168629
-168663
-168688
-168689
-168693
-168695
-168724
-168733
-168745
-168755
-168772
-168799
-168800
-168801
-168814
-168821
-168831
-168869
-168870
-168890
-168920
-168949
-168950
-168973
-168999
-169006
-169016
-169066
-169071
-169077
-169084
-169085
-169087
-169089
-169099
-169127
-169128
-169154
-169173
-169224
-169228
-169228
-169238
-169281
-169282
-169286
-169334
-169347
-169380
-169398
-169406
-169421
-169447
-169483
-169493
-169504
-169515
-169524
-169539
-169573
-169580
-169591
-169602
-169633
-169657
-169703
-169727
-169771
-169806
-169898
-169900
-169901
-169923
-169924
-169938
-169956
-170016
-170034
-170036
-170042
-170049
-170090
-170099
-170114
-170127
-170213
-170236
-170240
-170242
-170263
-170274
-170302
-170319
-170366
-170368
-170401
-170405
-170449
-170450
-170458
-170475
-170553
-170601
-170612
-170620
-170629
-170649
-170673
-170700
-170700
-170726
-170732
-170785
-170817
-170853
-170857
-170909
-171007
-171019
-171044
-171046
-171046
-171066
-171069
-171091
-171094
-171101
-171133
-171155
-171193
-171221
-171248
-171252
-171274
-171319
-171320
-171323
-171406
-171417
-171453
-171454
-171456
-171546
-171548
-171570
-171581
-171634
-171648
-171648
-171651
-171684
-171722
-171748
-171766
-171775
-171779
-171815
-171821
-171849
-171856
-171874
-171877
-171889
-171895
-171912
-171926
-171930
-171953
-171964
-171984
-172019
-172019
-172028
-172053
-172061
-172061
-172089
-172123
-172137
-172145
-172148
-172149
-172154
-172168
-172171
-172191
-172193
-172200
-172216
-172218
-172219
-172230
-172256
-172312
-172326
-172368
-172372
-172378
-172402
-172442
-172465
-172471
-172476
-172517
-172525
-172557
-172578
-172612
-172620
-172646
-172656
-172668
-172681
-172687
-172727
-172759
-172783
-172805
-172819
-172820
-172829
-172849
-172868
-172876
-172877
-172907
-172912
-172942
-172945
-172950
-173020
-173038
-173068
-173224
-173250
-173253
-173258
-173276
-173291
-173335
-173360
-173367
-173372
-173399
-173401
-173404
-173420
-173425
-173433
-173447
-173462
-173465
-173478
-173484
-173492
-173493
-173535
-173554
-173561
-173589
-173593
-173632
-173670
-173708
-173708
-173716
-173779
-173808
-173878
-173924
-173939
-173947
-173955
-173977
-174004
-174007
-174010
-174020
-174034
-174054
-174059
-174069
-174072
-174083
-174107
-174121
-174153
-174164
-174166
-174211
-174222
-174259
-174270
-174287
-174290
-174307
-174317
-174332
-174424
-174437
-174443
-174497
-174501
-174501
-174538
-174546
-174568
-174568
-174606
-174610
-174624
-174638
-174640
-174643
-174643
-174682
-174730
-174745
-174752
-174772
-174787
-174805
-174809
-174812
-174866
-174867
-174871
-174872
-174882
-174903
-174926
-174994
-174996
-175008
-175078
-175089
-175095
-175099
-175109
-175178
-175192
-175196
-175208
-175208
-175226
-175228
-175274
-175280
-175331
-175357
-175367
-175378
-175426
-175428
-175443
-175446
-175453
-175475
-175480
-175554
-175555
-175567
-175584
-175586
-175595
-175608
-175704
-175755
-175779
-175779
-175807
-175808
-175869
-175875
-175900
-175913
-175937
-175942
-175968
-176015
-176047
-176074
-176077
-176094
-176098
-176131
-176167
-176190
-176191
-176200
-176201
-176242
-176244
-176253
-176269
-176273
-176277
-176289
-176297
-176309
-176334
-176375
-176384
-176392
-176403
-176407
-176422
-176448
-176449
-176457
-176462
-176479
-176567
-176583
-176592
-176604
-176617
-176618
-176647
-176660
-176674
-176700
-176705
-176711
-176750
-176764
-176790
-176826
-176847
-176872
-176899
-176922
-176931
-176943
-176946
-176954
-176974
-177006
-177011
-177040
-177045
-177070
-177073
-177099
-177122
-177146
-177183
-177192
-177193
-177198
-177204
-177208
-177215
-177234
-177244
-177248
-177249
-177286
-177309
-177311
-177316
-177323
-177328
-177380
-177381
-177389
-177399
-177407
-177459
-177477
-177486
-177505
-177590
-177591
-177610
-177624
-177633
-177656
-177698
-177710
-177728
-177743
-177759
-177779
-177794
-177837
-177855
-177942
-177950
-178034
-178076
-178082
-178121
-178133
-178133
-178137
-178149
-178166
-178211
-178271
-178313
-178320
-178322
-178367
-178367
-178391
-178397
-178403
-178448
-178456
-178496
-178569
-178580
-178614
-178614
-178615
-178627
-178687
-178702
-178711
-178746
-178838
-178842
-178856
-178863
-178945
-178950
-179026
-179043
-179066
-179142
-179160
-179179
-179182
-179187
-179221
-179258
-179261
-179266
-179277
-179348
-179371
-179396
-179433
-179441
-179447
-179486
-179502
-179532
-179536
-179556
-179600
-179611
-179614
-179637
-179639
-179658
-179662
-179714
-179752
-179758
-179786
-179800
-179810
-179820
-179899
-179922
-179963
-179966
-179976
-179984
-179992
-180011
-180024
-180034
-180052
-180063
-180071
-180094
-180105
-180133
-180150
-180150
-180161
-180165
-180175
-180193
-180210
-180219
-180220
-180225
-180226
-180287
-180353
-180359
-180376
-180445
-180446
-180469
-180489
-180523
-180525
-180527
-180530
-180536
-180547
-180554
-180561
-180600
-180633
-180637
-180638
-180643
-180644
-180652
-180691
-180696
-180718
-180719
-180720
-180731
-180754
-180758
-180786
-180799
-180806
-180807
-180824
-180829
-180830
-180839
-180860
-180866
-180870
-180898
-180918
-180951
-180974
-180978
-180987
-181008
-181031
-181052
-181093
-181105
-181151
-181156
-181180
-181214
-181216
-181218
-181221
-181223
-181230
-181235
-181241
-181247
-181248
-181249
-181256
-181277
-181280
-181290
-181371
-181377
-181381
-181381
-181412
-181421
-181441
-181458
-181463
-181481
-181507
-181527
-181543
-181573
-181597
-181655
-181688
-181708
-181719
-181731
-181756
-181756
-181799
-181831
-181855
-181859
-181861
-181924
-181934
-182026
-182034
-182054
-182082
-182089
-182093
-182127
-182142
-182163
-182164
-182169
-182189
-182206
-182213
-182248
-182249
-182279
-182305
-182311
-182314
-182356
-182357
-182393
-182394
-182398
-182403
-182418
-182480
-182485
-182486
-182516
-182527
-182562
-182602
-182611
-182621
-182625
-182631
-182682
-182694
-182734
-182801
-182805
-182823
-182823
-182824
-182844
-182845
-182869
-182876
-182887
-182934
-182968
-182971
-182974
-182989
-183034
-183087
-183088
-183125
-183139
-183178
-183182
-183211
-183222
-183247
-183248
-183262
-183271
-183275
-183294
-183338
-183341
-183357
-183406
-183407
-183427
-183445
-183457
-183476
-183494
-183507
-183507
-183554
-183578
-183580
-183611
-183614
-183622
-183639
-183649
-183669
-183714
-183720
-183729
-183758
-183804
-183815
-183848
-183852
-183857
-183861
-183870
-183870
-183873
-183918
-183924
-183938
-183982
-184020
-184085
-184101
-184135
-184171
-184203
-184204
-184213
-184237
-184263
-184287
-184320
-184328
-184329
-184339
-184353
-184357
-184394
-184441
-184449
-184463
-184472
-184480
-184489
-184530
-184550
-184574
-184595
-184608
-184621
-184709
-184711
-184717
-184722
-184724
-184749
-184758
-184775
-184889
-184946
-184967
-184974
-184975
-184975
-184978
-184981
-184983
-184996
-185031
-185066
-185102
-185116
-185126
-185169
-185198
-185224
-185271
-185271
-185285
-185290
-185292
-185300
-185324
-185386
-185413
-185423
-185425
-185431
-185438
-185443
-185457
-185480
-185492
-185507
-185512
-185513
-185524
-185528
-185555
-185557
-185570
-185575
-185587
-185606
-185621
-185688
-185732
-185761
-185762
-185771
-185775
-185777
-185792
-185795
-185836
-185860
-185893
-185896
-185920
-185923
-185932
-185990
-186029
-186071
-186103
-186108
-186115
-186119
-186151
-186164
-186171
-186210
-186216
-186221
-186230
-186294
-186316
-186323
-186338
-186352
-186367
-186414
-186420
-186428
-186431
-186461
-186461
-186515
-186566
-186575
-186582
-186588
-186611
-186660
-186714
-186751
-186786
-186788
-186805
-186837
-186843
-186939
-186991
-186996
-187073
-187094
-187099
-187113
-187116
-187125
-187176
-187190
-187199
-187202
-187210
-187332
-187377
-187414
-187432
-187441
-187447
-187453
-187458
-187498
-187519
-187549
-187583
-187587
-187588
-187590
-187610
-187624
-187630
-187639
-187642
-187671
-187702
-187704
-187709
-187716
-187739
-187753
-187776
-187787
-187809
-187831
-187833
-187837
-187837
-187845
-187887
-187922
-187925
-187947
-187956
-187959
-187971
-187980
-187986
-188024
-188058
-188142
-188150
-188184
-188204
-188229
-188238
-188258
-188273
-188280
-188283
-188284
-188293
-188306
-188323
-188366
-188372
-188430
-188451
-188473
-188474
-188501
-188507
-188533
-188548
-188559
-188562
-188585
-188592
-188593
-188597
-188630
-188638
-188649
-188664
-188682
-188692
-188716
-188726
-188785
-188785
-188786
-188786
-188789
-188812
-188878
-188880
-188909
-188921
-188941
-188963
-188970
-188981
-188995
-189016
-189021
-189043
-189057
-189090
-189121
-189133
-189171
-189186
-189245
-189281
-189306
-189333
-189347
-189356
-189384
-189398
-189412
-189434
-189494
-189502
-189538
-189549
-189566
-189596
-189631
-189652
-189735
-189736
-189746
-189757
-189785
-189805
-189836
-189836
-189839
-189855
-189909
-189913
-189941
-189973
-189975
-189995
-189998
-189999
-190023
-190063
-190065
-190080
-190080
-190102
-190103
-190119
-190125
-190181
-190191
-190279
-190313
-190339
-190342
-190364
-190369
-190377
-190377
-190381
-190390
-190399
-190401
-190459
-190481
-190509
-190530
-190535
-190536
-190559
-190578
-190599
-190635
-190638
-190639
-190668
-190668
-190683
-190745
-190762
-190776
-190796
-190846
-190857
-190905
-190918
-190939
-190950
-190977
-190982
-191036
-191062
-191096
-191198
-191237
-191245
-191247
-191249
-191255
-191257
-191259
-191262
-191267
-191269
-191305
-191357
-191370
-191379
-191385
-191388
-191428
-191436
-191439
-191504
-191530
-191539
-191559
-191571
-191589
-191599
-191604
-191650
-191651
-191667
-191671
-191672
-191680
-191693
-191710
-191729
-191732
-191732
-191759
-191801
-191819
-191824
-191826
-191860
-191883
-191894
-191895
-191901
-191902
-191903
-191905
-191973
-192023
-192091
-192096
-192113
-192117
-192156
-192187
-192197
-192208
-192210
-192230
-192232
-192246
-192260
-192270
-192272
-192299
-192311
-192350
-192356
-192369
-192382
-192388
-192391
-192432
-192438
-192484
-192488
-192493
-192520
-192522
-192553
-192595
-192604
-192663
-192676
-192677
-192691
-192694
-192733
-192798
-192848
-192849
-192850
-192868
-192931
-192958
-192965
-192990
-193006
-193012
-193018
-193030
-193033
-193057
-193087
-193111
-193113
-193147
-193217
-193244
-193251
-193255
-193278
-193307
-193341
-193346
-193362
-193369
-193373
-193377
-193433
-193448
-193491
-193513
-193522
-193559
-193581
-193629
-193641
-193642
-193667
-193676
-193707
-193736
-193771
-193773
-193843
-193854
-193900
-193946
-193987
-194000
-194008
-194008
-194020
-194024
-194039
-194071
-194072
-194108
-194110
-194117
-194130
-194145
-194170
-194229
-194246
-194285
-194298
-194348
-194386
-194449
-194467
-194474
-194492
-194494
-194520
-194588
-194604
-194612
-194619
-194657
-194666
-194671
-194681
-194719
-194729
-194755
-194760
-194773
-194792
-194797
-194808
-194811
-194814
-194818
-194833
-194840
-194867
-194870
-194871
-194877
-194880
-194896
-194935
-194940
-194951
-194972
-194998
-195007
-195023
-195039
-195164
-195177
-195181
-195215
-195217
-195232
-195261
-195272
-195281
-195293
-195335
-195349
-195356
-195365
-195367
-195385
-195422
-195423
-195500
-195595
-195608
-195621
-195630
-195644
-195660
-195738
-195786
-195817
-195856
-195890
-195913
-195929
-195934
-195945
-195949
-195950
-195956
-195956
-195964
-196011
-196027
-196036
-196039
-196041
-196078
-196082
-196101
-196103
-196135
-196153
-196154
-196164
-196185
-196187
-196191
-196280
-196306
-196353
-196361
-196404
-196406
-196423
-196448
-196466
-196475
-196494
-196506
-196508
-196552
-196589
-196620
-196636
-196648
-196659
-196660
-196700
-196705
-196728
-196730
-196732
-196734
-196736
-196758
-196806
-196855
-196866
-196884
-196891
-196894
-196898
-196917
-196921
-196937
-196953
-196963
-196995
-196995
-197032
-197054
-197073
-197103
-197108
-197196
-197197
-197205
-197234
-197242
-197267
-197270
-197364
-197374
-197426
-197451
-197508
-197510
-197528
-197529
-197587
-197594
-197597
-197611
-197625
-197630
-197635
-197646
-197650
-197698
-197716
-197723
-197726
-197742
-197764
-197768
-197769
-197779
-197785
-197801
-197843
-197848
-197886
-197911
-197944
-197963
-197970
-198019
-198023
-198052
-198111
-198112
-198128
-198132
-198135
-198160
-198185
-198186
-198206
-198256
-198271
-198276
-198290
-198339
-198347
-198368
-198370
-198375
-198399
-198404
-198404
-198440
-198443
-198476
-198486
-198494
-198496
-198517
-198525
-198532
-198554
-198557
-198559
-198588
-198613
-198620
-198683
-198713
-198746
-198795
-198796
-198798
-198818
-198841
-198910
-198914
-198922
-198934
-198936
-198946
-198946
-198947
-198958
-198963
-198971
-199006
-199071
-199105
-199140
-199143
-199145
-199178
-199234
-199255
-199271
-199307
-199346
-199377
-199391
-199418
-199498
-199502
-199504
-199645
-199649
-199674
-199677
-199678
-199678
-199691
-199722
-199763
-199768
-199795
-199811
-199815
-199823
-199841
-199846
-199864
-199894
-199921
-199922
-199925
-199930
-199950
-200038
-200041
-200057
-200062
-200065
-200088
-200092
-200097
-200099
-200101
-200138
-200143
-200197
-200199
-200204
-200217
-200218
-200221
-200233
-200241
-200256
-200314
-200321
-200333
-200347
-200358
-200385
-200424
-200427
-200431
-200433
-200436
-200443
-200452
-200482
-200501
-200509
-200525
-200544
-200563
-200582
-200583
-200601
-200607
-200610
-200639
-200690
-200693
-200715
-200737
-200765
-200795
-200823
-200847
-200849
-200861
-200877
-200885
-200887
-200888
-200890
-200948
-200956
-200971
-200976
-200980
-200988
-201056
-201064
-201094
-201095
-201129
-201142
-201146
-201156
-201157
-201187
-201239
-201260
-201263
-201267
-201303
-201314
-201332
-201422
-201441
-201449
-201516
-201517
-201549
-201555
-201563
-201599
-201605
-201611
-201611
-201655
-201676
-201678
-201679
-201731
-201733
-201754
-201772
-201782
-201826
-201840
-201867
-201881
-201891
-201899
-201921
-201931
-201933
-201956
-202002
-202009
-202043
-202059
-202063
-202080
-202103
-202121
-202141
-202153
-202158
-202160
-202188
-202191
-202196
-202204
-202244
-202257
-202262
-202284
-202311
-202363
-202375
-202384
-202414
-202417
-202429
-202446
-202447
-202526
-202557
-202620
-202641
-202679
-202685
-202687
-202732
-202740
-202769
-202771
-202775
-202809
-202818
-202826
-202830
-202871
-202873
-202894
-202898
-202948
-202976
-202996
-203035
-203047
-203061
-203083
-203115
-203117
-203118
-203140
-203142
-203151
-203154
-203159
-203163
-203168
-203177
-203212
-203224
-203258
-203268
-203273
-203341
-203348
-203365
-203387
-203401
-203420
-203423
-203435
-203456
-203466
-203499
-203502
-203512
-203529
-203556
-203556
-203576
-203590
-203602
-203607
-203620
-203625
-203632
-203667
-203709
-203731
-203752
-203755
-203775
-203778
-203830
-203837
-203864
-203868
-203880
-203978
-203985
-203989
-204010
-204039
-204043
-204063
-204072
-204168
-204180
-204221
-204239
-204250
-204266
-204267
-204292
-204316
-204318
-204342
-204353
-204373
-204442
-204445
-204451
-204457
-204481
-204525
-204558
-204568
-204626
-204646
-204667
-204671
-204672
-204676
-204686
-204699
-204714
-204720
-204772
-204841
-204847
-204849
-204854
-204875
-204892
-204894
-204921
-204922
-204950
-204953
-204983
-204986
-205050
-205099
-205102
-205112
-205112
-205164
-205171
-205210
-205222
-205227
-205237
-205237
-205246
-205252
-205270
-205278
-205316
-205329
-205331
-205359
-205372
-205378
-205403
-205408
-205418
-205486
-205499
-205504
-205536
-205591
-205596
-205597
-205602
-205611
-205689
-205702
-205745
-205748
-205772
-205777
-205781
-205808
-205857
-205931
-205962
-205992
-205995
-205999
-206000
-206061
-206072
-206072
-206075
-206098
-206121
-206123
-206131
-206139
-206143
-206161
-206167
-206175
-206180
-206181
-206181
-206195
-206196
-206239
-206242
-206249
-206261
-206281
-206288
-206297
-206310
-206344
-206386
-206433
-206446
-206452
-206468
-206474
-206504
-206511
-206520
-206594
-206622
-206632
-206637
-206669
-206672
-206674
-206674
-206720
-206745
-206761
-206845
-206849
-206875
-206884
-206898
-206906
-206910
-207042
-207049
-207050
-207055
-207097
-207130
-207139
-207143
-207145
-207145
-207190
-207248
-207261
-207272
-207279
-207356
-207517
-207519
-207525
-207531
-207600
-207609
-207623
-207632
-207657
-207659
-207745
-207747
-207787
-207817
-207821
-207884
-207901
-207981
-208001
-208043
-208084
-208087
-208087
-208092
-208106
-208112
-208154
-208157
-208167
-208175
-208184
-208185
-208276
-208315
-208354
-208378
-208440
-208448
-208498
-208501
-208501
-208507
-208520
-208527
-208534
-208538
-208567
-208574
-208631
-208647
-208666
-208673
-208674
-208677
-208683
-208683
-208690
-208702
-208704
-208708
-208711
-208716
-208750
-208776
-208781
-208795
-208818
-208821
-208875
-208915
-208916
-208930
-208936
-208971
-208984
-208986
-209017
-209052
-209060
-209115
-209159
-209192
-209194
-209220
-209243
-209246
-209247
-209263
-209279
-209298
-209301
-209320
-209342
-209343
-209348
-209359
-209384
-209388
-209390
-209401
-209438
-209454
-209461
-209490
-209533
-209547
-209601
-209607
-209615
-209639
-209655
-209665
-209673
-209687
-209698
-209725
-209804
-209836
-209851
-209856
-209867
-209902
-209913
-209922
-209927
-209947
-209978
-210037
-210037
-210042
-210045
-210055
-210070
-210103
-210120
-210124
-210130
-210134
-210145
-210167
-210184
-210190
-210198
-210217
-210229
-210247
-210251
-210261
-210276
-210302
-210313
-210322
-210323
-210330
-210337
-210341
-210344
-210348
-210358
-210373
-210449
-210454
-210456
-210473
-210474
-210481
-210488
-210500
-210531
-210550
-210587
-210600
-210605
-210635
-210636
-210664
-210685
-210690
-210727
-210729
-210766
-210769
-210804
-210812
-210818
-210824
-210859
-210873
-210873
-210901
-210920
-210941
-210943
-210951
-210986
-210994
-211010
-211017
-211021
-211042
-211053
-211059
-211060
-211074
-211086
-211106
-211113
-211116
-211147
-211152
-211204
-211211
-211231
-211232
-211263
-211268
-211268
-211271
-211281
-211288
-211292
-211301
-211321
-211325
-211388
-211392
-211393
-211397
-211434
-211435
-211440
-211467
-211472
-211477
-211485
-211495
-211511
-211516
-211533
-211547
-211596
-211605
-211628
-211630
-211657
-211676
-211689
-211691
-211694
-211725
-211731
-211778
-211790
-211797
-211823
-211831
-211841
-211846
-211872
-211937
-211960
-211963
-211976
-211981
-212025
-212043
-212090
-212090
-212093
-212181
-212211
-212211
-212284
-212298
-212327
-212340
-212349
-212401
-212443
-212451
-212461
-212490
-212547
-212567
-212579
-212581
-212587
-212605
-212614
-212616
-212648
-212654
-212668
-212681
-212688
-212711
-212754
-212764
-212765
-212765
-212766
-212784
-212792
-212800
-212802
-212813
-212815
-212871
-212882
-212885
-212886
-212905
-212954
-212977
-212988
-213021
-213031
-213042
-213045
-213051
-213103
-213110
-213147
-213147
-213148
-213179
-213206
-213214
-213222
-213225
-213228
-213239
-213246
-213277
-213322
-213346
-213356
-213377
-213385
-213394
-213428
-213440
-213443
-213449
-213461
-213471
-213471
-213494
-213525
-213539
-213578
-213609
-213619
-213690
-213701
-213717
-213735
-213825
-213842
-213863
-213900
-213903
-213911
-213918
-213923
-213935
-213936
-213940
-213959
-213982
-213997
-214017
-214037
-214078
-214102
-214102
-214114
-214126
-214143
-214170
-214189
-214201
-214232
-214235
-214275
-214280
-214356
-214388
-214389
-214435
-214443
-214461
-214465
-214495
-214521
-214544
-214557
-214585
-214616
-214637
-214666
-214672
-214715
-214719
-214765
-214808
-214815
-214857
-214859
-214890
-214922
-214927
-214927
-214932
-214937
-214966
-214999
-215010
-215041
-215079
-215089
-215091
-215127
-215145
-215201
-215249
-215250
-215253
-215269
-215269
-215276
-215287
-215341
-215386
-215387
-215397
-215407
-215441
-215450
-215468
-215504
-215514
-215519
-215522
-215523
-215525
-215540
-215545
-215566
-215573
-215574
-215574
-215585
-215613
-215670
-215694
-215712
-215712
-215724
-215733
-215748
-215779
-215804
-215825
-215833
-215867
-215900
-215905
-215931
-215950
-215952
-215960
-216042
-216104
-216108
-216119
-216123
-216144
-216171
-216183
-216184
-216191
-216209
-216210
-216238
-216280
-216311
-216373
-216380
-216421
-216428
-216445
-216456
-216490
-216527
-216559
-216584
-216622
-216629
-216653
-216656
-216727
-216755
-216764
-216780
-216791
-216814
-216819
-216847
-216866
-216934
-216956
-216958
-216968
-217104
-217151
-217208
-217256
-217338
-217354
-217382
-217384
-217392
-217438
-217439
-217445
-217468
-217484
-217499
-217529
-217535
-217608
-217623
-217642
-217650
-217696
-217710
-217749
-217754
-217782
-217795
-217815
-217816
-217855
-217886
-217903
-217934
-217956
-217976
-218012
-218014
-218034
-218073
-218105
-218127
-218134
-218143
-218145
-218164
-218173
-218180
-218199
-218225
-218235
-218286
-218301
-218341
-218341
-218356
-218389
-218398
-218413
-218487
-218495
-218540
-218560
-218599
-218631
-218641
-218676
-218693
-218695
-218708
-218834
-218834
-218879
-218880
-218903
-218945
-218949
-218949
-218967
-218978
-218981
-218986
-218988
-218989
-218992
-219011
-219024
-219030
-219082
-219092
-219106
-219142
-219174
-219201
-219212
-219245
-219248
-219355
-219399
-219417
-219423
-219461
-219470
-219482
-219504
-219524
-219555
-219571
-219581
-219592
-219606
-219610
-219618
-219621
-219631
-219643
-219668
-219671
-219702
-219718
-219739
-219742
-219748
-219755
-219759
-219775
-219783
-219816
-219832
-219866
-219889
-219900
-219918
-219929
-219935
-219950
-219952
-219983
-220008
-220032
-220035
-220047
-220065
-220106
-220107
-220121
-220131
-220151
-220156
-220169
-220174
-220205
-220244
-220258
-220284
-220328
-220356
-220362
-220370
-220400
-220402
-220418
-220435
-220444
-220492
-220519
-220543
-220551
-220553
-220573
-220580
-220590
-220596
-220630
-220675
-220708
-220806
-220882
-220885
-220906
-220925
-220926
-221028
-221035
-221038
-221043
-221045
-221054
-221074
-221103
-221111
-221116
-221131
-221153
-221156
-221190
-221201
-221213
-221261
-221263
-221266
-221277
-221287
-221311
-221320
-221348
-221368
-221383
-221386
-221430
-221440
-221457
-221496
-221507
-221522
-221536
-221541
-221587
-221599
-221599
-221608
-221622
-221672
-221681
-221691
-221726
-221764
-221773
-221777
-221794
-221805
-221805
-221832
-221843
-221938
-221952
-221954
-221979
-221994
-221999
-222008
-222038
-222040
-222041
-222070
-222090
-222134
-222140
-222161
-222188
-222207
-222209
-222230
-222231
-222259
-222271
-222289
-222296
-222362
-222366
-222401
-222408
-222417
-222432
-222472
-222475
-222485
-222494
-222498
-222589
-222616
-222647
-222654
-222668
-222675
-222675
-222719
-222762
-222770
-222788
-222788
-222793
-222795
-222801
-222871
-222901
-222979
-223012
-223028
-223030
-223054
-223060
-223076
-223114
-223114
-223121
-223123
-223137
-223185
-223200
-223220
-223280
-223321
-223350
-223425
-223583
-223640
-223651
-223664
-223664
-223673
-223771
-223777
-223785
-223798
-223801
-223805
-223821
-223822
-223830
-223855
-223998
-224000
-224013
-224018
-224091
-224104
-224160
-224183
-224207
-224267
-224273
-224303
-224311
-224317
-224361
-224373
-224374
-224375
-224382
-224425
-224432
-224436
-224510
-224524
-224631
-224655
-224660
-224680
-224686
-224703
-224710
-224714
-224769
-224786
-224808
-224815
-224843
-224847
-224858
-224859
-224863
-224876
-224907
-224913
-224945
-224946
-224952
-224976
-224978
-224983
-224990
-224992
-224992
-224998
-225023
-225054
-225077
-225098
-225104
-225112
-225126
-225128
-225133
-225141
-225252
-225270
-225279
-225328
-225377
-225382
-225408
-225411
-225480
-225494
-225514
-225514
-225519
-225527
-225530
-225534
-225581
-225593
-225602
-225611
-225627
-225737
-225760
-225797
-225803
-225816
-225818
-225825
-225859
-225869
-225901
-225919
-225950
-225959
-225974
-225989
-225991
-225997
-226013
-226104
-226136
-226159
-226179
-226196
-226223
-226289
-226310
-226318
-226358
-226369
-226382
-226399
-226409
-226430
-226444
-226450
-226453
-226456
-226523
-226593
-226608
-226608
-226682
-226694
-226704
-226709
-226763
-226771
-226775
-226781
-226792
-226830
-226843
-226859
-226876
-226953
-226965
-226965
-226967
-227021
-227028
-227054
-227093
-227107
-227140
-227145
-227146
-227161
-227173
-227177
-227181
-227199
-227224
-227247
-227291
-227319
-227350
-227357
-227360
-227378
-227380
-227415
-227417
-227422
-227432
-227448
-227462
-227472
-227472
-227506
-227516
-227521
-227523
-227534
-227547
-227607
-227656
-227681
-227693
-227758
-227776
-227786
-227853
-227857
-227869
-227896
-227907
-227921
-227924
-227978
-228020
-228049
-228054
-228062
-228079
-228130
-228190
-228203
-228213
-228273
-228274
-228292
-228297
-228303
-228320
-228325
-228338
-228392
-228397
-228424
-228446
-228446
-228451
-228456
-228488
-228495
-228501
-228514
-228527
-228545
-228573
-228609
-228631
-228649
-228661
-228663
-228672
-228676
-228701
-228758
-228768
-228784
-228784
-228796
-228802
-228817
-228831
-228850
-228874
-228882
-228887
-228894
-228925
-228982
-228989
-229054
-229078
-229081
-229093
-229104
-229115
-229129
-229147
-229175
-229183
-229186
-229273
-229281
-229293
-229301
-229315
-229340
-229371
-229377
-229383
-229393
-229403
-229405
-229444
-229446
-229451
-229452
-229518
-229530
-229553
-229570
-229572
-229573
-229581
-229601
-229603
-229634
-229664
-229669
-229670
-229722
-229724
-229727
-229754
-229784
-229788
-229839
-229850
-229856
-229857
-229884
-229900
-229913
-229993
-230044
-230050
-230059
-230075
-230086
-230101
-230104
-230128
-230166
-230191
-230197
-230212
-230242
-230273
-230276
-230287
-230294
-230349
-230399
-230408
-230422
-230447
-230461
-230475
-230483
-230494
-230514
-230518
-230536
-230545
-230553
-230560
-230571
-230593
-230609
-230610
-230615
-230645
-230646
-230686
-230694
-230711
-230724
-230727
-230750
-230778
-230793
-230826
-230864
-230864
-230896
-230907
-230918
-230934
-230935
-230954
-230973
-230987
-231050
-231061
-231063
-231073
-231096
-231110
-231116
-231122
-231141
-231144
-231152
-231185
-231192
-231264
-231284
-231309
-231309
-231340
-231347
-231356
-231394
-231401
-231406
-231424
-231469
-231541
-231550
-231555
-231568
-231617
-231627
-231653
-231656
-231674
-231741
-231780
-231785
-231815
-231836
-231847
-231900
-231909
-231917
-231924
-231925
-231960
-231969
-231981
-231987
-232001
-232040
-232045
-232048
-232063
-232102
-232118
-232125
-232125
-232136
-232145
-232148
-232165
-232167
-232192
-232197
-232202
-232206
-232219
-232228
-232251
-232303
-232333
-232339
-232347
-232359
-232385
-232403
-232445
-232450
-232472
-232476
-232499
-232519
-232530
-232531
-232544
-232617
-232627
-232632
-232672
-232690
-232708
-232747
-232747
-232773
-232775
-232778
-232832
-232845
-232855
-232865
-232886
-232905
-232920
-232921
-232926
-232932
-232960
-233031
-233055
-233055
-233069
-233106
-233115
-233152
-233158
-233186
-233215
-233217
-233235
-233250
-233273
-233291
-233296
-233340
-233369
-233376
-233379
-233404
-233416
-233473
-233549
-233558
-233581
-233614
-233633
-233668
-233678
-233696
-233705
-233748
-233754
-233773
-233780
-233781
-233796
-233813
-233814
-233816
-233827
-233848
-233854
-233903
-233911
-233916
-234034
-234047
-234082
-234099
-234102
-234129
-234130
-234138
-234154
-234161
-234165
-234168
-234174
-234190
-234197
-234197
-234212
-234225
-234229
-234353
-234375
-234375
-234381
-234436
-234541
-234544
-234569
-234572
-234584
-234603
-234627
-234628
-234630
-234665
-234667
-234689
-234704
-234709
-234719
-234751
-234756
-234791
-234825
-234830
-234849
-234905
-234907
-234928
-234931
-234943
-234957
-234962
-234963
-234991
-235017
-235028
-235050
-235091
-235101
-235105
-235105
-235158
-235163
-235208
-235234
-235235
-235256
-235260
-235309
-235309
-235312
-235317
-235330
-235360
-235406
-235431
-235445
-235451
-235465
-235493
-235495
-235520
-235574
-235581
-235593
-235618
-235634
-235682
-235704
-235744
-235753
-235755
-235761
-235784
-235793
-235804
-235805
-235833
-235849
-235850
-235877
-235892
-235900
-235901
-235933
-235961
-235977
-235982
-235985
-235997
-236001
-236030
-236032
-236033
-236042
-236050
-236051
-236052
-236056
-236065
-236071
-236117
-236200
-236235
-236242
-236247
-236259
-236264
-236284
-236345
-236407
-236427
-236441
-236511
-236515
-236523
-236528
-236546
-236636
-236657
-236666
-236676
-236688
-236693
-236696
-236711
-236713
-236732
-236741
-236767
-236770
-236782
-236819
-236829
-236914
-236975
-237087
-237093
-237130
-237130
-237159
-237214
-237216
-237220
-237231
-237278
-237281
-237305
-237317
-237335
-237355
-237424
-237433
-237435
-237455
-237462
-237473
-237502
-237578
-237589
-237593
-237601
-237608
-237621
-237624
-237625
-237626
-237636
-237648
-237649
-237662
-237716
-237735
-237813
-237819
-237822
-237848
-237851
-237888
-237892
-237902
-237913
-237995
-238013
-238046
-238049
-238054
-238056
-238098
-238107
-238137
-238145
-238169
-238179
-238225
-238227
-238269
-238313
-238337
-238348
-238388
-238458
-238472
-238519
-238544
-238554
-238571
-238578
-238678
-238690
-238712
-238713
-238749
-238752
-238761
-238771
-238777
-238797
-238806
-238819
-238825
-238835
-238841
-238873
-238878
-238910
-238916
-238921
-238958
-239012
-239043
-239052
-239055
-239065
-239080
-239082
-239167
-239168
-239188
-239196
-239198
-239217
-239217
-239219
-239227
-239243
-239249
-239252
-239292
-239309
-239316
-239323
-239337
-239356
-239356
-239378
-239383
-239406
-239408
-239410
-239450
-239455
-239558
-239586
-239614
-239625
-239645
-239727
-239743
-239773
-239784
-239795
-239809
-239824
-239830
-239839
-239844
-239862
-239892
-239908
-239915
-239918
-239921
-239932
-239941
-239959
-239961
-239988
-239993
-239993
-240019
-240021
-240073
-240084
-240105
-240127
-240133
-240149
-240190
-240233
-240284
-240302
-240313
-240319
-240349
-240351
-240361
-240370
-240377
-240390
-240394
-240438
-240441
-240456
-240467
-240477
-240483
-240492
-240530
-240558
-240613
-240625
-240648
-240650
-240662
-240670
-240726
-240795
-240814
-240820
-240822
-240857
-240890
-240898
-240911
-240922
-240940
-240946
-240961
-241025
-241025
-241039
-241043
-241048
-241080
-241091
-241103
-241125
-241177
-241209
-241212
-241223
-241240
-241281
-241283
-241297
-241311
-241312
-241318
-241388
-241401
-241436
-241439
-241458
-241473
-241475
-241521
-241530
-241532
-241542
-241551
-241577
-241683
-241692
-241697
-241701
-241727
-241767
-241794
-241799
-241803
-241812
-241816
-241834
-241837
-241875
-241903
-241904
-241916
-241925
-241937
-241944
-241944
-241977
-242013
-242028
-242038
-242045
-242049
-242056
-242063
-242067
-242074
-242077
-242079
-242080
-242083
-242089
-242113
-242142
-242231
-242237
-242254
-242259
-242300
-242307
-242330
-242340
-242353
-242361
-242391
-242396
-242413
-242434
-242494
-242521
-242530
-242546
-242547
-242592
-242593
-242618
-242632
-242663
-242666
-242717
-242724
-242742
-242786
-242802
-242822
-242853
-242871
-242884
-242890
-242962
-242963
-242993
-242994
-243025
-243071
-243076
-243092
-243102
-243152
-243156
-243157
-243193
-243197
-243228
-243232
-243249
-243405
-243425
-243446
-243461
-243507
-243537
-243577
-243600
-243636
-243638
-243650
-243689
-243690
-243782
-243807
-243809
-243862
-243864
-243870
-243874
-243891
-243899
-243923
-243939
-243948
-243949
-243994
-244024
-244024
-244026
-244048
-244112
-244115
-244128
-244143
-244211
-244246
-244270
-244281
-244287
-244322
-244324
-244334
-244355
-244357
-244434
-244437
-244441
-244442
-244467
-244479
-244557
-244559
-244561
-244632
-244639
-244641
-244642
-244652
-244697
-244720
-244723
-244736
-244758
-244766
-244833
-244839
-244852
-244891
-244893
-244905
-244915
-244917
-244929
-244943
-244976
-245002
-245008
-245014
-245034
-245047
-245062
-245074
-245095
-245106
-245108
-245135
-245162
-245167
-245197
-245237
-245245
-245293
-245301
-245307
-245367
-245429
-245465
-245470
-245488
-245504
-245508
-245519
-245525
-245547
-245550
-245565
-245609
-245632
-245650
-245695
-245706
-245764
-245770
-245780
-245811
-245822
-245860
-245876
-245931
-245952
-245965
-246031
-246058
-246066
-246077
-246099
-246130
-246133
-246154
-246160
-246174
-246185
-246233
-246241
-246275
-246288
-246289
-246296
-246299
-246350
-246364
-246401
-246417
-246431
-246470
-246486
-246488
-246494
-246524
-246525
-246552
-246559
-246564
-246597
-246604
-246605
-246615
-246621
-246627
-246628
-246634
-246640
-246649
-246655
-246667
-246701
-246708
-246791
-246806
-246810
-246815
-246853
-246897
-246955
-246965
-246990
-246999
-247002
-247043
-247049
-247053
-247114
-247117
-247124
-247125
-247173
-247185
-247198
-247203
-247229
-247252
-247337
-247363
-247370
-247420
-247485
-247504
-247510
-247519
-247561
-247566
-247572
-247625
-247639
-247655
-247667
-247692
-247698
-247698
-247724
-247724
-247751
-247755
-247763
-247812
-247813
-247836
-247854
-247872
-247901
-247962
-247963
-247999
-248003
-248013
-248023
-248051
-248099
-248101
-248120
-248182
-248235
-248247
-248263
-248268
-248301
-248369
-248389
-248399
-248435
-248439
-248441
-248467
-248480
-248486
-248518
-248519
-248522
-248526
-248552
-248557
-248571
-248625
-248631
-248640
-248698
-248714
-248732
-248780
-248797
-248798
-248847
-248848
-248854
-248873
-248875
-248885
-248919
-248923
-248935
-248952
-248968
-248996
-249007
-249007
-249021
-249041
-249060
-249061
-249076
-249134
-249140
-249150
-249155
-249178
-249187
-249189
-249193
-249200
-249231
-249263
-249339
-249341
-249350
-249354
-249381
-249413
-249422
-249432
-249436
-249484
-249485
-249513
-249535
-249545
-249547
-249557
-249572
-249575
-249587
-249589
-249615
-249665
-249672
-249680
-249682
-249690
-249833
-249842
-249863
-249903
-249948
-249975
-250003
-250006
-250016
-250037
-250060
-250065
-250065
-250077
-250081
-250116
-250119
-250128
-250131
-250142
-250160
-250164
-250165
-250165
-250189
-250189
-250194
-250228
-250230
-250258
-250298
-250315
-250327
-250344
-250360
-250368
-250467
-250467
-250501
-250508
-250530
-250538
-250589
-250592
-250621
-250629
-250638
-250639
-250645
-250660
-250695
-250704
-250720
-250778
-250818
-250822
-250822
-250835
-250835
-250900
-250903
-250905
-250908
-250915
-250950
-250970
-251020
-251034
-251036
-251075
-251098
-251105
-251134
-251135
-251151
-251159
-251182
-251264
-251292
-251303
-251310
-251315
-251320
-251325
-251365
-251367
-251393
-251446
-251456
-251492
-251492
-251528
-251546
-251561
-251618
-251626
-251627
-251643
-251649
-251652
-251667
-251669
-251688
-251701
-251713
-251719
-251735
-251736
-251736
-251738
-251740
-251775
-251800
-251803
-251827
-251831
-251887
-251923
-251991
-251995
-252001
-252032
-252048
-252049
-252056
-252073
-252083
-252119
-252121
-252155
-252197
-252200
-252213
-252232
-252272
-252301
-252307
-252311
-252313
-252346
-252373
-252427
-252431
-252481
-252487
-252489
-252518
-252520
-252536
-252561
-252569
-252569
-252608
-252706
-252713
-252748
-252814
-252824
-252829
-252839
-252871
-252878
-252879
-252882
-252884
-252907
-252916
-252938
-252949
-253002
-253011
-253041
-253064
-253070
-253073
-253108
-253128
-253132
-253191
-253224
-253236
-253262
-253277
-253291
-253292
-253386
-253413
-253418
-253430
-253433
-253449
-253468
-253493
-253519
-253557
-253560
-253567
-253576
-253594
-253638
-253658
-253668
-253686
-253700
-253703
-253720
-253747
-253757
-253764
-253782
-253788
-253795
-253833
-253845
-253882
-253900
-253905
-253906
-253908
-253970
-254008
-254028
-254039
-254062
-254074
-254086
-254094
-254138
-254143
-254148
-254154
-254158
-254165
-254185
-254186
-254212
-254218
-254228
-254269
-254319
-254375
-254388
-254404
-254434
-254502
-254559
-254570
-254579
-254602
-254634
-254649
-254731
-254745
-254748
-254811
-254820
-254852
-254870
-254883
-254909
-254921
-255014
-255035
-255052
-255083
-255097
-255111
-255121
-255128
-255162
-255180
-255216
-255219
-255244
-255293
-255319
-255351
-255369
-255369
-255408
-255448
-255451
-255466
-255484
-255498
-255501
-255518
-255523
-255523
-255575
-255616
-255617
-255619
-255621
-255635
-255645
-255653
-255653
-255657
-255661
-255701
-255730
-255737
-255739
-255743
-255746
-255754
-255763
-255773
-255775
-255789
-255809
-255818
-255843
-255911
-255918
-255928
-255932
-255935
-255958
-255968
-255969
-255991
-256005
-256036
-256076
-256086
-256115
-256152
-256189
-256224
-256245
-256263
-256303
-256346
-256348
-256352
-256358
-256374
-256394
-256400
-256474
-256532
-256535
-256558
-256564
-256580
-256589
-256595
-256596
-256608
-256623
-256642
-256648
-256658
-256667
-256678
-256695
-256722
-256769
-256773
-256815
-256863
-256866
-256869
-256876
-256889
-256900
-256919
-256938
-256992
-257028
-257066
-257097
-257112
-257174
-257176
-257184
-257228
-257231
-257237
-257238
-257244
-257255
-257290
-257330
-257356
-257401
-257475
-257521
-257521
-257540
-257549
-257550
-257605
-257610
-257652
-257719
-257739
-257815
-257816
-257825
-257867
-257900
-257928
-257945
-257965
-257989
-258015
-258063
-258066
-258116
-258131
-258152
-258198
-258256
-258260
-258261
-258306
-258310
-258326
-258334
-258334
-258336
-258355
-258356
-258363
-258370
-258389
-258406
-258438
-258446
-258462
-258508
-258510
-258536
-258560
-258567
-258569
-258577
-258618
-258647
-258661
-258695
-258719
-258725
-258750
-258759
-258822
-258855
-258857
-259008
-259018
-259026
-259040
-259065
-259143
-259160
-259163
-259185
-259208
-259212
-259249
-259272
-259285
-259290
-259291
-259291
-259313
-259313
-259325
-259368
-259378
-259405
-259405
-259406
-259428
-259453
-259476
-259483
-259511
-259513
-259518
-259553
-259557
-259569
-259578
-259595
-259608
-259616
-259680
-259697
-259723
-259735
-259748
-259759
-259766
-259766
-259781
-259798
-259807
-259815
-259838
-259840
-259972
-259978
-259979
-259993
-260010
-260043
-260050
-260058
-260075
-260079
-260122
-260134
-260159
-260168
-260179
-260230
-260232
-260249
-260280
-260283
-260346
-260354
-260386
-260413
-260477
-260493
-260523
-260535
-260613
-260628
-260639
-260697
-260704
-260732
-260745
-260764
-260766
-260772
-260776
-260790
-260802
-260811
-260833
-260847
-260860
-260860
-260880
-260902
-260925
-260960
-260961
-260986
-261026
-261085
-261148
-261164
-261184
-261198
-261232
-261247
-261256
-261269
-261273
-261341
-261357
-261364
-261393
-261407
-261421
-261430
-261461
-261530
-261535
-261563
-261572
-261577
-261586
-261587
-261587
-261604
-261615
-261618
-261648
-261677
-261693
-261709
-261717
-261735
-261756
-261765
-261800
-261834
-261840
-261869
-261948
-261960
-261973
-261979
-261988
-261989
-261995
-262003
-262035
-262083
-262150
-262163
-262176
-262185
-262186
-262229
-262232
-262280
-262281
-262289
-262354
-262366
-262376
-262377
-262379
-262398
-262437
-262445
-262453
-262484
-262487
-262514
-262542
-262594
-262594
-262600
-262607
-262610
-262625
-262632
-262633
-262673
-262677
-262679
-262692
-262769
-262783
-262789
-262820
-262840
-262902
-262904
-262983
-262992
-263010
-263035
-263058
-263068
-263078
-263117
-263130
-263136
-263169
-263228
-263249
-263262
-263263
-263289
-263293
-263294
-263357
-263357
-263361
-263397
-263409
-263421
-263444
-263451
-263454
-263456
-263482
-263491
-263492
-263493
-263513
-263539
-263541
-263582
-263591
-263604
-263632
-263640
-263658
-263662
-263674
-263677
-263723
-263729
-263777
-263778
-263788
-263810
-263815
-263826
-263857
-263869
-263892
-263919
-263928
-263971
-264006
-264020
-264068
-264075
-264134
-264148
-264151
-264166
-264184
-264186
-264191
-264228
-264288
-264327
-264331
-264421
-264421
-264436
-264441
-264489
-264509
-264514
-264528
-264531
-264537
-264573
-264628
-264657
-264677
-264697
-264722
-264776
-264823
-264838
-264843
-264850
-264877
-264900
-264951
-264954
-264984
-264996
-265056
-265071
-265076
-265086
-265088
-265118
-265163
-265181
-265183
-265271
-265290
-265298
-265380
-265408
-265450
-265460
-265487
-265514
-265583
-265588
-265639
-265686
-265714
-265732
-265750
-265765
-265796
-265800
-265803
-265818
-265847
-265849
-265878
-265899
-265920
-265974
-265998
-266007
-266021
-266035
-266051
-266056
-266096
-266107
-266118
-266148
-266163
-266205
-266206
-266223
-266294
-266310
-266352
-266360
-266379
-266443
-266497
-266511
-266514
-266519
-266545
-266548
-266551
-266568
-266581
-266590
-266595
-266608
-266621
-266621
-266697
-266708
-266721
-266734
-266736
-266741
-266880
-266886
-266888
-266900
-266901
-266921
-266955
-266964
-267010
-267031
-267037
-267052
-267064
-267145
-267151
-267219
-267262
-267279
-267301
-267308
-267314
-267331
-267337
-267355
-267358
-267400
-267425
-267431
-267457
-267528
-267557
-267559
-267575
-267592
-267619
-267630
-267636
-267658
-267690
-267738
-267749
-267756
-267756
-267779
-267786
-267803
-267874
-267894
-267896
-267901
-267912
-267960
-267960
-267992
-268007
-268018
-268026
-268070
-268071
-268072
-268091
-268123
-268191
-268212
-268241
-268243
-268256
-268276
-268324
-268349
-268356
-268374
-268488
-268499
-268527
-268534
-268556
-268557
-268558
-268575
-268577
-268578
-268589
-268591
-268601
-268602
-268655
-268672
-268687
-268713
-268747
-268786
-268801
-268804
-268824
-268853
-268887
-268931
-268941
-268961
-268962
-269009
-269070
-269088
-269094
-269096
-269115
-269121
-269132
-269178
-269236
-269239
-269243
-269251
-269255
-269259
-269262
-269266
-269297
-269318
-269335
-269346
-269389
-269397
-269401
-269414
-269421
-269459
-269528
-269569
-269593
-269622
-269625
-269645
-269671
-269717
-269717
-269718
-269737
-269781
-269805
-269810
-269822
-269824
-269840
-269863
-269865
-269869
-269876
-269883
-269890
-269910
-269916
-269935
-270037
-270040
-270048
-270048
-270075
-270076
-270082
-270091
-270113
-270136
-270159
-270177
-270192
-270194
-270204
-270261
-270324
-270377
-270378
-270387
-270390
-270431
-270482
-270509
-270612
-270615
-270615
-270672
-270673
-270682
-270707
-270722
-270724
-270751
-270766
-270768
-270791
-270793
-270819
-270857
-270895
-270910
-270929
-270956
-270969
-270993
-271010
-271015
-271018
-271088
-271088
-271115
-271116
-271125
-271218
-271257
-271267
-271269
-271283
-271303
-271307
-271331
-271387
-271390
-271400
-271405
-271413
-271416
-271428
-271439
-271440
-271446
-271450
-271452
-271453
-271495
-271518
-271524
-271537
-271560
-271575
-271598
-271611
-271613
-271641
-271649
-271688
-271702
-271708
-271725
-271736
-271739
-271752
-271783
-271794
-271798
-271801
-271802
-271812
-271829
-271849
-271888
-271901
-271926
-271927
-271951
-271963
-271979
-272004
-272088
-272099
-272114
-272146
-272151
-272156
-272184
-272192
-272198
-272203
-272217
-272268
-272274
-272275
-272283
-272284
-272309
-272379
-272389
-272408
-272445
-272488
-272491
-272515
-272520
-272535
-272545
-272556
-272564
-272565
-272588
-272598
-272605
-272663
-272683
-272706
-272708
-272722
-272782
-272795
-272822
-272822
-272824
-272857
-272884
-272889
-272926
-272940
-272954
-272955
-272966
-272997
-273025
-273026
-273045
-273069
-273088
-273113
-273132
-273139
-273146
-273204
-273206
-273207
-273252
-273279
-273324
-273372
-273383
-273417
-273435
-273482
-273487
-273487
-273525
-273533
-273536
-273538
-273555
-273580
-273600
-273608
-273648
-273683
-273729
-273738
-273750
-273756
-273769
-273772
-273793
-273796
-273804
-273829
-273852
-273902
-273921
-273993
-274057
-274076
-274083
-274092
-274165
-274179
-274187
-274222
-274223
-274244
-274333
-274392
-274399
-274401
-274425
-274428
-274480
-274492
-274509
-274518
-274519
-274547
-274564
-274565
-274584
-274634
-274659
-274709
-274752
-274755
-274761
-274768
-274797
-274802
-274859
-274939
-274941
-274965
-274978
-275005
-275008
-275047
-275048
-275052
-275060
-275062
-275072
-275098
-275155
-275155
-275171
-275199
-275207
-275234
-275242
-275246
-275299
-275300
-275306
-275348
-275411
-275414
-275423
-275437
-275437
-275447
-275454
-275463
-275466
-275508
-275523
-275569
-275605
-275606
-275650
-275659
-275724
-275725
-275744
-275781
-275787
-275841
-275864
-275877
-275893
-275899
-275901
-275937
-275938
-275942
-275947
-275993
-276000
-276007
-276017
-276020
-276022
-276106
-276173
-276177
-276235
-276303
-276331
-276340
-276355
-276397
-276445
-276452
-276453
-276497
-276549
-276668
-276681
-276683
-276723
-276731
-276757
-276794
-276816
-276829
-276848
-276852
-276857
-276861
-276883
-276884
-276891
-276892
-276895
-276903
-276938
-276945
-276965
-276981
-276990
-276999
-277006
-277042
-277123
-277131
-277154
-277181
-277210
-277218
-277234
-277279
-277301
-277329
-277336
-277337
-277361
-277371
-277387
-277416
-277417
-277421
-277425
-277447
-277450
-277485
-277609
-277614
-277626
-277635
-277654
-277691
-277698
-277711
-277718
-277742
-277753
-277803
-277820
-277821
-277821
-277824
-277908
-277909
-277911
-277960
-277961
-277966
-277976
-277984
-278011
-278034
-278045
-278050
-278067
-278091
-278122
-278155
-278172
-278228
-278243
-278279
-278325
-278365
-278382
-278387
-278396
-278448
-278476
-278476
-278507
-278525
-278540
-278558
-278567
-278576
-278618
-278628
-278635
-278636
-278673
-278674
-278679
-278686
-278707
-278783
-278803
-278810
-278835
-278838
-278863
-278874
-278891
-278917
-278919
-278922
-278941
-278944
-278947
-279073
-279077
-279084
-279119
-279127
-279177
-279178
-279197
-279206
-279206
-279253
-279295
-279309
-279312
-279318
-279320
-279388
-279447
-279448
-279449
-279464
-279474
-279479
-279482
-279510
-279514
-279524
-279559
-279621
-279640
-279645
-279658
-279663
-279694
-279723
-279726
-279730
-279733
-279767
-279822
-279847
-279856
-279876
-279884
-279911
-279913
-279941
-279956
-279979
-279994
-280011
-280048
-280082
-280128
-280136
-280168
-280202
-280228
-280232
-280249
-280268
-280269
-280281
-280306
-280307
-280320
-280321
-280326
-280348
-280363
-280390
-280390
-280399
-280430
-280434
-280447
-280467
-280489
-280522
-280535
-280537
-280564
-280591
-280600
-280602
-280603
-280626
-280628
-280639
-280643
-280654
-280657
-280660
-280693
-280746
-280760
-280798
-280801
-280802
-280813
-280826
-280845
-280853
-280867
-280868
-280871
-280917
-280929
-280932
-280946
-280967
-281009
-281030
-281049
-281071
-281074
-281105
-281116
-281120
-281172
-281200
-281231
-281243
-281251
-281271
-281273
-281279
-281281
-281292
-281305
-281342
-281363
-281365
-281397
-281399
-281404
-281533
-281536
-281542
-281561
-281610
-281621
-281635
-281665
-281673
-281690
-281690
-281693
-281699
-281724
-281726
-281740
-281762
-281764
-281821
-281845
-281951
-281974
-282005
-282012
-282040
-282055
-282079
-282102
-282119
-282164
-282178
-282200
-282216
-282225
-282262
-282262
-282276
-282286
-282290
-282295
-282336
-282365
-282379
-282383
-282440
-282449
-282477
-282493
-282507
-282511
-282523
-282531
-282543
-282552
-282646
-282655
-282678
-282681
-282736
-282751
-282766
-282771
-282797
-282861
-282884
-282888
-282894
-282901
-282940
-282990
-283003
-283040
-283057
-283063
-283070
-283087
-283102
-283117
-283129
-283134
-283139
-283171
-283185
-283187
-283203
-283234
-283273
-283316
-283347
-283366
-283377
-283423
-283452
-283486
-283505
-283553
-283556
-283566
-283610
-283611
-283659
-283678
-283733
-283734
-283741
-283767
-283774
-283777
-283800
-283843
-283856
-283858
-283901
-283917
-283925
-283926
-283950
-283952
-283973
-283981
-283992
-284012
-284033
-284040
-284051
-284074
-284094
-284100
-284110
-284112
-284123
-284154
-284215
-284222
-284345
-284349
-284360
-284379
-284381
-284383
-284412
-284430
-284485
-284517
-284517
-284535
-284581
-284602
-284619
-284630
-284697
-284712
-284781
-284787
-284790
-284803
-284809
-284828
-284837
-284864
-284874
-284932
-284942
-284948
-284953
-284977
-284995
-285016
-285131
-285159
-285194
-285196
-285214
-285241
-285268
-285281
-285293
-285308
-285321
-285327
-285357
-285405
-285409
-285436
-285437
-285512
-285519
-285535
-285553
-285569
-285570
-285575
-285595
-285603
-285619
-285714
-285720
-285751
-285776
-285816
-285823
-285825
-285835
-285847
-285870
-285881
-285898
-285926
-285935
-285939
-285974
-285980
-285989
-286024
-286030
-286043
-286069
-286106
-286122
-286146
-286149
-286156
-286201
-286294
-286311
-286340
-286356
-286364
-286373
-286401
-286417
-286439
-286446
-286458
-286465
-286513
-286522
-286533
-286561
-286580
-286582
-286585
-286586
-286627
-286681
-286692
-286694
-286707
-286713
-286741
-286742
-286760
-286764
-286765
-286768
-286775
-286805
-286820
-286844
-286924
-286926
-286937
-286949
-286957
-286970
-287009
-287023
-287065
-287091
-287122
-287243
-287245
-287249
-287268
-287269
-287295
-287302
-287309
-287344
-287349
-287365
-287369
-287375
-287389
-287393
-287440
-287453
-287458
-287465
-287497
-287500
-287502
-287506
-287533
-287539
-287596
-287600
-287616
-287651
-287756
-287760
-287763
-287788
-287812
-287820
-287881
-287971
-288000
-288008
-288034
-288035
-288065
-288084
-288120
-288146
-288154
-288184
-288228
-288229
-288230
-288234
-288240
-288254
-288290
-288292
-288298
-288299
-288313
-288318
-288328
-288340
-288341
-288348
-288376
-288438
-288469
-288487
-288499
-288514
-288537
-288538
-288540
-288617
-288660
-288661
-288661
-288662
-288663
-288663
-288678
-288713
-288729
-288733
-288735
-288762
-288764
-288769
-288783
-288820
-288828
-288854
-288882
-288923
-288960
-289000
-289015
-289028
-289059
-289076
-289079
-289083
-289084
-289108
-289109
-289122
-289128
-289221
-289249
-289257
-289259
-289285
-289320
-289341
-289380
-289380
-289414
-289448
-289478
-289525
-289597
-289608
-289637
-289680
-289683
-289701
-289708
-289728
-289767
-289787
-289809
-289814
-289876
-289933
-289941
-289961
-289975
-290000
-290010
-290023
-290028
-290037
-290082
-290115
-290155
-290168
-290185
-290242
-290243
-290256
-290310
-290327
-290331
-290408
-290408
-290409
-290448
-290506
-290522
-290605
-290607
-290609
-290617
-290625
-290650
-290652
-290666
-290700
-290717
-290722
-290724
-290730
-290737
-290750
-290786
-290787
-290823
-290828
-290842
-290896
-290902
-290922
-290936
-290940
-290947
-290958
-290958
-290985
-290986
-291019
-291036
-291054
-291058
-291084
-291108
-291122
-291145
-291162
-291216
-291246
-291265
-291271
-291278
-291290
-291298
-291305
-291358
-291386
-291437
-291449
-291450
-291452
-291470
-291470
-291480
-291502
-291502
-291528
-291551
-291563
-291603
-291607
-291635
-291645
-291652
-291665
-291737
-291737
-291777
-291818
-291819
-291825
-291840
-291845
-291889
-291903
-291934
-291938
-291941
-291962
-291964
-292042
-292053
-292055
-292060
-292086
-292117
-292191
-292202
-292204
-292217
-292224
-292226
-292241
-292266
-292295
-292306
-292313
-292325
-292346
-292387
-292395
-292440
-292450
-292452
-292460
-292486
-292499
-292506
-292535
-292599
-292602
-292625
-292635
-292646
-292676
-292679
-292680
-292706
-292739
-292743
-292768
-292788
-292801
-292808
-292825
-292848
-292872
-292879
-292884
-292892
-292926
-293022
-293058
-293078
-293086
-293090
-293105
-293196
-293237
-293243
-293315
-293324
-293327
-293339
-293346
-293381
-293385
-293390
-293413
-293421
-293426
-293451
-293464
-293490
-293520
-293571
-293577
-293586
-293588
-293617
-293655
-293711
-293718
-293730
-293748
-293752
-293774
-293777
-293779
-293800
-293829
-293833
-293854
-293862
-293869
-293891
-293904
-293904
-293921
-293926
-293956
-293966
-293974
-293994
-294033
-294071
-294105
-294122
-294145
-294145
-294180
-294187
-294194
-294205
-294250
-294265
-294276
-294331
-294344
-294399
-294438
-294450
-294460
-294502
-294503
-294534
-294620
-294626
-294655
-294657
-294674
-294678
-294679
-294686
-294743
-294743
-294760
-294770
-294786
-294853
-294857
-294901
-294942
-294987
-295012
-295013
-295056
-295074
-295077
-295156
-295186
-295195
-295220
-295239
-295292
-295325
-295342
-295375
-295381
-295403
-295455
-295496
-295512
-295533
-295589
-295641
-295662
-295663
-295703
-295705
-295714
-295744
-295767
-295768
-295774
-295776
-295824
-295840
-295850
-295852
-295859
-295911
-295921
-295923
-295926
-295932
-295966
-295973
-295986
-295991
-295999
-296004
-296007
-296010
-296041
-296057
-296084
-296132
-296206
-296210
-296226
-296299
-296330
-296416
-296420
-296450
-296456
-296475
-296492
-296504
-296524
-296534
-296574
-296613
-296652
-296661
-296702
-296707
-296714
-296718
-296719
-296749
-296749
-296774
-296778
-296779
-296799
-296803
-296811
-296818
-296823
-296867
-296876
-296892
-296899
-296962
-296964
-297003
-297006
-297049
-297085
-297099
-297107
-297128
-297134
-297139
-297157
-297198
-297203
-297217
-297228
-297256
-297257
-297277
-297295
-297359
-297372
-297384
-297391
-297414
-297444
-297475
-297482
-297485
-297499
-297511
-297517
-297536
-297541
-297547
-297572
-297624
-297633
-297668
-297670
-297718
-297740
-297772
-297801
-297809
-297827
-297850
-297858
-297859
-297886
-297919
-297928
-297946
-297965
-297999
-298000
-298002
-298004
-298022
-298042
-298089
-298118
-298122
-298141
-298148
-298152
-298164
-298169
-298217
-298253
-298258
-298260
-298277
-298293
-298319
-298321
-298330
-298331
-298340
-298351
-298364
-298412
-298422
-298454
-298459
-298483
-298487
-298498
-298519
-298541
-298542
-298552
-298581
-298585
-298623
-298623
-298632
-298634
-298686
-298710
-298719
-298723
-298734
-298735
-298740
-298744
-298746
-298800
-298801
-298801
-298802
-298811
-298820
-298859
-298863
-298915
-298918
-299000
-299048
-299049
-299084
-299084
-299088
-299143
-299175
-299206
-299218
-299327
-299364
-299381
-299409
-299436
-299440
-299456
-299486
-299491
-299505
-299521
-299530
-299536
-299553
-299560
-299564
-299618
-299693
-299694
-299701
-299711
-299728
-299743
-299748
-299751
-299810
-299815
-299825
-299859
-299860
-299866
-299887
-299906
-299935
-299936
-299954
-299956
-299990
-299999
-300004
-300021
-300035
-300046
-300070
-300083
-300108
-300135
-300152
-300154
-300201
-300212
-300253
-300287
-300294
-300307
-300342
-300349
-300444
-300463
-300468
-300470
-300484
-300484
-300485
-300494
-300524
-300528
-300558
-300590
-300621
-300622
-300630
-300643
-300684
-300713
-300714
-300737
-300746
-300757
-300765
-300771
-300809
-300813
-300819
-300825
-300827
-300839
-300852
-300874
-300877
-300908
-300924
-300964
-300976
-301002
-301054
-301064
-301068
-301149
-301161
-301175
-301175
-301197
-301199
-301258
-301288
-301308
-301311
-301318
-301334
-301342
-301392
-301392
-301482
-301485
-301494
-301506
-301514
-301533
-301560
-301562
-301591
-301598
-301621
-301649
-301702
-301712
-301717
-301744
-301747
-301759
-301778
-301805
-301826
-301828
-301835
-301860
-301867
-301889
-301898
-301927
-301939
-301941
-301963
-301984
-302016
-302019
-302033
-302035
-302069
-302073
-302096
-302133
-302157
-302180
-302255
-302260
-302321
-302373
-302375
-302379
-302472
-302508
-302530
-302562
-302583
-302591
-302616
-302628
-302647
-302662
-302691
-302700
-302703
-302722
-302742
-302778
-302798
-302824
-302840
-302841
-302847
-302903
-302911
-302952
-302962
-303000
-303052
-303055
-303055
-303057
-303167
-303176
-303184
-303191
-303193
-303240
-303249
-303339
-303365
-303378
-303414
-303443
-303461
-303489
-303494
-303516
-303546
-303637
-303671
-303674
-303680
-303716
-303735
-303735
-303780
-303795
-303861
-303881
-303935
-303939
-303980
-303992
-304031
-304054
-304056
-304084
-304095
-304096
-304107
-304119
-304151
-304182
-304185
-304215
-304240
-304244
-304256
-304267
-304298
-304316
-304352
-304352
-304363
-304363
-304375
-304376
-304376
-304404
-304466
-304468
-304473
-304511
-304522
-304574
-304578
-304588
-304594
-304604
-304608
-304636
-304664
-304686
-304692
-304717
-304821
-304850
-304874
-304880
-304885
-304909
-304925
-304983
-304997
-305020
-305021
-305030
-305076
-305085
-305103
-305114
-305119
-305133
-305175
-305176
-305210
-305242
-305260
-305265
-305342
-305345
-305386
-305404
-305434
-305442
-305451
-305460
-305463
-305467
-305474
-305553
-305575
-305593
-305597
-305609
-305629
-305635
-305685
-305706
-305707
-305725
-305730
-305732
-305739
-305774
-305796
-305883
-305911
-305954
-305965
-305967
-305994
-306025
-306127
-306137
-306169
-306175
-306216
-306231
-306265
-306266
-306270
-306282
-306306
-306382
-306394
-306420
-306421
-306445
-306446
-306483
-306488
-306568
-306577
-306598
-306610
-306664
-306675
-306692
-306715
-306727
-306747
-306792
-306797
-306834
-306914
-306924
-306930
-306967
-306970
-306981
-306983
-307016
-307052
-307054
-307054
-307067
-307081
-307088
-307105
-307121
-307141
-307148
-307154
-307217
-307220
-307245
-307272
-307296
-307315
-307326
-307350
-307366
-307367
-307373
-307375
-307389
-307415
-307428
-307440
-307449
-307485
-307485
-307488
-307498
-307499
-307537
-307618
-307635
-307641
-307649
-307651
-307656
-307656
-307697
-307734
-307754
-307775
-307777
-307779
-307784
-307791
-307837
-307839
-307847
-307867
-307933
-307944
-307959
-307964
-307964
-307974
-308027
-308066
-308073
-308107
-308108
-308108
-308116
-308141
-308156
-308161
-308163
-308174
-308186
-308209
-308218
-308282
-308296
-308299
-308365
-308402
-308411
-308427
-308437
-308445
-308451
-308468
-308495
-308499
-308509
-308582
-308591
-308596
-308598
-308618
-308645
-308651
-308672
-308675
-308696
-308700
-308700
-308704
-308719
-308770
-308778
-308783
-308813
-308830
-308853
-308870
-308911
-308923
-308937
-308970
-308993
-309003
-309033
-309035
-309038
-309064
-309097
-309124
-309157
-309171
-309180
-309362
-309382
-309383
-309390
-309409
-309427
-309439
-309502
-309502
-309524
-309527
-309543
-309550
-309563
-309570
-309577
-309614
-309617
-309631
-309638
-309640
-309656
-309707
-309721
-309754
-309807
-309823
-309832
-309839
-309905
-309917
-309924
-309925
-309945
-309968
-309988
-310013
-310015
-310024
-310063
-310071
-310116
-310119
-310127
-310133
-310149
-310153
-310155
-310189
-310244
-310293
-310302
-310336
-310345
-310384
-310401
-310403
-310418
-310435
-310540
-310672
-310676
-310748
-310753
-310786
-310790
-310794
-310800
-310806
-310831
-310844
-310855
-310895
-310911
-310945
-310974
-310987
-310998
-311046
-311052
-311104
-311154
-311183
-311202
-311207
-311210
-311230
-311233
-311233
-311248
-311295
-311305
-311334
-311364
-311424
-311483
-311526
-311581
-311583
-311589
-311615
-311624
-311631
-311646
-311651
-311671
-311682
-311724
-311732
-311779
-311788
-311794
-311795
-311841
-311852
-311869
-311890
-311894
-311910
-311911
-311913
-311917
-311930
-311938
-311954
-311956
-311964
-311987
-312005
-312013
-312026
-312076
-312112
-312130
-312160
-312188
-312199
-312206
-312217
-312218
-312275
-312291
-312295
-312308
-312320
-312322
-312361
-312384
-312401
-312427
-312431
-312450
-312466
-312474
-312490
-312550
-312567
-312583
-312590
-312600
-312637
-312640
-312665
-312671
-312720
-312723
-312726
-312729
-312817
-312821
-312877
-312880
-312911
-312914
-312954
-312977
-313001
-313005
-313013
-313120
-313123
-313167
-313196
-313205
-313215
-313222
-313241
-313241
-313258
-313263
-313284
-313285
-313305
-313321
-313351
-313371
-313377
-313387
-313405
-313426
-313456
-313463
-313476
-313493
-313511
-313514
-313525
-313538
-313599
-313626
-313702
-313723
-313769
-313797
-313810
-313812
-313901
-313919
-313945
-313965
-313969
-313982
-314018
-314032
-314038
-314044
-314086
-314111
-314168
-314182
-314185
-314194
-314195
-314276
-314307
-314320
-314330
-314337
-314362
-314366
-314376
-314376
-314403
-314424
-314446
-314483
-314497
-314498
-314502
-314507
-314514
-314517
-314530
-314573
-314595
-314610
-314627
-314636
-314674
-314677
-314682
-314712
-314743
-314746
-314777
-314791
-314803
-314832
-314838
-314839
-314851
-314890
-314909
-314935
-314941
-314947
-315004
-315028
-315054
-315072
-315079
-315109
-315114
-315126
-315136
-315139
-315151
-315176
-315183
-315204
-315230
-315282
-315311
-315330
-315340
-315347
-315366
-315378
-315405
-315406
-315416
-315429
-315430
-315473
-315531
-315536
-315622
-315650
-315665
-315675
-315702
-315714
-315759
-315770
-315771
-315773
-315780
-315787
-315829
-315891
-315898
-315923
-315988
-316053
-316114
-316135
-316141
-316159
-316170
-316188
-316188
-316189
-316216
-316228
-316239
-316239
-316259
-316261
-316279
-316281
-316298
-316312
-316330
-316339
-316345
-316381
-316430
-316467
-316474
-316481
-316488
-316496
-316507
-316525
-316550
-316551
-316613
-316620
-316648
-316676
-316677
-316704
-316735
-316754
-316816
-316822
-316831
-316846
-316859
-316886
-316910
-316920
-316949
-316951
-316963
-316975
-316979
-316997
-317027
-317063
-317071
-317079
-317081
-317089
-317097
-317121
-317149
-317167
-317169
-317183
-317198
-317201
-317217
-317219
-317282
-317288
-317346
-317359
-317368
-317369
-317409
-317422
-317433
-317469
-317471
-317482
-317511
-317517
-317541
-317549
-317554
-317570
-317586
-317604
-317610
-317649
-317657
-317701
-317718
-317730
-317740
-317749
-317779
-317789
-317794
-317809
-317812
-317821
-317902
-317910
-317938
-317952
-317953
-317960
-317961
-317965
-317992
-318021
-318025
-318039
-318040
-318063
-318086
-318264
-318272
-318278
-318283
-318294
-318344
-318372
-318373
-318384
-318414
-318441
-318453
-318475
-318480
-318486
-318539
-318574
-318591
-318616
-318643
-318646
-318733
-318755
-318801
-318825
-318826
-318848
-318855
-318860
-318919
-318920
-319024
-319062
-319064
-319066
-319110
-319112
-319113
-319154
-319167
-319170
-319191
-319202
-319218
-319226
-319256
-319271
-319278
-319341
-319352
-319374
-319383
-319430
-319450
-319473
-319479
-319511
-319526
-319559
-319571
-319586
-319588
-319589
-319666
-319688
-319707
-319761
-319818
-319855
-319881
-319893
-319899
-319923
-319932
-319955
-320032
-320047
-320054
-320054
-320063
-320073
-320081
-320084
-320088
-320101
-320123
-320147
-320209
-320241
-320273
-320285
-320291
-320326
-320366
-320401
-320454
-320472
-320487
-320513
-320551
-320552
-320561
-320625
-320628
-320629
-320640
-320665
-320726
-320730
-320797
-320808
-320825
-320865
-320878
-320901
-320906
-321023
-321026
-321033
-321055
-321057
-321114
-321142
-321158
-321285
-321305
-321322
-321325
-321343
-321361
-321372
-321380
-321401
-321436
-321446
-321451
-321475
-321538
-321539
-321562
-321579
-321597
-321611
-321656
-321675
-321682
-321690
-321695
-321717
-321745
-321764
-321775
-321816
-321844
-321850
-321851
-321874
-321881
-321912
-321932
-321934
-321996
-322027
-322033
-322094
-322170
-322197
-322200
-322201
-322220
-322235
-322259
-322290
-322371
-322374
-322377
-322382
-322384
-322418
-322456
-322495
-322507
-322533
-322534
-322537
-322555
-322565
-322608
-322622
-322624
-322649
-322671
-322700
-322737
-322766
-322773
-322783
-322797
-322846
-322858
-322910
-322935
-322943
-322945
-322972
-322972
-322984
-322989
-323031
-323048
-323059
-323076
-323085
-323100
-323120
-323129
-323151
-323178
-323238
-323245
-323263
-323266
-323279
-323338
-323362
-323430
-323443
-323462
-323469
-323488
-323541
-323545
-323600
-323608
-323639
-323659
-323670
-323679
-323682
-323711
-323715
-323750
-323792
-323793
-323835
-323870
-323872
-323880
-323905
-323914
-323920
-323921
-323922
-323933
-323936
-323963
-323982
-324005
-324006
-324021
-324034
-324076
-324080
-324137
-324218
-324225
-324238
-324259
-324272
-324280
-324285
-324293
-324297
-324304
-324312
-324336
-324351
-324368
-324403
-324404
-324404
-324420
-324425
-324432
-324452
-324463
-324538
-324568
-324583
-324597
-324609
-324615
-324632
-324637
-324661
-324666
-324674
-324693
-324711
-324734
-324751
-324795
-324804
-324805
-324813
-324852
-324924
-324930
-324958
-324967
-324967
-324981
-325030
-325035
-325075
-325075
-325082
-325172
-325222
-325245
-325249
-325263
-325285
-325288
-325315
-325358
-325362
-325363
-325374
-325389
-325394
-325394
-325396
-325426
-325444
-325488
-325493
-325505
-325596
-325628
-325665
-325685
-325699
-325708
-325718
-325719
-325736
-325738
-325787
-325792
-325819
-325857
-325882
-325888
-325903
-325942
-325983
-326021
-326028
-326222
-326232
-326252
-326262
-326263
-326284
-326289
-326298
-326308
-326353
-326385
-326404
-326429
-326463
-326487
-326500
-326514
-326518
-326537
-326547
-326564
-326567
-326568
-326571
-326592
-326592
-326599
-326603
-326639
-326643
-326660
-326734
-326737
-326755
-326789
-326792
-326809
-326837
-326847
-326847
-326868
-326918
-326930
-326931
-326934
-326943
-326981
-327002
-327020
-327022
-327041
-327110
-327149
-327163
-327203
-327209
-327217
-327235
-327242
-327247
-327268
-327396
-327398
-327401
-327458
-327508
-327511
-327536
-327548
-327571
-327601
-327607
-327614
-327643
-327648
-327664
-327685
-327725
-327730
-327747
-327789
-327799
-327826
-327827
-327847
-327869
-327871
-327873
-327882
-327924
-327926
-327952
-327956
-327974
-327975
-328003
-328027
-328085
-328105
-328113
-328123
-328123
-328125
-328130
-328136
-328138
-328148
-328158
-328164
-328218
-328283
-328313
-328327
-328334
-328352
-328395
-328402
-328402
-328409
-328414
-328464
-328476
-328501
-328518
-328530
-328539
-328553
-328584
-328606
-328608
-328622
-328630
-328635
-328656
-328705
-328706
-328753
-328781
-328782
-328797
-328806
-328877
-328913
-328917
-328951
-328955
-328958
-328997
-329011
-329035
-329061
-329073
-329121
-329163
-329195
-329198
-329221
-329234
-329240
-329259
-329261
-329265
-329271
-329273
-329296
-329309
-329312
-329324
-329352
-329353
-329393
-329398
-329404
-329425
-329436
-329443
-329465
-329478
-329503
-329506
-329524
-329548
-329549
-329593
-329600
-329619
-329644
-329651
-329659
-329675
-329721
-329795
-329802
-329824
-329847
-329859
-329876
-329910
-329924
-329983
-329983
-329991
-330001
-330017
-330030
-330041
-330075
-330076
-330103
-330110
-330118
-330130
-330138
-330151
-330198
-330229
-330264
-330265
-330270
-330278
-330280
-330308
-330345
-330357
-330358
-330361
-330362
-330372
-330382
-330390
-330396
-330402
-330416
-330434
-330457
-330460
-330491
-330531
-330555
-330563
-330593
-330615
-330685
-330703
-330752
-330761
-330767
-330772
-330774
-330792
-330794
-330817
-330899
-330925
-330958
-330965
-330979
-330984
-330993
-331037
-331048
-331056
-331057
-331113
-331114
-331116
-331129
-331140
-331151
-331163
-331200
-331205
-331214
-331238
-331239
-331252
-331360
-331382
-331389
-331422
-331429
-331443
-331452
-331486
-331505
-331509
-331526
-331542
-331544
-331560
-331579
-331592
-331593
-331659
-331696
-331727
-331820
-331850
-331889
-331944
-331950
-331959
-331979
-331999
-332012
-332012
-332033
-332039
-332042
-332068
-332084
-332101
-332111
-332159
-332160
-332179
-332185
-332192
-332214
-332231
-332239
-332241
-332258
-332280
-332281
-332292
-332294
-332303
-332304
-332306
-332365
-332365
-332369
-332376
-332383
-332409
-332414
-332421
-332432
-332449
-332451
-332480
-332538
-332559
-332583
-332585
-332589
-332625
-332638
-332654
-332657
-332670
-332700
-332710
-332745
-332747
-332780
-332826
-332846
-332861
-332868
-332903
-332904
-332920
-332929
-332936
-332942
-332946
-332956
-332994
-332999
-333012
-333013
-333017
-333027
-333031
-333037
-333066
-333121
-333132
-333144
-333144
-333146
-333263
-333288
-333288
-333302
-333341
-333353
-333391
-333407
-333423
-333498
-333523
-333524
-333559
-333561
-333624
-333639
-333704
-333708
-333735
-333744
-333784
-333789
-333812
-333842
-333864
-333930
-333953
-333968
-333971
-334000
-334014
-334031
-334032
-334039
-334046
-334052
-334066
-334169
-334174
-334176
-334188
-334192
-334200
-334210
-334243
-334277
-334277
-334286
-334291
-334311
-334329
-334344
-334379
-334403
-334405
-334444
-334459
-334489
-334548
-334564
-334575
-334590
-334619
-334624
-334667
-334691
-334744
-334756
-334801
-334846
-334848
-334884
-334928
-334928
-334929
-334933
-335023
-335034
-335043
-335045
-335051
-335080
-335083
-335107
-335114
-335116
-335126
-335128
-335140
-335166
-335166
-335204
-335232
-335259
-335263
-335283
-335284
-335291
-335296
-335306
-335309
-335315
-335360
-335382
-335399
-335404
-335406
-335424
-335426
-335436
-335505
-335525
-335558
-335581
-335591
-335601
-335608
-335612
-335641
-335644
-335656
-335674
-335683
-335698
-335703
-335715
-335740
-335750
-335754
-335802
-335886
-335889
-335920
-335920
-335936
-335941
-335960
-335970
-335978
-335981
-335993
-336013
-336058
-336064
-336156
-336240
-336242
-336254
-336285
-336314
-336315
-336353
-336365
-336370
-336384
-336405
-336470
-336472
-336475
-336487
-336521
-336522
-336558
-336564
-336565
-336572
-336580
-336608
-336608
-336627
-336637
-336648
-336679
-336710
-336729
-336759
-336773
-336781
-336808
-336845
-336894
-336916
-336920
-336923
-336929
-336932
-336992
-337075
-337108
-337110
-337136
-337150
-337159
-337237
-337246
-337263
-337347
-337354
-337380
-337387
-337392
-337400
-337407
-337407
-337408
-337434
-337446
-337472
-337476
-337479
-337485
-337506
-337557
-337574
-337656
-337685
-337688
-337689
-337700
-337710
-337739
-337754
-337789
-337794
-337831
-337835
-337839
-337854
-337883
-337889
-337897
-337900
-337909
-337925
-337959
-337974
-337979
-338056
-338122
-338130
-338132
-338133
-338143
-338145
-338180
-338196
-338200
-338208
-338216
-338246
-338251
-338286
-338309
-338329
-338379
-338387
-338416
-338477
-338496
-338497
-338505
-338539
-338544
-338571
-338584
-338604
-338632
-338635
-338703
-338714
-338736
-338770
-338774
-338814
-338820
-338847
-338848
-338853
-338859
-338862
-338882
-338938
-338964
-339008
-339084
-339086
-339091
-339149
-339191
-339196
-339199
-339206
-339207
-339277
-339291
-339295
-339364
-339365
-339373
-339391
-339402
-339425
-339515
-339518
-339522
-339527
-339531
-339558
-339559
-339562
-339566
-339605
-339608
-339646
-339662
-339673
-339680
-339713
-339719
-339749
-339763
-339821
-339846
-339854
-339890
-339893
-339907
-339917
-339935
-339963
-339988
-340001
-340019
-340023
-340043
-340082
-340090
-340113
-340134
-340141
-340157
-340185
-340199
-340211
-340236
-340263
-340267
-340283
-340294
-340296
-340335
-340400
-340434
-340441
-340472
-340517
-340526
-340526
-340588
-340593
-340596
-340616
-340637
-340678
-340692
-340709
-340713
-340743
-340787
-340809
-340827
-340835
-340850
-340854
-340862
-340865
-340888
-340905
-340913
-340917
-340994
-340997
-341009
-341021
-341043
-341087
-341091
-341118
-341130
-341133
-341137
-341146
-341156
-341170
-341179
-341180
-341183
-341248
-341275
-341277
-341366
-341403
-341455
-341472
-341482
-341495
-341526
-341542
-341553
-341565
-341588
-341611
-341655
-341659
-341664
-341725
-341729
-341738
-341834
-341840
-341841
-341902
-341916
-341930
-341948
-341960
-341987
-342019
-342021
-342023
-342070
-342077
-342100
-342102
-342109
-342126
-342139
-342149
-342185
-342188
-342224
-342226
-342248
-342260
-342293
-342305
-342310
-342320
-342332
-342334
-342411
-342452
-342463
-342480
-342482
-342488
-342505
-342510
-342516
-342535
-342538
-342572
-342577
-342585
-342588
-342609
-342616
-342632
-342648
-342687
-342689
-342694
-342711
-342722
-342722
-342740
-342822
-342874
-342952
-342965
-342971
-342977
-343026
-343033
-343046
-343050
-343055
-343074
-343098
-343134
-343198
-343213
-343261
-343264
-343334
-343336
-343387
-343427
-343433
-343447
-343450
-343476
-343518
-343538
-343566
-343570
-343571
-343584
-343586
-343637
-343638
-343644
-343644
-343694
-343719
-343755
-343772
-343793
-343800
-343846
-343851
-343862
-343897
-343908
-343918
-343920
-343992
-344010
-344030
-344035
-344036
-344046
-344052
-344060
-344065
-344067
-344084
-344125
-344126
-344134
-344149
-344188
-344190
-344195
-344223
-344224
-344249
-344264
-344269
-344296
-344352
-344381
-344403
-344410
-344426
-344428
-344453
-344531
-344557
-344569
-344591
-344637
-344648
-344682
-344696
-344735
-344741
-344757
-344763
-344788
-344830
-344848
-344880
-344902
-344929
-344941
-344964
-345028
-345105
-345114
-345114
-345121
-345152
-345165
-345167
-345174
-345180
-345185
-345215
-345230
-345235
-345293
-345321
-345352
-345360
-345371
-345429
-345487
-345496
-345499
-345537
-345654
-345673
-345679
-345695
-345707
-345713
-345733
-345739
-345745
-345755
-345771
-345777
-345779
-345847
-345858
-345875
-345892
-345893
-345900
-345916
-345965
-346020
-346033
-346041
-346043
-346066
-346093
-346110
-346122
-346144
-346149
-346166
-346175
-346185
-346189
-346190
-346207
-346215
-346221
-346264
-346275
-346276
-346318
-346328
-346356
-346419
-346427
-346447
-346449
-346468
-346477
-346497
-346501
-346513
-346523
-346530
-346530
-346552
-346561
-346575
-346577
-346633
-346636
-346664
-346665
-346684
-346693
-346711
-346713
-346761
-346774
-346775
-346777
-346789
-346834
-346862
-346892
-346897
-346929
-346942
-346948
-346950
-346965
-346978
-347018
-347070
-347105
-347112
-347123
-347131
-347157
-347158
-347159
-347162
-347165
-347174
-347201
-347237
-347239
-347290
-347291
-347293
-347297
-347313
-347321
-347380
-347406
-347419
-347423
-347423
-347457
-347460
-347463
-347485
-347521
-347527
-347569
-347610
-347676
-347694
-347697
-347716
-347727
-347738
-347741
-347742
-347754
-347763
-347764
-347773
-347850
-347866
-347869
-347885
-347902
-347906
-347917
-347936
-347953
-347987
-347993
-348007
-348031
-348043
-348053
-348071
-348090
-348155
-348161
-348187
-348199
-348232
-348239
-348272
-348302
-348309
-348324
-348330
-348332
-348391
-348408
-348446
-348448
-348459
-348471
-348481
-348481
-348506
-348507
-348511
-348518
-348607
-348615
-348633
-348643
-348687
-348688
-348690
-348792
-348805
-348847
-348853
-348870
-348915
-348939
-348946
-348972
-348992
-349033
-349066
-349073
-349116
-349117
-349136
-349153
-349190
-349206
-349225
-349274
-349290
-349323
-349338
-349352
-349353
-349355
-349355
-349374
-349379
-349417
-349424
-349428
-349449
-349455
-349464
-349471
-349475
-349485
-349498
-349537
-349559
-349598
-349599
-349641
-349642
-349646
-349661
-349692
-349707
-349715
-349754
-349761
-349847
-349849
-349873
-349926
-349959
-349973
-349989
-350036
-350058
-350069
-350086
-350086
-350094
-350100
-350123
-350163
-350218
-350270
-350298
-350336
-350381
-350385
-350407
-350425
-350464
-350520
-350537
-350538
-350549
-350554
-350558
-350559
-350563
-350603
-350604
-350611
-350652
-350658
-350690
-350722
-350738
-350739
-350788
-350795
-350803
-350812
-350847
-350918
-350939
-350982
-351000
-351006
-351033
-351035
-351059
-351087
-351133
-351170
-351215
-351218
-351222
-351280
-351287
-351290
-351322
-351359
-351362
-351388
-351397
-351411
-351441
-351466
-351507
-351516
-351561
-351572
-351591
-351599
-351603
-351612
-351644
-351645
-351673
-351701
-351704
-351715
-351762
-351765
-351813
-351814
-351833
-351833
-351836
-351837
-351837
-351843
-351881
-351883
-351910
-351922
-351923
-351929
-351949
-351975
-351986
-351987
-351991
-352009
-352039
-352067
-352081
-352118
-352142
-352149
-352153
-352165
-352197
-352227
-352228
-352254
-352335
-352356
-352374
-352376
-352379
-352399
-352415
-352434
-352448
-352480
-352496
-352520
-352523
-352540
-352545
-352562
-352576
-352586
-352612
-352655
-352687
-352711
-352726
-352731
-352746
-352761
-352767
-352769
-352821
-352844
-352857
-352874
-352881
-352906
-352916
-352932
-352980
-352992
-353043
-353117
-353161
-353171
-353177
-353183
-353188
-353229
-353263
-353278
-353321
-353340
-353343
-353344
-353360
-353373
-353378
-353407
-353446
-353448
-353449
-353458
-353468
-353480
-353491
-353501
-353516
-353522
-353552
-353561
-353568
-353600
-353615
-353671
-353740
-353786
-353803
-353805
-353854
-353859
-353869
-353892
-353908
-353974
-354019
-354026
-354061
-354064
-354077
-354092
-354107
-354135
-354156
-354166
-354183
-354206
-354209
-354214
-354251
-354253
-354294
-354305
-354319
-354319
-354333
-354362
-354386
-354405
-354430
-354438
-354438
-354449
-354470
-354488
-354660
-354675
-354676
-354694
-354700
-354702
-354774
-354835
-354850
-354869
-354902
-354912
-354934
-354941
-354954
-354970
-354974
-354994
-355010
-355035
-355070
-355074
-355079
-355108
-355110
-355141
-355144
-355147
-355151
-355161
-355198
-355204
-355205
-355247
-355247
-355260
-355276
-355286
-355288
-355293
-355317
-355335
-355349
-355352
-355396
-355409
-355440
-355442
-355499
-355504
-355523
-355539
-355549
-355555
-355558
-355586
-355597
-355603
-355628
-355642
-355656
-355663
-355671
-355679
-355709
-355719
-355734
-355743
-355744
-355753
-355832
-355846
-355852
-355866
-355905
-355936
-355945
-355947
-355957
-355981
-355983
-355984
-355996
-356009
-356012
-356014
-356020
-356024
-356057
-356113
-356123
-356131
-356197
-356225
-356255
-356330
-356339
-356344
-356349
-356359
-356385
-356397
-356409
-356440
-356454
-356456
-356457
-356462
-356467
-356474
-356518
-356553
-356566
-356630
-356660
-356664
-356672
-356699
-356701
-356727
-356748
-356761
-356770
-356790
-356798
-356798
-356832
-356837
-356863
-356883
-356890
-356895
-356917
-356922
-356938
-356966
-357011
-357015
-357058
-357076
-357118
-357123
-357143
-357145
-357145
-357149
-357153
-357167
-357188
-357193
-357204
-357209
-357215
-357283
-357296
-357304
-357306
-357335
-357357
-357379
-357383
-357419
-357451
-357465
-357526
-357554
-357557
-357565
-357583
-357592
-357601
-357619
-357624
-357649
-357716
-357743
-357755
-357765
-357772
-357798
-357819
-357842
-357906
-357907
-357911
-357928
-357959
-357965
-357969
-357976
-358009
-358019
-358021
-358093
-358102
-358107
-358148
-358151
-358157
-358160
-358214
-358297
-358304
-358308
-358322
-358344
-358382
-358439
-358453
-358466
-358485
-358496
-358549
-358550
-358553
-358573
-358584
-358615
-358635
-358639
-358643
-358644
-358657
-358689
-358690
-358716
-358722
-358746
-358757
-358896
-358902
-358991
-359023
-359036
-359057
-359083
-359137
-359153
-359185
-359197
-359199
-359202
-359257
-359264
-359266
-359307
-359332
-359349
-359406
-359419
-359435
-359453
-359460
-359462
-359487
-359490
-359536
-359538
-359544
-359564
-359575
-359603
-359610
-359614
-359642
-359656
-359661
-359663
-359674
-359674
-359714
-359750
-359759
-359759
-359810
-359828
-359855
-359878
-359959
-359975
-360031
-360032
-360038
-360042
-360048
-360049
-360056
-360104
-360160
-360176
-360212
-360228
-360245
-360246
-360261
-360293
-360299
-360305
-360306
-360320
-360323
-360346
-360365
-360370
-360387
-360423
-360432
-360437
-360453
-360455
-360464
-360467
-360472
-360502
-360519
-360553
-360560
-360578
-360587
-360606
-360609
-360624
-360624
-360637
-360642
-360646
-360663
-360673
-360678
-360694
-360695
-360741
-360745
-360758
-360798
-360804
-360830
-360848
-360863
-360883
-360932
-360982
-361015
-361027
-361028
-361042
-361053
-361054
-361091
-361099
-361109
-361109
-361144
-361149
-361163
-361179
-361180
-361210
-361250
-361281
-361291
-361302
-361315
-361321
-361327
-361329
-361338
-361378
-361389
-361396
-361404
-361419
-361461
-361473
-361503
-361509
-361518
-361523
-361525
-361543
-361557
-361579
-361585
-361587
-361623
-361653
-361661
-361692
-361692
-361712
-361725
-361737
-361739
-361744
-361750
-361757
-361792
-361818
-361839
-361885
-361941
-361961
-361999
-362030
-362063
-362069
-362086
-362109
-362115
-362135
-362154
-362164
-362223
-362299
-362314
-362325
-362328
-362330
-362334
-362341
-362349
-362352
-362355
-362385
-362390
-362396
-362428
-362445
-362461
-362467
-362480
-362484
-362493
-362510
-362550
-362600
-362614
-362617
-362619
-362657
-362687
-362693
-362698
-362727
-362737
-362775
-362825
-362869
-362882
-362886
-362893
-362932
-362962
-362967
-363000
-363002
-363006
-363018
-363020
-363072
-363075
-363081
-363163
-363199
-363207
-363229
-363232
-363236
-363251
-363305
-363327
-363353
-363361
-363385
-363403
-363421
-363439
-363454
-363459
-363470
-363477
-363510
-363529
-363529
-363532
-363539
-363552
-363556
-363605
-363625
-363656
-363692
-363701
-363713
-363723
-363745
-363757
-363812
-363845
-363921
-364043
-364049
-364102
-364114
-364126
-364148
-364168
-364192
-364262
-364271
-364277
-364291
-364302
-364340
-364383
-364390
-364397
-364414
-364463
-364467
-364473
-364475
-364490
-364501
-364501
-364540
-364585
-364599
-364613
-364616
-364648
-364651
-364694
-364712
-364743
-364786
-364796
-364818
-364826
-364842
-364860
-364876
-364884
-364903
-364975
-364975
-364981
-364991
-365002
-365003
-365013
-365018
-365034
-365087
-365131
-365147
-365159
-365161
-365220
-365246
-365250
-365264
-365270
-365296
-365318
-365325
-365331
-365435
-365439
-365446
-365467
-365471
-365479
-365494
-365498
-365529
-365533
-365534
-365558
-365561
-365575
-365595
-365625
-365653
-365657
-365752
-365757
-365760
-365775
-365775
-365776
-365791
-365792
-365797
-365798
-365802
-365817
-365819
-365820
-365822
-365828
-365835
-365842
-365848
-365852
-365861
-365865
-365867
-365884
-365892
-365920
-365951
-365988
-365995
-366029
-366032
-366033
-366058
-366067
-366078
-366084
-366092
-366098
-366100
-366126
-366142
-366150
-366158
-366182
-366192
-366233
-366249
-366269
-366285
-366348
-366350
-366403
-366411
-366412
-366425
-366433
-366440
-366453
-366460
-366507
-366515
-366540
-366610
-366646
-366660
-366688
-366688
-366725
-366736
-366761
-366769
-366809
-366810
-366813
-366826
-366842
-366881
-366910
-366924
-366924
-366926
-366932
-366968
-367034
-367072
-367081
-367096
-367127
-367129
-367150
-367158
-367193
-367221
-367239
-367248
-367265
-367271
-367272
-367273
-367319
-367338
-367359
-367380
-367413
-367429
-367443
-367451
-367469
-367475
-367494
-367554
-367574
-367613
-367658
-367674
-367693
-367715
-367727
-367737
-367739
-367747
-367772
-367794
-367912
-367919
-367976
-367983
-368056
-368064
-368065
-368086
-368121
-368153
-368162
-368192
-368192
-368200
-368220
-368241
-368247
-368247
-368250
-368250
-368251
-368252
-368261
-368262
-368280
-368306
-368335
-368352
-368368
-368383
-368398
-368408
-368433
-368434
-368451
-368486
-368493
-368503
-368507
-368517
-368526
-368532
-368581
-368584
-368628
-368646
-368695
-368702
-368717
-368761
-368763
-368766
-368821
-368848
-368848
-368849
-368854
-368881
-368894
-368902
-368938
-368939
-368948
-368963
-368976
-368993
-368996
-369008
-369013
-369045
-369053
-369079
-369092
-369140
-369146
-369149
-369155
-369161
-369184
-369256
-369260
-369263
-369264
-369268
-369291
-369304
-369340
-369357
-369388
-369458
-369544
-369546
-369553
-369557
-369562
-369563
-369637
-369639
-369647
-369665
-369667
-369670
-369743
-369766
-369772
-369784
-369837
-369864
-369885
-369917
-369929
-369929
-369934
-369951
-369981
-370005
-370012
-370051
-370052
-370057
-370072
-370078
-370087
-370103
-370106
-370115
-370164
-370169
-370212
-370214
-370232
-370236
-370250
-370252
-370331
-370368
-370388
-370405
-370439
-370445
-370448
-370483
-370531
-370544
-370550
-370570
-370572
-370572
-370599
-370617
-370633
-370639
-370646
-370649
-370665
-370677
-370693
-370714
-370729
-370783
-370806
-370823
-370826
-370839
-370856
-370861
-370877
-370929
-370934
-370935
-370949
-370967
-370990
-371014
-371035
-371047
-371075
-371079
-371079
-371083
-371108
-371133
-371182
-371184
-371201
-371286
-371286
-371291
-371315
-371357
-371378
-371404
-371406
-371417
-371418
-371440
-371441
-371457
-371467
-371494
-371501
-371512
-371519
-371528
-371538
-371545
-371600
-371613
-371614
-371653
-371663
-371720
-371733
-371738
-371739
-371746
-371759
-371774
-371776
-371817
-371847
-371847
-371884
-371901
-371908
-371934
-371942
-371955
-371970
-371971
-371991
-372006
-372036
-372048
-372060
-372072
-372101
-372211
-372240
-372241
-372246
-372251
-372264
-372308
-372314
-372324
-372327
-372378
-372395
-372456
-372511
-372512
-372523
-372531
-372537
-372543
-372627
-372635
-372647
-372648
-372658
-372660
-372674
-372675
-372687
-372716
-372721
-372764
-372819
-372837
-372842
-372860
-372873
-372878
-372989
-372999
-373018
-373045
-373104
-373107
-373108
-373123
-373145
-373176
-373192
-373219
-373232
-373237
-373243
-373261
-373276
-373309
-373338
-373350
-373500
-373512
-373514
-373521
-373563
-373584
-373615
-373624
-373654
-373669
-373690
-373692
-373700
-373710
-373721
-373754
-373765
-373793
-373826
-373866
-373899
-373938
-373949
-373949
-373994
-373996
-374008
-374011
-374044
-374064
-374104
-374109
-374125
-374170
-374277
-374304
-374322
-374351
-374390
-374406
-374439
-374479
-374486
-374487
-374515
-374543
-374547
-374548
-374567
-374570
-374624
-374636
-374700
-374705
-374706
-374734
-374763
-374787
-374805
-374829
-374847
-374851
-374853
-374936
-374946
-374988
-374992
-374995
-374998
-375082
-375098
-375098
-375140
-375179
-375187
-375193
-375210
-375231
-375255
-375263
-375279
-375369
-375425
-375439
-375440
-375478
-375492
-375503
-375509
-375522
-375535
-375544
-375547
-375556
-375599
-375622
-375633
-375641
-375652
-375674
-375694
-375708
-375724
-375726
-375741
-375761
-375805
-375815
-375826
-375842
-375871
-375899
-375915
-375915
-375995
-376033
-376053
-376064
-376075
-376089
-376092
-376096
-376112
-376141
-376192
-376195
-376251
-376276
-376277
-376311
-376340
-376348
-376353
-376375
-376404
-376432
-376502
-376527
-376632
-376646
-376667
-376676
-376677
-376695
-376697
-376708
-376728
-376754
-376758
-376780
-376835
-376843
-376850
-376876
-376939
-376982
-377024
-377055
-377058
-377067
-377086
-377128
-377170
-377290
-377301
-377308
-377337
-377338
-377371
-377405
-377426
-377430
-377437
-377475
-377477
-377479
-377480
-377490
-377496
-377524
-377529
-377569
-377581
-377599
-377641
-377641
-377684
-377700
-377721
-377747
-377758
-377780
-377784
-377793
-377793
-377805
-377812
-377827
-377873
-377877
-377901
-377914
-377921
-377967
-378001
-378003
-378017
-378026
-378030
-378074
-378126
-378129
-378139
-378161
-378191
-378197
-378234
-378279
-378286
-378291
-378297
-378302
-378309
-378310
-378314
-378339
-378341
-378354
-378369
-378407
-378509
-378517
-378524
-378567
-378583
-378585
-378605
-378608
-378618
-378633
-378635
-378653
-378663
-378681
-378692
-378695
-378729
-378745
-378748
-378763
-378796
-378909
-378912
-378925
-378926
-378959
-378966
-378977
-379003
-379010
-379023
-379025
-379028
-379040
-379043
-379052
-379057
-379065
-379100
-379126
-379136
-379152
-379191
-379193
-379219
-379237
-379267
-379295
-379306
-379338
-379339
-379360
-379396
-379412
-379471
-379481
-379494
-379519
-379522
-379531
-379537
-379549
-379567
-379576
-379576
-379577
-379585
-379593
-379660
-379664
-379665
-379672
-379694
-379708
-379711
-379735
-379757
-379762
-379763
-379769
-379785
-379785
-379825
-379825
-379827
-379830
-379897
-379917
-379932
-379983
-380000
-380047
-380052
-380079
-380091
-380112
-380132
-380143
-380178
-380222
-380262
-380263
-380322
-380343
-380350
-380376
-380379
-380399
-380404
-380405
-380433
-380468
-380524
-380571
-380587
-380621
-380651
-380661
-380718
-380768
-380775
-380833
-380856
-380876
-380910
-380957
-380965
-381027
-381051
-381065
-381071
-381138
-381148
-381150
-381154
-381158
-381171
-381180
-381189
-381201
-381336
-381338
-381344
-381347
-381353
-381378
-381409
-381413
-381426
-381515
-381516
-381526
-381530
-381567
-381586
-381604
-381625
-381648
-381669
-381688
-381697
-381731
-381788
-381790
-381790
-381794
-381807
-381817
-381831
-381836
-381849
-381883
-381923
-381935
-381974
-382004
-382023
-382050
-382051
-382055
-382096
-382164
-382165
-382168
-382182
-382187
-382200
-382222
-382226
-382228
-382241
-382273
-382284
-382298
-382306
-382321
-382324
-382331
-382332
-382343
-382359
-382366
-382369
-382429
-382446
-382453
-382464
-382471
-382479
-382524
-382565
-382573
-382613
-382646
-382646
-382665
-382696
-382700
-382736
-382749
-382770
-382783
-382806
-382815
-382844
-382870
-382929
-382939
-382946
-382947
-382964
-382976
-382977
-382992
-383008
-383009
-383016
-383069
-383072
-383075
-383075
-383081
-383096
-383118
-383168
-383175
-383192
-383217
-383237
-383250
-383269
-383279
-383283
-383314
-383318
-383356
-383365
-383496
-383522
-383538
-383570
-383619
-383664
-383666
-383674
-383689
-383704
-383721
-383752
-383765
-383771
-383771
-383782
-383787
-383803
-383814
-383820
-383827
-383830
-383842
-383854
-383857
-383902
-383951
-383955
-383981
-384001
-384023
-384024
-384038
-384083
-384134
-384150
-384160
-384205
-384210
-384244
-384291
-384352
-384354
-384386
-384398
-384412
-384422
-384432
-384490
-384493
-384514
-384516
-384519
-384538
-384545
-384582
-384594
-384612
-384638
-384653
-384699
-384706
-384750
-384770
-384773
-384778
-384782
-384793
-384829
-384842
-384847
-384855
-384891
-384902
-384915
-384934
-384937
-384965
-384997
-385017
-385069
-385104
-385121
-385181
-385201
-385219
-385237
-385240
-385261
-385267
-385287
-385297
-385301
-385314
-385318
-385354
-385396
-385417
-385418
-385443
-385475
-385489
-385490
-385511
-385520
-385528
-385587
-385588
-385618
-385639
-385653
-385687
-385696
-385705
-385713
-385720
-385724
-385730
-385758
-385779
-385780
-385805
-385829
-385862
-385891
-385910
-385911
-385918
-385920
-385966
-385968
-385977
-385997
-386015
-386019
-386048
-386117
-386123
-386144
-386146
-386147
-386153
-386171
-386182
-386190
-386191
-386194
-386202
-386205
-386217
-386252
-386270
-386350
-386382
-386427
-386491
-386508
-386526
-386546
-386553
-386565
-386618
-386619
-386633
-386635
-386639
-386729
-386739
-386848
-386854
-386866
-386870
-386883
-386904
-386943
-386944
-386960
-386969
-386973
-387003
-387014
-387029
-387033
-387053
-387054
-387119
-387153
-387155
-387158
-387183
-387188
-387254
-387281
-387300
-387324
-387327
-387346
-387349
-387354
-387362
-387370
-387444
-387447
-387468
-387471
-387539
-387574
-387582
-387588
-387648
-387671
-387686
-387693
-387696
-387710
-387734
-387765
-387775
-387802
-387819
-387821
-387855
-387856
-387891
-387927
-387928
-387944
-387953
-387964
-387980
-387984
-388016
-388065
-388083
-388123
-388137
-388140
-388194
-388196
-388199
-388236
-388238
-388243
-388278
-388282
-388321
-388329
-388347
-388360
-388362
-388375
-388381
-388417
-388424
-388448
-388464
-388519
-388541
-388567
-388567
-388584
-388609
-388626
-388646
-388674
-388692
-388699
-388730
-388825
-388830
-388868
-388873
-388878
-388964
-388990
-389016
-389029
-389039
-389040
-389125
-389134
-389138
-389138
-389151
-389157
-389158
-389160
-389241
-389241
-389268
-389313
-389315
-389321
-389349
-389371
-389435
-389440
-389443
-389474
-389477
-389479
-389489
-389572
-389583
-389625
-389635
-389636
-389643
-389651
-389682
-389698
-389790
-389810
-389814
-389816
-389829
-389832
-389849
-389849
-389873
-389915
-389946
-389956
-389970
-389973
-389983
-390003
-390008
-390014
-390019
-390025
-390031
-390051
-390073
-390078
-390102
-390226
-390238
-390263
-390265
-390290
-390293
-390313
-390329
-390337
-390351
-390367
-390426
-390458
-390470
-390489
-390508
-390550
-390563
-390565
-390587
-390632
-390699
-390708
-390715
-390731
-390757
-390770
-390795
-390829
-390831
-390864
-390928
-390930
-390932
-390953
-391044
-391157
-391159
-391194
-391197
-391212
-391216
-391235
-391273
-391298
-391353
-391363
-391368
-391373
-391382
-391412
-391419
-391436
-391471
-391474
-391520
-391533
-391540
-391542
-391558
-391573
-391586
-391589
-391596
-391663
-391693
-391702
-391702
-391721
-391751
-391752
-391773
-391778
-391789
-391797
-391803
-391815
-391829
-391854
-391872
-391876
-391894
-391937
-391958
-391985
-392001
-392020
-392020
-392022
-392036
-392044
-392047
-392084
-392096
-392100
-392110
-392113
-392129
-392137
-392137
-392212
-392230
-392304
-392304
-392305
-392377
-392396
-392397
-392420
-392441
-392446
-392461
-392477
-392477
-392510
-392607
-392616
-392641
-392708
-392743
-392745
-392757
-392775
-392790
-392831
-392838
-392878
-392889
-392894
-392895
-392913
-392949
-392978
-392985
-392999
-393027
-393028
-393056
-393066
-393125
-393148
-393176
-393183
-393203
-393207
-393229
-393241
-393245
-393256
-393256
-393291
-393322
-393336
-393343
-393368
-393415
-393489
-393493
-393523
-393548
-393553
-393554
-393561
-393572
-393606
-393646
-393666
-393673
-393682
-393689
-393698
-393703
-393728
-393732
-393742
-393759
-393780
-393793
-393815
-393823
-393830
-393838
-393839
-393856
-393865
-393897
-393910
-393961
-393982
-394004
-394020
-394049
-394050
-394058
-394061
-394107
-394111
-394168
-394177
-394198
-394231
-394235
-394243
-394248
-394347
-394360
-394379
-394390
-394394
-394403
-394409
-394433
-394442
-394452
-394463
-394463
-394474
-394479
-394501
-394522
-394531
-394537
-394544
-394592
-394605
-394616
-394648
-394658
-394666
-394684
-394688
-394722
-394734
-394751
-394759
-394759
-394840
-394854
-394895
-394900
-394910
-394947
-394955
-394998
-395027
-395045
-395102
-395111
-395127
-395128
-395162
-395170
-395206
-395230
-395259
-395263
-395281
-395303
-395307
-395315
-395329
-395337
-395376
-395376
-395383
-395389
-395400
-395423
-395434
-395488
-395493
-395500
-395605
-395618
-395622
-395630
-395668
-395698
-395704
-395785
-395808
-395818
-395823
-395835
-395926
-395947
-395968
-395982
-395985
-396000
-396013
-396016
-396031
-396064
-396066
-396079
-396168
-396173
-396182
-396210
-396214
-396234
-396234
-396246
-396249
-396274
-396304
-396325
-396325
-396329
-396373
-396401
-396459
-396467
-396525
-396532
-396547
-396554
-396579
-396596
-396599
-396600
-396604
-396656
-396687
-396689
-396690
-396713
-396773
-396777
-396788
-396801
-396804
-396809
-396815
-396829
-396837
-396860
-396910
-396955
-396985
-396985
-396991
-397026
-397040
-397062
-397153
-397177
-397189
-397209
-397241
-397245
-397270
-397272
-397283
-397287
-397311
-397318
-397322
-397343
-397353
-397378
-397379
-397383
-397383
-397399
-397429
-397435
-397451
-397472
-397473
-397492
-397498
-397500
-397520
-397531
-397541
-397555
-397563
-397570
-397570
-397619
-397624
-397641
-397645
-397652
-397657
-397792
-397803
-397850
-397863
-397871
-397879
-397880
-397910
-397916
-397944
-397951
-397966
-397976
-398013
-398066
-398067
-398109
-398115
-398118
-398122
-398150
-398161
-398189
-398190
-398206
-398215
-398235
-398237
-398238
-398269
-398275
-398295
-398316
-398325
-398344
-398357
-398366
-398367
-398370
-398380
-398441
-398443
-398454
-398476
-398546
-398595
-398636
-398679
-398706
-398710
-398724
-398737
-398755
-398757
-398781
-398792
-398798
-398856
-398872
-398872
-398892
-398917
-398950
-398954
-398971
-398971
-399025
-399059
-399081
-399083
-399094
-399116
-399136
-399137
-399142
-399165
-399236
-399238
-399248
-399266
-399304
-399408
-399451
-399452
-399457
-399461
-399480
-399487
-399488
-399512
-399608
-399645
-399674
-399716
-399725
-399758
-399765
-399773
-399784
-399794
-399803
-399815
-399818
-399836
-399850
-399904
-399941
-399945
-399960
-399961
-399969
-399970
-399986
-399992
-400002
-400009
-400012
-400013
-400021
-400025
-400026
-400028
-400060
-400061
-400066
-400077
-400096
-400137
-400161
-400199
-400218
-400248
-400252
-400264
-400266
-400266
-400295
-400301
-400307
-400307
-400312
-400318
-400349
-400353
-400355
-400361
-400365
-400437
-400477
-400515
-400544
-400587
-400598
-400599
-400606
-400654
-400658
-400672
-400698
-400704
-400705
-400712
-400716
-400809
-400816
-400832
-400839
-400843
-400876
-400938
-400955
-400974
-401013
-401056
-401081
-401088
-401092
-401093
-401097
-401106
-401141
-401156
-401172
-401174
-401184
-401206
-401209
-401213
-401239
-401258
-401276
-401293
-401303
-401317
-401331
-401334
-401359
-401371
-401378
-401414
-401424
-401425
-401454
-401480
-401481
-401498
-401505
-401524
-401554
-401596
-401615
-401657
-401665
-401744
-401744
-401744
-401778
-401796
-401817
-401827
-401861
-401871
-401890
-401901
-401915
-401959
-401981
-401987
-402000
-402017
-402024
-402026
-402079
-402080
-402100
-402122
-402131
-402145
-402164
-402173
-402175
-402191
-402194
-402250
-402253
-402262
-402272
-402312
-402333
-402340
-402351
-402355
-402381
-402386
-402392
-402413
-402425
-402429
-402454
-402457
-402596
-402634
-402645
-402663
-402692
-402696
-402725
-402744
-402762
-402782
-402825
-402828
-402830
-402888
-402904
-402926
-402946
-402962
-402979
-402998
-403026
-403076
-403083
-403121
-403130
-403131
-403160
-403164
-403167
-403202
-403215
-403228
-403232
-403261
-403266
-403302
-403316
-403322
-403331
-403397
-403414
-403455
-403463
-403553
-403564
-403564
-403620
-403637
-403691
-403779
-403808
-403821
-403833
-403840
-403843
-403871
-403895
-403911
-403917
-403922
-403932
-403937
-403958
-403967
-403975
-404004
-404047
-404050
-404081
-404103
-404111
-404140
-404147
-404192
-404206
-404211
-404353
-404353
-404368
-404430
-404444
-404456
-404480
-404542
-404548
-404553
-404563
-404579
-404595
-404626
-404637
-404645
-404646
-404667
-404669
-404674
-404684
-404693
-404726
-404730
-404752
-404761
-404764
-404781
-404816
-404832
-404846
-404873
-404906
-404930
-404939
-404972
-404973
-405005
-405019
-405021
-405038
-405038
-405060
-405071
-405095
-405102
-405120
-405136
-405169
-405220
-405263
-405273
-405294
-405294
-405311
-405321
-405325
-405335
-405336
-405377
-405393
-405429
-405447
-405454
-405515
-405519
-405529
-405537
-405552
-405556
-405607
-405614
-405640
-405650
-405656
-405680
-405686
-405689
-405696
-405722
-405731
-405744
-405764
-405842
-405845
-405865
-405868
-405906
-405922
-405983
-406048
-406061
-406069
-406077
-406078
-406087
-406110
-406174
-406177
-406242
-406272
-406294
-406297
-406325
-406349
-406352
-406385
-406430
-406436
-406510
-406519
-406590
-406602
-406610
-406614
-406622
-406672
-406686
-406701
-406741
-406767
-406786
-406816
-406855
-406863
-406884
-406884
-406888
-406909
-406931
-406942
-406947
-406968
-407071
-407127
-407145
-407149
-407161
-407164
-407165
-407191
-407202
-407223
-407236
-407248
-407278
-407331
-407333
-407369
-407377
-407381
-407386
-407390
-407416
-407421
-407442
-407447
-407460
-407535
-407561
-407583
-407633
-407655
-407663
-407678
-407679
-407687
-407694
-407715
-407722
-407744
-407753
-407762
-407846
-407848
-407853
-407885
-407903
-407917
-407927
-407951
-407965
-407976
-407994
-407997
-408005
-408016
-408052
-408060
-408067
-408083
-408085
-408090
-408092
-408104
-408142
-408146
-408163
-408170
-408191
-408208
-408265
-408293
-408294
-408313
-408373
-408388
-408394
-408422
-408435
-408437
-408457
-408466
-408478
-408498
-408520
-408535
-408573
-408592
-408595
-408596
-408649
-408650
-408675
-408686
-408738
-408739
-408784
-408830
-408837
-408844
-408847
-408883
-408884
-408917
-408938
-408948
-408976
-408983
-409002
-409017
-409032
-409111
-409113
-409114
-409117
-409151
-409234
-409236
-409246
-409311
-409315
-409341
-409353
-409381
-409381
-409382
-409385
-409394
-409487
-409492
-409499
-409515
-409537
-409539
-409555
-409555
-409558
-409562
-409573
-409587
-409592
-409603
-409604
-409624
-409629
-409643
-409651
-409652
-409652
-409672
-409742
-409742
-409752
-409832
-409849
-409858
-409902
-409928
-409952
-409993
-409993
-410015
-410089
-410117
-410131
-410184
-410219
-410257
-410271
-410271
-410274
-410289
-410315
-410321
-410335
-410345
-410351
-410360
-410408
-410428
-410442
-410459
-410463
-410466
-410488
-410500
-410511
-410514
-410559
-410591
-410607
-410617
-410636
-410694
-410721
-410735
-410741
-410772
-410787
-410793
-410799
-410809
-410817
-410829
-410889
-410931
-410944
-410950
-410974
-410986
-410999
-411016
-411027
-411034
-411073
-411096
-411133
-411140
-411185
-411200
-411227
-411231
-411238
-411313
-411318
-411323
-411331
-411364
-411369
-411372
-411383
-411386
-411425
-411428
-411436
-411469
-411502
-411515
-411533
-411567
-411575
-411598
-411608
-411614
-411621
-411630
-411643
-411644
-411677
-411688
-411708
-411711
-411742
-411782
-411797
-411826
-411833
-411834
-411836
-411864
-411889
-411907
-411950
-411950
-411956
-411965
-411973
-411983
-412028
-412032
-412047
-412058
-412065
-412102
-412102
-412114
-412118
-412144
-412164
-412199
-412208
-412215
-412239
-412249
-412252
-412269
-412285
-412310
-412322
-412360
-412387
-412397
-412421
-412460
-412462
-412502
-412530
-412532
-412633
-412648
-412679
-412692
-412723
-412739
-412746
-412764
-412768
-412770
-412773
-412788
-412795
-412803
-412821
-412848
-412908
-412917
-412937
-412937
-412956
-413039
-413059
-413114
-413120
-413183
-413225
-413248
-413290
-413329
-413353
-413365
-413378
-413396
-413430
-413431
-413442
-413449
-413492
-413525
-413533
-413574
-413587
-413645
-413670
-413679
-413695
-413702
-413771
-413807
-413855
-413869
-413898
-413911
-413928
-413977
-414001
-414035
-414073
-414138
-414140
-414150
-414169
-414182
-414210
-414241
-414278
-414292
-414308
-414309
-414316
-414323
-414323
-414345
-414388
-414405
-414434
-414458
-414462
-414526
-414607
-414637
-414676
-414754
-414766
-414804
-414814
-414834
-414839
-414850
-414882
-414883
-414907
-414911
-414928
-414934
-414948
-414950
-414964
-414982
-414986
-414996
-414997
-415010
-415032
-415068
-415078
-415087
-415125
-415163
-415169
-415247
-415269
-415269
-415273
-415273
-415314
-415328
-415332
-415375
-415386
-415405
-415423
-415454
-415465
-415468
-415486
-415516
-415520
-415541
-415560
-415577
-415592
-415601
-415604
-415609
-415619
-415674
-415692
-415694
-415707
-415755
-415759
-415767
-415771
-415791
-415808
-415839
-415852
-415870
-415895
-415909
-415924
-415931
-415931
-415935
-415956
-415963
-415968
-415974
-415976
-415983
-415999
-416019
-416068
-416075
-416085
-416087
-416096
-416107
-416115
-416132
-416139
-416159
-416177
-416219
-416239
-416256
-416287
-416296
-416299
-416348
-416349
-416399
-416404
-416427
-416427
-416430
-416474
-416475
-416477
-416486
-416490
-416552
-416562
-416606
-416677
-416702
-416703
-416709
-416721
-416775
-416807
-416810
-416814
-416837
-416850
-416875
-416900
-416920
-416949
-416950
-417034
-417038
-417040
-417045
-417121
-417123
-417155
-417203
-417270
-417299
-417304
-417310
-417319
-417327
-417343
-417353
-417362
-417368
-417369
-417400
-417407
-417430
-417529
-417543
-417558
-417563
-417567
-417571
-417590
-417605
-417648
-417652
-417664
-417674
-417683
-417697
-417708
-417727
-417762
-417769
-417835
-417846
-417855
-417860
-417872
-417895
-417921
-417930
-417943
-417947
-417961
-417969
-418030
-418051
-418054
-418058
-418087
-418092
-418121
-418128
-418134
-418184
-418198
-418240
-418254
-418288
-418308
-418308
-418310
-418320
-418364
-418365
-418410
-418425
-418432
-418477
-418510
-418529
-418536
-418544
-418566
-418571
-418576
-418600
-418630
-418632
-418645
-418686
-418743
-418758
-418777
-418782
-418868
-418878
-418891
-418900
-418902
-418911
-418914
-418945
-418951
-419040
-419042
-419059
-419074
-419077
-419089
-419109
-419139
-419142
-419247
-419269
-419270
-419279
-419295
-419312
-419326
-419338
-419407
-419442
-419536
-419597
-419599
-419707
-419709
-419804
-419813
-419829
-419832
-419837
-419851
-419949
-419951
-419965
-420010
-420044
-420085
-420090
-420178
-420195
-420198
-420233
-420241
-420250
-420259
-420269
-420289
-420329
-420354
-420401
-420429
-420430
-420448
-420451
-420454
-420493
-420524
-420584
-420617
-420622
-420626
-420633
-420656
-420666
-420734
-420745
-420751
-420771
-420781
-420787
-420788
-420817
-420836
-420857
-420867
-420907
-420911
-420915
-420948
-420969
-420997
-421026
-421065
-421084
-421089
-421117
-421118
-421126
-421165
-421187
-421208
-421224
-421232
-421236
-421270
-421291
-421311
-421316
-421330
-421348
-421375
-421379
-421381
-421402
-421403
-421410
-421410
-421419
-421448
-421486
-421491
-421513
-421524
-421550
-421562
-421588
-421595
-421604
-421637
-421645
-421662
-421740
-421741
-421753
-421825
-421839
-421849
-421873
-421905
-421916
-421942
-421965
-422021
-422035
-422050
-422055
-422062
-422105
-422110
-422122
-422140
-422148
-422160
-422207
-422214
-422231
-422250
-422251
-422268
-422305
-422306
-422365
-422380
-422425
-422445
-422527
-422566
-422595
-422614
-422630
-422638
-422683
-422701
-422725
-422728
-422767
-422770
-422771
-422779
-422785
-422790
-422799
-422813
-422850
-422864
-422883
-422895
-422905
-422928
-422931
-422978
-422981
-423026
-423038
-423092
-423094
-423107
-423107
-423119
-423128
-423128
-423136
-423160
-423163
-423185
-423197
-423227
-423263
-423272
-423283
-423288
-423352
-423370
-423394
-423417
-423417
-423423
-423493
-423530
-423538
-423545
-423546
-423547
-423585
-423593
-423610
-423649
-423653
-423658
-423659
-423662
-423689
-423717
-423744
-423764
-423766
-423791
-423795
-423802
-423810
-423817
-423859
-423874
-423936
-423942
-423947
-423982
-423996
-424019
-424031
-424049
-424063
-424068
-424070
-424088
-424122
-424136
-424148
-424150
-424173
-424185
-424191
-424217
-424271
-424279
-424290
-424334
-424353
-424360
-424381
-424382
-424390
-424406
-424414
-424420
-424436
-424467
-424514
-424523
-424547
-424562
-424588
-424614
-424635
-424661
-424681
-424693
-424706
-424720
-424729
-424739
-424740
-424757
-424768
-424773
-424801
-424803
-424827
-424897
-424943
-424944
-424955
-424960
-424960
-424963
-424974
-424976
-424992
-425064
-425083
-425104
-425113
-425119
-425122
-425156
-425162
-425204
-425247
-425252
-425292
-425299
-425348
-425376
-425379
-425382
-425429
-425447
-425493
-425517
-425561
-425592
-425615
-425639
-425653
-425669
-425671
-425681
-425711
-425750
-425783
-425792
-425816
-425856
-426101
-426107
-426112
-426143
-426175
-426225
-426265
-426278
-426289
-426294
-426297
-426316
-426319
-426326
-426335
-426372
-426484
-426497
-426555
-426583
-426606
-426713
-426781
-426792
-426792
-426808
-426819
-426826
-426852
-426873
-426873
-426874
-426880
-426886
-426889
-426894
-426898
-426907
-426930
-426941
-426941
-426947
-426948
-426960
-426968
-426969
-426990
-427008
-427023
-427069
-427091
-427099
-427135
-427140
-427181
-427185
-427195
-427213
-427223
-427229
-427249
-427266
-427276
-427312
-427338
-427376
-427402
-427477
-427486
-427487
-427536
-427553
-427599
-427609
-427633
-427673
-427678
-427726
-427761
-427772
-427777
-427799
-427801
-427816
-427891
-427895
-427915
-427953
-428012
-428014
-428055
-428063
-428076
-428086
-428095
-428140
-428144
-428177
-428180
-428194
-428206
-428212
-428215
-428218
-428229
-428239
-428299
-428345
-428347
-428348
-428351
-428354
-428386
-428404
-428416
-428419
-428478
-428491
-428495
-428507
-428571
-428604
-428617
-428626
-428626
-428643
-428647
-428657
-428670
-428691
-428710
-428728
-428744
-428777
-428780
-428813
-428830
-428852
-428914
-428917
-428932
-428937
-428950
-428959
-428963
-429034
-429076
-429120
-429130
-429185
-429185
-429198
-429213
-429271
-429278
-429303
-429318
-429323
-429332
-429339
-429341
-429366
-429367
-429406
-429438
-429496
-429505
-429507
-429538
-429594
-429609
-429615
-429625
-429628
-429631
-429631
-429720
-429721
-429723
-429753
-429765
-429801
-429812
-429818
-429823
-429827
-429870
-429896
-429904
-429947
-429994
-429999
-430040
-430062
-430105
-430129
-430142
-430164
-430171
-430186
-430232
-430233
-430255
-430261
-430280
-430284
-430364
-430369
-430376
-430384
-430434
-430463
-430464
-430465
-430472
-430498
-430593
-430625
-430639
-430643
-430657
-430718
-430733
-430743
-430750
-430783
-430790
-430790
-430822
-430913
-430921
-430923
-430930
-430949
-430955
-430974
-430983
-430999
-431031
-431091
-431100
-431113
-431134
-431142
-431177
-431191
-431196
-431216
-431229
-431231
-431248
-431253
-431268
-431272
-431326
-431332
-431349
-431409
-431463
-431500
-431504
-431510
-431544
-431569
-431583
-431640
-431649
-431672
-431691
-431701
-431719
-431742
-431753
-431755
-431795
-431812
-431817
-431823
-431830
-431831
-431845
-431857
-431857
-431864
-431940
-431946
-431947
-431955
-431966
-431992
-432026
-432055
-432106
-432137
-432160
-432166
-432184
-432188
-432197
-432237
-432252
-432297
-432345
-432354
-432356
-432362
-432373
-432379
-432421
-432448
-432451
-432453
-432496
-432499
-432519
-432521
-432539
-432548
-432624
-432630
-432639
-432664
-432784
-432823
-432831
-432881
-432883
-432913
-432915
-432947
-432955
-432970
-432978
-432982
-433027
-433080
-433130
-433136
-433147
-433158
-433178
-433179
-433186
-433236
-433237
-433252
-433277
-433284
-433287
-433294
-433303
-433305
-433336
-433361
-433381
-433406
-433418
-433419
-433429
-433457
-433464
-433530
-433538
-433543
-433570
-433578
-433585
-433593
-433607
-433613
-433624
-433659
-433668
-433673
-433689
-433697
-433772
-433773
-433775
-433782
-433795
-433818
-433824
-433856
-433859
-433884
-433901
-433920
-433954
-433972
-433985
-434007
-434032
-434070
-434113
-434187
-434201
-434232
-434247
-434253
-434265
-434271
-434317
-434318
-434323
-434345
-434348
-434378
-434379
-434385
-434391
-434441
-434443
-434447
-434484
-434490
-434535
-434602
-434613
-434617
-434652
-434657
-434663
-434675
-434699
-434718
-434790
-434791
-434806
-434843
-434851
-434862
-434872
-434887
-434895
-434910
-434912
-434924
-434937
-434959
-435033
-435050
-435073
-435110
-435115
-435120
-435131
-435131
-435133
-435139
-435176
-435180
-435185
-435192
-435202
-435222
-435226
-435229
-435240
-435251
-435254
-435257
-435259
-435295
-435335
-435362
-435362
-435375
-435426
-435442
-435448
-435454
-435460
-435510
-435517
-435524
-435552
-435590
-435622
-435634
-435634
-435635
-435647
-435686
-435692
-435713
-435733
-435738
-435742
-435782
-435834
-435839
-435851
-435905
-435965
-436068
-436094
-436141
-436182
-436248
-436254
-436261
-436274
-436300
-436323
-436350
-436404
-436426
-436434
-436482
-436506
-436522
-436526
-436536
-436555
-436587
-436635
-436651
-436679
-436693
-436703
-436714
-436724
-436754
-436765
-436767
-436789
-436793
-436795
-436801
-436834
-436892
-436894
-436898
-436907
-436952
-436961
-436962
-437032
-437052
-437071
-437073
-437117
-437126
-437132
-437139
-437141
-437143
-437170
-437180
-437184
-437189
-437216
-437316
-437328
-437354
-437359
-437365
-437390
-437399
-437418
-437489
-437490
-437510
-437519
-437520
-437523
-437534
-437562
-437585
-437600
-437611
-437629
-437632
-437633
-437638
-437653
-437664
-437696
-437734
-437745
-437815
-437818
-437833
-437858
-437886
-437889
-437892
-437914
-438005
-438051
-438063
-438075
-438080
-438098
-438104
-438107
-438132
-438141
-438150
-438177
-438178
-438179
-438259
-438285
-438286
-438315
-438322
-438343
-438408
-438412
-438445
-438460
-438491
-438525
-438528
-438552
-438580
-438630
-438639
-438654
-438663
-438672
-438690
-438716
-438749
-438749
-438754
-438772
-438784
-438803
-438878
-438882
-438915
-438966
-438981
-439010
-439013
-439023
-439076
-439110
-439129
-439130
-439139
-439159
-439174
-439182
-439213
-439214
-439240
-439254
-439255
-439308
-439322
-439327
-439345
-439352
-439353
-439354
-439358
-439366
-439381
-439413
-439449
-439450
-439458
-439458
-439459
-439474
-439491
-439497
-439624
-439641
-439649
-439654
-439655
-439671
-439676
-439712
-439717
-439759
-439775
-439784
-439785
-439809
-439818
-439875
-439879
-439897
-439916
-439917
-439938
-439942
-439974
-439979
-439995
-440014
-440037
-440039
-440053
-440164
-440169
-440176
-440178
-440214
-440215
-440226
-440228
-440250
-440300
-440335
-440337
-440362
-440382
-440395
-440404
-440508
-440550
-440555
-440556
-440565
-440584
-440589
-440590
-440603
-440615
-440618
-440640
-440678
-440682
-440687
-440772
-440849
-440862
-440874
-440892
-440929
-440985
-441007
-441015
-441038
-441051
-441096
-441099
-441101
-441104
-441119
-441121
-441170
-441181
-441210
-441210
-441220
-441231
-441259
-441274
-441312
-441318
-441341
-441394
-441451
-441474
-441500
-441538
-441543
-441571
-441580
-441612
-441668
-441725
-441742
-441784
-441807
-441843
-441854
-441885
-441891
-441898
-441925
-441926
-441952
-441959
-441959
-441960
-441966
-441969
-441978
-441987
-442005
-442005
-442042
-442075
-442119
-442124
-442150
-442158
-442159
-442161
-442218
-442231
-442243
-442293
-442301
-442306
-442342
-442356
-442399
-442402
-442422
-442453
-442459
-442459
-442479
-442491
-442497
-442555
-442576
-442597
-442609
-442619
-442643
-442646
-442681
-442745
-442798
-442804
-442838
-442844
-442849
-442934
-442959
-442995
-443022
-443063
-443068
-443072
-443075
-443083
-443096
-443117
-443129
-443259
-443262
-443270
-443272
-443273
-443343
-443355
-443375
-443384
-443393
-443397
-443412
-443516
-443542
-443616
-443632
-443674
-443681
-443685
-443697
-443699
-443707
-443729
-443730
-443741
-443757
-443773
-443805
-443823
-443834
-443854
-443879
-443921
-443930
-443956
-443983
-444011
-444035
-444052
-444065
-444071
-444074
-444105
-444141
-444161
-444164
-444176
-444194
-444200
-444215
-444245
-444263
-444279
-444283
-444294
-444301
-444315
-444406
-444408
-444427
-444429
-444437
-444458
-444524
-444537
-444552
-444582
-444586
-444605
-444623
-444637
-444641
-444691
-444696
-444723
-444741
-444759
-444773
-444781
-444796
-444825
-444834
-444841
-444848
-444919
-444921
-444944
-444959
-444960
-445007
-445012
-445021
-445025
-445044
-445084
-445091
-445100
-445167
-445172
-445177
-445181
-445194
-445223
-445230
-445240
-445245
-445275
-445276
-445282
-445291
-445293
-445301
-445327
-445330
-445357
-445359
-445364
-445375
-445382
-445391
-445398
-445399
-445405
-445419
-445434
-445462
-445495
-445517
-445561
-445563
-445573
-445577
-445580
-445587
-445603
-445612
-445628
-445638
-445655
-445673
-445747
-445789
-445794
-445810
-445814
-445826
-445836
-445849
-445888
-445925
-445932
-445961
-445979
-445979
-445985
-446064
-446068
-446073
-446089
-446107
-446118
-446123
-446153
-446194
-446205
-446254
-446263
-446283
-446295
-446314
-446361
-446373
-446378
-446396
-446420
-446481
-446500
-446558
-446564
-446572
-446576
-446593
-446598
-446635
-446643
-446719
-446758
-446763
-446825
-446829
-446830
-446836
-446888
-446900
-446903
-446929
-446952
-446962
-446978
-446990
-446993
-447011
-447012
-447053
-447053
-447055
-447088
-447089
-447105
-447119
-447176
-447177
-447218
-447223
-447230
-447290
-447312
-447322
-447324
-447346
-447363
-447372
-447372
-447378
-447381
-447464
-447490
-447506
-447573
-447590
-447593
-447599
-447600
-447603
-447626
-447640
-447682
-447695
-447698
-447713
-447714
-447742
-447764
-447766
-447831
-447852
-447904
-447906
-447909
-447937
-447940
-447950
-447989
-448017
-448049
-448107
-448222
-448233
-448254
-448295
-448427
-448483
-448488
-448494
-448530
-448546
-448549
-448559
-448603
-448604
-448608
-448631
-448676
-448711
-448716
-448726
-448735
-448782
-448785
-448787
-448812
-448822
-448827
-448835
-448873
-448878
-448906
-448919
-448923
-448961
-449054
-449055
-449064
-449074
-449090
-449148
-449164
-449204
-449243
-449256
-449260
-449266
-449269
-449291
-449295
-449298
-449302
-449306
-449314
-449338
-449339
-449361
-449373
-449382
-449398
-449415
-449443
-449468
-449511
-449541
-449563
-449570
-449582
-449590
-449594
-449615
-449671
-449718
-449718
-449723
-449727
-449742
-449811
-449850
-449859
-449863
-449867
-449891
-449930
-449999
-450011
-450037
-450043
-450104
-450107
-450153
-450168
-450189
-450211
-450211
-450220
-450247
-450249
-450288
-450351
-450391
-450393
-450408
-450410
-450437
-450445
-450449
-450456
-450459
-450472
-450508
-450514
-450520
-450540
-450572
-450630
-450637
-450639
-450680
-450682
-450775
-450800
-450853
-450860
-450892
-450905
-450910
-450933
-450937
-450938
-450941
-450973
-450980
-450988
-451004
-451013
-451044
-451058
-451091
-451114
-451115
-451175
-451197
-451198
-451243
-451260
-451270
-451286
-451296
-451300
-451311
-451319
-451323
-451390
-451429
-451483
-451485
-451492
-451495
-451500
-451523
-451534
-451564
-451605
-451611
-451634
-451637
-451684
-451692
-451724
-451761
-451773
-451815
-451823
-451826
-451859
-451901
-451905
-451928
-451941
-451953
-451971
-451976
-452047
-452057
-452076
-452078
-452089
-452113
-452160
-452174
-452185
-452264
-452277
-452289
-452344
-452349
-452367
-452389
-452395
-452397
-452401
-452413
-452427
-452430
-452434
-452449
-452507
-452516
-452555
-452568
-452592
-452596
-452604
-452617
-452684
-452727
-452729
-452732
-452746
-452746
-452806
-452810
-452822
-452823
-452852
-452898
-452911
-452920
-452934
-452951
-452960
-452970
-453021
-453055
-453067
-453099
-453102
-453159
-453161
-453210
-453213
-453283
-453323
-453328
-453328
-453331
-453360
-453362
-453379
-453392
-453394
-453401
-453441
-453460
-453477
-453525
-453550
-453555
-453569
-453594
-453612
-453638
-453656
-453658
-453659
-453673
-453688
-453717
-453728
-453731
-453743
-453761
-453764
-453776
-453804
-453804
-453838
-453844
-453852
-453858
-453888
-453917
-453921
-453928
-454021
-454091
-454107
-454120
-454169
-454171
-454208
-454248
-454260
-454274
-454282
-454288
-454348
-454361
-454364
-454365
-454380
-454383
-454393
-454452
-454454
-454496
-454510
-454520
-454521
-454541
-454543
-454551
-454554
-454575
-454588
-454613
-454624
-454664
-454687
-454688
-454726
-454751
-454760
-454768
-454784
-454796
-454798
-454842
-454925
-454945
-454956
-454960
-454964
-454977
-455009
-455018
-455020
-455037
-455061
-455075
-455089
-455161
-455252
-455267
-455288
-455300
-455303
-455323
-455345
-455356
-455365
-455409
-455412
-455441
-455449
-455461
-455493
-455522
-455528
-455540
-455551
-455562
-455579
-455591
-455603
-455642
-455654
-455660
-455663
-455707
-455745
-455771
-455802
-455803
-455834
-455911
-455924
-455989
-455991
-456021
-456054
-456058
-456058
-456128
-456167
-456207
-456216
-456222
-456276
-456317
-456345
-456355
-456360
-456360
-456365
-456387
-456389
-456390
-456406
-456481
-456487
-456540
-456544
-456568
-456572
-456624
-456625
-456636
-456690
-456691
-456717
-456718
-456725
-456802
-456809
-456842
-456871
-456886
-456889
-456890
-456914
-456939
-456970
-456974
-457013
-457015
-457041
-457061
-457084
-457089
-457098
-457120
-457147
-457161
-457204
-457205
-457208
-457323
-457353
-457359
-457376
-457378
-457388
-457395
-457400
-457419
-457419
-457433
-457469
-457488
-457488
-457494
-457514
-457568
-457612
-457629
-457635
-457643
-457644
-457645
-457655
-457662
-457693
-457697
-457738
-457781
-457787
-457789
-457790
-457799
-457804
-457818
-457821
-457828
-457852
-457867
-457877
-457934
-457958
-457960
-457961
-458018
-458040
-458042
-458048
-458176
-458182
-458248
-458249
-458357
-458408
-458413
-458421
-458450
-458486
-458504
-458510
-458544
-458552
-458581
-458582
-458592
-458620
-458649
-458705
-458736
-458751
-458780
-458812
-458819
-458857
-458895
-458938
-458948
-458991
-458991
-459043
-459051
-459080
-459085
-459095
-459097
-459115
-459148
-459154
-459168
-459186
-459210
-459213
-459217
-459241
-459269
-459274
-459275
-459286
-459288
-459298
-459316
-459337
-459347
-459348
-459360
-459376
-459378
-459436
-459447
-459447
-459474
-459501
-459510
-459564
-459611
-459623
-459623
-459646
-459647
-459656
-459661
-459663
-459667
-459676
-459683
-459683
-459694
-459712
-459715
-459730
-459810
-459826
-459841
-459842
-459873
-459929
-459949
-459970
-459973
-459975
-460063
-460068
-460097
-460119
-460124
-460126
-460128
-460130
-460157
-460164
-460176
-460191
-460192
-460237
-460243
-460266
-460267
-460279
-460285
-460314
-460338
-460374
-460433
-460451
-460453
-460457
-460502
-460532
-460581
-460607
-460610
-460631
-460646
-460678
-460696
-460706
-460716
-460729
-460771
-460791
-460813
-460881
-460894
-460898
-460946
-460977
-461001
-461041
-461047
-461054
-461065
-461076
-461097
-461181
-461202
-461209
-461245
-461286
-461288
-461328
-461347
-461362
-461366
-461395
-461406
-461452
-461470
-461480
-461506
-461509
-461511
-461524
-461534
-461535
-461588
-461591
-461603
-461629
-461656
-461704
-461743
-461830
-461844
-461845
-461854
-461906
-461915
-461922
-461950
-461990
-462032
-462034
-462046
-462048
-462062
-462078
-462080
-462107
-462127
-462127
-462128
-462145
-462180
-462184
-462244
-462263
-462265
-462270
-462315
-462329
-462331
-462368
-462392
-462424
-462446
-462466
-462484
-462498
-462513
-462535
-462555
-462571
-462680
-462693
-462749
-462753
-462759
-462768
-462784
-462812
-462815
-462823
-462834
-462844
-462855
-462892
-462941
-462948
-462961
-462972
-463012
-463045
-463048
-463058
-463070
-463072
-463073
-463103
-463105
-463118
-463134
-463134
-463147
-463147
-463210
-463212
-463255
-463266
-463294
-463303
-463334
-463341
-463365
-463424
-463428
-463442
-463454
-463462
-463471
-463496
-463508
-463529
-463558
-463577
-463577
-463579
-463586
-463589
-463600
-463619
-463620
-463733
-463738
-463754
-463756
-463768
-463775
-463783
-463806
-463816
-463853
-463867
-463887
-463906
-463937
-463963
-464004
-464021
-464021
-464051
-464078
-464113
-464121
-464129
-464136
-464145
-464166
-464194
-464209
-464210
-464289
-464312
-464339
-464356
-464357
-464362
-464418
-464426
-464431
-464452
-464467
-464482
-464489
-464499
-464501
-464508
-464512
-464532
-464550
-464564
-464569
-464573
-464575
-464591
-464604
-464613
-464630
-464672
-464696
-464722
-464753
-464845
-464870
-464879
-464890
-464916
-464954
-464974
-465006
-465025
-465031
-465042
-465060
-465060
-465067
-465088
-465142
-465168
-465197
-465265
-465271
-465280
-465295
-465307
-465315
-465337
-465361
-465364
-465368
-465386
-465408
-465417
-465420
-465421
-465424
-465444
-465479
-465483
-465491
-465496
-465545
-465592
-465602
-465609
-465652
-465722
-465754
-465768
-465783
-465784
-465787
-465794
-465806
-465814
-465815
-465816
-465835
-465919
-465921
-465938
-465942
-465943
-465961
-465966
-465969
-465992
-465993
-466019
-466044
-466059
-466087
-466100
-466114
-466117
-466123
-466124
-466142
-466162
-466164
-466192
-466210
-466252
-466306
-466323
-466349
-466351
-466384
-466417
-466419
-466422
-466478
-466486
-466499
-466537
-466546
-466547
-466562
-466575
-466604
-466633
-466648
-466712
-466718
-466728
-466737
-466742
-466789
-466798
-466806
-466806
-466807
-466823
-466824
-466825
-466848
-466863
-466876
-466894
-466921
-466966
-466970
-466999
-467020
-467060
-467068
-467090
-467098
-467101
-467101
-467123
-467177
-467180
-467195
-467212
-467214
-467221
-467244
-467250
-467262
-467273
-467307
-467340
-467341
-467371
-467454
-467459
-467463
-467481
-467494
-467526
-467536
-467538
-467584
-467585
-467600
-467630
-467690
-467694
-467718
-467719
-467723
-467762
-467792
-467799
-467857
-467871
-467875
-467890
-467890
-467902
-467931
-467942
-467953
-467977
-467993
-467996
-468053
-468059
-468078
-468088
-468095
-468106
-468110
-468123
-468139
-468179
-468202
-468226
-468229
-468248
-468271
-468284
-468334
-468407
-468415
-468424
-468446
-468472
-468495
-468533
-468549
-468565
-468570
-468591
-468612
-468622
-468629
-468637
-468638
-468641
-468641
-468656
-468660
-468664
-468666
-468674
-468712
-468753
-468788
-468793
-468807
-468826
-468871
-468880
-468891
-468897
-468913
-468954
-468968
-468984
-468989
-469010
-469043
-469056
-469099
-469190
-469222
-469283
-469293
-469366
-469376
-469382
-469458
-469460
-469508
-469538
-469558
-469571
-469583
-469615
-469643
-469677
-469686
-469687
-469709
-469729
-469760
-469761
-469763
-469782
-469788
-469815
-469832
-469833
-469846
-469871
-469879
-469880
-469887
-469888
-469903
-469923
-469929
-469936
-469947
-469969
-469977
-470016
-470021
-470031
-470038
-470056
-470094
-470117
-470133
-470169
-470174
-470197
-470201
-470211
-470219
-470240
-470251
-470262
-470267
-470282
-470292
-470305
-470362
-470363
-470425
-470445
-470448
-470463
-470463
-470467
-470483
-470490
-470492
-470497
-470523
-470535
-470545
-470576
-470598
-470613
-470619
-470641
-470650
-470651
-470652
-470660
-470669
-470673
-470693
-470726
-470755
-470787
-470800
-470801
-470830
-470847
-470863
-470863
-470879
-470897
-470910
-470938
-470972
-470980
-470993
-471025
-471047
-471053
-471098
-471113
-471113
-471173
-471174
-471194
-471198
-471210
-471214
-471225
-471233
-471239
-471243
-471245
-471272
-471282
-471292
-471320
-471336
-471362
-471368
-471386
-471469
-471491
-471500
-471503
-471504
-471523
-471542
-471551
-471555
-471636
-471638
-471649
-471697
-471701
-471719
-471758
-471778
-471814
-471822
-471822
-471883
-471902
-471914
-471920
-471949
-471951
-471958
-471964
-472018
-472037
-472053
-472055
-472073
-472076
-472079
-472083
-472085
-472108
-472132
-472136
-472194
-472215
-472237
-472241
-472261
-472282
-472309
-472330
-472335
-472342
-472343
-472385
-472462
-472480
-472486
-472505
-472521
-472548
-472575
-472638
-472679
-472710
-472720
-472748
-472751
-472759
-472768
-472777
-472782
-472810
-472869
-472882
-472889
-472917
-472918
-472932
-472933
-472941
-472949
-472991
-473002
-473023
-473108
-473174
-473183
-473189
-473207
-473214
-473219
-473231
-473262
-473296
-473302
-473307
-473324
-473333
-473345
-473420
-473424
-473431
-473448
-473456
-473475
-473491
-473510
-473515
-473516
-473516
-473525
-473540
-473552
-473562
-473600
-473607
-473620
-473638
-473658
-473666
-473671
-473674
-473691
-473707
-473719
-473720
-473725
-473741
-473752
-473775
-473784
-473797
-473814
-473839
-473854
-473859
-473878
-473893
-473897
-473914
-473936
-473940
-473946
-473955
-473977
-474001
-474039
-474047
-474078
-474078
-474091
-474111
-474144
-474160
-474180
-474202
-474210
-474217
-474245
-474275
-474297
-474303
-474351
-474379
-474380
-474383
-474392
-474413
-474423
-474435
-474453
-474464
-474483
-474522
-474532
-474594
-474633
-474643
-474676
-474690
-474695
-474718
-474752
-474758
-474761
-474838
-474847
-474847
-474883
-474888
-474917
-474947
-474966
-474986
-475016
-475024
-475029
-475047
-475083
-475099
-475147
-475156
-475199
-475209
-475219
-475224
-475224
-475252
-475261
-475271
-475274
-475318
-475326
-475338
-475380
-475385
-475486
-475492
-475510
-475544
-475578
-475593
-475598
-475606
-475697
-475718
-475734
-475739
-475764
-475811
-475838
-475848
-475852
-475908
-475910
-475930
-475934
-475938
-475943
-475945
-475961
-475979
-476019
-476044
-476062
-476066
-476130
-476159
-476200
-476276
-476284
-476291
-476304
-476373
-476412
-476412
-476419
-476437
-476462
-476463
-476479
-476483
-476493
-476512
-476528
-476545
-476553
-476559
-476562
-476574
-476580
-476585
-476595
-476612
-476638
-476643
-476662
-476715
-476726
-476727
-476744
-476750
-476750
-476752
-476771
-476798
-476827
-476834
-476844
-476888
-476905
-476978
-477000
-477002
-477021
-477029
-477095
-477214
-477224
-477241
-477251
-477256
-477313
-477323
-477338
-477343
-477379
-477443
-477461
-477467
-477471
-477473
-477484
-477534
-477551
-477575
-477595
-477625
-477627
-477633
-477678
-477713
-477718
-477724
-477744
-477760
-477795
-477802
-477811
-477825
-477846
-477855
-477882
-477889
-477906
-477927
-477970
-478000
-478003
-478007
-478011
-478057
-478081
-478117
-478150
-478206
-478216
-478257
-478261
-478272
-478289
-478302
-478320
-478343
-478367
-478368
-478381
-478418
-478418
-478427
-478453
-478457
-478505
-478511
-478537
-478538
-478553
-478556
-478566
-478569
-478578
-478582
-478599
-478639
-478708
-478722
-478724
-478728
-478732
-478734
-478749
-478759
-478769
-478792
-478795
-478841
-478858
-478883
-478897
-478900
-478905
-478968
-478974
-478974
-478999
-479137
-479141
-479157
-479164
-479178
-479194
-479238
-479238
-479240
-479297
-479319
-479332
-479339
-479366
-479368
-479371
-479389
-479529
-479535
-479547
-479572
-479587
-479591
-479607
-479623
-479640
-479699
-479699
-479702
-479729
-479729
-479785
-479790
-479833
-479834
-479886
-479948
-480013
-480053
-480090
-480109
-480117
-480148
-480166
-480183
-480187
-480207
-480233
-480255
-480260
-480321
-480324
-480329
-480332
-480372
-480379
-480399
-480405
-480438
-480440
-480479
-480525
-480530
-480562
-480563
-480569
-480619
-480628
-480629
-480679
-480715
-480731
-480742
-480744
-480787
-480799
-480827
-480833
-480874
-480911
-480928
-480928
-480933
-480946
-480955
-480966
-480987
-481002
-481009
-481020
-481110
-481152
-481178
-481180
-481185
-481196
-481206
-481206
-481214
-481262
-481264
-481266
-481281
-481309
-481347
-481372
-481380
-481422
-481427
-481427
-481433
-481481
-481497
-481546
-481569
-481584
-481585
-481588
-481598
-481646
-481667
-481688
-481708
-481714
-481748
-481770
-481782
-481796
-481822
-481870
-481878
-481897
-481898
-481927
-481962
-482047
-482090
-482140
-482152
-482190
-482216
-482223
-482257
-482264
-482277
-482295
-482324
-482346
-482360
-482383
-482410
-482412
-482454
-482457
-482470
-482497
-482508
-482535
-482552
-482621
-482626
-482641
-482662
-482672
-482672
-482677
-482680
-482721
-482740
-482754
-482756
-482774
-482795
-482798
-482814
-482834
-482852
-482862
-482926
-482945
-482969
-483039
-483057
-483130
-483134
-483193
-483226
-483258
-483279
-483293
-483294
-483296
-483385
-483410
-483418
-483419
-483437
-483447
-483461
-483471
-483489
-483522
-483535
-483538
-483540
-483568
-483586
-483593
-483595
-483608
-483636
-483660
-483666
-483674
-483676
-483686
-483711
-483767
-483774
-483779
-483796
-483820
-483875
-483895
-483903
-483905
-483905
-483909
-483915
-483977
-483978
-483988
-484055
-484075
-484080
-484091
-484096
-484106
-484145
-484155
-484168
-484192
-484207
-484216
-484248
-484292
-484315
-484318
-484343
-484346
-484360
-484398
-484400
-484409
-484412
-484417
-484431
-484451
-484488
-484489
-484536
-484538
-484553
-484592
-484593
-484610
-484646
-484676
-484708
-484711
-484714
-484724
-484726
-484731
-484789
-484798
-484822
-484845
-484850
-484865
-484907
-484923
-484966
-484996
-485029
-485030
-485037
-485040
-485062
-485070
-485086
-485096
-485130
-485171
-485179
-485183
-485202
-485219
-485244
-485283
-485295
-485305
-485321
-485331
-485390
-485421
-485448
-485510
-485514
-485546
-485563
-485566
-485616
-485629
-485630
-485632
-485702
-485737
-485743
-485748
-485767
-485815
-485817
-485823
-485850
-485878
-485892
-485896
-485946
-485955
-485959
-485964
-486017
-486054
-486063
-486077
-486085
-486093
-486136
-486147
-486148
-486152
-486176
-486188
-486217
-486256
-486302
-486333
-486341
-486345
-486415
-486433
-486539
-486545
-486560
-486570
-486580
-486584
-486602
-486605
-486651
-486660
-486731
-486770
-486792
-486816
-486854
-486867
-486877
-486881
-486940
-486968
-486986
-486989
-487033
-487086
-487086
-487094
-487103
-487126
-487134
-487149
-487155
-487166
-487187
-487189
-487321
-487341
-487345
-487371
-487381
-487411
-487418
-487436
-487464
-487465
-487475
-487514
-487524
-487528
-487565
-487583
-487583
-487586
-487590
-487621
-487674
-487678
-487719
-487723
-487756
-487757
-487767
-487767
-487774
-487777
-487778
-487784
-487828
-487834
-487911
-487938
-487941
-487942
-487982
-487989
-487991
-488023
-488045
-488049
-488090
-488099
-488100
-488115
-488148
-488151
-488253
-488274
-488274
-488275
-488320
-488352
-488366
-488389
-488393
-488408
-488467
-488470
-488480
-488519
-488553
-488589
-488668
-488756
-488765
-488770
-488773
-488783
-488800
-488818
-488832
-488847
-488850
-488888
-488907
-488907
-488945
-488953
-488985
-489010
-489031
-489031
-489068
-489133
-489138
-489161
-489162
-489174
-489191
-489192
-489197
-489203
-489218
-489219
-489240
-489279
-489302
-489304
-489371
-489377
-489388
-489402
-489504
-489515
-489522
-489555
-489637
-489702
-489715
-489722
-489751
-489755
-489781
-489789
-489881
-489908
-489917
-489935
-490028
-490112
-490130
-490143
-490162
-490170
-490171
-490175
-490220
-490221
-490246
-490247
-490254
-490255
-490277
-490331
-490334
-490337
-490341
-490348
-490350
-490374
-490389
-490417
-490418
-490441
-490471
-490476
-490500
-490577
-490595
-490623
-490674
-490723
-490736
-490747
-490764
-490785
-490786
-490806
-490817
-490825
-490841
-490862
-490889
-490896
-490896
-490900
-490964
-490999
-491010
-491051
-491106
-491108
-491172
-491177
-491207
-491217
-491231
-491233
-491249
-491277
-491317
-491334
-491399
-491411
-491421
-491439
-491439
-491441
-491506
-491535
-491544
-491568
-491631
-491633
-491670
-491704
-491707
-491730
-491736
-491737
-491742
-491745
-491765
-491773
-491794
-491796
-491807
-491832
-491835
-491837
-491915
-491936
-491941
-491991
-491994
-492000
-492020
-492021
-492022
-492024
-492039
-492064
-492074
-492080
-492084
-492100
-492100
-492149
-492183
-492206
-492259
-492265
-492281
-492321
-492326
-492388
-492395
-492416
-492427
-492431
-492450
-492454
-492482
-492486
-492495
-492506
-492587
-492601
-492633
-492657
-492661
-492668
-492694
-492795
-492832
-492871
-492894
-492943
-492992
-493097
-493100
-493131
-493146
-493146
-493204
-493282
-493282
-493288
-493291
-493291
-493293
-493297
-493330
-493356
-493381
-493396
-493434
-493480
-493508
-493510
-493562
-493633
-493634
-493642
-493707
-493712
-493720
-493722
-493777
-493794
-493798
-493840
-493864
-493867
-493896
-493899
-493921
-493975
-493994
-494000
-494025
-494052
-494053
-494092
-494093
-494121
-494122
-494127
-494138
-494160
-494177
-494184
-494201
-494216
-494227
-494231
-494233
-494233
-494250
-494285
-494295
-494332
-494341
-494342
-494342
-494369
-494399
-494436
-494473
-494486
-494498
-494566
-494573
-494624
-494626
-494627
-494635
-494643
-494659
-494661
-494711
-494723
-494724
-494748
-494817
-494930
-494934
-494953
-494964
-494965
-494975
-495023
-495026
-495028
-495054
-495064
-495066
-495111
-495112
-495117
-495158
-495192
-495211
-495211
-495241
-495253
-495258
-495357
-495382
-495392
-495396
-495445
-495460
-495477
-495479
-495484
-495509
-495515
-495531
-495534
-495595
-495622
-495622
-495646
-495683
-495706
-495712
-495727
-495739
-495753
-495768
-495788
-495826
-495835
-495860
-495869
-495898
-495898
-495925
-495932
-495955
-495978
-495990
-496002
-496014
-496031
-496032
-496033
-496036
-496053
-496066
-496071
-496082
-496106
-496143
-496147
-496155
-496163
-496179
-496256
-496275
-496289
-496295
-496321
-496341
-496349
-496354
-496359
-496374
-496442
-496457
-496516
-496532
-496540
-496547
-496549
-496578
-496579
-496609
-496615
-496648
-496689
-496697
-496734
-496744
-496762
-496765
-496771
-496824
-496853
-496913
-496944
-496970
-496971
-496984
-497003
-497044
-497076
-497157
-497179
-497190
-497194
-497198
-497352
-497365
-497382
-497426
-497447
-497456
-497481
-497535
-497557
-497568
-497580
-497586
-497587
-497653
-497673
-497676
-497677
-497693
-497755
-497806
-497810
-497811
-497884
-497898
-497911
-497929
-497939
-497942
-497979
-497981
-497991
-498007
-498011
-498023
-498058
-498081
-498084
-498104
-498137
-498170
-498175
-498180
-498202
-498213
-498219
-498241
-498270
-498277
-498297
-498300
-498318
-498395
-498421
-498424
-498426
-498430
-498439
-498444
-498466
-498474
-498505
-498507
-498512
-498564
-498568
-498581
-498599
-498601
-498615
-498622
-498648
-498661
-498716
-498753
-498754
-498754
-498763
-498817
-498830
-498844
-498846
-498855
-498906
-498930
-498951
-498956
-499002
-499013
-499015
-499032
-499051
-499060
-499072
-499077
-499104
-499107
-499143
-499162
-499170
-499271
-499271
-499272
-499275
-499299
-499301
-499329
-499351
-499370
-499374
-499375
-499378
-499381
-499392
-499408
-499469
-499478
-499512
-499515
-499541
-499549
-499555
-499570
-499610
-499648
-499680
-499702
-499703
-499705
-499754
-499760
-499783
-499799
-499828
-499851
-499901
-499911
-499953
-499954
-500012
-500039
-500066
-500104
-500112
-500147
-500159
-500166
-500169
-500173
-500201
-500205
-500219
-500259
-500276
-500291
-500293
-500310
-500317
-500331
-500406
-500421
-500440
-500468
-500496
-500503
-500534
-500544
-500574
-500668
-500696
-500724
-500734
-500743
-500756
-500789
-500802
-500806
-500817
-500848
-500855
-500875
-500887
-500894
-500926
-500929
-500943
-500976
-500998
-501052
-501071
-501131
-501143
-501145
-501146
-501163
-501189
-501204
-501225
-501233
-501247
-501257
-501289
-501330
-501338
-501339
-501349
-501399
-501413
-501417
-501418
-501433
-501455
-501458
-501464
-501475
-501488
-501502
-501606
-501641
-501664
-501673
-501710
-501721
-501733
-501756
-501774
-501805
-501876
-501895
-501919
-501937
-501971
-501977
-502000
-502049
-502053
-502053
-502067
-502104
-502113
-502123
-502141
-502156
-502159
-502168
-502235
-502259
-502291
-502302
-502321
-502321
-502332
-502345
-502358
-502435
-502456
-502460
-502461
-502480
-502520
-502564
-502613
-502625
-502660
-502684
-502713
-502739
-502758
-502758
-502773
-502782
-502804
-502806
-502840
-502848
-502852
-502860
-502879
-502884
-502898
-502908
-502910
-502933
-502937
-502975
-503030
-503086
-503117
-503131
-503136
-503167
-503217
-503220
-503237
-503254
-503290
-503292
-503333
-503337
-503340
-503371
-503393
-503405
-503430
-503436
-503466
-503475
-503531
-503535
-503570
-503575
-503583
-503609
-503657
-503673
-503674
-503677
-503742
-503756
-503759
-503763
-503770
-503804
-503831
-503836
-503853
-503858
-503869
-503897
-503898
-503928
-503980
-503993
-503994
-504021
-504061
-504072
-504073
-504083
-504084
-504089
-504118
-504119
-504125
-504172
-504197
-504207
-504229
-504265
-504278
-504291
-504297
-504326
-504346
-504424
-504492
-504535
-504560
-504570
-504593
-504637
-504643
-504695
-504720
-504727
-504733
-504800
-504803
-504823
-504825
-504871
-504936
-504985
-504996
-505024
-505024
-505047
-505063
-505070
-505094
-505101
-505154
-505197
-505197
-505211
-505212
-505246
-505273
-505305
-505310
-505311
-505315
-505317
-505332
-505364
-505368
-505501
-505533
-505553
-505565
-505571
-505581
-505596
-505614
-505627
-505630
-505633
-505668
-505675
-505699
-505708
-505750
-505765
-505765
-505779
-505810
-505812
-505845
-505852
-505861
-505881
-505886
-505892
-505905
-505915
-505961
-505962
-505969
-505996
-505996
-506016
-506019
-506026
-506088
-506119
-506125
-506125
-506163
-506184
-506238
-506323
-506326
-506328
-506339
-506339
-506349
-506352
-506382
-506387
-506406
-506417
-506437
-506444
-506529
-506543
-506604
-506649
-506653
-506660
-506669
-506674
-506701
-506741
-506747
-506770
-506792
-506813
-506850
-506857
-506872
-506917
-506933
-506975
-506987
-507009
-507035
-507042
-507046
-507056
-507079
-507088
-507090
-507101
-507124
-507147
-507147
-507147
-507162
-507189
-507221
-507251
-507251
-507329
-507385
-507399
-507412
-507431
-507464
-507471
-507503
-507510
-507569
-507613
-507629
-507645
-507690
-507700
-507709
-507722
-507756
-507784
-507791
-507824
-507825
-507826
-507858
-507875
-507896
-507925
-507953
-507961
-507972
-507985
-508087
-508099
-508128
-508180
-508203
-508235
-508241
-508249
-508258
-508270
-508329
-508341
-508347
-508437
-508438
-508439
-508450
-508466
-508522
-508542
-508549
-508561
-508617
-508651
-508654
-508733
-508753
-508793
-508807
-508810
-508837
-508839
-508849
-508893
-508915
-508916
-508920
-508928
-508938
-508951
-508952
-508959
-508967
-509028
-509084
-509105
-509125
-509134
-509140
-509144
-509164
-509167
-509205
-509221
-509237
-509255
-509261
-509263
-509301
-509304
-509325
-509332
-509375
-509380
-509383
-509392
-509420
-509451
-509453
-509455
-509456
-509526
-509576
-509583
-509590
-509603
-509625
-509664
-509667
-509673
-509674
-509681
-509692
-509735
-509739
-509808
-509817
-509850
-509884
-509886
-509889
-509901
-509916
-509919
-509947
-509994
-510014
-510050
-510056
-510091
-510093
-510097
-510105
-510118
-510134
-510140
-510154
-510211
-510212
-510212
-510221
-510269
-510284
-510308
-510316
-510341
-510360
-510401
-510409
-510436
-510476
-510479
-510514
-510529
-510575
-510604
-510608
-510616
-510619
-510632
-510639
-510655
-510660
-510686
-510691
-510703
-510708
-510771
-510775
-510808
-510820
-510857
-510884
-510904
-510928
-510936
-510940
-510942
-510968
-511019
-511026
-511048
-511050
-511090
-511113
-511137
-511173
-511228
-511230
-511260
-511263
-511277
-511330
-511330
-511350
-511358
-511381
-511388
-511458
-511460
-511473
-511480
-511481
-511518
-511519
-511547
-511553
-511595
-511596
-511601
-511610
-511641
-511644
-511690
-511733
-511798
-511824
-511835
-511843
-511864
-511875
-511879
-511882
-511905
-511916
-511950
-511957
-511975
-511993
-512016
-512046
-512047
-512052
-512057
-512077
-512132
-512170
-512191
-512194
-512198
-512216
-512350
-512354
-512368
-512398
-512415
-512452
-512495
-512496
-512553
-512560
-512624
-512647
-512655
-512667
-512670
-512681
-512703
-512711
-512714
-512732
-512738
-512748
-512782
-512802
-512825
-512845
-512847
-512851
-512860
-512903
-513020
-513085
-513097
-513140
-513147
-513162
-513172
-513219
-513223
-513241
-513259
-513266
-513281
-513294
-513297
-513299
-513328
-513345
-513359
-513361
-513415
-513441
-513451
-513454
-513460
-513479
-513538
-513554
-513564
-513573
-513576
-513616
-513617
-513617
-513629
-513652
-513657
-513667
-513696
-513701
-513704
-513729
-513765
-513799
-513800
-513806
-513830
-513893
-513906
-513917
-513937
-513947
-513948
-513951
-513957
-513963
-513971
-514000
-514003
-514012
-514015
-514019
-514027
-514043
-514047
-514072
-514100
-514238
-514259
-514263
-514278
-514305
-514356
-514361
-514420
-514433
-514435
-514473
-514482
-514483
-514494
-514527
-514528
-514554
-514565
-514611
-514615
-514648
-514679
-514699
-514704
-514741
-514766
-514776
-514785
-514794
-514795
-514796
-514800
-514802
-514813
-514828
-514863
-514874
-514890
-514890
-514905
-514920
-514934
-514951
-514952
-514956
-514994
-514999
-515017
-515090
-515098
-515102
-515125
-515144
-515171
-515195
-515198
-515221
-515223
-515235
-515251
-515314
-515343
-515345
-515398
-515410
-515423
-515434
-515442
-515493
-515510
-515511
-515554
-515578
-515588
-515599
-515638
-515652
-515657
-515670
-515673
-515675
-515688
-515692
-515720
-515723
-515763
-515767
-515770
-515850
-515853
-515923
-515936
-515964
-515965
-515992
-516003
-516005
-516007
-516031
-516104
-516167
-516202
-516206
-516215
-516225
-516226
-516229
-516244
-516255
-516258
-516331
-516354
-516357
-516377
-516415
-516443
-516452
-516466
-516482
-516506
-516521
-516524
-516524
-516574
-516591
-516598
-516598
-516599
-516615
-516627
-516661
-516670
-516671
-516709
-516731
-516779
-516781
-516820
-516848
-516848
-516894
-516952
-516953
-516966
-516993
-517008
-517025
-517037
-517054
-517079
-517085
-517086
-517093
-517150
-517155
-517210
-517215
-517231
-517258
-517279
-517308
-517325
-517342
-517343
-517350
-517369
-517400
-517417
-517434
-517434
-517442
-517506
-517513
-517531
-517531
-517552
-517554
-517560
-517593
-517610
-517620
-517621
-517657
-517676
-517676
-517685
-517691
-517702
-517711
-517714
-517727
-517750
-517778
-517784
-517787
-517812
-517829
-517857
-517858
-517860
-517873
-517885
-517894
-517897
-517913
-517918
-517936
-517940
-517944
-518026
-518029
-518033
-518038
-518052
-518053
-518125
-518133
-518154
-518180
-518187
-518234
-518285
-518285
-518328
-518409
-518411
-518438
-518444
-518453
-518463
-518471
-518485
-518489
-518502
-518513
-518524
-518530
-518541
-518584
-518591
-518599
-518652
-518729
-518732
-518747
-518758
-518767
-518787
-518817
-518818
-518841
-518853
-518866
-518908
-518938
-518944
-518952
-518957
-519022
-519036
-519073
-519116
-519125
-519132
-519137
-519157
-519166
-519186
-519210
-519234
-519264
-519311
-519329
-519330
-519368
-519388
-519395
-519414
-519438
-519458
-519504
-519527
-519547
-519559
-519578
-519582
-519584
-519585
-519682
-519713
-519722
-519776
-519786
-519802
-519810
-519813
-519815
-519819
-519826
-519849
-519851
-519871
-519891
-519922
-519949
-520008
-520019
-520062
-520062
-520064
-520099
-520166
-520167
-520184
-520189
-520208
-520211
-520365
-520380
-520400
-520403
-520424
-520436
-520438
-520461
-520487
-520518
-520552
-520557
-520587
-520607
-520613
-520620
-520620
-520644
-520646
-520658
-520658
-520703
-520712
-520731
-520748
-520790
-520801
-520803
-520853
-520863
-520864
-520879
-520901
-520918
-520921
-520972
-520997
-521000
-521034
-521055
-521068
-521108
-521111
-521136
-521139
-521162
-521199
-521232
-521262
-521274
-521292
-521325
-521327
-521340
-521377
-521381
-521397
-521416
-521533
-521542
-521565
-521570
-521602
-521633
-521679
-521683
-521761
-521763
-521765
-521766
-521780
-521790
-521794
-521806
-521808
-521822
-521855
-521927
-521949
-521949
-521953
-521961
-521989
-522012
-522053
-522054
-522072
-522084
-522130
-522155
-522158
-522172
-522184
-522205
-522242
-522244
-522291
-522323
-522335
-522346
-522373
-522374
-522396
-522410
-522415
-522456
-522461
-522473
-522475
-522522
-522530
-522537
-522569
-522592
-522611
-522618
-522737
-522741
-522742
-522755
-522784
-522795
-522810
-522815
-522837
-522838
-522840
-522928
-522941
-522963
-522992
-522996
-522999
-523021
-523024
-523077
-523083
-523107
-523180
-523196
-523204
-523207
-523214
-523243
-523251
-523306
-523328
-523363
-523376
-523380
-523393
-523395
-523419
-523438
-523486
-523487
-523503
-523541
-523568
-523599
-523620
-523649
-523661
-523669
-523683
-523694
-523696
-523789
-523793
-523826
-523896
-523907
-523915
-523921
-523946
-523972
-523973
-523986
-524021
-524026
-524039
-524045
-524092
-524104
-524104
-524144
-524173
-524181
-524260
-524286
-524305
-524395
-524406
-524415
-524420
-524434
-524463
-524502
-524585
-524632
-524661
-524663
-524679
-524684
-524718
-524723
-524747
-524774
-524783
-524788
-524795
-524808
-524820
-524841
-524880
-524913
-524915
-524918
-524925
-524963
-524981
-524991
-525020
-525047
-525105
-525106
-525109
-525175
-525176
-525178
-525201
-525237
-525259
-525288
-525321
-525327
-525357
-525395
-525411
-525444
-525464
-525470
-525471
-525488
-525491
-525507
-525512
-525524
-525540
-525555
-525560
-525574
-525578
-525585
-525593
-525611
-525616
-525618
-525660
-525676
-525709
-525715
-525735
-525737
-525771
-525774
-525789
-525798
-525801
-525832
-525846
-525861
-525870
-525876
-525884
-525917
-525921
-525966
-525967
-525999
-526019
-526035
-526036
-526041
-526054
-526070
-526103
-526169
-526192
-526228
-526232
-526255
-526271
-526286
-526307
-526340
-526361
-526363
-526365
-526389
-526404
-526415
-526426
-526463
-526538
-526554
-526573
-526580
-526590
-526602
-526636
-526637
-526649
-526659
-526668
-526698
-526723
-526763
-526764
-526766
-526774
-526797
-526806
-526866
-526872
-526889
-526919
-526927
-526947
-527001
-527020
-527036
-527055
-527060
-527086
-527128
-527180
-527184
-527186
-527244
-527262
-527277
-527294
-527300
-527332
-527351
-527370
-527398
-527399
-527424
-527444
-527447
-527455
-527490
-527514
-527520
-527524
-527536
-527558
-527592
-527618
-527667
-527717
-527726
-527751
-527770
-527774
-527788
-527816
-527825
-527851
-527880
-527885
-527903
-527936
-527952
-527955
-527967
-527969
-528036
-528042
-528087
-528089
-528108
-528153
-528173
-528173
-528220
-528269
-528299
-528308
-528329
-528345
-528353
-528413
-528422
-528443
-528450
-528455
-528475
-528481
-528601
-528627
-528682
-528702
-528708
-528713
-528762
-528763
-528806
-528810
-528828
-528860
-528868
-528880
-528884
-528892
-528896
-528918
-528950
-528959
-528963
-528987
-529007
-529019
-529030
-529031
-529058
-529083
-529093
-529098
-529117
-529127
-529135
-529141
-529167
-529178
-529179
-529195
-529199
-529236
-529267
-529274
-529274
-529275
-529293
-529335
-529340
-529352
-529353
-529357
-529364
-529365
-529400
-529441
-529447
-529478
-529481
-529495
-529548
-529550
-529552
-529553
-529577
-529582
-529618
-529623
-529713
-529713
-529748
-529765
-529775
-529782
-529788
-529798
-529799
-529802
-529814
-529824
-529849
-529882
-529893
-529894
-529915
-529941
-529951
-529979
-529992
-530002
-530014
-530025
-530027
-530030
-530041
-530079
-530083
-530102
-530104
-530113
-530136
-530176
-530183
-530183
-530204
-530229
-530230
-530266
-530277
-530278
-530279
-530293
-530311
-530337
-530343
-530351
-530352
-530360
-530373
-530392
-530392
-530406
-530408
-530412
-530436
-530437
-530491
-530494
-530519
-530564
-530564
-530588
-530608
-530643
-530698
-530718
-530749
-530756
-530772
-530784
-530803
-530893
-530899
-530928
-530946
-530953
-530966
-530971
-531012
-531018
-531038
-531055
-531067
-531071
-531077
-531101
-531114
-531121
-531150
-531166
-531198
-531232
-531233
-531279
-531297
-531330
-531365
-531368
-531371
-531393
-531393
-531403
-531443
-531467
-531478
-531485
-531487
-531519
-531523
-531523
-531559
-531565
-531588
-531593
-531603
-531611
-531641
-531642
-531662
-531690
-531693
-531705
-531768
-531803
-531840
-531853
-531869
-531890
-531894
-531900
-531901
-531901
-531936
-531941
-531949
-531992
-532001
-532015
-532018
-532021
-532037
-532059
-532095
-532142
-532146
-532149
-532153
-532155
-532161
-532172
-532172
-532200
-532201
-532218
-532272
-532273
-532323
-532332
-532334
-532395
-532441
-532442
-532463
-532477
-532501
-532505
-532521
-532542
-532576
-532579
-532580
-532622
-532635
-532657
-532660
-532663
-532664
-532677
-532718
-532722
-532734
-532748
-532751
-532755
-532758
-532803
-532829
-532840
-532843
-532928
-532941
-532956
-532988
-532997
-533004
-533007
-533053
-533114
-533123
-533135
-533139
-533152
-533196
-533197
-533210
-533229
-533264
-533264
-533266
-533272
-533280
-533354
-533355
-533395
-533411
-533434
-533437
-533440
-533450
-533464
-533473
-533499
-533500
-533500
-533611
-533615
-533639
-533641
-533662
-533689
-533693
-533696
-533701
-533702
-533724
-533766
-533768
-533787
-533791
-533885
-533899
-533923
-533927
-533945
-533949
-534018
-534032
-534084
-534084
-534085
-534087
-534099
-534104
-534114
-534123
-534139
-534144
-534169
-534172
-534219
-534267
-534268
-534270
-534270
-534278
-534305
-534311
-534316
-534317
-534355
-534374
-534380
-534389
-534397
-534404
-534435
-534442
-534494
-534497
-534508
-534533
-534534
-534539
-534596
-534607
-534635
-534639
-534729
-534752
-534793
-534828
-534840
-534880
-534904
-534926
-534954
-534956
-534959
-534966
-534971
-534974
-534976
-535006
-535015
-535028
-535047
-535079
-535097
-535113
-535135
-535162
-535194
-535207
-535213
-535264
-535284
-535290
-535300
-535311
-535321
-535323
-535325
-535348
-535349
-535353
-535412
-535412
-535414
-535416
-535430
-535462
-535468
-535481
-535504
-535522
-535546
-535557
-535582
-535589
-535601
-535618
-535629
-535637
-535646
-535681
-535683
-535687
-535732
-535733
-535734
-535791
-535843
-535860
-535864
-535874
-535898
-535943
-535970
-535984
-535996
-536002
-536012
-536016
-536032
-536055
-536056
-536066
-536090
-536131
-536161
-536169
-536202
-536260
-536324
-536325
-536333
-536335
-536360
-536411
-536487
-536491
-536596
-536603
-536605
-536623
-536688
-536706
-536708
-536739
-536739
-536754
-536765
-536768
-536829
-536923
-536936
-536939
-536948
-536964
-536987
-537006
-537032
-537066
-537091
-537100
-537114
-537183
-537184
-537185
-537193
-537198
-537208
-537215
-537249
-537250
-537281
-537292
-537296
-537327
-537336
-537362
-537372
-537372
-537399
-537414
-537417
-537437
-537444
-537465
-537490
-537503
-537588
-537590
-537590
-537591
-537623
-537625
-537650
-537657
-537685
-537685
-537696
-537703
-537707
-537731
-537756
-537772
-537781
-537782
-537796
-537797
-537808
-537808
-537815
-537817
-537820
-537856
-537857
-537875
-537897
-537919
-537948
-537957
-538018
-538032
-538042
-538042
-538051
-538103
-538116
-538129
-538136
-538147
-538154
-538163
-538213
-538216
-538236
-538267
-538322
-538351
-538465
-538482
-538509
-538524
-538532
-538543
-538554
-538583
-538586
-538589
-538640
-538666
-538697
-538701
-538717
-538731
-538747
-538754
-538768
-538775
-538782
-538828
-538839
-538847
-538849
-538857
-538898
-538905
-538944
-538976
-539010
-539020
-539066
-539102
-539109
-539132
-539133
-539148
-539175
-539215
-539230
-539260
-539318
-539320
-539355
-539369
-539375
-539405
-539410
-539425
-539446
-539506
-539515
-539540
-539624
-539661
-539662
-539672
-539676
-539681
-539684
-539699
-539705
-539711
-539717
-539725
-539778
-539821
-539870
-539896
-539909
-539914
-539943
-539960
-539988
-540005
-540011
-540016
-540044
-540046
-540083
-540086
-540089
-540108
-540135
-540165
-540192
-540217
-540302
-540339
-540367
-540370
-540386
-540416
-540436
-540444
-540445
-540527
-540563
-540656
-540661
-540729
-540742
-540772
-540786
-540813
-540818
-540830
-540854
-540857
-540878
-540898
-540916
-540929
-540931
-540973
-540995
-541004
-541005
-541013
-541041
-541045
-541063
-541065
-541072
-541076
-541079
-541120
-541161
-541207
-541231
-541239
-541244
-541291
-541323
-541329
-541336
-541367
-541379
-541383
-541386
-541398
-541411
-541456
-541484
-541492
-541497
-541546
-541554
-541583
-541606
-541622
-541628
-541639
-541672
-541708
-541717
-541737
-541741
-541744
-541766
-541774
-541779
-541788
-541800
-541841
-541857
-541884
-541925
-541956
-541960
-541973
-541978
-541996
-542008
-542029
-542042
-542046
-542077
-542083
-542119
-542163
-542184
-542185
-542201
-542255
-542275
-542301
-542306
-542339
-542343
-542343
-542354
-542357
-542399
-542423
-542427
-542443
-542478
-542492
-542499
-542529
-542537
-542562
-542594
-542610
-542614
-542626
-542639
-542644
-542652
-542662
-542685
-542775
-542802
-542821
-542833
-542867
-542868
-542925
-542925
-543025
-543027
-543049
-543084
-543096
-543111
-543143
-543158
-543209
-543218
-543231
-543236
-543242
-543245
-543267
-543277
-543294
-543299
-543308
-543313
-543317
-543323
-543349
-543350
-543354
-543357
-543385
-543427
-543438
-543480
-543548
-543585
-543605
-543637
-543649
-543673
-543682
-543695
-543697
-543713
-543724
-543746
-543754
-543807
-543817
-543835
-543963
-543969
-543976
-543982
-544004
-544030
-544043
-544048
-544081
-544097
-544128
-544134
-544138
-544150
-544163
-544219
-544231
-544239
-544244
-544248
-544251
-544267
-544267
-544300
-544306
-544312
-544324
-544365
-544376
-544390
-544394
-544402
-544419
-544438
-544445
-544479
-544569
-544613
-544619
-544642
-544662
-544722
-544724
-544738
-544746
-544748
-544819
-544832
-544856
-544858
-544879
-544890
-544894
-544895
-544895
-544901
-544906
-544915
-544920
-544950
-544969
-544969
-545021
-545031
-545032
-545074
-545091
-545099
-545110
-545112
-545129
-545147
-545162
-545172
-545195
-545206
-545215
-545234
-545253
-545282
-545290
-545293
-545326
-545335
-545351
-545393
-545403
-545430
-545454
-545534
-545574
-545598
-545615
-545616
-545624
-545641
-545661
-545708
-545785
-545816
-545852
-545865
-545875
-545882
-545885
-545893
-545986
-545998
-546003
-546017
-546052
-546076
-546105
-546186
-546201
-546288
-546335
-546358
-546375
-546384
-546446
-546453
-546459
-546471
-546482
-546503
-546512
-546521
-546537
-546555
-546576
-546584
-546626
-546633
-546640
-546646
-546653
-546654
-546655
-546673
-546737
-546743
-546752
-546776
-546798
-546824
-546865
-546866
-546916
-546919
-546927
-546951
-547009
-547022
-547053
-547081
-547133
-547140
-547166
-547174
-547182
-547225
-547229
-547298
-547305
-547399
-547411
-547430
-547500
-547529
-547558
-547573
-547583
-547588
-547615
-547617
-547623
-547636
-547642
-547648
-547649
-547654
-547658
-547680
-547726
-547761
-547810
-547836
-547869
-547885
-547885
-547887
-547888
-547891
-547902
-547905
-547910
-547929
-547938
-547954
-547962
-547965
-547988
-548040
-548048
-548064
-548112
-548130
-548145
-548161
-548192
-548197
-548205
-548208
-548259
-548278
-548289
-548298
-548363
-548382
-548390
-548398
-548405
-548421
-548428
-548437
-548438
-548451
-548458
-548460
-548461
-548467
-548476
-548495
-548528
-548541
-548580
-548604
-548608
-548620
-548625
-548628
-548668
-548698
-548711
-548728
-548760
-548856
-548878
-548882
-548942
-548945
-548967
-548991
-549044
-549072
-549206
-549212
-549213
-549266
-549286
-549288
-549319
-549334
-549342
-549342
-549359
-549366
-549408
-549408
-549441
-549454
-549459
-549466
-549466
-549480
-549536
-549545
-549561
-549585
-549611
-549617
-549618
-549633
-549652
-549664
-549675
-549702
-549703
-549757
-549812
-549813
-549825
-549837
-549899
-549932
-549938
-550000
-550012
-550028
-550055
-550060
-550067
-550100
-550101
-550106
-550117
-550161
-550170
-550185
-550200
-550219
-550223
-550228
-550262
-550286
-550340
-550342
-550346
-550352
-550378
-550481
-550498
-550539
-550575
-550583
-550587
-550595
-550616
-550627
-550649
-550675
-550679
-550708
-550726
-550731
-550760
-550777
-550786
-550871
-550895
-550912
-550913
-550914
-550923
-550933
-550993
-551016
-551020
-551053
-551073
-551077
-551123
-551127
-551141
-551186
-551192
-551204
-551209
-551212
-551225
-551229
-551233
-551243
-551272
-551297
-551330
-551349
-551352
-551361
-551367
-551431
-551477
-551482
-551494
-551504
-551540
-551545
-551554
-551569
-551572
-551607
-551609
-551616
-551620
-551719
-551742
-551768
-551807
-551824
-551825
-551846
-551853
-551861
-551898
-551917
-551921
-551931
-551996
-551999
-552021
-552031
-552042
-552048
-552050
-552085
-552101
-552125
-552131
-552134
-552206
-552229
-552280
-552333
-552348
-552348
-552361
-552367
-552375
-552383
-552386
-552423
-552429
-552454
-552469
-552526
-552573
-552611
-552612
-552614
-552699
-552702
-552728
-552769
-552777
-552786
-552792
-552795
-552808
-552840
-552883
-552896
-552910
-552931
-552955
-552970
-553011
-553049
-553064
-553090
-553093
-553095
-553116
-553149
-553168
-553170
-553211
-553228
-553230
-553303
-553326
-553333
-553335
-553350
-553383
-553444
-553446
-553449
-553461
-553529
-553564
-553630
-553645
-553651
-553667
-553675
-553682
-553713
-553731
-553735
-553748
-553784
-553786
-553808
-553811
-553827
-553832
-553834
-553869
-553873
-553881
-553897
-553954
-553973
-553975
-554020
-554023
-554026
-554027
-554038
-554110
-554130
-554155
-554170
-554182
-554184
-554197
-554222
-554223
-554253
-554261
-554274
-554283
-554294
-554307
-554355
-554372
-554399
-554405
-554436
-554436
-554491
-554523
-554526
-554535
-554544
-554560
-554577
-554580
-554593
-554617
-554632
-554641
-554673
-554675
-554709
-554710
-554752
-554809
-554813
-554900
-554901
-554912
-554939
-554957
-554976
-554997
-555006
-555076
-555114
-555136
-555171
-555205
-555231
-555240
-555266
-555285
-555290
-555300
-555313
-555331
-555355
-555375
-555390
-555395
-555409
-555429
-555445
-555451
-555531
-555576
-555578
-555592
-555682
-555692
-555754
-555758
-555766
-555779
-555804
-555853
-555864
-555943
-555961
-555992
-556014
-556029
-556089
-556122
-556132
-556140
-556186
-556196
-556213
-556217
-556227
-556288
-556313
-556332
-556363
-556363
-556388
-556419
-556423
-556470
-556567
-556580
-556597
-556600
-556658
-556678
-556720
-556796
-556797
-556798
-556803
-556814
-556882
-556884
-556897
-556923
-556934
-556949
-556951
-556960
-556988
-556988
-556999
-557004
-557049
-557078
-557100
-557125
-557134
-557152
-557168
-557169
-557203
-557226
-557228
-557229
-557303
-557316
-557323
-557326
-557371
-557383
-557419
-557467
-557472
-557477
-557491
-557526
-557534
-557563
-557563
-557565
-557666
-557695
-557697
-557747
-557765
-557779
-557789
-557796
-557881
-557909
-557989
-558022
-558037
-558038
-558110
-558228
-558241
-558250
-558280
-558293
-558305
-558319
-558326
-558328
-558341
-558342
-558353
-558400
-558407
-558408
-558439
-558469
-558485
-558497
-558520
-558521
-558529
-558537
-558557
-558619
-558633
-558633
-558680
-558684
-558688
-558716
-558754
-558799
-558810
-558810
-558850
-558862
-558867
-558885
-558892
-558898
-558906
-558907
-558951
-558963
-559000
-559031
-559033
-559052
-559064
-559067
-559073
-559102
-559112
-559125
-559151
-559154
-559163
-559200
-559206
-559209
-559211
-559234
-559273
-559293
-559330
-559342
-559351
-559365
-559376
-559398
-559405
-559415
-559437
-559443
-559446
-559492
-559507
-559581
-559589
-559621
-559657
-559658
-559685
-559693
-559755
-559769
-559772
-559777
-559841
-559852
-559868
-559886
-559917
-559947
-559961
-559980
-559990
-560002
-560012
-560019
-560059
-560075
-560085
-560091
-560098
-560122
-560124
-560130
-560133
-560183
-560193
-560203
-560216
-560236
-560245
-560246
-560259
-560274
-560277
-560328
-560344
-560352
-560354
-560356
-560417
-560435
-560444
-560455
-560465
-560467
-560498
-560500
-560518
-560530
-560531
-560576
-560584
-560594
-560601
-560624
-560630
-560652
-560673
-560680
-560684
-560708
-560743
-560744
-560806
-560830
-560840
-560899
-560938
-560940
-560946
-560968
-560968
-560969
-561022
-561042
-561053
-561085
-561086
-561133
-561136
-561143
-561164
-561182
-561199
-561206
-561242
-561278
-561281
-561282
-561291
-561340
-561352
-561359
-561389
-561412
-561444
-561526
-561558
-561648
-561655
-561658
-561685
-561695
-561710
-561784
-561797
-561804
-561843
-561853
-561911
-561972
-561976
-562008
-562042
-562047
-562051
-562069
-562082
-562090
-562117
-562128
-562134
-562134
-562141
-562224
-562278
-562291
-562294
-562296
-562303
-562315
-562323
-562338
-562353
-562378
-562398
-562417
-562470
-562500
-562545
-562577
-562584
-562592
-562603
-562642
-562665
-562694
-562731
-562760
-562789
-562796
-562835
-562837
-562854
-562882
-562883
-562905
-562913
-562921
-562930
-562934
-562995
-563066
-563069
-563071
-563109
-563127
-563128
-563130
-563146
-563147
-563162
-563173
-563204
-563205
-563255
-563263
-563281
-563289
-563358
-563373
-563392
-563418
-563425
-563440
-563444
-563467
-563516
-563519
-563532
-563540
-563555
-563555
-563573
-563591
-563592
-563594
-563646
-563670
-563673
-563685
-563710
-563719
-563733
-563784
-563831
-563863
-563873
-563890
-563893
-563911
-563941
-563971
-563989
-564025
-564051
-564054
-564079
-564124
-564153
-564163
-564169
-564188
-564205
-564237
-564241
-564260
-564279
-564284
-564285
-564314
-564329
-564364
-564407
-564438
-564459
-564506
-564510
-564525
-564570
-564588
-564617
-564634
-564641
-564643
-564645
-564646
-564664
-564666
-564714
-564758
-564766
-564766
-564769
-564783
-564792
-564802
-564810
-564816
-564855
-564880
-564883
-564952
-564978
-564998
-565006
-565015
-565016
-565028
-565030
-565051
-565076
-565098
-565119
-565156
-565158
-565161
-565187
-565202
-565208
-565257
-565264
-565320
-565351
-565355
-565386
-565393
-565393
-565408
-565444
-565479
-565583
-565591
-565594
-565606
-565627
-565630
-565638
-565651
-565658
-565661
-565675
-565726
-565729
-565735
-565745
-565769
-565778
-565784
-565821
-565825
-565852
-565870
-565892
-565959
-566018
-566037
-566068
-566089
-566089
-566113
-566130
-566136
-566156
-566186
-566206
-566214
-566221
-566228
-566236
-566262
-566273
-566295
-566312
-566342
-566370
-566402
-566404
-566425
-566427
-566429
-566445
-566447
-566484
-566496
-566528
-566539
-566543
-566578
-566638
-566646
-566654
-566693
-566715
-566721
-566727
-566765
-566805
-566824
-566826
-566857
-566866
-566873
-566901
-566920
-566929
-566985
-566995
-567049
-567056
-567075
-567081
-567104
-567108
-567113
-567123
-567133
-567175
-567182
-567200
-567211
-567232
-567235
-567238
-567257
-567276
-567293
-567330
-567360
-567387
-567397
-567420
-567468
-567472
-567496
-567514
-567572
-567579
-567588
-567588
-567589
-567590
-567614
-567615
-567647
-567705
-567711
-567722
-567730
-567773
-567816
-567863
-567894
-567972
-567978
-568007
-568029
-568073
-568112
-568143
-568192
-568200
-568237
-568269
-568272
-568278
-568288
-568296
-568296
-568308
-568338
-568357
-568369
-568435
-568456
-568474
-568502
-568547
-568603
-568631
-568640
-568652
-568671
-568676
-568681
-568699
-568704
-568724
-568743
-568748
-568807
-568822
-568842
-568882
-568889
-568893
-568913
-568914
-568932
-568959
-569048
-569058
-569082
-569094
-569101
-569111
-569162
-569168
-569240
-569265
-569282
-569302
-569321
-569342
-569356
-569367
-569378
-569384
-569392
-569393
-569433
-569449
-569454
-569471
-569519
-569536
-569563
-569569
-569579
-569624
-569633
-569642
-569645
-569647
-569666
-569668
-569721
-569792
-569814
-569814
-569828
-569828
-569829
-569831
-569920
-569933
-570043
-570082
-570085
-570118
-570119
-570120
-570136
-570144
-570154
-570158
-570207
-570212
-570262
-570264
-570339
-570342
-570347
-570356
-570376
-570396
-570402
-570409
-570435
-570437
-570455
-570490
-570494
-570552
-570588
-570600
-570601
-570628
-570635
-570694
-570699
-570742
-570764
-570785
-570811
-570814
-570845
-570853
-570884
-570913
-570930
-570932
-570937
-570955
-571065
-571071
-571072
-571077
-571086
-571119
-571138
-571180
-571187
-571188
-571234
-571259
-571263
-571263
-571283
-571304
-571354
-571357
-571426
-571434
-571441
-571449
-571500
-571520
-571543
-571544
-571606
-571606
-571621
-571635
-571636
-571648
-571664
-571707
-571730
-571747
-571754
-571769
-571773
-571791
-571797
-571806
-571814
-571844
-571849
-571870
-571877
-571889
-571896
-571932
-571968
-571984
-571993
-572006
-572054
-572057
-572060
-572068
-572074
-572103
-572124
-572146
-572146
-572148
-572168
-572170
-572289
-572303
-572341
-572364
-572394
-572404
-572413
-572446
-572449
-572451
-572459
-572462
-572493
-572529
-572531
-572565
-572568
-572648
-572672
-572707
-572716
-572746
-572747
-572762
-572794
-572802
-572815
-572886
-572893
-572900
-572901
-572912
-572916
-572928
-572957
-572982
-573027
-573045
-573067
-573068
-573083
-573092
-573128
-573131
-573137
-573153
-573186
-573206
-573289
-573433
-573476
-573508
-573562
-573580
-573595
-573613
-573661
-573685
-573742
-573766
-573768
-573769
-573784
-573791
-573805
-573816
-573826
-573835
-573860
-573876
-573896
-573933
-573941
-573946
-573954
-573955
-573955
-573984
-574016
-574017
-574032
-574033
-574045
-574047
-574057
-574059
-574066
-574071
-574099
-574112
-574133
-574137
-574139
-574143
-574165
-574166
-574170
-574178
-574191
-574216
-574273
-574316
-574388
-574392
-574398
-574427
-574439
-574488
-574491
-574503
-574511
-574523
-574524
-574534
-574544
-574555
-574585
-574597
-574608
-574617
-574618
-574664
-574671
-574674
-574680
-574693
-574711
-574723
-574737
-574779
-574782
-574800
-574810
-574824
-574897
-574935
-574950
-574951
-574965
-574973
-575004
-575049
-575056
-575109
-575110
-575119
-575177
-575205
-575211
-575221
-575248
-575257
-575263
-575276
-575277
-575281
-575304
-575321
-575345
-575406
-575418
-575419
-575420
-575424
-575479
-575495
-575516
-575526
-575541
-575567
-575578
-575591
-575601
-575625
-575631
-575631
-575642
-575702
-575704
-575734
-575739
-575759
-575793
-575800
-575840
-575841
-575845
-575888
-575928
-575947
-575961
-575968
-575984
-576003
-576020
-576035
-576035
-576047
-576054
-576076
-576085
-576158
-576186
-576199
-576260
-576265
-576288
-576307
-576308
-576405
-576407
-576426
-576427
-576441
-576457
-576519
-576520
-576553
-576564
-576567
-576577
-576632
-576642
-576687
-576722
-576724
-576767
-576773
-576775
-576809
-576825
-576852
-576867
-576901
-576904
-576916
-576948
-576950
-576952
-576966
-576992
-576995
-577020
-577025
-577029
-577049
-577051
-577064
-577092
-577147
-577151
-577216
-577218
-577265
-577292
-577296
-577297
-577297
-577315
-577336
-577336
-577338
-577344
-577354
-577387
-577423
-577424
-577428
-577432
-577444
-577459
-577481
-577490
-577507
-577580
-577598
-577602
-577611
-577613
-577643
-577670
-577688
-577691
-577693
-577702
-577722
-577723
-577769
-577781
-577821
-577828
-577931
-577948
-577950
-577950
-577956
-577967
-577969
-577972
-578014
-578059
-578068
-578071
-578079
-578088
-578105
-578144
-578169
-578184
-578235
-578239
-578252
-578344
-578367
-578383
-578406
-578407
-578409
-578462
-578477
-578496
-578522
-578535
-578541
-578545
-578561
-578578
-578593
-578597
-578602
-578628
-578682
-578693
-578717
-578770
-578786
-578792
-578885
-578895
-578933
-578935
-578936
-578947
-578950
-578951
-578953
-578978
-578987
-579010
-579028
-579037
-579064
-579066
-579086
-579141
-579145
-579149
-579177
-579180
-579235
-579269
-579339
-579352
-579370
-579372
-579385
-579391
-579397
-579402
-579411
-579418
-579433
-579435
-579440
-579485
-579530
-579539
-579553
-579594
-579622
-579655
-579662
-579665
-579668
-579729
-579731
-579753
-579772
-579783
-579796
-579810
-579824
-579850
-579905
-579917
-579952
-579958
-579973
-579985
-580037
-580055
-580070
-580072
-580115
-580154
-580210
-580215
-580234
-580259
-580274
-580307
-580322
-580340
-580348
-580360
-580367
-580376
-580386
-580411
-580422
-580437
-580451
-580452
-580462
-580510
-580512
-580547
-580563
-580577
-580578
-580581
-580607
-580608
-580650
-580655
-580667
-580685
-580685
-580740
-580753
-580807
-580854
-580890
-580961
-580976
-581058
-581073
-581108
-581151
-581163
-581197
-581268
-581274
-581286
-581291
-581291
-581336
-581364
-581379
-581382
-581398
-581420
-581422
-581435
-581450
-581467
-581489
-581514
-581539
-581585
-581610
-581627
-581637
-581641
-581656
-581744
-581754
-581761
-581804
-581818
-581822
-581881
-581895
-581901
-581918
-581927
-581930
-581981
-581982
-582004
-582059
-582088
-582092
-582098
-582124
-582138
-582148
-582175
-582194
-582215
-582217
-582232
-582232
-582233
-582252
-582266
-582267
-582286
-582349
-582402
-582415
-582422
-582451
-582464
-582493
-582501
-582520
-582584
-582586
-582595
-582628
-582672
-582691
-582719
-582806
-582808
-582839
-582875
-582887
-582898
-582902
-582903
-582965
-582994
-583003
-583030
-583036
-583038
-583050
-583129
-583190
-583211
-583230
-583245
-583249
-583253
-583285
-583311
-583313
-583340
-583347
-583375
-583380
-583388
-583410
-583443
-583469
-583495
-583500
-583513
-583528
-583535
-583543
-583569
-583570
-583578
-583578
-583586
-583635
-583643
-583671
-583695
-583696
-583706
-583715
-583734
-583737
-583782
-583791
-583795
-583834
-583855
-583855
-583858
-583861
-583870
-583902
-583924
-583937
-583949
-583961
-583977
-583978
-583991
-583998
-584003
-584009
-584032
-584047
-584048
-584057
-584058
-584066
-584104
-584104
-584150
-584155
-584186
-584225
-584248
-584254
-584256
-584263
-584290
-584308
-584313
-584325
-584363
-584397
-584411
-584438
-584464
-584581
-584643
-584652
-584674
-584708
-584716
-584719
-584732
-584733
-584776
-584814
-584815
-584816
-584883
-584922
-584928
-584940
-584952
-584955
-584981
-584988
-585036
-585135
-585166
-585191
-585193
-585197
-585213
-585227
-585231
-585239
-585271
-585273
-585284
-585294
-585303
-585306
-585323
-585377
-585382
-585392
-585396
-585421
-585444
-585454
-585509
-585551
-585552
-585557
-585587
-585618
-585630
-585656
-585666
-585674
-585696
-585710
-585738
-585744
-585762
-585772
-585781
-585786
-585853
-585910
-585930
-585940
-585980
-586009
-586027
-586055
-586076
-586122
-586128
-586139
-586170
-586227
-586230
-586247
-586271
-586294
-586298
-586315
-586367
-586412
-586422
-586428
-586444
-586449
-586461
-586482
-586492
-586492
-586510
-586533
-586554
-586629
-586677
-586687
-586704
-586707
-586731
-586732
-586755
-586773
-586774
-586778
-586781
-586784
-586799
-586810
-586840
-586867
-586873
-586894
-586899
-586901
-586906
-586917
-586920
-586934
-586954
-586991
-587029
-587030
-587031
-587038
-587075
-587126
-587134
-587147
-587159
-587179
-587181
-587277
-587308
-587314
-587349
-587360
-587375
-587379
-587451
-587465
-587471
-587493
-587501
-587516
-587579
-587610
-587621
-587623
-587627
-587631
-587636
-587705
-587714
-587727
-587774
-587777
-587796
-587812
-587846
-587873
-587893
-587929
-587933
-587937
-587939
-587965
-587984
-588003
-588022
-588035
-588052
-588084
-588090
-588097
-588098
-588148
-588179
-588218
-588250
-588308
-588350
-588351
-588356
-588368
-588387
-588392
-588400
-588403
-588421
-588486
-588519
-588597
-588598
-588628
-588632
-588657
-588677
-588694
-588734
-588738
-588752
-588758
-588764
-588773
-588782
-588789
-588872
-588880
-588892
-588898
-588904
-588939
-588954
-588984
-589028
-589038
-589051
-589071
-589107
-589126
-589130
-589137
-589151
-589170
-589176
-589206
-589212
-589214
-589221
-589258
-589306
-589312
-589321
-589325
-589345
-589347
-589349
-589401
-589447
-589469
-589480
-589492
-589509
-589528
-589561
-589561
-589583
-589591
-589599
-589621
-589660
-589670
-589675
-589678
-589690
-589717
-589720
-589735
-589779
-589851
-589858
-589862
-589880
-589884
-589909
-589999
-590004
-590025
-590032
-590041
-590044
-590086
-590087
-590091
-590100
-590102
-590108
-590108
-590139
-590140
-590150
-590155
-590162
-590163
-590174
-590221
-590221
-590228
-590237
-590304
-590309
-590360
-590391
-590408
-590424
-590459
-590467
-590497
-590499
-590550
-590598
-590605
-590624
-590627
-590647
-590668
-590677
-590690
-590692
-590697
-590711
-590738
-590761
-590764
-590767
-590788
-590820
-590826
-590832
-590884
-590894
-590894
-590912
-591006
-591026
-591029
-591030
-591077
-591085
-591154
-591159
-591184
-591217
-591219
-591223
-591224
-591241
-591245
-591253
-591258
-591273
-591328
-591344
-591385
-591432
-591453
-591455
-591503
-591563
-591600
-591602
-591605
-591606
-591633
-591690
-591698
-591706
-591728
-591733
-591753
-591761
-591813
-591830
-591863
-591888
-591891
-591913
-591915
-591933
-591937
-591965
-591967
-591967
-592038
-592045
-592066
-592105
-592123
-592146
-592188
-592242
-592256
-592262
-592301
-592308
-592328
-592373
-592382
-592386
-592412
-592417
-592451
-592498
-592518
-592587
-592605
-592613
-592621
-592623
-592631
-592657
-592669
-592672
-592686
-592716
-592732
-592791
-592819
-592917
-592925
-592941
-592944
-592954
-592958
-592983
-593061
-593064
-593072
-593079
-593083
-593084
-593095
-593126
-593155
-593160
-593207
-593298
-593301
-593307
-593321
-593410
-593415
-593429
-593432
-593446
-593450
-593465
-593473
-593480
-593518
-593520
-593554
-593575
-593580
-593595
-593598
-593616
-593617
-593624
-593650
-593688
-593708
-593730
-593748
-593748
-593761
-593767
-593782
-593784
-593820
-593858
-593899
-593914
-593946
-593962
-594063
-594096
-594103
-594109
-594117
-594156
-594161
-594172
-594182
-594196
-594196
-594199
-594242
-594246
-594267
-594295
-594313
-594405
-594415
-594429
-594439
-594456
-594484
-594542
-594573
-594580
-594636
-594667
-594734
-594740
-594776
-594824
-594838
-594842
-594842
-594889
-594914
-594930
-594944
-594977
-595010
-595033
-595034
-595074
-595084
-595114
-595162
-595173
-595204
-595216
-595229
-595245
-595250
-595256
-595258
-595274
-595282
-595301
-595318
-595330
-595335
-595339
-595340
-595363
-595367
-595375
-595386
-595411
-595495
-595496
-595507
-595514
-595526
-595537
-595537
-595547
-595552
-595554
-595556
-595561
-595603
-595672
-595675
-595677
-595686
-595731
-595731
-595737
-595738
-595816
-595907
-595908
-595921
-595926
-595936
-595940
-595943
-595950
-595967
-595994
-596009
-596047
-596058
-596064
-596064
-596072
-596078
-596079
-596141
-596142
-596150
-596169
-596169
-596178
-596182
-596214
-596219
-596227
-596253
-596299
-596301
-596304
-596328
-596346
-596371
-596375
-596385
-596392
-596422
-596427
-596435
-596454
-596454
-596505
-596513
-596521
-596527
-596550
-596556
-596560
-596592
-596601
-596606
-596628
-596634
-596642
-596658
-596704
-596720
-596724
-596837
-596879
-596880
-596940
-596947
-596995
-597002
-597004
-597039
-597074
-597094
-597095
-597139
-597146
-597164
-597186
-597187
-597214
-597232
-597256
-597283
-597293
-597295
-597300
-597312
-597455
-597484
-597505
-597513
-597539
-597575
-597600
-597606
-597607
-597614
-597616
-597623
-597715
-597730
-597776
-597782
-597790
-597853
-597862
-597880
-597890
-597896
-597905
-597915
-597922
-598011
-598019
-598030
-598034
-598059
-598098
-598133
-598174
-598197
-598208
-598226
-598243
-598255
-598256
-598264
-598279
-598284
-598288
-598316
-598336
-598377
-598383
-598384
-598386
-598388
-598400
-598452
-598456
-598464
-598504
-598539
-598547
-598604
-598632
-598637
-598682
-598688
-598701
-598707
-598710
-598716
-598720
-598728
-598737
-598756
-598760
-598776
-598798
-598801
-598802
-598818
-598836
-598856
-598897
-598913
-598932
-598932
-598965
-598971
-598993
-598995
-599020
-599030
-599050
-599055
-599063
-599096
-599107
-599108
-599145
-599162
-599221
-599240
-599251
-599252
-599267
-599289
-599309
-599320
-599322
-599328
-599333
-599392
-599394
-599398
-599425
-599431
-599441
-599452
-599502
-599528
-599540
-599576
-599579
-599579
-599683
-599705
-599716
-599742
-599753
-599753
-599758
-599761
-599772
-599811
-599823
-599892
-599894
-599896
-599896
-599903
-599923
-599933
-599933
-599938
-600053
-600094
-600098
-600100
-600130
-600164
-600168
-600198
-600207
-600225
-600235
-600242
-600258
-600279
-600322
-600323
-600324
-600350
-600361
-600375
-600389
-600408
-600420
-600430
-600449
-600467
-600498
-600502
-600528
-600581
-600584
-600619
-600622
-600659
-600699
-600714
-600716
-600754
-600778
-600822
-600856
-600883
-600893
-600920
-600936
-600964
-600966
-600975
-601009
-601014
-601020
-601056
-601057
-601084
-601097
-601108
-601128
-601134
-601153
-601193
-601224
-601239
-601248
-601250
-601252
-601260
-601263
-601271
-601285
-601299
-601300
-601302
-601326
-601353
-601363
-601385
-601395
-601409
-601423
-601426
-601522
-601522
-601555
-601558
-601563
-601576
-601601
-601615
-601622
-601623
-601623
-601649
-601685
-601714
-601764
-601801
-601849
-601868
-601872
-601892
-601944
-601974
-601999
-602010
-602015
-602033
-602043
-602093
-602118
-602126
-602202
-602213
-602219
-602233
-602256
-602260
-602276
-602289
-602316
-602357
-602363
-602388
-602420
-602444
-602485
-602485
-602499
-602508
-602512
-602529
-602536
-602539
-602557
-602572
-602573
-602588
-602596
-602627
-602646
-602664
-602706
-602714
-602752
-602753
-602763
-602779
-602807
-602814
-602928
-602932
-602964
-602985
-603004
-603052
-603118
-603124
-603154
-603156
-603196
-603200
-603285
-603303
-603312
-603314
-603380
-603386
-603404
-603417
-603440
-603466
-603479
-603512
-603525
-603547
-603580
-603586
-603593
-603630
-603632
-603639
-603640
-603649
-603698
-603706
-603723
-603727
-603758
-603803
-603833
-603833
-603859
-603871
-603894
-603897
-603905
-603940
-603972
-603979
-603986
-603987
-604050
-604077
-604084
-604101
-604103
-604119
-604153
-604162
-604178
-604201
-604216
-604221
-604259
-604263
-604297
-604327
-604334
-604338
-604338
-604387
-604416
-604423
-604434
-604446
-604451
-604470
-604472
-604505
-604518
-604521
-604528
-604559
-604564
-604564
-604603
-604618
-604634
-604639
-604649
-604650
-604661
-604678
-604713
-604740
-604783
-604816
-604839
-604853
-604856
-604862
-604885
-604894
-604918
-604920
-604993
-605012
-605019
-605028
-605030
-605060
-605070
-605106
-605139
-605149
-605164
-605172
-605178
-605195
-605215
-605216
-605225
-605299
-605338
-605348
-605358
-605529
-605606
-605606
-605644
-605691
-605712
-605762
-605789
-605795
-605798
-605826
-605838
-605850
-605851
-605853
-605918
-605919
-605954
-605957
-605969
-606014
-606022
-606068
-606073
-606133
-606185
-606199
-606204
-606256
-606281
-606289
-606304
-606341
-606342
-606368
-606385
-606427
-606429
-606451
-606451
-606461
-606495
-606522
-606526
-606556
-606581
-606599
-606602
-606618
-606676
-606676
-606723
-606730
-606734
-606784
-606794
-606832
-606859
-606910
-606912
-606917
-606925
-606941
-606946
-606948
-607000
-607002
-607005
-607024
-607077
-607106
-607152
-607181
-607277
-607339
-607353
-607365
-607368
-607372
-607432
-607461
-607504
-607510
-607511
-607545
-607564
-607608
-607612
-607613
-607655
-607662
-607742
-607752
-607764
-607800
-607823
-607837
-607860
-607872
-607894
-607922
-607932
-607942
-607987
-607988
-607990
-608043
-608059
-608059
-608145
-608156
-608183
-608201
-608203
-608223
-608225
-608232
-608250
-608369
-608378
-608383
-608403
-608413
-608437
-608441
-608460
-608471
-608497
-608509
-608591
-608645
-608646
-608661
-608675
-608679
-608686
-608720
-608732
-608746
-608781
-608787
-608798
-608822
-608824
-608827
-608844
-608877
-608887
-608902
-608916
-608927
-608945
-608964
-608969
-608989
-609006
-609017
-609024
-609044
-609055
-609064
-609068
-609082
-609106
-609151
-609200
-609218
-609224
-609242
-609250
-609252
-609297
-609303
-609307
-609310
-609322
-609347
-609367
-609436
-609461
-609485
-609491
-609491
-609565
-609571
-609571
-609603
-609623
-609647
-609681
-609682
-609697
-609728
-609736
-609738
-609746
-609749
-609760
-609768
-609801
-609839
-609865
-609892
-609911
-609941
-609951
-609992
-610040
-610042
-610072
-610075
-610078
-610079
-610104
-610117
-610171
-610186
-610190
-610208
-610220
-610244
-610250
-610256
-610336
-610364
-610375
-610386
-610409
-610414
-610501
-610626
-610626
-610643
-610686
-610714
-610738
-610764
-610774
-610815
-610865
-610916
-610922
-610940
-610943
-610947
-610948
-611002
-611007
-611008
-611030
-611070
-611092
-611113
-611121
-611136
-611139
-611150
-611151
-611173
-611192
-611205
-611229
-611256
-611284
-611300
-611316
-611376
-611394
-611421
-611428
-611438
-611492
-611502
-611509
-611514
-611541
-611563
-611567
-611584
-611590
-611622
-611627
-611696
-611711
-611723
-611724
-611774
-611777
-611808
-611809
-611833
-611848
-611882
-611884
-611909
-611928
-611941
-611951
-611966
-611967
-611981
-612007
-612025
-612049
-612134
-612140
-612179
-612208
-612241
-612246
-612290
-612311
-612334
-612346
-612385
-612445
-612467
-612532
-612537
-612544
-612566
-612583
-612593
-612599
-612602
-612613
-612620
-612638
-612674
-612680
-612682
-612686
-612699
-612730
-612734
-612746
-612751
-612753
-612824
-612834
-612852
-612857
-612870
-612887
-612906
-613027
-613060
-613068
-613109
-613195
-613195
-613216
-613237
-613240
-613267
-613272
-613295
-613333
-613344
-613362
-613371
-613402
-613403
-613438
-613468
-613494
-613524
-613539
-613539
-613545
-613596
-613614
-613623
-613669
-613702
-613764
-613815
-613819
-613831
-613838
-613845
-613853
-613892
-613914
-613931
-613951
-613954
-613954
-613962
-613983
-614026
-614029
-614031
-614038
-614065
-614081
-614108
-614151
-614173
-614195
-614235
-614384
-614403
-614422
-614423
-614438
-614439
-614465
-614474
-614480
-614484
-614529
-614554
-614559
-614564
-614588
-614592
-614600
-614625
-614649
-614650
-614658
-614676
-614710
-614720
-614729
-614748
-614766
-614781
-614808
-614824
-614826
-614883
-614897
-614924
-614925
-614931
-614933
-614947
-614964
-614972
-614980
-614982
-615027
-615049
-615050
-615079
-615096
-615115
-615139
-615174
-615184
-615226
-615261
-615262
-615276
-615292
-615293
-615352
-615406
-615413
-615423
-615441
-615459
-615473
-615474
-615479
-615485
-615515
-615528
-615555
-615585
-615647
-615661
-615663
-615686
-615691
-615713
-615752
-615759
-615767
-615801
-615806
-615849
-615885
-615920
-615921
-615943
-615948
-615971
-615985
-615997
-616013
-616044
-616046
-616059
-616069
-616166
-616187
-616191
-616206
-616210
-616218
-616225
-616237
-616268
-616285
-616295
-616295
-616324
-616327
-616335
-616351
-616376
-616377
-616424
-616429
-616434
-616444
-616449
-616466
-616507
-616514
-616521
-616547
-616606
-616671
-616680
-616804
-616807
-616812
-616841
-616862
-616873
-616922
-616938
-616991
-617000
-617009
-617020
-617044
-617063
-617089
-617162
-617193
-617197
-617232
-617243
-617251
-617280
-617299
-617328
-617330
-617334
-617339
-617348
-617349
-617374
-617381
-617399
-617416
-617436
-617450
-617491
-617494
-617505
-617519
-617528
-617543
-617543
-617576
-617594
-617644
-617665
-617682
-617689
-617696
-617704
-617720
-617741
-617743
-617751
-617758
-617787
-617807
-617841
-617842
-617862
-617872
-617909
-617917
-617931
-617990
-618002
-618002
-618010
-618017
-618018
-618037
-618040
-618094
-618102
-618104
-618129
-618146
-618196
-618201
-618233
-618274
-618275
-618338
-618383
-618387
-618393
-618409
-618417
-618466
-618510
-618516
-618540
-618566
-618594
-618602
-618646
-618705
-618707
-618714
-618745
-618771
-618801
-618806
-618840
-618863
-618865
-618939
-618955
-618983
-618994
-619003
-619038
-619041
-619043
-619076
-619101
-619109
-619137
-619154
-619191
-619191
-619199
-619208
-619210
-619220
-619228
-619250
-619257
-619283
-619300
-619340
-619353
-619387
-619424
-619466
-619505
-619518
-619519
-619581
-619582
-619589
-619607
-619618
-619626
-619626
-619628
-619643
-619741
-619745
-619782
-619810
-619820
-619820
-619833
-619834
-619893
-619895
-619898
-619919
-619921
-619946
-619949
-619957
-619981
-620021
-620039
-620088
-620101
-620127
-620150
-620166
-620177
-620182
-620201
-620218
-620225
-620230
-620245
-620251
-620257
-620274
-620280
-620404
-620433
-620448
-620484
-620484
-620485
-620492
-620530
-620538
-620540
-620547
-620549
-620679
-620702
-620703
-620706
-620720
-620729
-620757
-620791
-620837
-620850
-620857
-620899
-620907
-620908
-620934
-620942
-620976
-620992
-621012
-621025
-621079
-621100
-621108
-621121
-621203
-621211
-621220
-621247
-621264
-621268
-621284
-621297
-621298
-621313
-621319
-621320
-621332
-621343
-621493
-621494
-621496
-621528
-621529
-621588
-621613
-621625
-621630
-621675
-621694
-621712
-621719
-621732
-621773
-621788
-621788
-621815
-621838
-621864
-621895
-621913
-621945
-621997
-621999
-622000
-622031
-622044
-622072
-622124
-622130
-622132
-622150
-622178
-622188
-622234
-622254
-622258
-622269
-622271
-622274
-622282
-622306
-622306
-622324
-622337
-622372
-622413
-622418
-622419
-622445
-622469
-622477
-622521
-622530
-622545
-622545
-622575
-622597
-622607
-622683
-622686
-622696
-622737
-622765
-622769
-622773
-622780
-622789
-622807
-622838
-622847
-622852
-622873
-622891
-622925
-622933
-622963
-622963
-622982
-623020
-623025
-623028
-623028
-623086
-623109
-623114
-623126
-623185
-623196
-623206
-623224
-623260
-623322
-623335
-623373
-623383
-623393
-623431
-623444
-623488
-623494
-623504
-623586
-623638
-623713
-623717
-623723
-623749
-623761
-623767
-623789
-623806
-623820
-623843
-623849
-623923
-623944
-623966
-623998
-624014
-624022
-624032
-624042
-624070
-624075
-624081
-624117
-624247
-624317
-624342
-624345
-624375
-624383
-624393
-624395
-624462
-624478
-624484
-624486
-624489
-624491
-624494
-624539
-624569
-624593
-624607
-624615
-624624
-624625
-624655
-624655
-624677
-624688
-624689
-624690
-624695
-624707
-624714
-624722
-624741
-624746
-624768
-624782
-624796
-624799
-624800
-624954
-624969
-625043
-625105
-625156
-625157
-625172
-625190
-625198
-625203
-625248
-625270
-625314
-625316
-625320
-625326
-625366
-625450
-625454
-625457
-625462
-625506
-625506
-625518
-625570
-625572
-625607
-625644
-625645
-625679
-625684
-625698
-625701
-625708
-625723
-625727
-625736
-625737
-625744
-625756
-625758
-625759
-625771
-625775
-625782
-625831
-625834
-625929
-625955
-625983
-626188
-626208
-626227
-626270
-626272
-626298
-626316
-626345
-626434
-626470
-626489
-626495
-626496
-626497
-626504
-626508
-626522
-626544
-626578
-626610
-626611
-626614
-626622
-626676
-626684
-626692
-626695
-626695
-626705
-626711
-626715
-626756
-626757
-626772
-626778
-626800
-626817
-626817
-626843
-626870
-626877
-626886
-626928
-626946
-626980
-626980
-627028
-627070
-627082
-627092
-627111
-627173
-627174
-627217
-627223
-627253
-627260
-627294
-627307
-627312
-627324
-627325
-627325
-627332
-627338
-627378
-627431
-627506
-627514
-627526
-627526
-627527
-627535
-627545
-627548
-627589
-627589
-627601
-627601
-627610
-627623
-627686
-627690
-627714
-627734
-627754
-627780
-627786
-627794
-627858
-627950
-627971
-627975
-627980
-628011
-628018
-628024
-628028
-628048
-628059
-628068
-628088
-628092
-628104
-628110
-628123
-628138
-628172
-628188
-628189
-628215
-628221
-628230
-628270
-628281
-628395
-628405
-628472
-628474
-628476
-628483
-628500
-628536
-628541
-628636
-628670
-628689
-628733
-628771
-628786
-628807
-628824
-628881
-628936
-628946
-628948
-628949
-628955
-628960
-628965
-628981
-628984
-629055
-629081
-629099
-629150
-629179
-629191
-629214
-629239
-629265
-629270
-629271
-629276
-629284
-629313
-629338
-629383
-629394
-629399
-629435
-629451
-629467
-629469
-629475
-629479
-629551
-629554
-629607
-629634
-629657
-629687
-629687
-629704
-629721
-629725
-629728
-629732
-629743
-629772
-629777
-629783
-629804
-629823
-629845
-629846
-629848
-629859
-629868
-629886
-629976
-629994
-629997
-630033
-630047
-630102
-630120
-630126
-630127
-630145
-630148
-630153
-630154
-630175
-630182
-630185
-630218
-630258
-630278
-630298
-630316
-630324
-630333
-630337
-630352
-630443
-630463
-630468
-630516
-630551
-630582
-630589
-630611
-630628
-630654
-630679
-630683
-630690
-630694
-630734
-630740
-630818
-630883
-630891
-630927
-630929
-630971
-630985
-630996
-630997
-631011
-631018
-631052
-631125
-631126
-631141
-631180
-631215
-631218
-631233
-631262
-631277
-631289
-631370
-631396
-631404
-631409
-631411
-631436
-631470
-631472
-631500
-631515
-631522
-631550
-631568
-631574
-631578
-631594
-631607
-631607
-631628
-631633
-631656
-631674
-631711
-631721
-631729
-631736
-631748
-631757
-631774
-631794
-631804
-631823
-631847
-631847
-631856
-631891
-631900
-631904
-631997
-632017
-632033
-632043
-632070
-632073
-632089
-632089
-632095
-632120
-632127
-632129
-632150
-632166
-632188
-632188
-632232
-632258
-632263
-632320
-632362
-632377
-632379
-632384
-632436
-632556
-632586
-632638
-632650
-632711
-632737
-632757
-632798
-632812
-632822
-632826
-632841
-632852
-632859
-632866
-632897
-632897
-632898
-632901
-632905
-633014
-633062
-633067
-633075
-633080
-633098
-633109
-633157
-633159
-633200
-633206
-633290
-633321
-633352
-633370
-633403
-633415
-633416
-633424
-633424
-633426
-633446
-633446
-633483
-633487
-633521
-633574
-633608
-633637
-633656
-633658
-633681
-633696
-633741
-633758
-633782
-633798
-633844
-633854
-633873
-633877
-633888
-633907
-633934
-633940
-633999
-634003
-634031
-634044
-634058
-634070
-634101
-634111
-634148
-634155
-634166
-634209
-634222
-634245
-634250
-634259
-634282
-634345
-634371
-634414
-634450
-634470
-634473
-634497
-634498
-634506
-634513
-634514
-634553
-634554
-634569
-634573
-634641
-634646
-634651
-634656
-634661
-634715
-634717
-634764
-634772
-634795
-634849
-634852
-634864
-634870
-634887
-634892
-634908
-634944
-634979
-634997
-635033
-635061
-635068
-635091
-635151
-635159
-635171
-635219
-635226
-635240
-635241
-635250
-635314
-635336
-635338
-635354
-635363
-635373
-635409
-635429
-635447
-635462
-635463
-635486
-635521
-635537
-635549
-635554
-635601
-635611
-635635
-635643
-635648
-635686
-635687
-635751
-635796
-635861
-635891
-635898
-635902
-635920
-635921
-635935
-635935
-635937
-635961
-635967
-635967
-635973
-635981
-635988
-636005
-636044
-636053
-636057
-636099
-636106
-636114
-636120
-636131
-636240
-636275
-636330
-636364
-636375
-636407
-636446
-636448
-636462
-636466
-636474
-636477
-636483
-636486
-636497
-636526
-636539
-636565
-636578
-636624
-636631
-636652
-636656
-636674
-636677
-636685
-636688
-636698
-636727
-636741
-636743
-636749
-636752
-636776
-636803
-636827
-636846
-636857
-636900
-636910
-636915
-636986
-636993
-636997
-637009
-637016
-637027
-637033
-637043
-637052
-637064
-637093
-637240
-637273
-637353
-637377
-637451
-637496
-637500
-637504
-637509
-637526
-637531
-637624
-637651
-637666
-637673
-637674
-637755
-637780
-637799
-637814
-637819
-637844
-637854
-637872
-637907
-637927
-637935
-637938
-637944
-637954
-637996
-638023
-638029
-638034
-638073
-638089
-638107
-638113
-638115
-638115
-638119
-638163
-638174
-638205
-638294
-638309
-638317
-638370
-638412
-638422
-638426
-638445
-638445
-638476
-638496
-638516
-638517
-638544
-638557
-638561
-638576
-638600
-638606
-638649
-638664
-638672
-638676
-638677
-638688
-638694
-638726
-638766
-638770
-638774
-638801
-638822
-638850
-638863
-638883
-638889
-638914
-638953
-638979
-638996
-639002
-639032
-639067
-639089
-639112
-639119
-639133
-639162
-639168
-639193
-639204
-639210
-639214
-639215
-639218
-639223
-639237
-639239
-639292
-639305
-639312
-639328
-639353
-639354
-639358
-639363
-639375
-639380
-639409
-639435
-639459
-639468
-639471
-639490
-639500
-639542
-639566
-639573
-639587
-639605
-639629
-639647
-639647
-639676
-639686
-639704
-639727
-639765
-639803
-639824
-639826
-639833
-639851
-639879
-639886
-639922
-639925
-639931
-639935
-639979
-639991
-640015
-640016
-640035
-640055
-640072
-640109
-640164
-640164
-640191
-640218
-640290
-640376
-640391
-640393
-640397
-640431
-640455
-640476
-640481
-640492
-640514
-640521
-640555
-640556
-640569
-640595
-640604
-640642
-640645
-640656
-640718
-640737
-640744
-640809
-640816
-640844
-640926
-640939
-641055
-641089
-641095
-641133
-641135
-641137
-641174
-641207
-641210
-641282
-641287
-641299
-641333
-641336
-641358
-641363
-641378
-641398
-641403
-641416
-641438
-641461
-641485
-641487
-641488
-641490
-641492
-641498
-641511
-641534
-641545
-641559
-641561
-641580
-641636
-641638
-641654
-641657
-641666
-641675
-641685
-641697
-641724
-641754
-641755
-641851
-641856
-641937
-641959
-641961
-641963
-641967
-641971
-641972
-641981
-641989
-641997
-642024
-642050
-642052
-642059
-642085
-642099
-642110
-642152
-642210
-642213
-642244
-642259
-642283
-642288
-642308
-642324
-642341
-642341
-642347
-642357
-642431
-642447
-642534
-642576
-642577
-642583
-642593
-642597
-642602
-642636
-642671
-642682
-642693
-642704
-642713
-642714
-642723
-642866
-642869
-642925
-642942
-642971
-642980
-642998
-643050
-643133
-643178
-643183
-643256
-643268
-643298
-643302
-643329
-643362
-643385
-643405
-643411
-643422
-643445
-643467
-643470
-643495
-643497
-643517
-643538
-643606
-643607
-643611
-643616
-643620
-643697
-643698
-643699
-643701
-643730
-643745
-643763
-643779
-643788
-643804
-643816
-643816
-643817
-643844
-643845
-643848
-643861
-643873
-643886
-643910
-643926
-643928
-643943
-643958
-643974
-644015
-644015
-644024
-644025
-644044
-644090
-644122
-644149
-644150
-644175
-644196
-644204
-644231
-644255
-644289
-644289
-644305
-644323
-644337
-644398
-644457
-644467
-644502
-644545
-644557
-644560
-644571
-644582
-644625
-644636
-644642
-644682
-644687
-644697
-644733
-644761
-644767
-644802
-644855
-644897
-644899
-644905
-644938
-644967
-644993
-644993
-645024
-645048
-645055
-645062
-645078
-645083
-645101
-645107
-645149
-645156
-645160
-645170
-645182
-645201
-645238
-645269
-645274
-645328
-645336
-645362
-645364
-645374
-645402
-645409
-645422
-645459
-645463
-645466
-645482
-645525
-645577
-645595
-645596
-645608
-645619
-645623
-645636
-645642
-645649
-645664
-645677
-645686
-645690
-645707
-645719
-645721
-645732
-645737
-645790
-645804
-645842
-645878
-645881
-645921
-645934
-645955
-645957
-646001
-646005
-646030
-646031
-646031
-646084
-646085
-646095
-646102
-646114
-646143
-646145
-646176
-646205
-646251
-646252
-646299
-646338
-646344
-646349
-646383
-646394
-646400
-646420
-646431
-646435
-646440
-646466
-646504
-646511
-646515
-646520
-646552
-646590
-646618
-646630
-646654
-646668
-646688
-646698
-646746
-646783
-646788
-646831
-646867
-646879
-646940
-646969
-646972
-646978
-646985
-646989
-646998
-647003
-647013
-647037
-647037
-647087
-647091
-647102
-647142
-647214
-647303
-647337
-647341
-647359
-647386
-647450
-647490
-647495
-647495
-647514
-647530
-647540
-647566
-647570
-647573
-647634
-647658
-647731
-647752
-647808
-647812
-647816
-647817
-647824
-647855
-647889
-647918
-647922
-647930
-647941
-647945
-647964
-648018
-648089
-648098
-648117
-648133
-648137
-648144
-648162
-648169
-648185
-648190
-648249
-648253
-648262
-648300
-648300
-648308
-648308
-648312
-648320
-648345
-648359
-648361
-648402
-648423
-648454
-648482
-648486
-648496
-648509
-648512
-648515
-648543
-648596
-648604
-648606
-648608
-648633
-648643
-648733
-648803
-648824
-648864
-648885
-648898
-648911
-649008
-649070
-649095
-649127
-649155
-649164
-649211
-649248
-649257
-649260
-649312
-649319
-649338
-649345
-649350
-649368
-649376
-649403
-649420
-649445
-649449
-649452
-649480
-649544
-649630
-649634
-649651
-649664
-649684
-649694
-649710
-649715
-649715
-649728
-649772
-649790
-649801
-649819
-649828
-649830
-649866
-649876
-649916
-649933
-649938
-649972
-649975
-649976
-650005
-650027
-650032
-650051
-650064
-650070
-650078
-650091
-650091
-650148
-650193
-650207
-650224
-650236
-650238
-650244
-650251
-650274
-650294
-650350
-650376
-650376
-650394
-650406
-650409
-650420
-650452
-650483
-650487
-650488
-650495
-650509
-650511
-650514
-650516
-650525
-650535
-650538
-650543
-650598
-650661
-650668
-650684
-650710
-650714
-650809
-650814
-650849
-650909
-650936
-650939
-650958
-651014
-651034
-651049
-651050
-651050
-651058
-651081
-651097
-651105
-651116
-651165
-651188
-651194
-651216
-651244
-651251
-651253
-651262
-651270
-651298
-651329
-651333
-651364
-651374
-651387
-651408
-651413
-651423
-651426
-651435
-651444
-651496
-651522
-651533
-651555
-651594
-651595
-651599
-651610
-651616
-651629
-651636
-651660
-651667
-651739
-651768
-651775
-651781
-651797
-651803
-651818
-651885
-651894
-651907
-651907
-651932
-651950
-651974
-651975
-651981
-651995
-652033
-652045
-652046
-652046
-652132
-652141
-652175
-652181
-652187
-652197
-652200
-652242
-652253
-652269
-652277
-652283
-652299
-652303
-652308
-652315
-652318
-652331
-652384
-652423
-652449
-652484
-652489
-652491
-652493
-652512
-652560
-652564
-652617
-652625
-652647
-652656
-652704
-652748
-652758
-652775
-652798
-652812
-652831
-652839
-652872
-652876
-652927
-652934
-652979
-652992
-653006
-653034
-653050
-653092
-653124
-653138
-653140
-653144
-653192
-653199
-653201
-653207
-653221
-653228
-653230
-653268
-653286
-653327
-653330
-653346
-653365
-653378
-653397
-653435
-653469
-653497
-653498
-653517
-653548
-653554
-653579
-653588
-653593
-653609
-653614
-653636
-653657
-653665
-653670
-653703
-653712
-653721
-653724
-653730
-653739
-653747
-653754
-653758
-653820
-653825
-653847
-653889
-653932
-653950
-653953
-653967
-653973
-654003
-654027
-654061
-654089
-654096
-654099
-654132
-654171
-654182
-654201
-654207
-654209
-654236
-654249
-654298
-654303
-654323
-654344
-654364
-654366
-654401
-654406
-654444
-654494
-654501
-654501
-654503
-654591
-654647
-654649
-654676
-654704
-654705
-654718
-654754
-654755
-654774
-654788
-654806
-654816
-654841
-654855
-654906
-654975
-654994
-655009
-655031
-655039
-655053
-655067
-655137
-655209
-655210
-655242
-655256
-655258
-655269
-655294
-655321
-655324
-655357
-655368
-655389
-655393
-655403
-655416
-655451
-655496
-655536
-655541
-655546
-655554
-655558
-655571
-655582
-655584
-655586
-655598
-655628
-655633
-655640
-655644
-655676
-655687
-655766
-655768
-655823
-655827
-655853
-655860
-655892
-655908
-655924
-655955
-655962
-655978
-655999
-656022
-656040
-656063
-656105
-656113
-656207
-656254
-656286
-656298
-656315
-656353
-656372
-656397
-656458
-656459
-656505
-656506
-656531
-656545
-656575
-656621
-656628
-656641
-656656
-656659
-656680
-656741
-656769
-656785
-656793
-656797
-656836
-656839
-656846
-656850
-656863
-656866
-656869
-656880
-656883
-656886
-656889
-656906
-656914
-656939
-656944
-656959
-657041
-657062
-657136
-657138
-657174
-657176
-657189
-657284
-657298
-657312
-657319
-657331
-657344
-657357
-657358
-657389
-657394
-657468
-657471
-657478
-657505
-657508
-657543
-657583
-657674
-657677
-657682
-657687
-657699
-657753
-657797
-657808
-657827
-657850
-657863
-657876
-657879
-657913
-657933
-657935
-657944
-657948
-657971
-657972
-658023
-658027
-658063
-658068
-658081
-658085
-658098
-658102
-658115
-658123
-658135
-658154
-658179
-658220
-658243
-658286
-658318
-658325
-658397
-658415
-658452
-658473
-658482
-658535
-658580
-658587
-658626
-658687
-658706
-658714
-658718
-658740
-658762
-658766
-658800
-658838
-658932
-658943
-659000
-659001
-659022
-659047
-659048
-659057
-659057
-659060
-659092
-659107
-659112
-659123
-659223
-659228
-659234
-659242
-659244
-659258
-659291
-659330
-659337
-659404
-659410
-659441
-659448
-659453
-659460
-659502
-659571
-659682
-659685
-659691
-659707
-659766
-659779
-659790
-659807
-659862
-659881
-659883
-659945
-659948
-659959
-659995
-660004
-660060
-660066
-660103
-660156
-660169
-660193
-660214
-660222
-660223
-660227
-660230
-660233
-660315
-660340
-660352
-660353
-660363
-660418
-660432
-660434
-660485
-660515
-660536
-660540
-660615
-660636
-660649
-660661
-660694
-660744
-660775
-660776
-660847
-660876
-660892
-660911
-660930
-660943
-660950
-660999
-661000
-661006
-661029
-661036
-661123
-661125
-661136
-661142
-661145
-661147
-661157
-661165
-661166
-661178
-661207
-661240
-661266
-661279
-661327
-661368
-661371
-661373
-661382
-661411
-661424
-661429
-661437
-661438
-661457
-661463
-661470
-661528
-661545
-661558
-661628
-661642
-661645
-661660
-661661
-661665
-661665
-661680
-661683
-661710
-661710
-661726
-661751
-661751
-661783
-661823
-661830
-661850
-661872
-661876
-661896
-661968
-662052
-662142
-662165
-662171
-662203
-662206
-662220
-662283
-662297
-662301
-662337
-662339
-662342
-662352
-662390
-662400
-662413
-662435
-662462
-662505
-662526
-662527
-662605
-662612
-662638
-662654
-662658
-662670
-662673
-662681
-662689
-662700
-662716
-662717
-662748
-662748
-662789
-662791
-662814
-662825
-662852
-662871
-662928
-662941
-662948
-663036
-663053
-663059
-663099
-663112
-663142
-663178
-663190
-663211
-663219
-663223
-663242
-663261
-663280
-663295
-663316
-663385
-663390
-663392
-663398
-663433
-663480
-663507
-663524
-663554
-663590
-663593
-663607
-663612
-663626
-663683
-663687
-663701
-663711
-663734
-663737
-663750
-663779
-663782
-663839
-663847
-663862
-663933
-663940
-663951
-663955
-663996
-664016
-664016
-664023
-664038
-664049
-664074
-664080
-664084
-664129
-664140
-664148
-664162
-664171
-664199
-664204
-664205
-664215
-664253
-664281
-664289
-664298
-664298
-664334
-664344
-664383
-664410
-664411
-664441
-664522
-664527
-664545
-664563
-664565
-664571
-664573
-664598
-664601
-664620
-664622
-664653
-664659
-664661
-664683
-664763
-664798
-664799
-664841
-664871
-664871
-664873
-664887
-664897
-664917
-664930
-664935
-664959
-665014
-665037
-665040
-665053
-665071
-665080
-665243
-665247
-665307
-665369
-665487
-665492
-665506
-665511
-665538
-665568
-665600
-665602
-665604
-665605
-665612
-665649
-665684
-665697
-665701
-665751
-665926
-665934
-665936
-665956
-665965
-665976
-666036
-666037
-666115
-666140
-666172
-666178
-666226
-666233
-666255
-666287
-666309
-666379
-666379
-666391
-666399
-666437
-666443
-666446
-666450
-666466
-666489
-666551
-666556
-666587
-666592
-666604
-666616
-666636
-666668
-666685
-666710
-666729
-666733
-666750
-666786
-666786
-666826
-666837
-666847
-666860
-666863
-666864
-666870
-666901
-666905
-666941
-666948
-666952
-666955
-666963
-666982
-666991
-667005
-667041
-667046
-667072
-667100
-667109
-667115
-667171
-667235
-667238
-667239
-667247
-667268
-667277
-667287
-667305
-667324
-667342
-667365
-667391
-667453
-667469
-667528
-667584
-667613
-667660
-667699
-667707
-667718
-667746
-667752
-667753
-667805
-667843
-667893
-667912
-667931
-667955
-667960
-668025
-668043
-668052
-668054
-668071
-668091
-668151
-668182
-668183
-668183
-668204
-668230
-668233
-668245
-668251
-668261
-668297
-668323
-668325
-668365
-668436
-668440
-668457
-668465
-668481
-668485
-668515
-668539
-668564
-668595
-668598
-668622
-668642
-668691
-668717
-668734
-668757
-668769
-668777
-668803
-668809
-668811
-668833
-668864
-668867
-668868
-668910
-668970
-668993
-668998
-669007
-669024
-669059
-669060
-669123
-669133
-669146
-669165
-669165
-669202
-669223
-669224
-669268
-669285
-669305
-669315
-669317
-669340
-669398
-669442
-669448
-669473
-669485
-669489
-669500
-669523
-669544
-669564
-669586
-669613
-669631
-669641
-669642
-669651
-669668
-669669
-669691
-669699
-669701
-669727
-669773
-669797
-669825
-669842
-669851
-669873
-669902
-669937
-669993
-669997
-670036
-670057
-670068
-670076
-670088
-670110
-670122
-670177
-670180
-670191
-670240
-670294
-670298
-670321
-670333
-670343
-670415
-670432
-670486
-670517
-670520
-670547
-670574
-670607
-670638
-670641
-670678
-670687
-670691
-670704
-670710
-670713
-670786
-670795
-670817
-670821
-670827
-670841
-670898
-670923
-670926
-670944
-670946
-670982
-670997
-671012
-671021
-671055
-671065
-671090
-671097
-671108
-671139
-671179
-671218
-671236
-671249
-671256
-671262
-671276
-671278
-671307
-671327
-671348
-671381
-671409
-671450
-671470
-671490
-671505
-671514
-671519
-671632
-671657
-671684
-671704
-671749
-671768
-671825
-671830
-671836
-671839
-671846
-671860
-671876
-671898
-671903
-671927
-671939
-671946
-672039
-672042
-672082
-672117
-672132
-672145
-672192
-672209
-672328
-672338
-672363
-672416
-672504
-672513
-672516
-672522
-672540
-672555
-672570
-672636
-672714
-672725
-672729
-672763
-672769
-672835
-672844
-672863
-672884
-672886
-672916
-672932
-672952
-672955
-672976
-672997
-673001
-673007
-673093
-673096
-673099
-673124
-673129
-673132
-673165
-673182
-673209
-673212
-673237
-673239
-673293
-673332
-673391
-673404
-673446
-673452
-673458
-673471
-673485
-673495
-673499
-673523
-673533
-673548
-673550
-673574
-673588
-673591
-673597
-673616
-673641
-673677
-673684
-673697
-673709
-673714
-673746
-673769
-673771
-673794
-673816
-673830
-673833
-673838
-673853
-673870
-673874
-673907
-673919
-673980
-674003
-674022
-674035
-674046
-674067
-674076
-674076
-674089
-674105
-674163
-674171
-674180
-674185
-674206
-674214
-674261
-674271
-674280
-674292
-674322
-674330
-674344
-674353
-674358
-674371
-674395
-674414
-674441
-674471
-674473
-674509
-674525
-674567
-674574
-674583
-674586
-674595
-674611
-674634
-674640
-674688
-674727
-674730
-674735
-674739
-674785
-674790
-674804
-674816
-674825
-674852
-674891
-674931
-674934
-674939
-675022
-675026
-675043
-675076
-675118
-675121
-675165
-675169
-675178
-675179
-675190
-675192
-675195
-675218
-675232
-675233
-675250
-675252
-675265
-675308
-675323
-675330
-675384
-675425
-675498
-675530
-675560
-675567
-675567
-675572
-675592
-675603
-675604
-675621
-675684
-675686
-675759
-675782
-675782
-675789
-675795
-675811
-675816
-675834
-675961
-675968
-676011
-676018
-676020
-676042
-676081
-676084
-676142
-676166
-676182
-676190
-676214
-676224
-676245
-676271
-676295
-676339
-676355
-676361
-676365
-676366
-676374
-676430
-676437
-676443
-676452
-676462
-676512
-676515
-676528
-676540
-676554
-676558
-676575
-676583
-676586
-676591
-676609
-676624
-676658
-676665
-676677
-676688
-676692
-676693
-676721
-676770
-676775
-676802
-676832
-676833
-676856
-676877
-676878
-676883
-676884
-676888
-676907
-676973
-676976
-676989
-676990
-677048
-677064
-677073
-677077
-677125
-677151
-677151
-677172
-677182
-677239
-677277
-677281
-677282
-677298
-677309
-677327
-677351
-677354
-677359
-677442
-677505
-677524
-677542
-677570
-677582
-677590
-677615
-677620
-677672
-677687
-677694
-677739
-677741
-677745
-677767
-677790
-677816
-677818
-677844
-677859
-677873
-677901
-677916
-677928
-677931
-677935
-677941
-677967
-677995
-678023
-678025
-678026
-678046
-678085
-678107
-678130
-678146
-678158
-678169
-678170
-678233
-678276
-678300
-678301
-678335
-678371
-678377
-678428
-678430
-678470
-678503
-678504
-678583
-678592
-678601
-678683
-678695
-678696
-678700
-678725
-678743
-678745
-678748
-678755
-678794
-678797
-678804
-678807
-678825
-678857
-678880
-678896
-678930
-678933
-678953
-678955
-678962
-679030
-679036
-679048
-679048
-679062
-679067
-679096
-679106
-679115
-679134
-679148
-679174
-679195
-679200
-679230
-679276
-679286
-679309
-679328
-679338
-679338
-679344
-679367
-679405
-679407
-679456
-679460
-679496
-679512
-679521
-679522
-679531
-679558
-679560
-679564
-679578
-679691
-679718
-679720
-679726
-679747
-679761
-679769
-679793
-679801
-679809
-679829
-679830
-679855
-679863
-679900
-679938
-679951
-679972
-679997
-680015
-680051
-680062
-680131
-680164
-680171
-680178
-680181
-680185
-680199
-680211
-680233
-680233
-680242
-680281
-680294
-680301
-680345
-680403
-680415
-680441
-680524
-680550
-680561
-680587
-680621
-680624
-680640
-680650
-680666
-680687
-680714
-680726
-680730
-680730
-680743
-680841
-680878
-680880
-680880
-680929
-680940
-680970
-680971
-680994
-680996
-681008
-681028
-681060
-681062
-681094
-681103
-681109
-681128
-681134
-681151
-681152
-681180
-681183
-681192
-681219
-681239
-681253
-681296
-681335
-681339
-681356
-681381
-681406
-681493
-681532
-681557
-681559
-681588
-681606
-681621
-681634
-681648
-681660
-681707
-681717
-681720
-681727
-681757
-681813
-681837
-681875
-681905
-681965
-681995
-682001
-682007
-682017
-682024
-682036
-682039
-682044
-682051
-682089
-682117
-682139
-682163
-682167
-682172
-682200
-682207
-682220
-682220
-682233
-682269
-682270
-682299
-682333
-682341
-682359
-682367
-682391
-682415
-682425
-682434
-682457
-682478
-682499
-682572
-682575
-682595
-682597
-682612
-682626
-682660
-682669
-682694
-682695
-682732
-682761
-682775
-682786
-682786
-682801
-682805
-682815
-682823
-682827
-682830
-682845
-682857
-682901
-682903
-682932
-682942
-682997
-683078
-683090
-683107
-683126
-683127
-683129
-683167
-683190
-683191
-683198
-683226
-683233
-683260
-683285
-683298
-683312
-683362
-683370
-683396
-683450
-683457
-683465
-683479
-683487
-683508
-683538
-683543
-683546
-683578
-683589
-683591
-683643
-683694
-683740
-683746
-683752
-683760
-683782
-683784
-683789
-683820
-683824
-683893
-683897
-683905
-683920
-683952
-683978
-683981
-684010
-684015
-684026
-684035
-684053
-684070
-684145
-684161
-684193
-684199
-684311
-684312
-684318
-684343
-684369
-684381
-684403
-684430
-684431
-684433
-684451
-684462
-684467
-684502
-684514
-684528
-684551
-684553
-684554
-684555
-684563
-684573
-684644
-684656
-684666
-684697
-684711
-684718
-684755
-684790
-684906
-684931
-684933
-684940
-684984
-684988
-685055
-685080
-685085
-685093
-685101
-685105
-685131
-685132
-685132
-685181
-685198
-685223
-685250
-685255
-685268
-685271
-685279
-685314
-685315
-685329
-685336
-685336
-685358
-685360
-685368
-685373
-685380
-685404
-685410
-685422
-685424
-685498
-685542
-685601
-685618
-685629
-685650
-685650
-685688
-685710
-685723
-685743
-685750
-685765
-685792
-685795
-685804
-685816
-685823
-685835
-685861
-685941
-685942
-685958
-685975
-686017
-686029
-686068
-686069
-686110
-686130
-686141
-686149
-686256
-686321
-686323
-686335
-686336
-686353
-686356
-686367
-686377
-686392
-686408
-686492
-686496
-686504
-686542
-686544
-686576
-686587
-686615
-686620
-686624
-686637
-686644
-686655
-686665
-686702
-686711
-686748
-686756
-686796
-686798
-686813
-686826
-686838
-686884
-686893
-686903
-686967
-687014
-687018
-687018
-687053
-687054
-687102
-687102
-687146
-687215
-687219
-687228
-687247
-687266
-687274
-687275
-687278
-687285
-687291
-687326
-687326
-687329
-687353
-687374
-687400
-687413
-687415
-687435
-687448
-687452
-687519
-687531
-687544
-687595
-687676
-687684
-687694
-687709
-687712
-687750
-687767
-687836
-687862
-687896
-687907
-687912
-687960
-687973
-687978
-688018
-688018
-688021
-688021
-688031
-688037
-688038
-688067
-688100
-688105
-688113
-688117
-688139
-688146
-688153
-688182
-688185
-688187
-688195
-688230
-688258
-688258
-688309
-688316
-688318
-688424
-688467
-688484
-688495
-688496
-688512
-688536
-688550
-688557
-688571
-688624
-688631
-688649
-688666
-688689
-688693
-688696
-688714
-688714
-688753
-688763
-688770
-688772
-688830
-688874
-688880
-688894
-688901
-688921
-688925
-688934
-689003
-689017
-689031
-689040
-689103
-689110
-689123
-689145
-689146
-689161
-689173
-689184
-689191
-689195
-689196
-689218
-689247
-689283
-689321
-689336
-689348
-689349
-689386
-689417
-689435
-689442
-689454
-689469
-689470
-689518
-689525
-689531
-689535
-689552
-689594
-689595
-689615
-689627
-689653
-689681
-689708
-689715
-689733
-689740
-689761
-689768
-689806
-689818
-689820
-689823
-689862
-689908
-690026
-690102
-690172
-690199
-690205
-690210
-690211
-690215
-690221
-690228
-690252
-690260
-690260
-690284
-690288
-690297
-690318
-690365
-690409
-690437
-690443
-690446
-690519
-690530
-690534
-690540
-690637
-690638
-690646
-690657
-690684
-690703
-690761
-690809
-690845
-690855
-690856
-690913
-690914
-690944
-690983
-690994
-691003
-691031
-691041
-691050
-691084
-691117
-691167
-691175
-691181
-691219
-691241
-691275
-691289
-691291
-691298
-691366
-691476
-691489
-691494
-691503
-691510
-691515
-691527
-691549
-691595
-691595
-691596
-691614
-691692
-691705
-691707
-691741
-691758
-691783
-691800
-691802
-691812
-691821
-691823
-691845
-691876
-691918
-691924
-691943
-691996
-692008
-692009
-692030
-692041
-692056
-692063
-692089
-692123
-692126
-692128
-692148
-692215
-692245
-692258
-692264
-692278
-692286
-692292
-692294
-692300
-692386
-692392
-692429
-692430
-692451
-692462
-692531
-692567
-692580
-692612
-692618
-692620
-692638
-692658
-692672
-692672
-692734
-692743
-692754
-692773
-692811
-692821
-692836
-692839
-692846
-692867
-692876
-692878
-692885
-692907
-692908
-692934
-692943
-692954
-692970
-692997
-693025
-693064
-693082
-693134
-693151
-693163
-693196
-693217
-693220
-693230
-693233
-693262
-693274
-693345
-693350
-693353
-693423
-693432
-693436
-693446
-693463
-693473
-693490
-693496
-693500
-693500
-693504
-693547
-693570
-693571
-693626
-693627
-693637
-693654
-693670
-693684
-693713
-693722
-693753
-693754
-693760
-693785
-693814
-693846
-693859
-693920
-693920
-693925
-693963
-693978
-694028
-694043
-694070
-694071
-694111
-694126
-694148
-694152
-694160
-694172
-694234
-694239
-694240
-694246
-694247
-694275
-694281
-694320
-694336
-694346
-694350
-694366
-694368
-694370
-694374
-694409
-694442
-694467
-694485
-694488
-694526
-694571
-694608
-694627
-694636
-694654
-694671
-694674
-694712
-694730
-694732
-694735
-694736
-694744
-694745
-694796
-694800
-694813
-694813
-694826
-694875
-694898
-694937
-694940
-694941
-694977
-694998
-695003
-695056
-695063
-695069
-695072
-695077
-695083
-695106
-695109
-695146
-695149
-695157
-695180
-695265
-695277
-695294
-695308
-695374
-695389
-695394
-695402
-695433
-695448
-695480
-695486
-695492
-695501
-695519
-695546
-695551
-695588
-695659
-695695
-695705
-695716
-695745
-695759
-695766
-695791
-695809
-695892
-695912
-695927
-695929
-695959
-695969
-695972
-695976
-695981
-696006
-696026
-696044
-696080
-696111
-696116
-696119
-696123
-696137
-696162
-696185
-696261
-696274
-696290
-696296
-696303
-696325
-696333
-696337
-696352
-696362
-696363
-696372
-696381
-696400
-696417
-696510
-696514
-696520
-696548
-696548
-696550
-696558
-696591
-696630
-696631
-696639
-696660
-696681
-696685
-696689
-696692
-696755
-696796
-696844
-696852
-696878
-696893
-696894
-696930
-696950
-696956
-696963
-696972
-696997
-697036
-697146
-697151
-697164
-697199
-697205
-697222
-697222
-697245
-697253
-697280
-697290
-697346
-697349
-697374
-697379
-697407
-697441
-697456
-697457
-697474
-697478
-697485
-697502
-697530
-697537
-697567
-697598
-697600
-697612
-697621
-697621
-697651
-697687
-697720
-697741
-697751
-697771
-697773
-697782
-697788
-697803
-697887
-697914
-697930
-697931
-697973
-697987
-697991
-697992
-698018
-698079
-698111
-698166
-698184
-698193
-698202
-698214
-698215
-698242
-698283
-698296
-698317
-698321
-698353
-698416
-698436
-698440
-698448
-698516
-698530
-698584
-698585
-698602
-698641
-698672
-698683
-698691
-698745
-698762
-698804
-698804
-698827
-698838
-698842
-698865
-698875
-698907
-698912
-698913
-698943
-698969
-699012
-699032
-699177
-699201
-699302
-699309
-699349
-699362
-699367
-699372
-699387
-699391
-699424
-699426
-699452
-699463
-699478
-699521
-699579
-699579
-699605
-699658
-699673
-699687
-699713
-699727
-699754
-699762
-699826
-699859
-699885
-699896
-699905
-699919
-699935
-699964
-699964
-699973
-700005
-700027
-700032
-700038
-700054
-700074
-700120
-700122
-700131
-700140
-700179
-700179
-700187
-700194
-700241
-700281
-700294
-700306
-700325
-700341
-700413
-700433
-700434
-700438
-700457
-700506
-700526
-700537
-700545
-700551
-700553
-700566
-700569
-700587
-700607
-700613
-700635
-700648
-700654
-700662
-700690
-700735
-700740
-700748
-700755
-700766
-700787
-700789
-700792
-700809
-700823
-700824
-700826
-700833
-700834
-700859
-700928
-700934
-700937
-700988
-701015
-701015
-701054
-701054
-701068
-701079
-701083
-701092
-701096
-701121
-701137
-701174
-701178
-701231
-701239
-701268
-701278
-701290
-701325
-701334
-701344
-701362
-701381
-701398
-701404
-701416
-701422
-701443
-701445
-701466
-701476
-701478
-701479
-701557
-701567
-701586
-701593
-701653
-701699
-701721
-701749
-701766
-701777
-701803
-701816
-701819
-701873
-701917
-701939
-701944
-701952
-701969
-701987
-702019
-702058
-702078
-702089
-702107
-702116
-702125
-702150
-702166
-702205
-702230
-702271
-702285
-702314
-702324
-702357
-702361
-702390
-702390
-702395
-702403
-702428
-702447
-702457
-702484
-702497
-702504
-702514
-702521
-702577
-702589
-702595
-702617
-702654
-702671
-702695
-702700
-702724
-702732
-702868
-702887
-702890
-702898
-702911
-702937
-702939
-702941
-703015
-703018
-703019
-703040
-703055
-703073
-703103
-703113
-703131
-703190
-703203
-703205
-703220
-703259
-703270
-703306
-703347
-703348
-703394
-703394
-703412
-703413
-703418
-703434
-703451
-703480
-703500
-703516
-703522
-703568
-703582
-703612
-703646
-703660
-703694
-703704
-703790
-703799
-703888
-703908
-703954
-703979
-703987
-703997
-704010
-704022
-704043
-704046
-704055
-704063
-704083
-704097
-704117
-704145
-704149
-704163
-704163
-704172
-704178
-704184
-704209
-704218
-704227
-704229
-704254
-704270
-704274
-704274
-704275
-704287
-704328
-704335
-704362
-704384
-704390
-704393
-704410
-704412
-704432
-704433
-704445
-704457
-704500
-704510
-704523
-704599
-704610
-704635
-704646
-704659
-704678
-704694
-704713
-704714
-704747
-704753
-704769
-704783
-704797
-704824
-704860
-704943
-704988
-704998
-705005
-705016
-705078
-705105
-705133
-705139
-705191
-705193
-705211
-705227
-705230
-705270
-705280
-705306
-705315
-705321
-705366
-705393
-705421
-705468
-705519
-705542
-705635
-705682
-705723
-705739
-705743
-705748
-705758
-705768
-705780
-705789
-705801
-705825
-705829
-705913
-705920
-705939
-705943
-705994
-706005
-706012
-706022
-706047
-706091
-706099
-706126
-706152
-706159
-706179
-706184
-706216
-706241
-706292
-706300
-706375
-706380
-706419
-706428
-706437
-706448
-706449
-706465
-706487
-706502
-706513
-706527
-706529
-706555
-706561
-706571
-706669
-706714
-706733
-706765
-706772
-706777
-706784
-706789
-706799
-706831
-706834
-706844
-706850
-706857
-706863
-706912
-706921
-706946
-706963
-706971
-706982
-706983
-707027
-707040
-707043
-707045
-707055
-707100
-707110
-707112
-707201
-707217
-707220
-707230
-707270
-707298
-707321
-707370
-707382
-707391
-707401
-707403
-707423
-707424
-707451
-707452
-707468
-707522
-707530
-707596
-707598
-707605
-707655
-707671
-707679
-707693
-707732
-707740
-707740
-707761
-707790
-707809
-707826
-707847
-707854
-707868
-707896
-707907
-707938
-707979
-708015
-708093
-708098
-708109
-708141
-708159
-708162
-708169
-708171
-708186
-708204
-708204
-708208
-708215
-708226
-708240
-708262
-708308
-708360
-708369
-708398
-708399
-708414
-708420
-708426
-708509
-708575
-708576
-708585
-708713
-708739
-708739
-708767
-708780
-708839
-708842
-708855
-708872
-708892
-708907
-708918
-708938
-708957
-708974
-708996
-709005
-709070
-709074
-709116
-709168
-709174
-709206
-709206
-709218
-709220
-709225
-709250
-709259
-709263
-709327
-709370
-709381
-709388
-709404
-709408
-709411
-709424
-709469
-709507
-709523
-709537
-709567
-709575
-709599
-709605
-709612
-709643
-709659
-709675
-709682
-709712
-709745
-709774
-709774
-709840
-709845
-709867
-709882
-709888
-709912
-709924
-709947
-709967
-709999
-710026
-710041
-710047
-710062
-710074
-710150
-710158
-710188
-710210
-710214
-710237
-710240
-710249
-710250
-710263
-710292
-710302
-710305
-710305
-710306
-710319
-710325
-710327
-710331
-710345
-710365
-710427
-710437
-710438
-710451
-710455
-710505
-710507
-710514
-710520
-710525
-710534
-710578
-710592
-710623
-710626
-710629
-710669
-710685
-710693
-710714
-710717
-710738
-710752
-710759
-710781
-710786
-710804
-710811
-710821
-710845
-710896
-710900
-710974
-710975
-710999
-711005
-711009
-711053
-711067
-711070
-711100
-711112
-711157
-711164
-711165
-711170
-711229
-711239
-711255
-711285
-711303
-711304
-711305
-711307
-711321
-711329
-711343
-711369
-711378
-711389
-711395
-711402
-711403
-711427
-711443
-711446
-711488
-711502
-711537
-711560
-711586
-711603
-711603
-711622
-711625
-711637
-711653
-711660
-711693
-711718
-711740
-711740
-711741
-711745
-711749
-711752
-711759
-711761
-711761
-711799
-711844
-711850
-711857
-711897
-711923
-711934
-711940
-712022
-712028
-712029
-712036
-712037
-712042
-712052
-712067
-712088
-712106
-712122
-712131
-712161
-712197
-712199
-712221
-712224
-712284
-712288
-712289
-712289
-712298
-712306
-712307
-712312
-712339
-712348
-712374
-712395
-712440
-712456
-712466
-712473
-712481
-712491
-712572
-712575
-712601
-712631
-712633
-712648
-712653
-712657
-712691
-712722
-712752
-712759
-712767
-712785
-712825
-712841
-712844
-712846
-712872
-712892
-712897
-712950
-712955
-712992
-713006
-713006
-713012
-713048
-713057
-713075
-713076
-713097
-713124
-713199
-713247
-713260
-713287
-713288
-713303
-713328
-713338
-713348
-713384
-713385
-713416
-713426
-713427
-713448
-713467
-713507
-713548
-713566
-713576
-713611
-713653
-713670
-713672
-713698
-713728
-713741
-713743
-713745
-713746
-713788
-713803
-713812
-713829
-713861
-713868
-713870
-713870
-713890
-713898
-713899
-713908
-713980
-714039
-714067
-714104
-714136
-714176
-714186
-714208
-714209
-714217
-714223
-714229
-714255
-714294
-714340
-714343
-714457
-714469
-714517
-714602
-714606
-714616
-714638
-714655
-714655
-714664
-714688
-714694
-714720
-714752
-714783
-714789
-714835
-714847
-714850
-714888
-714897
-714902
-714904
-714906
-714931
-714944
-714947
-714952
-714953
-714959
-714965
-714982
-714993
-715005
-715009
-715016
-715095
-715136
-715185
-715191
-715201
-715206
-715207
-715222
-715247
-715249
-715275
-715305
-715315
-715362
-715373
-715394
-715399
-715401
-715405
-715420
-715435
-715448
-715458
-715472
-715473
-715478
-715512
-715523
-715528
-715535
-715540
-715544
-715545
-715588
-715591
-715592
-715605
-715608
-715612
-715617
-715660
-715668
-715687
-715690
-715717
-715743
-715743
-715776
-715779
-715780
-715791
-715796
-715806
-715818
-715841
-715852
-715864
-715890
-715909
-715919
-715923
-715927
-715944
-715997
-715997
-716016
-716022
-716025
-716033
-716046
-716058
-716064
-716131
-716148
-716162
-716184
-716204
-716210
-716271
-716293
-716349
-716361
-716380
-716396
-716417
-716436
-716440
-716483
-716484
-716551
-716557
-716560
-716564
-716580
-716625
-716635
-716638
-716640
-716697
-716711
-716712
-716775
-716801
-716809
-716864
-716872
-716888
-716915
-716935
-716936
-716966
-716972
-716978
-716978
-716980
-716984
-716994
-717050
-717060
-717064
-717082
-717094
-717156
-717171
-717174
-717189
-717196
-717217
-717221
-717236
-717237
-717249
-717260
-717261
-717264
-717279
-717284
-717284
-717288
-717292
-717304
-717310
-717316
-717389
-717390
-717393
-717396
-717418
-717448
-717471
-717483
-717499
-717507
-717514
-717531
-717550
-717565
-717566
-717572
-717590
-717618
-717622
-717645
-717672
-717682
-717683
-717693
-717696
-717709
-717726
-717747
-717751
-717772
-717773
-717786
-717812
-717815
-717822
-717824
-717866
-717903
-717928
-717975
-718004
-718073
-718075
-718099
-718124
-718130
-718136
-718215
-718217
-718243
-718273
-718274
-718277
-718277
-718279
-718281
-718359
-718403
-718427
-718438
-718477
-718480
-718593
-718604
-718605
-718643
-718661
-718676
-718690
-718690
-718692
-718698
-718719
-718738
-718755
-718780
-718781
-718800
-718849
-718850
-718855
-718878
-718924
-718945
-719004
-719058
-719063
-719071
-719112
-719123
-719141
-719179
-719181
-719186
-719196
-719209
-719304
-719351
-719531
-719537
-719561
-719572
-719632
-719676
-719720
-719760
-719782
-719787
-719838
-719844
-719860
-719879
-719880
-719885
-719889
-719905
-719916
-719930
-719938
-719940
-719965
-719989
-719993
-720041
-720056
-720082
-720091
-720108
-720130
-720135
-720141
-720141
-720153
-720172
-720178
-720182
-720192
-720219
-720231
-720232
-720269
-720284
-720308
-720324
-720341
-720352
-720355
-720368
-720447
-720450
-720468
-720479
-720482
-720486
-720624
-720636
-720649
-720669
-720684
-720714
-720764
-720766
-720785
-720802
-720825
-720842
-720865
-720873
-720899
-720923
-720986
-721008
-721035
-721059
-721073
-721104
-721134
-721148
-721192
-721193
-721201
-721232
-721258
-721270
-721295
-721322
-721346
-721351
-721356
-721415
-721453
-721466
-721540
-721556
-721567
-721583
-721611
-721654
-721660
-721669
-721701
-721701
-721708
-721728
-721774
-721792
-721793
-721810
-721823
-721830
-721834
-721837
-721851
-721859
-721864
-721974
-721987
-722032
-722046
-722060
-722062
-722085
-722089
-722110
-722140
-722180
-722191
-722231
-722234
-722235
-722240
-722243
-722246
-722276
-722342
-722360
-722371
-722397
-722498
-722511
-722516
-722519
-722521
-722553
-722593
-722608
-722644
-722647
-722647
-722682
-722690
-722709
-722720
-722739
-722758
-722776
-722790
-722796
-722802
-722804
-722804
-722811
-722843
-722845
-722855
-722896
-723004
-723014
-723025
-723026
-723029
-723040
-723060
-723065
-723082
-723093
-723124
-723155
-723162
-723168
-723189
-723219
-723231
-723238
-723251
-723270
-723322
-723389
-723460
-723468
-723479
-723493
-723499
-723508
-723529
-723557
-723564
-723575
-723597
-723606
-723639
-723657
-723669
-723677
-723677
-723708
-723783
-723802
-723846
-723850
-723852
-723870
-723882
-723906
-723907
-723926
-723929
-723991
-724000
-724056
-724089
-724179
-724197
-724201
-724214
-724218
-724220
-724258
-724273
-724282
-724305
-724340
-724349
-724375
-724387
-724490
-724505
-724547
-724551
-724573
-724589
-724638
-724659
-724673
-724677
-724719
-724768
-724784
-724803
-724835
-724851
-724872
-724878
-724999
-725088
-725111
-725118
-725130
-725148
-725158
-725161
-725165
-725165
-725166
-725179
-725247
-725266
-725279
-725281
-725307
-725315
-725327
-725329
-725355
-725362
-725398
-725416
-725424
-725435
-725451
-725454
-725459
-725462
-725506
-725507
-725537
-725538
-725540
-725561
-725576
-725600
-725608
-725612
-725618
-725653
-725670
-725682
-725690
-725699
-725701
-725722
-725742
-725746
-725751
-725765
-725770
-725787
-725813
-725838
-725879
-725885
-725914
-725929
-725941
-725967
-725989
-726008
-726016
-726038
-726044
-726087
-726104
-726105
-726126
-726141
-726150
-726171
-726191
-726191
-726193
-726231
-726250
-726260
-726286
-726316
-726325
-726334
-726339
-726404
-726424
-726425
-726431
-726434
-726437
-726439
-726449
-726451
-726454
-726463
-726481
-726482
-726518
-726521
-726526
-726533
-726542
-726545
-726547
-726566
-726581
-726588
-726597
-726599
-726617
-726638
-726664
-726700
-726705
-726716
-726753
-726780
-726794
-726801
-726810
-726865
-726868
-726869
-726878
-726883
-726891
-726895
-726897
-726901
-726902
-726914
-726922
-726965
-726983
-727038
-727043
-727060
-727085
-727104
-727121
-727136
-727149
-727186
-727189
-727244
-727252
-727259
-727261
-727386
-727395
-727403
-727461
-727470
-727505
-727544
-727590
-727594
-727597
-727610
-727672
-727723
-727749
-727759
-727764
-727779
-727795
-727842
-727844
-727890
-727901
-727920
-727932
-727936
-727956
-727980
-727991
-728057
-728064
-728073
-728097
-728114
-728119
-728124
-728125
-728185
-728202
-728264
-728301
-728326
-728372
-728413
-728426
-728449
-728498
-728502
-728527
-728530
-728535
-728551
-728557
-728561
-728574
-728586
-728627
-728635
-728637
-728645
-728673
-728673
-728694
-728702
-728758
-728801
-728811
-728847
-728863
-728863
-728866
-728870
-728870
-728912
-728956
-728974
-728997
-728998
-729027
-729035
-729099
-729125
-729151
-729190
-729192
-729251
-729255
-729274
-729296
-729354
-729404
-729429
-729452
-729460
-729479
-729496
-729507
-729520
-729522
-729524
-729534
-729538
-729543
-729562
-729580
-729612
-729636
-729645
-729656
-729684
-729734
-729754
-729774
-729802
-729815
-729838
-729856
-729927
-729944
-730004
-730007
-730020
-730021
-730064
-730080
-730102
-730145
-730146
-730150
-730164
-730169
-730171
-730238
-730241
-730246
-730274
-730290
-730300
-730331
-730337
-730364
-730374
-730375
-730383
-730392
-730399
-730423
-730424
-730463
-730476
-730478
-730507
-730514
-730526
-730548
-730552
-730586
-730588
-730592
-730621
-730624
-730689
-730693
-730724
-730732
-730777
-730828
-730862
-730864
-730909
-730962
-731024
-731032
-731055
-731073
-731076
-731078
-731095
-731109
-731110
-731122
-731156
-731166
-731182
-731226
-731226
-731232
-731240
-731249
-731284
-731325
-731344
-731347
-731355
-731357
-731384
-731396
-731397
-731444
-731458
-731462
-731464
-731466
-731478
-731489
-731547
-731561
-731583
-731602
-731604
-731615
-731620
-731631
-731636
-731645
-731658
-731678
-731681
-731690
-731706
-731716
-731740
-731765
-731774
-731824
-731828
-731838
-731892
-731894
-731896
-731898
-731968
-731989
-732021
-732022
-732039
-732055
-732056
-732082
-732117
-732128
-732160
-732215
-732224
-732234
-732246
-732257
-732282
-732288
-732318
-732320
-732331
-732357
-732380
-732399
-732406
-732415
-732432
-732442
-732445
-732463
-732468
-732496
-732500
-732521
-732529
-732531
-732571
-732591
-732599
-732640
-732662
-732662
-732735
-732736
-732788
-732794
-732810
-732822
-732837
-732886
-732906
-732933
-732943
-732949
-732951
-732955
-732989
-733040
-733117
-733123
-733163
-733166
-733178
-733180
-733222
-733233
-733254
-733268
-733292
-733294
-733321
-733339
-733374
-733379
-733390
-733435
-733437
-733441
-733445
-733507
-733542
-733542
-733568
-733599
-733639
-733652
-733652
-733669
-733698
-733734
-733769
-733784
-733785
-733847
-733850
-733862
-733879
-733940
-733959
-733977
-734046
-734047
-734055
-734056
-734069
-734149
-734191
-734226
-734237
-734252
-734264
-734318
-734355
-734365
-734389
-734419
-734430
-734450
-734486
-734522
-734546
-734599
-734613
-734655
-734664
-734692
-734692
-734701
-734757
-734787
-734795
-734834
-734845
-734885
-734952
-734961
-735061
-735076
-735107
-735113
-735116
-735159
-735224
-735228
-735285
-735287
-735310
-735324
-735326
-735350
-735361
-735368
-735384
-735386
-735405
-735425
-735434
-735436
-735476
-735483
-735520
-735564
-735570
-735587
-735601
-735617
-735620
-735649
-735660
-735693
-735728
-735733
-735740
-735740
-735748
-735776
-735786
-735788
-735800
-735819
-735824
-735863
-735874
-735881
-735886
-735961
-735968
-736020
-736026
-736032
-736047
-736052
-736122
-736152
-736155
-736212
-736221
-736239
-736244
-736262
-736273
-736278
-736283
-736304
-736322
-736339
-736350
-736401
-736415
-736425
-736428
-736489
-736619
-736634
-736659
-736678
-736685
-736690
-736698
-736710
-736755
-736796
-736797
-736826
-736837
-736838
-736845
-736857
-736857
-736866
-736868
-736878
-736887
-736888
-736968
-736970
-736973
-736982
-736993
-736998
-737016
-737017
-737017
-737049
-737093
-737107
-737130
-737139
-737146
-737192
-737197
-737203
-737283
-737308
-737312
-737314
-737356
-737380
-737384
-737409
-737416
-737440
-737444
-737503
-737519
-737545
-737546
-737570
-737574
-737599
-737600
-737621
-737662
-737670
-737677
-737738
-737739
-737767
-737800
-737848
-737863
-737873
-737926
-737953
-737971
-737976
-738046
-738057
-738078
-738078
-738089
-738094
-738106
-738131
-738152
-738171
-738225
-738237
-738300
-738312
-738315
-738317
-738326
-738388
-738409
-738411
-738411
-738421
-738426
-738429
-738475
-738533
-738547
-738585
-738636
-738651
-738658
-738712
-738791
-738795
-738830
-738833
-738853
-738918
-738919
-738950
-738991
-739023
-739061
-739068
-739076
-739089
-739135
-739147
-739159
-739183
-739209
-739251
-739255
-739258
-739276
-739288
-739290
-739304
-739330
-739336
-739359
-739377
-739385
-739430
-739443
-739446
-739459
-739482
-739488
-739492
-739493
-739499
-739502
-739512
-739564
-739567
-739599
-739636
-739636
-739656
-739677
-739679
-739710
-739792
-739807
-739811
-739843
-739846
-739849
-739862
-739885
-739889
-739902
-739902
-739984
-740051
-740108
-740120
-740120
-740133
-740162
-740166
-740208
-740237
-740239
-740249
-740262
-740274
-740320
-740367
-740424
-740455
-740463
-740495
-740556
-740557
-740603
-740609
-740663
-740714
-740723
-740731
-740752
-740790
-740792
-740806
-740829
-740834
-740879
-740903
-740909
-740961
-740971
-740973
-741010
-741018
-741049
-741079
-741081
-741135
-741143
-741236
-741243
-741316
-741341
-741372
-741383
-741385
-741403
-741435
-741441
-741454
-741493
-741499
-741506
-741515
-741518
-741524
-741536
-741540
-741587
-741590
-741606
-741609
-741610
-741620
-741654
-741662
-741676
-741721
-741779
-741838
-741842
-741870
-741877
-741892
-741917
-741924
-741942
-741954
-741965
-741967
-741991
-742024
-742026
-742036
-742045
-742111
-742116
-742121
-742121
-742123
-742136
-742139
-742151
-742181
-742194
-742217
-742225
-742240
-742243
-742253
-742276
-742286
-742339
-742344
-742347
-742368
-742388
-742390
-742402
-742410
-742412
-742437
-742459
-742489
-742574
-742582
-742595
-742604
-742630
-742663
-742679
-742702
-742709
-742720
-742731
-742750
-742764
-742765
-742774
-742794
-742800
-742843
-742857
-742880
-742895
-742898
-742905
-742929
-742959
-742973
-742995
-743007
-743007
-743040
-743060
-743064
-743099
-743116
-743151
-743154
-743166
-743211
-743243
-743247
-743254
-743280
-743315
-743331
-743341
-743349
-743363
-743407
-743413
-743431
-743456
-743457
-743539
-743545
-743566
-743570
-743572
-743593
-743629
-743632
-743666
-743672
-743700
-743747
-743768
-743801
-743867
-743879
-743909
-743926
-743931
-743944
-743961
-743972
-743981
-744028
-744044
-744059
-744092
-744108
-744201
-744209
-744217
-744224
-744242
-744251
-744274
-744277
-744306
-744417
-744419
-744453
-744532
-744621
-744635
-744641
-744675
-744686
-744693
-744704
-744709
-744752
-744764
-744830
-744868
-744881
-744908
-744938
-744942
-744968
-744987
-744991
-745013
-745015
-745033
-745041
-745064
-745066
-745073
-745093
-745134
-745149
-745160
-745167
-745169
-745253
-745268
-745322
-745349
-745365
-745366
-745369
-745393
-745401
-745432
-745437
-745476
-745497
-745516
-745528
-745562
-745575
-745660
-745674
-745687
-745698
-745712
-745722
-745741
-745760
-745764
-745765
-745769
-745769
-745782
-745798
-745799
-745823
-745824
-745866
-745869
-745953
-745976
-745986
-745996
-746014
-746128
-746149
-746164
-746164
-746213
-746297
-746322
-746335
-746360
-746367
-746393
-746400
-746448
-746455
-746487
-746504
-746507
-746522
-746537
-746567
-746567
-746579
-746612
-746655
-746678
-746690
-746697
-746757
-746760
-746760
-746787
-746791
-746801
-746803
-746810
-746817
-746829
-746836
-746884
-746894
-746950
-746963
-746980
-747032
-747047
-747094
-747108
-747122
-747122
-747129
-747143
-747183
-747207
-747234
-747380
-747400
-747401
-747408
-747428
-747456
-747536
-747543
-747550
-747579
-747589
-747621
-747636
-747655
-747660
-747664
-747679
-747684
-747686
-747728
-747805
-747847
-747869
-747872
-747889
-747907
-747933
-747943
-747955
-747978
-748004
-748024
-748073
-748074
-748105
-748143
-748145
-748187
-748196
-748224
-748243
-748249
-748255
-748278
-748314
-748325
-748332
-748360
-748360
-748389
-748444
-748451
-748464
-748472
-748475
-748509
-748510
-748511
-748515
-748523
-748569
-748588
-748623
-748631
-748678
-748687
-748705
-748719
-748729
-748734
-748750
-748759
-748766
-748772
-748776
-748785
-748787
-748809
-748817
-748823
-748836
-748838
-748927
-748941
-748982
-748989
-748990
-748998
-749004
-749031
-749032
-749080
-749104
-749125
-749130
-749131
-749162
-749165
-749165
-749180
-749196
-749200
-749202
-749203
-749205
-749258
-749267
-749274
-749302
-749307
-749333
-749417
-749431
-749470
-749497
-749499
-749500
-749504
-749511
-749529
-749529
-749551
-749563
-749604
-749621
-749649
-749655
-749676
-749716
-749724
-749767
-749776
-749795
-749796
-749826
-749884
-749893
-749914
-749931
-749938
-749945
-750006
-750018
-750035
-750038
-750051
-750058
-750109
-750116
-750129
-750137
-750154
-750156
-750207
-750214
-750250
-750251
-750257
-750270
-750272
-750282
-750286
-750308
-750345
-750354
-750359
-750379
-750381
-750422
-750429
-750440
-750441
-750452
-750464
-750466
-750474
-750481
-750489
-750504
-750522
-750528
-750580
-750583
-750585
-750600
-750608
-750616
-750625
-750677
-750682
-750800
-750840
-750851
-750855
-750894
-750905
-750909
-750963
-750995
-751028
-751041
-751043
-751051
-751081
-751087
-751103
-751117
-751120
-751137
-751175
-751200
-751211
-751291
-751335
-751341
-751377
-751390
-751395
-751417
-751420
-751438
-751458
-751471
-751501
-751513
-751514
-751555
-751581
-751622
-751630
-751653
-751653
-751654
-751658
-751668
-751669
-751691
-751727
-751751
-751757
-751803
-751846
-751850
-751850
-751875
-751897
-751901
-751924
-751928
-751933
-751933
-751936
-751960
-751985
-752006
-752027
-752080
-752083
-752085
-752094
-752114
-752125
-752132
-752147
-752153
-752174
-752188
-752192
-752198
-752222
-752241
-752295
-752331
-752354
-752377
-752426
-752428
-752428
-752468
-752477
-752547
-752587
-752614
-752638
-752683
-752688
-752709
-752709
-752749
-752803
-752810
-752811
-752840
-752844
-752849
-752860
-752869
-752906
-752945
-752990
-753025
-753029
-753056
-753074
-753094
-753096
-753129
-753144
-753160
-753169
-753174
-753192
-753202
-753226
-753233
-753236
-753238
-753244
-753261
-753286
-753309
-753310
-753338
-753378
-753407
-753430
-753434
-753494
-753511
-753515
-753558
-753570
-753577
-753591
-753615
-753634
-753660
-753665
-753670
-753673
-753694
-753699
-753699
-753747
-753770
-753770
-753795
-753799
-753834
-753842
-753858
-753858
-753929
-753934
-754011
-754024
-754034
-754037
-754047
-754058
-754069
-754072
-754074
-754078
-754105
-754107
-754163
-754179
-754196
-754257
-754260
-754299
-754309
-754317
-754323
-754362
-754428
-754432
-754497
-754579
-754583
-754640
-754648
-754668
-754694
-754697
-754702
-754741
-754762
-754771
-754780
-754797
-754811
-754812
-754844
-754864
-754958
-754962
-754986
-755004
-755009
-755053
-755071
-755112
-755140
-755152
-755156
-755163
-755172
-755178
-755234
-755276
-755289
-755307
-755319
-755345
-755358
-755364
-755367
-755376
-755386
-755387
-755396
-755413
-755487
-755500
-755510
-755556
-755599
-755604
-755618
-755653
-755658
-755685
-755692
-755719
-755721
-755735
-755777
-755784
-755799
-755814
-755816
-755837
-755867
-755874
-755890
-755976
-756008
-756015
-756056
-756095
-756100
-756141
-756144
-756176
-756181
-756206
-756214
-756221
-756280
-756342
-756346
-756369
-756394
-756405
-756410
-756426
-756431
-756460
-756465
-756499
-756524
-756570
-756585
-756606
-756618
-756650
-756651
-756659
-756693
-756702
-756706
-756711
-756715
-756741
-756756
-756769
-756783
-756828
-756860
-756867
-756906
-756915
-756927
-756970
-757009
-757038
-757062
-757066
-757069
-757075
-757102
-757175
-757195
-757233
-757251
-757286
-757300
-757320
-757324
-757331
-757379
-757391
-757395
-757408
-757425
-757440
-757442
-757457
-757463
-757465
-757486
-757555
-757566
-757568
-757571
-757595
-757611
-757629
-757702
-757704
-757730
-757740
-757742
-757763
-757793
-757798
-757887
-757923
-757933
-757937
-757942
-757942
-757995
-758007
-758025
-758032
-758039
-758041
-758066
-758078
-758083
-758102
-758122
-758124
-758145
-758152
-758173
-758176
-758204
-758204
-758211
-758229
-758243
-758245
-758264
-758272
-758300
-758301
-758308
-758338
-758339
-758344
-758363
-758382
-758405
-758442
-758464
-758467
-758522
-758535
-758564
-758577
-758590
-758592
-758623
-758638
-758643
-758653
-758666
-758674
-758677
-758728
-758767
-758767
-758775
-758888
-758891
-758894
-758908
-758910
-758942
-758945
-758957
-758959
-758971
-758986
-759028
-759030
-759046
-759047
-759050
-759074
-759084
-759091
-759101
-759105
-759111
-759172
-759211
-759226
-759251
-759264
-759277
-759280
-759286
-759300
-759302
-759329
-759329
-759331
-759354
-759358
-759379
-759446
-759450
-759450
-759460
-759465
-759474
-759480
-759482
-759536
-759543
-759564
-759569
-759571
-759587
-759609
-759620
-759657
-759673
-759704
-759726
-759727
-759744
-759794
-759815
-759828
-759832
-759833
-759855
-759855
-759858
-759858
-759914
-759917
-759928
-759964
-759977
-759987
-759991
-760024
-760031
-760033
-760049
-760063
-760064
-760068
-760083
-760106
-760107
-760114
-760130
-760157
-760158
-760184
-760190
-760206
-760228
-760254
-760270
-760271
-760293
-760319
-760327
-760330
-760347
-760365
-760393
-760408
-760452
-760484
-760512
-760518
-760519
-760533
-760571
-760578
-760640
-760647
-760689
-760705
-760728
-760737
-760801
-760811
-760823
-760825
-760871
-760902
-760908
-760912
-760926
-760998
-761038
-761069
-761135
-761158
-761181
-761182
-761216
-761219
-761244
-761254
-761254
-761255
-761272
-761277
-761310
-761346
-761348
-761354
-761358
-761360
-761369
-761374
-761383
-761389
-761419
-761502
-761558
-761560
-761576
-761598
-761608
-761626
-761643
-761652
-761675
-761676
-761787
-761825
-761829
-761856
-761863
-761893
-761897
-761913
-761938
-761942
-761950
-762027
-762086
-762124
-762144
-762152
-762188
-762199
-762208
-762237
-762259
-762299
-762314
-762354
-762355
-762480
-762555
-762569
-762606
-762616
-762640
-762680
-762724
-762756
-762764
-762781
-762835
-762891
-762960
-763016
-763031
-763066
-763067
-763107
-763128
-763139
-763166
-763184
-763189
-763219
-763229
-763284
-763296
-763301
-763322
-763334
-763335
-763392
-763413
-763439
-763460
-763464
-763500
-763503
-763514
-763526
-763554
-763558
-763580
-763584
-763603
-763632
-763651
-763666
-763694
-763767
-763772
-763783
-763812
-763815
-763933
-763941
-763953
-764014
-764084
-764092
-764111
-764119
-764122
-764126
-764128
-764149
-764171
-764173
-764177
-764195
-764198
-764207
-764209
-764210
-764210
-764251
-764255
-764259
-764291
-764293
-764297
-764303
-764322
-764371
-764387
-764414
-764421
-764454
-764465
-764502
-764505
-764528
-764546
-764561
-764576
-764579
-764601
-764618
-764623
-764628
-764630
-764632
-764633
-764645
-764664
-764684
-764788
-764845
-764862
-765008
-765027
-765037
-765045
-765077
-765144
-765160
-765194
-765205
-765208
-765235
-765235
-765236
-765250
-765260
-765276
-765277
-765336
-765340
-765404
-765435
-765501
-765506
-765563
-765582
-765587
-765621
-765626
-765642
-765665
-765726
-765752
-765761
-765824
-765825
-765911
-765922
-765922
-765928
-765943
-765945
-765946
-766006
-766018
-766049
-766062
-766074
-766080
-766086
-766144
-766162
-766168
-766183
-766226
-766284
-766302
-766347
-766353
-766354
-766379
-766389
-766421
-766451
-766493
-766540
-766545
-766547
-766548
-766553
-766568
-766581
-766598
-766601
-766606
-766646
-766654
-766699
-766733
-766753
-766765
-766790
-766798
-766806
-766855
-766876
-766888
-766896
-766926
-766938
-766944
-766946
-766971
-766990
-766997
-767018
-767042
-767062
-767068
-767125
-767129
-767181
-767228
-767315
-767355
-767484
-767493
-767512
-767547
-767590
-767622
-767630
-767635
-767714
-767725
-767766
-767886
-767888
-767900
-767915
-767967
-767994
-768000
-768021
-768056
-768071
-768109
-768111
-768157
-768164
-768187
-768202
-768233
-768254
-768289
-768305
-768345
-768357
-768359
-768376
-768397
-768477
-768480
-768498
-768498
-768518
-768534
-768573
-768573
-768590
-768615
-768662
-768670
-768671
-768703
-768720
-768722
-768756
-768804
-768804
-768830
-768849
-768855
-768864
-768868
-768868
-768894
-768894
-768925
-769028
-769097
-769116
-769158
-769164
-769173
-769204
-769206
-769246
-769276
-769279
-769285
-769310
-769327
-769352
-769359
-769413
-769413
-769420
-769432
-769478
-769487
-769488
-769503
-769546
-769551
-769630
-769633
-769645
-769654
-769662
-769685
-769686
-769696
-769754
-769764
-769767
-769781
-769795
-769795
-769805
-769814
-769815
-769817
-769824
-769846
-769882
-769894
-769944
-769950
-769953
-769955
-769958
-769972
-769975
-769982
-770029
-770035
-770044
-770096
-770112
-770129
-770161
-770164
-770200
-770209
-770215
-770221
-770230
-770232
-770239
-770298
-770299
-770312
-770319
-770361
-770402
-770413
-770414
-770433
-770454
-770469
-770488
-770497
-770522
-770557
-770563
-770579
-770609
-770613
-770614
-770623
-770625
-770648
-770665
-770677
-770682
-770697
-770714
-770720
-770726
-770749
-770757
-770771
-770855
-770869
-770873
-770882
-770938
-770958
-770997
-771049
-771053
-771099
-771110
-771145
-771191
-771199
-771217
-771222
-771245
-771263
-771287
-771311
-771311
-771320
-771336
-771345
-771354
-771366
-771390
-771436
-771449
-771452
-771458
-771474
-771499
-771522
-771538
-771563
-771583
-771583
-771588
-771597
-771609
-771617
-771622
-771644
-771646
-771655
-771663
-771668
-771676
-771694
-771757
-771764
-771802
-771806
-771830
-771846
-771881
-771910
-771927
-771931
-771947
-771971
-771976
-772024
-772052
-772099
-772105
-772131
-772134
-772142
-772151
-772160
-772162
-772169
-772214
-772229
-772245
-772247
-772253
-772254
-772281
-772285
-772290
-772338
-772346
-772354
-772362
-772380
-772388
-772408
-772456
-772494
-772508
-772528
-772529
-772536
-772555
-772564
-772572
-772582
-772592
-772619
-772674
-772698
-772715
-772717
-772719
-772723
-772736
-772741
-772750
-772773
-772789
-772857
-772862
-772867
-772868
-772934
-772952
-772971
-772991
-772999
-772999
-773010
-773052
-773055
-773100
-773144
-773154
-773172
-773185
-773187
-773241
-773244
-773267
-773268
-773270
-773276
-773278
-773296
-773298
-773337
-773366
-773369
-773391
-773448
-773479
-773487
-773506
-773506
-773514
-773524
-773530
-773536
-773537
-773549
-773559
-773590
-773611
-773615
-773618
-773635
-773708
-773715
-773720
-773740
-773782
-773793
-773822
-773824
-773883
-773890
-773894
-773911
-773916
-773939
-773952
-773957
-773960
-774031
-774038
-774040
-774064
-774067
-774107
-774119
-774120
-774158
-774196
-774200
-774211
-774224
-774246
-774251
-774279
-774280
-774305
-774310
-774330
-774332
-774339
-774377
-774387
-774415
-774430
-774440
-774511
-774532
-774535
-774544
-774545
-774547
-774565
-774578
-774612
-774644
-774646
-774655
-774682
-774702
-774772
-774779
-774792
-774811
-774814
-774817
-774832
-774839
-774845
-774864
-774889
-774898
-774904
-774910
-774917
-774956
-774957
-774959
-775012
-775020
-775023
-775036
-775044
-775050
-775084
-775106
-775114
-775122
-775132
-775155
-775157
-775178
-775183
-775213
-775268
-775309
-775313
-775336
-775339
-775364
-775381
-775396
-775405
-775419
-775512
-775535
-775553
-775554
-775638
-775642
-775667
-775670
-775671
-775764
-775772
-775795
-775796
-775812
-775814
-775825
-775833
-775885
-775895
-775917
-775929
-775953
-775969
-775973
-775974
-775989
-776007
-776018
-776041
-776080
-776083
-776084
-776116
-776133
-776153
-776175
-776197
-776225
-776237
-776295
-776307
-776310
-776339
-776341
-776350
-776354
-776355
-776356
-776357
-776381
-776516
-776542
-776560
-776610
-776633
-776644
-776683
-776706
-776768
-776775
-776805
-776806
-776809
-776817
-776842
-776871
-776880
-776894
-776907
-776914
-776971
-776985
-777000
-777073
-777077
-777105
-777142
-777166
-777175
-777209
-777210
-777238
-777280
-777302
-777329
-777345
-777372
-777372
-777383
-777390
-777466
-777467
-777480
-777492
-777502
-777536
-777566
-777614
-777625
-777659
-777663
-777695
-777735
-777741
-777828
-777874
-777878
-777879
-777893
-777908
-777916
-777925
-777938
-777943
-777947
-777948
-777956
-777992
-778011
-778013
-778040
-778048
-778087
-778125
-778164
-778176
-778213
-778247
-778264
-778266
-778311
-778335
-778398
-778452
-778468
-778469
-778471
-778488
-778522
-778571
-778572
-778576
-778613
-778626
-778639
-778639
-778665
-778671
-778685
-778688
-778692
-778692
-778758
-778783
-778785
-778787
-778840
-778895
-778910
-778919
-778934
-778958
-778987
-779014
-779020
-779026
-779031
-779051
-779080
-779092
-779096
-779160
-779165
-779171
-779186
-779229
-779241
-779267
-779346
-779392
-779436
-779446
-779470
-779485
-779510
-779515
-779519
-779521
-779567
-779569
-779644
-779645
-779713
-779720
-779730
-779732
-779737
-779753
-779765
-779784
-779786
-779796
-779827
-779837
-779885
-779890
-779929
-779963
-779970
-779972
-779995
-780053
-780053
-780057
-780066
-780074
-780141
-780158
-780168
-780170
-780184
-780208
-780211
-780236
-780244
-780289
-780317
-780334
-780366
-780409
-780430
-780447
-780448
-780483
-780517
-780526
-780549
-780569
-780581
-780594
-780600
-780628
-780634
-780640
-780659
-780689
-780696
-780725
-780727
-780746
-780747
-780788
-780813
-780823
-780835
-780848
-780879
-780891
-780911
-780916
-780927
-780948
-780952
-780954
-780977
-781013
-781026
-781032
-781068
-781087
-781090
-781092
-781108
-781118
-781150
-781176
-781196
-781279
-781307
-781307
-781327
-781356
-781368
-781370
-781385
-781408
-781410
-781445
-781451
-781479
-781519
-781543
-781581
-781588
-781597
-781619
-781649
-781704
-781721
-781737
-781784
-781790
-781802
-781804
-781804
-781831
-781842
-781856
-781866
-781872
-781920
-781924
-781963
-781976
-781992
-782011
-782024
-782059
-782074
-782082
-782129
-782143
-782161
-782177
-782183
-782184
-782198
-782212
-782229
-782239
-782292
-782307
-782338
-782341
-782366
-782372
-782406
-782411
-782422
-782425
-782452
-782454
-782470
-782492
-782495
-782524
-782573
-782582
-782584
-782590
-782614
-782626
-782684
-782691
-782704
-782741
-782747
-782752
-782766
-782791
-782800
-782830
-782841
-782853
-782860
-782860
-782871
-782901
-782915
-782944
-782977
-782995
-783024
-783068
-783114
-783116
-783124
-783131
-783143
-783153
-783187
-783202
-783205
-783216
-783222
-783230
-783232
-783250
-783290
-783305
-783347
-783347
-783363
-783408
-783422
-783430
-783465
-783531
-783558
-783566
-783583
-783585
-783612
-783626
-783652
-783709
-783717
-783728
-783746
-783756
-783777
-783820
-783823
-783836
-783839
-783880
-783922
-783926
-783976
-783980
-783988
-784096
-784120
-784124
-784147
-784148
-784195
-784225
-784281
-784298
-784324
-784336
-784347
-784397
-784398
-784420
-784464
-784476
-784482
-784488
-784503
-784531
-784547
-784590
-784593
-784607
-784613
-784650
-784656
-784725
-784732
-784817
-784822
-784822
-784824
-784832
-784848
-784850
-784870
-784875
-784899
-784904
-784919
-784926
-784933
-784934
-784945
-784966
-784974
-784978
-784996
-784997
-785003
-785005
-785029
-785091
-785131
-785155
-785177
-785267
-785271
-785271
-785291
-785308
-785312
-785358
-785367
-785385
-785432
-785528
-785530
-785556
-785563
-785574
-785580
-785623
-785695
-785709
-785724
-785725
-785733
-785735
-785742
-785753
-785769
-785776
-785779
-785792
-785804
-785820
-785848
-785890
-785906
-785939
-785946
-785951
-785962
-786001
-786019
-786071
-786071
-786088
-786099
-786105
-786107
-786126
-786155
-786156
-786163
-786200
-786203
-786208
-786231
-786231
-786286
-786290
-786303
-786320
-786391
-786392
-786421
-786448
-786494
-786521
-786526
-786593
-786604
-786619
-786630
-786640
-786643
-786657
-786689
-786690
-786710
-786711
-786775
-786809
-786823
-786833
-786834
-786834
-786838
-786856
-786865
-786903
-786904
-786961
-787033
-787042
-787049
-787057
-787078
-787088
-787098
-787120
-787156
-787161
-787184
-787205
-787243
-787262
-787293
-787322
-787329
-787346
-787348
-787357
-787367
-787384
-787391
-787447
-787456
-787457
-787479
-787497
-787510
-787512
-787526
-787568
-787575
-787581
-787585
-787586
-787606
-787627
-787684
-787712
-787759
-787782
-787793
-787803
-787820
-787830
-787849
-787851
-787884
-787907
-787928
-788026
-788038
-788078
-788080
-788083
-788098
-788121
-788127
-788128
-788132
-788150
-788153
-788173
-788198
-788202
-788297
-788304
-788307
-788321
-788351
-788363
-788388
-788411
-788412
-788420
-788423
-788490
-788504
-788544
-788560
-788565
-788574
-788583
-788600
-788601
-788670
-788673
-788688
-788701
-788703
-788750
-788770
-788785
-788840
-788869
-788870
-788874
-788877
-788895
-788913
-788916
-788917
-788926
-788975
-788990
-789080
-789090
-789106
-789145
-789193
-789224
-789244
-789250
-789280
-789305
-789307
-789320
-789330
-789347
-789378
-789460
-789493
-789522
-789531
-789536
-789539
-789539
-789562
-789655
-789669
-789688
-789752
-789753
-789757
-789784
-789789
-789835
-789835
-789907
-789909
-789917
-789917
-789961
-789963
-789964
-789990
-790059
-790119
-790131
-790149
-790224
-790224
-790239
-790252
-790252
-790260
-790276
-790310
-790315
-790358
-790375
-790422
-790423
-790441
-790530
-790546
-790557
-790563
-790570
-790580
-790625
-790682
-790686
-790693
-790703
-790709
-790759
-790762
-790765
-790799
-790836
-790886
-790892
-790915
-790922
-790925
-790929
-790936
-790947
-790991
-791005
-791053
-791055
-791058
-791062
-791063
-791069
-791130
-791131
-791166
-791173
-791199
-791209
-791238
-791239
-791297
-791297
-791366
-791396
-791400
-791437
-791443
-791480
-791491
-791519
-791554
-791568
-791603
-791604
-791625
-791664
-791677
-791697
-791704
-791733
-791769
-791772
-791780
-791784
-791786
-791812
-791821
-791830
-791873
-791891
-791898
-791923
-791986
-791986
-791990
-792003
-792020
-792031
-792103
-792157
-792187
-792202
-792209
-792231
-792238
-792286
-792294
-792295
-792305
-792329
-792353
-792383
-792387
-792401
-792403
-792407
-792414
-792435
-792459
-792484
-792504
-792554
-792609
-792620
-792641
-792645
-792660
-792686
-792702
-792739
-792745
-792756
-792760
-792817
-792851
-792882
-792888
-792890
-792925
-792927
-792947
-792957
-792988
-793012
-793035
-793070
-793074
-793095
-793100
-793155
-793171
-793179
-793189
-793192
-793213
-793222
-793280
-793287
-793311
-793316
-793329
-793330
-793360
-793370
-793408
-793412
-793420
-793471
-793472
-793529
-793538
-793543
-793563
-793576
-793616
-793631
-793678
-793681
-793683
-793685
-793686
-793712
-793718
-793755
-793816
-793818
-793844
-793891
-793909
-793912
-793949
-793982
-793983
-793985
-793989
-794056
-794110
-794155
-794230
-794257
-794289
-794299
-794317
-794345
-794345
-794349
-794363
-794397
-794415
-794480
-794593
-794601
-794634
-794637
-794648
-794663
-794705
-794707
-794722
-794819
-794925
-794962
-795047
-795077
-795085
-795086
-795096
-795096
-795100
-795103
-795114
-795115
-795175
-795176
-795191
-795205
-795213
-795216
-795228
-795249
-795263
-795309
-795312
-795348
-795348
-795365
-795378
-795403
-795406
-795439
-795441
-795463
-795474
-795478
-795483
-795502
-795506
-795518
-795531
-795534
-795536
-795551
-795573
-795578
-795605
-795652
-795660
-795666
-795668
-795671
-795690
-795698
-795714
-795747
-795758
-795767
-795774
-795781
-795814
-795840
-795872
-795886
-795891
-795949
-795983
-796033
-796033
-796035
-796056
-796064
-796112
-796128
-796129
-796137
-796145
-796150
-796175
-796184
-796186
-796226
-796245
-796245
-796252
-796280
-796304
-796305
-796315
-796320
-796339
-796340
-796343
-796344
-796348
-796354
-796358
-796376
-796376
-796418
-796423
-796428
-796466
-796497
-796527
-796584
-796600
-796626
-796668
-796700
-796703
-796713
-796726
-796731
-796749
-796763
-796779
-796815
-796881
-796914
-796916
-796925
-796934
-796957
-796982
-796993
-797036
-797044
-797088
-797149
-797171
-797174
-797185
-797209
-797219
-797224
-797228
-797234
-797253
-797283
-797298
-797322
-797332
-797353
-797356
-797370
-797437
-797443
-797446
-797471
-797476
-797512
-797548
-797561
-797570
-797587
-797606
-797628
-797634
-797695
-797703
-797721
-797736
-797756
-797773
-797783
-797784
-797784
-797789
-797802
-797812
-797816
-797828
-797831
-797836
-797841
-797843
-797846
-797865
-797910
-797916
-797987
-797988
-797996
-798002
-798031
-798038
-798063
-798098
-798133
-798142
-798155
-798163
-798183
-798187
-798202
-798213
-798216
-798217
-798239
-798241
-798287
-798292
-798298
-798346
-798365
-798401
-798409
-798416
-798457
-798459
-798497
-798548
-798552
-798553
-798565
-798566
-798571
-798592
-798598
-798620
-798629
-798667
-798703
-798704
-798765
-798816
-798816
-798861
-798865
-798888
-798898
-798913
-798930
-798983
-798990
-799023
-799047
-799059
-799076
-799109
-799162
-799198
-799215
-799222
-799242
-799247
-799262
-799270
-799288
-799475
-799488
-799500
-799511
-799513
-799550
-799559
-799565
-799597
-799678
-799680
-799697
-799713
-799751
-799770
-799770
-799819
-799860
-799868
-799912
-799931
-799938
-799968
-799980
-800018
-800022
-800041
-800070
-800073
-800081
-800086
-800099
-800104
-800119
-800126
-800148
-800175
-800193
-800204
-800206
-800217
-800241
-800253
-800270
-800313
-800318
-800338
-800358
-800389
-800461
-800471
-800511
-800518
-800530
-800541
-800550
-800584
-800634
-800650
-800697
-800721
-800721
-800768
-800768
-800777
-800795
-800811
-800823
-800845
-800853
-800858
-800859
-800864
-800877
-800877
-800887
-800895
-800914
-800917
-800936
-800948
-800956
-800965
-801004
-801025
-801038
-801053
-801064
-801073
-801103
-801108
-801127
-801128
-801202
-801209
-801211
-801230
-801305
-801336
-801342
-801351
-801358
-801373
-801377
-801383
-801391
-801405
-801408
-801439
-801454
-801484
-801506
-801508
-801530
-801550
-801555
-801575
-801591
-801593
-801597
-801597
-801649
-801655
-801658
-801662
-801677
-801684
-801706
-801712
-801753
-801765
-801780
-801820
-801838
-801844
-801845
-801848
-801871
-801880
-801917
-801948
-801950
-801964
-801984
-802004
-802007
-802057
-802060
-802112
-802120
-802173
-802190
-802198
-802231
-802237
-802239
-802250
-802295
-802310
-802339
-802352
-802374
-802397
-802455
-802484
-802487
-802518
-802550
-802559
-802560
-802568
-802574
-802642
-802645
-802646
-802663
-802673
-802675
-802691
-802699
-802703
-802703
-802706
-802708
-802749
-802822
-802838
-802863
-802864
-802868
-802893
-802956
-802963
-802964
-802975
-803022
-803073
-803075
-803083
-803108
-803132
-803136
-803143
-803179
-803217
-803236
-803260
-803306
-803321
-803337
-803358
-803374
-803389
-803399
-803416
-803466
-803473
-803474
-803474
-803480
-803539
-803573
-803595
-803632
-803649
-803654
-803662
-803667
-803680
-803682
-803704
-803711
-803714
-803721
-803765
-803780
-803848
-803905
-803923
-803975
-803984
-803986
-804018
-804046
-804071
-804121
-804129
-804140
-804143
-804153
-804165
-804190
-804205
-804253
-804347
-804351
-804386
-804390
-804400
-804419
-804449
-804452
-804496
-804509
-804509
-804511
-804539
-804540
-804546
-804552
-804560
-804585
-804612
-804621
-804639
-804659
-804691
-804703
-804718
-804738
-804745
-804757
-804767
-804786
-804792
-804808
-804827
-804839
-804846
-804859
-804889
-804910
-804943
-804967
-804969
-804974
-804974
-805017
-805066
-805074
-805081
-805089
-805093
-805187
-805194
-805209
-805238
-805245
-805248
-805249
-805318
-805336
-805353
-805374
-805380
-805383
-805383
-805388
-805395
-805416
-805424
-805437
-805449
-805465
-805476
-805486
-805518
-805521
-805547
-805563
-805576
-805607
-805624
-805653
-805678
-805679
-805684
-805700
-805701
-805742
-805769
-805795
-805797
-805819
-805862
-805874
-805891
-805915
-805941
-805983
-805991
-806001
-806052
-806055
-806057
-806119
-806132
-806132
-806143
-806160
-806168
-806182
-806206
-806206
-806226
-806290
-806341
-806343
-806379
-806394
-806396
-806414
-806432
-806440
-806444
-806445
-806489
-806497
-806520
-806524
-806524
-806532
-806532
-806542
-806557
-806560
-806593
-806596
-806626
-806633
-806641
-806673
-806712
-806726
-806792
-806796
-806815
-806850
-806852
-806859
-806865
-806865
-806872
-806879
-806909
-806951
-806951
-806958
-806985
-807005
-807027
-807031
-807033
-807040
-807083
-807113
-807126
-807131
-807151
-807171
-807187
-807194
-807219
-807230
-807258
-807301
-807311
-807351
-807358
-807371
-807414
-807419
-807445
-807458
-807463
-807483
-807501
-807502
-807519
-807526
-807565
-807611
-807615
-807674
-807675
-807686
-807705
-807731
-807798
-807801
-807807
-807810
-807823
-807843
-807877
-807906
-807936
-807993
-807997
-808013
-808039
-808056
-808104
-808178
-808189
-808202
-808221
-808266
-808280
-808297
-808300
-808309
-808326
-808347
-808363
-808371
-808378
-808382
-808398
-808433
-808436
-808456
-808461
-808486
-808528
-808538
-808543
-808580
-808640
-808650
-808651
-808673
-808678
-808704
-808707
-808730
-808733
-808735
-808747
-808751
-808768
-808786
-808813
-808843
-808855
-808861
-808884
-808884
-808895
-808930
-808939
-808944
-808946
-808955
-808967
-808970
-808972
-808979
-808981
-809030
-809031
-809034
-809043
-809053
-809062
-809084
-809091
-809093
-809095
-809113
-809131
-809147
-809197
-809256
-809317
-809342
-809350
-809393
-809465
-809470
-809471
-809480
-809494
-809497
-809509
-809526
-809534
-809563
-809615
-809657
-809669
-809673
-809683
-809696
-809718
-809730
-809746
-809751
-809792
-809801
-809817
-809820
-809823
-809826
-809850
-809866
-809868
-809881
-809927
-809936
-809962
-809993
-810007
-810007
-810034
-810066
-810116
-810131
-810139
-810146
-810172
-810182
-810224
-810228
-810238
-810270
-810310
-810314
-810322
-810328
-810352
-810393
-810430
-810446
-810504
-810543
-810561
-810590
-810600
-810603
-810626
-810650
-810656
-810661
-810663
-810689
-810712
-810727
-810733
-810746
-810746
-810762
-810819
-810828
-810840
-810856
-810865
-810865
-810876
-810906
-810911
-810937
-810948
-810951
-810952
-810977
-811000
-811006
-811078
-811098
-811103
-811114
-811122
-811152
-811169
-811185
-811188
-811190
-811199
-811202
-811244
-811289
-811295
-811299
-811307
-811307
-811320
-811339
-811344
-811369
-811374
-811392
-811399
-811403
-811420
-811431
-811435
-811456
-811474
-811483
-811515
-811516
-811568
-811581
-811594
-811613
-811624
-811658
-811708
-811708
-811719
-811756
-811794
-811802
-811850
-811875
-811919
-811954
-811959
-812005
-812006
-812014
-812017
-812018
-812021
-812028
-812139
-812177
-812218
-812224
-812243
-812252
-812252
-812260
-812261
-812278
-812278
-812304
-812315
-812329
-812342
-812344
-812361
-812401
-812443
-812450
-812463
-812466
-812468
-812484
-812591
-812615
-812628
-812676
-812723
-812746
-812764
-812782
-812788
-812797
-812859
-812871
-812885
-812886
-812894
-812906
-812929
-812943
-812976
-812990
-813027
-813067
-813095
-813100
-813166
-813204
-813212
-813286
-813329
-813330
-813355
-813369
-813412
-813413
-813432
-813488
-813500
-813526
-813533
-813570
-813602
-813607
-813635
-813642
-813651
-813657
-813659
-813678
-813696
-813729
-813749
-813778
-813781
-813818
-813864
-813903
-813933
-813933
-813975
-813981
-814016
-814017
-814043
-814055
-814064
-814144
-814149
-814186
-814202
-814239
-814243
-814248
-814270
-814313
-814344
-814360
-814387
-814405
-814410
-814418
-814422
-814436
-814479
-814494
-814509
-814512
-814514
-814554
-814557
-814560
-814682
-814683
-814695
-814710
-814727
-814862
-814892
-814893
-814920
-814947
-814955
-814973
-814986
-814995
-814996
-814997
-815057
-815069
-815095
-815117
-815122
-815141
-815151
-815156
-815166
-815168
-815175
-815205
-815214
-815218
-815234
-815275
-815311
-815311
-815352
-815363
-815363
-815365
-815379
-815398
-815399
-815400
-815422
-815423
-815437
-815497
-815498
-815529
-815535
-815558
-815578
-815589
-815592
-815642
-815654
-815663
-815672
-815672
-815672
-815704
-815718
-815719
-815719
-815720
-815742
-815753
-815763
-815784
-815793
-815799
-815840
-815866
-815868
-815873
-815874
-815888
-815903
-815905
-815935
-815937
-815962
-815965
-816000
-816004
-816006
-816021
-816031
-816039
-816047
-816065
-816087
-816096
-816110
-816115
-816119
-816140
-816140
-816176
-816246
-816259
-816279
-816295
-816297
-816298
-816300
-816302
-816320
-816354
-816396
-816460
-816505
-816505
-816513
-816515
-816539
-816565
-816609
-816609
-816664
-816670
-816682
-816727
-816743
-816748
-816772
-816784
-816851
-816864
-816884
-816910
-816925
-816969
-817022
-817029
-817031
-817072
-817076
-817095
-817116
-817162
-817197
-817286
-817319
-817331
-817332
-817334
-817372
-817410
-817441
-817473
-817556
-817571
-817577
-817579
-817595
-817611
-817618
-817625
-817630
-817631
-817649
-817653
-817690
-817708
-817730
-817732
-817738
-817788
-817794
-817802
-817809
-817824
-817827
-817856
-817874
-817910
-817955
-817992
-818005
-818008
-818014
-818038
-818039
-818063
-818078
-818078
-818099
-818125
-818166
-818190
-818196
-818216
-818221
-818232
-818253
-818285
-818287
-818295
-818307
-818317
-818319
-818395
-818407
-818419
-818437
-818472
-818534
-818561
-818574
-818592
-818593
-818598
-818604
-818616
-818619
-818621
-818622
-818652
-818662
-818668
-818673
-818694
-818709
-818740
-818776
-818797
-818822
-818824
-818827
-818846
-818851
-818854
-818862
-818890
-818915
-818931
-818951
-819031
-819052
-819052
-819072
-819099
-819111
-819124
-819135
-819153
-819184
-819232
-819266
-819288
-819291
-819292
-819306
-819310
-819343
-819377
-819390
-819405
-819408
-819418
-819423
-819426
-819437
-819445
-819446
-819454
-819487
-819506
-819507
-819561
-819590
-819632
-819635
-819636
-819658
-819660
-819705
-819743
-819776
-819799
-819802
-819812
-819855
-819859
-819872
-819884
-819889
-819909
-819910
-819920
-819981
-820015
-820026
-820040
-820081
-820111
-820167
-820200
-820280
-820291
-820351
-820365
-820441
-820447
-820496
-820507
-820521
-820527
-820528
-820547
-820563
-820565
-820581
-820597
-820629
-820637
-820645
-820683
-820694
-820694
-820717
-820724
-820763
-820788
-820798
-820807
-820819
-820842
-820843
-820855
-820868
-820898
-820908
-820915
-820972
-820975
-821024
-821063
-821089
-821091
-821113
-821131
-821149
-821149
-821158
-821164
-821172
-821174
-821199
-821219
-821231
-821244
-821251
-821269
-821271
-821294
-821303
-821309
-821343
-821344
-821364
-821368
-821411
-821432
-821486
-821501
-821506
-821534
-821553
-821560
-821560
-821593
-821603
-821627
-821669
-821682
-821712
-821723
-821732
-821751
-821757
-821780
-821794
-821811
-821811
-821820
-821828
-821834
-821850
-821866
-821885
-821904
-821935
-821940
-821961
-822000
-822008
-822033
-822041
-822051
-822060
-822063
-822070
-822082
-822086
-822137
-822159
-822164
-822197
-822210
-822256
-822305
-822314
-822364
-822405
-822445
-822461
-822490
-822589
-822594
-822632
-822638
-822643
-822660
-822660
-822668
-822686
-822707
-822733
-822744
-822758
-822771
-822771
-822772
-822773
-822781
-822821
-822835
-822842
-822880
-822898
-822937
-822987
-822991
-823005
-823033
-823046
-823057
-823058
-823080
-823096
-823101
-823114
-823120
-823150
-823154
-823162
-823208
-823231
-823236
-823265
-823284
-823295
-823297
-823300
-823306
-823321
-823326
-823371
-823422
-823426
-823431
-823439
-823482
-823487
-823517
-823533
-823540
-823560
-823568
-823572
-823586
-823626
-823702
-823703
-823712
-823733
-823737
-823745
-823754
-823783
-823795
-823797
-823826
-823853
-823859
-823895
-823898
-823902
-823924
-823929
-823941
-823950
-823974
-823980
-823997
-824009
-824009
-824029
-824086
-824101
-824105
-824123
-824128
-824131
-824152
-824156
-824164
-824166
-824195
-824207
-824221
-824250
-824253
-824258
-824263
-824272
-824295
-824339
-824394
-824400
-824411
-824415
-824462
-824512
-824516
-824520
-824528
-824542
-824555
-824562
-824585
-824591
-824595
-824608
-824622
-824629
-824642
-824647
-824648
-824688
-824696
-824702
-824706
-824714
-824723
-824735
-824767
-824784
-824791
-824808
-824815
-824870
-824903
-824965
-824971
-824974
-824983
-825023
-825040
-825044
-825066
-825071
-825095
-825104
-825125
-825146
-825158
-825158
-825182
-825186
-825230
-825270
-825294
-825296
-825367
-825375
-825435
-825481
-825483
-825488
-825490
-825529
-825533
-825534
-825537
-825586
-825595
-825742
-825750
-825757
-825776
-825797
-825801
-825841
-825842
-825862
-825877
-825898
-825920
-825946
-825958
-826004
-826005
-826014
-826047
-826060
-826061
-826073
-826080
-826082
-826108
-826124
-826151
-826172
-826174
-826187
-826196
-826215
-826231
-826235
-826246
-826297
-826303
-826334
-826346
-826365
-826366
-826376
-826384
-826394
-826415
-826427
-826427
-826463
-826470
-826487
-826498
-826502
-826532
-826563
-826578
-826589
-826607
-826622
-826626
-826674
-826681
-826713
-826728
-826754
-826780
-826808
-826813
-826815
-826828
-826847
-826881
-826886
-826904
-826923
-826924
-826925
-826953
-827009
-827039
-827041
-827047
-827051
-827061
-827064
-827107
-827111
-827139
-827175
-827218
-827262
-827282
-827286
-827348
-827392
-827409
-827419
-827444
-827450
-827458
-827489
-827501
-827506
-827545
-827557
-827612
-827632
-827646
-827667
-827681
-827700
-827772
-827804
-827843
-827856
-827896
-827909
-828049
-828065
-828093
-828094
-828117
-828160
-828161
-828165
-828170
-828187
-828199
-828232
-828300
-828304
-828345
-828369
-828394
-828425
-828457
-828496
-828526
-828542
-828558
-828582
-828614
-828642
-828687
-828689
-828699
-828723
-828726
-828737
-828740
-828814
-828818
-828835
-828839
-828842
-828854
-828857
-828874
-828876
-828876
-828891
-828906
-828920
-828927
-828933
-828982
-829006
-829027
-829041
-829048
-829071
-829110
-829111
-829139
-829145
-829170
-829188
-829191
-829208
-829211
-829211
-829222
-829233
-829245
-829247
-829258
-829263
-829276
-829306
-829408
-829413
-829460
-829469
-829488
-829496
-829510
-829515
-829521
-829530
-829539
-829546
-829564
-829580
-829615
-829656
-829690
-829693
-829711
-829745
-829786
-829802
-829809
-829815
-829825
-829831
-829843
-829850
-829855
-829873
-829895
-829918
-829934
-829960
-829984
-830002
-830013
-830026
-830029
-830029
-830068
-830073
-830082
-830136
-830157
-830161
-830177
-830200
-830205
-830217
-830222
-830301
-830307
-830312
-830314
-830327
-830349
-830370
-830385
-830412
-830428
-830428
-830446
-830456
-830478
-830489
-830499
-830502
-830510
-830532
-830563
-830592
-830601
-830609
-830644
-830648
-830655
-830695
-830710
-830717
-830718
-830720
-830722
-830729
-830744
-830751
-830754
-830769
-830778
-830818
-830836
-830850
-830882
-830919
-830957
-831012
-831029
-831076
-831084
-831097
-831101
-831112
-831115
-831130
-831130
-831132
-831138
-831179
-831228
-831289
-831337
-831343
-831349
-831352
-831368
-831418
-831425
-831439
-831446
-831497
-831553
-831595
-831634
-831665
-831665
-831712
-831804
-831815
-831822
-831838
-831847
-831850
-831855
-831855
-831865
-831876
-831895
-831896
-832035
-832109
-832109
-832128
-832158
-832169
-832180
-832220
-832236
-832260
-832270
-832310
-832320
-832343
-832344
-832362
-832370
-832376
-832392
-832402
-832408
-832440
-832454
-832462
-832464
-832501
-832508
-832521
-832525
-832537
-832543
-832545
-832577
-832583
-832596
-832603
-832614
-832651
-832688
-832695
-832705
-832707
-832775
-832791
-832794
-832834
-832847
-832889
-832905
-832925
-832941
-832942
-832968
-832973
-832996
-833042
-833074
-833097
-833105
-833189
-833196
-833250
-833260
-833315
-833327
-833342
-833367
-833368
-833380
-833440
-833463
-833473
-833497
-833564
-833617
-833622
-833626
-833631
-833652
-833682
-833695
-833706
-833726
-833740
-833740
-833751
-833764
-833774
-833781
-833806
-833831
-833868
-833879
-833880
-833914
-833920
-833967
-834005
-834041
-834064
-834128
-834140
-834182
-834208
-834225
-834229
-834254
-834292
-834303
-834402
-834419
-834431
-834437
-834444
-834486
-834520
-834526
-834569
-834577
-834620
-834625
-834626
-834627
-834627
-834634
-834637
-834639
-834682
-834689
-834771
-834771
-834783
-834831
-834852
-834877
-834894
-834912
-834930
-834983
-835021
-835035
-835039
-835064
-835070
-835144
-835145
-835169
-835201
-835202
-835213
-835217
-835223
-835239
-835366
-835368
-835393
-835397
-835403
-835436
-835461
-835481
-835495
-835499
-835500
-835523
-835542
-835548
-835560
-835579
-835585
-835613
-835616
-835628
-835657
-835671
-835695
-835735
-835747
-835753
-835765
-835765
-835775
-835789
-835790
-835851
-835851
-835858
-835927
-835946
-835953
-835976
-836011
-836012
-836014
-836047
-836054
-836056
-836074
-836076
-836083
-836115
-836127
-836136
-836163
-836165
-836181
-836191
-836193
-836215
-836222
-836224
-836235
-836270
-836283
-836317
-836321
-836350
-836354
-836357
-836362
-836366
-836377
-836378
-836424
-836434
-836437
-836445
-836453
-836490
-836546
-836550
-836552
-836566
-836569
-836585
-836589
-836591
-836601
-836626
-836643
-836643
-836664
-836725
-836727
-836745
-836762
-836774
-836774
-836814
-836822
-836823
-836852
-836898
-836907
-836921
-836948
-836953
-836972
-837033
-837043
-837062
-837066
-837077
-837082
-837100
-837117
-837143
-837146
-837163
-837183
-837183
-837185
-837185
-837233
-837236
-837253
-837279
-837285
-837328
-837360
-837370
-837391
-837421
-837440
-837462
-837483
-837511
-837514
-837552
-837587
-837623
-837668
-837709
-837711
-837715
-837726
-837824
-837855
-837883
-837895
-837915
-837935
-837946
-837992
-837999
-838007
-838014
-838020
-838053
-838070
-838071
-838095
-838105
-838157
-838183
-838212
-838216
-838273
-838299
-838310
-838319
-838348
-838353
-838355
-838359
-838360
-838370
-838389
-838417
-838451
-838464
-838469
-838481
-838486
-838491
-838517
-838537
-838563
-838566
-838568
-838581
-838586
-838605
-838627
-838640
-838643
-838650
-838651
-838664
-838665
-838690
-838706
-838715
-838721
-838726
-838727
-838744
-838751
-838776
-838780
-838812
-838850
-838856
-838864
-838876
-838887
-838899
-838900
-838923
-838934
-838970
-838986
-838998
-839012
-839032
-839043
-839079
-839099
-839156
-839239
-839246
-839282
-839294
-839366
-839367
-839371
-839419
-839439
-839458
-839521
-839523
-839560
-839561
-839564
-839574
-839585
-839619
-839632
-839651
-839653
-839663
-839700
-839722
-839754
-839758
-839808
-839810
-839862
-839887
-839891
-839903
-839930
-839940
-839951
-839980
-840023
-840060
-840069
-840076
-840081
-840095
-840104
-840157
-840160
-840170
-840175
-840208
-840248
-840250
-840318
-840396
-840444
-840460
-840460
-840467
-840482
-840484
-840497
-840501
-840507
-840508
-840529
-840575
-840576
-840592
-840594
-840611
-840620
-840657
-840661
-840677
-840679
-840681
-840693
-840716
-840716
-840742
-840757
-840761
-840811
-840822
-840836
-840874
-840921
-840950
-840962
-840963
-840993
-841016
-841025
-841046
-841048
-841055
-841065
-841071
-841127
-841131
-841148
-841199
-841233
-841282
-841311
-841313
-841322
-841342
-841380
-841412
-841461
-841470
-841517
-841522
-841526
-841551
-841552
-841576
-841577
-841593
-841598
-841629
-841675
-841700
-841704
-841711
-841761
-841777
-841780
-841790
-841796
-841796
-841822
-841869
-841899
-841910
-841916
-841934
-841934
-842010
-842011
-842035
-842045
-842049
-842068
-842096
-842102
-842105
-842106
-842160
-842180
-842220
-842255
-842259
-842264
-842278
-842281
-842285
-842340
-842342
-842348
-842349
-842382
-842452
-842460
-842495
-842505
-842509
-842524
-842529
-842535
-842546
-842580
-842582
-842602
-842646
-842664
-842669
-842722
-842760
-842775
-842809
-842810
-842813
-842818
-842833
-842874
-842933
-842947
-842961
-842961
-842990
-843029
-843032
-843051
-843085
-843120
-843160
-843184
-843186
-843222
-843254
-843263
-843264
-843265
-843295
-843296
-843320
-843338
-843350
-843354
-843364
-843370
-843442
-843456
-843502
-843547
-843550
-843555
-843566
-843583
-843593
-843604
-843610
-843652
-843653
-843679
-843687
-843717
-843726
-843740
-843854
-843893
-843893
-843895
-843899
-843941
-843954
-843991
-844019
-844027
-844079
-844096
-844149
-844206
-844214
-844238
-844242
-844280
-844331
-844368
-844374
-844415
-844437
-844489
-844520
-844538
-844540
-844577
-844579
-844598
-844606
-844612
-844666
-844756
-844780
-844851
-844859
-844872
-844872
-844877
-844893
-844904
-844958
-844976
-844994
-845099
-845101
-845124
-845147
-845172
-845249
-845257
-845305
-845332
-845351
-845364
-845387
-845397
-845400
-845405
-845417
-845426
-845444
-845479
-845534
-845544
-845548
-845613
-845629
-845650
-845650
-845680
-845691
-845709
-845722
-845729
-845730
-845748
-845757
-845802
-845805
-845850
-845885
-845945
-845969
-845972
-845981
-845982
-845999
-846005
-846014
-846020
-846108
-846110
-846131
-846164
-846187
-846210
-846226
-846246
-846285
-846292
-846294
-846316
-846330
-846342
-846353
-846368
-846429
-846458
-846470
-846492
-846528
-846553
-846562
-846574
-846582
-846607
-846624
-846636
-846723
-846732
-846777
-846791
-846799
-846800
-846801
-846833
-846844
-846919
-846919
-846941
-846952
-846976
-847014
-847032
-847054
-847055
-847058
-847080
-847124
-847134
-847159
-847178
-847207
-847214
-847218
-847244
-847279
-847306
-847310
-847313
-847320
-847354
-847370
-847376
-847380
-847390
-847399
-847401
-847413
-847435
-847454
-847454
-847474
-847475
-847477
-847488
-847508
-847512
-847568
-847579
-847603
-847613
-847614
-847631
-847640
-847640
-847656
-847669
-847676
-847684
-847690
-847695
-847703
-847709
-847713
-847739
-847758
-847776
-847777
-847834
-847835
-847841
-847874
-847877
-847917
-847967
-848003
-848004
-848011
-848020
-848039
-848082
-848134
-848148
-848174
-848212
-848221
-848291
-848298
-848338
-848391
-848417
-848454
-848455
-848462
-848479
-848498
-848499
-848528
-848533
-848551
-848592
-848592
-848643
-848688
-848696
-848745
-848761
-848762
-848769
-848775
-848780
-848810
-848839
-848872
-848876
-848924
-848951
-848960
-848975
-848991
-848997
-849007
-849028
-849048
-849051
-849074
-849095
-849114
-849120
-849140
-849184
-849223
-849263
-849312
-849321
-849350
-849356
-849358
-849361
-849362
-849366
-849392
-849426
-849445
-849452
-849489
-849518
-849555
-849571
-849612
-849615
-849624
-849637
-849644
-849661
-849679
-849694
-849710
-849713
-849753
-849784
-849785
-849788
-849792
-849804
-849805
-849815
-849865
-849877
-849910
-849938
-849944
-849985
-849985
-850005
-850064
-850065
-850088
-850100
-850101
-850140
-850155
-850172
-850201
-850212
-850214
-850235
-850236
-850250
-850267
-850276
-850278
-850318
-850327
-850331
-850345
-850385
-850390
-850495
-850498
-850528
-850534
-850535
-850552
-850555
-850574
-850609
-850636
-850660
-850671
-850722
-850727
-850732
-850737
-850759
-850769
-850791
-850796
-850807
-850808
-850828
-850832
-850852
-850863
-850870
-850945
-850948
-850949
-850962
-850978
-850996
-851021
-851029
-851030
-851056
-851064
-851071
-851114
-851119
-851201
-851209
-851216
-851254
-851254
-851256
-851268
-851290
-851292
-851336
-851372
-851386
-851407
-851421
-851425
-851462
-851481
-851484
-851491
-851495
-851504
-851527
-851548
-851565
-851609
-851649
-851737
-851756
-851763
-851792
-851798
-851809
-851818
-851822
-851868
-851871
-851887
-851902
-851910
-851940
-851994
-852021
-852026
-852090
-852209
-852246
-852258
-852280
-852316
-852317
-852323
-852328
-852384
-852438
-852472
-852521
-852521
-852532
-852538
-852548
-852562
-852571
-852576
-852607
-852619
-852650
-852669
-852700
-852707
-852718
-852733
-852767
-852812
-852814
-852824
-852887
-852890
-852890
-852890
-852899
-852924
-852940
-852946
-852956
-852960
-852982
-852999
-853015
-853023
-853040
-853049
-853131
-853135
-853137
-853176
-853190
-853221
-853248
-853265
-853273
-853277
-853284
-853311
-853323
-853327
-853347
-853359
-853383
-853408
-853425
-853450
-853492
-853539
-853544
-853568
-853570
-853571
-853629
-853669
-853695
-853697
-853721
-853731
-853749
-853749
-853766
-853790
-853792
-853795
-853819
-853854
-853857
-853880
-853889
-853896
-853910
-853918
-853949
-853953
-853975
-853981
-853986
-853994
-854030
-854075
-854080
-854096
-854143
-854149
-854150
-854154
-854155
-854164
-854202
-854211
-854215
-854222
-854236
-854417
-854448
-854490
-854512
-854541
-854585
-854636
-854642
-854682
-854687
-854707
-854735
-854768
-854789
-854801
-854824
-854847
-854851
-854916
-854974
-854977
-854978
-855003
-855009
-855010
-855134
-855181
-855231
-855250
-855275
-855286
-855303
-855304
-855318
-855344
-855345
-855382
-855392
-855455
-855496
-855503
-855521
-855538
-855538
-855570
-855590
-855647
-855684
-855710
-855748
-855749
-855758
-855776
-855777
-855778
-855827
-855830
-855872
-855873
-855874
-855877
-855924
-855974
-855986
-856037
-856038
-856041
-856053
-856054
-856082
-856133
-856145
-856194
-856236
-856263
-856266
-856298
-856308
-856333
-856334
-856338
-856385
-856389
-856415
-856419
-856419
-856442
-856451
-856459
-856475
-856476
-856495
-856525
-856550
-856550
-856556
-856564
-856567
-856612
-856624
-856631
-856639
-856659
-856679
-856692
-856715
-856729
-856741
-856783
-856796
-856810
-856818
-856819
-856897
-856916
-856918
-856942
-856948
-856982
-857006
-857012
-857024
-857063
-857138
-857157
-857167
-857173
-857181
-857182
-857183
-857183
-857194
-857200
-857214
-857216
-857223
-857231
-857232
-857282
-857283
-857308
-857316
-857329
-857359
-857392
-857402
-857411
-857416
-857467
-857493
-857498
-857509
-857531
-857534
-857556
-857556
-857557
-857576
-857583
-857610
-857639
-857655
-857655
-857691
-857697
-857705
-857735
-857742
-857750
-857785
-857843
-857850
-857860
-857887
-857897
-857967
-857982
-857991
-857992
-858064
-858094
-858109
-858110
-858121
-858129
-858133
-858230
-858270
-858279
-858291
-858308
-858308
-858392
-858400
-858410
-858417
-858453
-858474
-858500
-858525
-858559
-858585
-858594
-858596
-858616
-858644
-858659
-858665
-858666
-858671
-858694
-858701
-858705
-858729
-858734
-858760
-858766
-858772
-858790
-858898
-858929
-858931
-858949
-858990
-858992
-859001
-859028
-859078
-859121
-859139
-859148
-859153
-859153
-859171
-859207
-859231
-859258
-859275
-859290
-859298
-859311
-859314
-859336
-859354
-859356
-859356
-859360
-859397
-859424
-859446
-859476
-859488
-859490
-859495
-859531
-859542
-859542
-859557
-859558
-859566
-859570
-859599
-859643
-859648
-859664
-859665
-859683
-859711
-859727
-859784
-859798
-859799
-859802
-859843
-859866
-859889
-859893
-859913
-859964
-859971
-859997
-860011
-860014
-860024
-860024
-860070
-860070
-860118
-860133
-860151
-860189
-860202
-860244
-860256
-860264
-860271
-860313
-860314
-860317
-860317
-860341
-860363
-860363
-860445
-860467
-860479
-860485
-860497
-860499
-860518
-860575
-860583
-860608
-860637
-860656
-860706
-860757
-860766
-860781
-860788
-860801
-860835
-860850
-860858
-860893
-860899
-860912
-860944
-860977
-860983
-861002
-861018
-861042
-861053
-861074
-861076
-861086
-861115
-861125
-861167
-861177
-861182
-861191
-861195
-861199
-861227
-861228
-861244
-861273
-861305
-861307
-861327
-861375
-861380
-861383
-861407
-861420
-861428
-861454
-861455
-861519
-861544
-861570
-861581
-861584
-861592
-861604
-861609
-861615
-861626
-861626
-861629
-861635
-861649
-861656
-861657
-861732
-861789
-861858
-861877
-861947
-861973
-862020
-862045
-862083
-862118
-862141
-862194
-862216
-862232
-862272
-862287
-862292
-862318
-862320
-862351
-862355
-862384
-862436
-862459
-862467
-862515
-862521
-862523
-862527
-862639
-862645
-862648
-862651
-862654
-862668
-862723
-862748
-862770
-862855
-862964
-862975
-862978
-862982
-862989
-862997
-863017
-863018
-863059
-863092
-863093
-863094
-863108
-863116
-863146
-863160
-863203
-863217
-863229
-863229
-863237
-863268
-863299
-863303
-863350
-863351
-863360
-863391
-863408
-863426
-863433
-863451
-863459
-863461
-863479
-863596
-863599
-863621
-863622
-863638
-863666
-863669
-863711
-863754
-863757
-863792
-863794
-863802
-863802
-863819
-863826
-863876
-863879
-863900
-863911
-863990
-863991
-863992
-864048
-864088
-864113
-864142
-864150
-864164
-864236
-864265
-864294
-864305
-864317
-864331
-864336
-864356
-864380
-864419
-864436
-864477
-864487
-864501
-864501
-864522
-864627
-864655
-864693
-864750
-864829
-864837
-864853
-864875
-864878
-864893
-864980
-865025
-865029
-865043
-865060
-865060
-865099
-865099
-865131
-865135
-865141
-865157
-865158
-865161
-865177
-865247
-865274
-865288
-865302
-865315
-865339
-865340
-865364
-865370
-865382
-865408
-865424
-865531
-865586
-865657
-865666
-865673
-865682
-865697
-865771
-865775
-865777
-865782
-865785
-865801
-865803
-865810
-865820
-865828
-865837
-865850
-865899
-865914
-865937
-865973
-865981
-866064
-866069
-866074
-866074
-866075
-866097
-866103
-866135
-866210
-866219
-866229
-866243
-866270
-866272
-866286
-866341
-866350
-866354
-866361
-866362
-866379
-866438
-866444
-866465
-866498
-866508
-866508
-866522
-866525
-866569
-866572
-866656
-866678
-866710
-866713
-866723
-866758
-866759
-866817
-866823
-866828
-866850
-866871
-866888
-866919
-866921
-866934
-866941
-866955
-866966
-866969
-866970
-867010
-867053
-867067
-867120
-867142
-867157
-867160
-867168
-867193
-867230
-867257
-867260
-867261
-867269
-867293
-867296
-867318
-867337
-867346
-867371
-867371
-867400
-867423
-867434
-867446
-867474
-867483
-867492
-867527
-867543
-867575
-867584
-867624
-867628
-867638
-867648
-867662
-867672
-867712
-867736
-867748
-867758
-867785
-867794
-867797
-867846
-867877
-867888
-867947
-867947
-867949
-867967
-867991
-868028
-868040
-868119
-868123
-868152
-868165
-868178
-868224
-868262
-868273
-868301
-868323
-868339
-868343
-868351
-868378
-868391
-868398
-868449
-868451
-868459
-868467
-868522
-868531
-868540
-868542
-868544
-868569
-868576
-868576
-868602
-868609
-868613
-868638
-868647
-868653
-868675
-868690
-868696
-868710
-868727
-868737
-868754
-868764
-868776
-868806
-868824
-868824
-868830
-868842
-868860
-868870
-868903
-868955
-868998
-869013
-869015
-869080
-869096
-869117
-869121
-869129
-869151
-869165
-869223
-869229
-869262
-869265
-869267
-869287
-869297
-869344
-869407
-869441
-869448
-869484
-869489
-869493
-869507
-869509
-869510
-869538
-869553
-869555
-869583
-869584
-869639
-869645
-869650
-869682
-869687
-869707
-869742
-869787
-869809
-869822
-869884
-869912
-869951
-869974
-869998
-870008
-870015
-870019
-870024
-870029
-870093
-870099
-870113
-870138
-870154
-870155
-870162
-870178
-870230
-870232
-870242
-870246
-870261
-870267
-870325
-870362
-870374
-870409
-870410
-870447
-870453
-870467
-870470
-870486
-870528
-870532
-870558
-870596
-870598
-870617
-870688
-870693
-870730
-870735
-870772
-870797
-870852
-870859
-870872
-870908
-870975
-871026
-871038
-871039
-871043
-871056
-871068
-871102
-871103
-871110
-871125
-871142
-871150
-871150
-871159
-871204
-871213
-871217
-871234
-871248
-871283
-871285
-871285
-871312
-871329
-871414
-871435
-871436
-871442
-871450
-871490
-871491
-871536
-871538
-871541
-871557
-871583
-871591
-871609
-871611
-871613
-871632
-871635
-871668
-871708
-871719
-871769
-871785
-871822
-871831
-871875
-871935
-871962
-871972
-871983
-871999
-872003
-872015
-872047
-872117
-872133
-872137
-872145
-872197
-872217
-872235
-872256
-872290
-872308
-872371
-872372
-872402
-872415
-872427
-872461
-872655
-872661
-872705
-872718
-872729
-872744
-872762
-872769
-872792
-872859
-872883
-872889
-872910
-872942
-872944
-872967
-872970
-872970
-872976
-872981
-872987
-873015
-873016
-873020
-873063
-873083
-873146
-873146
-873156
-873189
-873195
-873207
-873208
-873221
-873239
-873243
-873251
-873300
-873317
-873322
-873344
-873363
-873401
-873456
-873457
-873464
-873535
-873576
-873595
-873613
-873644
-873704
-873705
-873707
-873723
-873757
-873783
-873877
-873895
-873917
-873960
-873961
-873975
-874023
-874046
-874053
-874096
-874135
-874160
-874177
-874207
-874250
-874269
-874312
-874328
-874341
-874343
-874345
-874347
-874414
-874459
-874471
-874472
-874475
-874515
-874544
-874549
-874564
-874579
-874584
-874601
-874606
-874686
-874692
-874730
-874767
-874783
-874786
-874804
-874807
-874810
-874858
-874865
-874899
-874913
-874928
-874932
-874934
-874993
-874999
-875018
-875026
-875028
-875060
-875061
-875073
-875113
-875123
-875148
-875165
-875187
-875224
-875251
-875253
-875256
-875265
-875283
-875287
-875288
-875338
-875357
-875390
-875400
-875413
-875413
-875465
-875478
-875489
-875519
-875531
-875533
-875557
-875558
-875565
-875614
-875654
-875654
-875716
-875720
-875731
-875754
-875766
-875775
-875790
-875816
-875845
-875860
-875870
-875922
-875942
-876003
-876057
-876069
-876082
-876094
-876133
-876136
-876142
-876150
-876156
-876176
-876184
-876189
-876196
-876212
-876222
-876234
-876247
-876274
-876301
-876316
-876322
-876329
-876332
-876335
-876392
-876393
-876397
-876402
-876419
-876444
-876452
-876461
-876463
-876466
-876488
-876523
-876524
-876530
-876552
-876563
-876566
-876587
-876676
-876710
-876731
-876769
-876772
-876792
-876796
-876804
-876826
-876840
-876845
-876871
-876948
-876958
-876975
-877000
-877038
-877038
-877039
-877042
-877062
-877074
-877090
-877092
-877104
-877111
-877143
-877158
-877161
-877168
-877245
-877249
-877258
-877258
-877286
-877315
-877318
-877323
-877361
-877387
-877399
-877421
-877435
-877444
-877471
-877512
-877531
-877573
-877588
-877673
-877679
-877682
-877683
-877715
-877717
-877795
-877795
-877819
-877823
-877842
-877870
-877901
-877907
-877925
-877952
-877968
-877984
-878002
-878034
-878066
-878092
-878122
-878178
-878227
-878228
-878238
-878240
-878240
-878247
-878247
-878262
-878262
-878268
-878288
-878291
-878296
-878316
-878326
-878333
-878370
-878375
-878379
-878393
-878396
-878399
-878424
-878424
-878509
-878585
-878592
-878682
-878693
-878695
-878713
-878714
-878724
-878792
-878819
-878847
-878884
-878891
-878906
-878961
-878993
-878996
-879117
-879126
-879136
-879146
-879171
-879183
-879226
-879244
-879256
-879262
-879268
-879282
-879349
-879422
-879437
-879461
-879465
-879479
-879509
-879522
-879524
-879529
-879581
-879594
-879608
-879634
-879695
-879700
-879705
-879706
-879733
-879736
-879758
-879769
-879778
-879779
-879794
-879836
-879843
-879861
-879927
-879949
-879976
-880013
-880024
-880072
-880074
-880110
-880120
-880138
-880140
-880141
-880156
-880163
-880175
-880190
-880194
-880213
-880252
-880259
-880277
-880314
-880323
-880326
-880341
-880379
-880388
-880442
-880451
-880473
-880477
-880482
-880530
-880534
-880542
-880548
-880622
-880627
-880630
-880661
-880700
-880722
-880753
-880753
-880787
-880809
-880818
-880822
-880828
-880856
-880858
-880899
-880903
-880908
-880914
-880951
-880970
-880974
-880987
-880991
-880996
-881003
-881030
-881041
-881065
-881092
-881170
-881268
-881270
-881360
-881435
-881455
-881493
-881494
-881520
-881554
-881640
-881643
-881647
-881662
-881683
-881747
-881824
-881866
-881906
-881917
-881938
-881946
-881957
-881965
-882020
-882022
-882034
-882044
-882079
-882103
-882121
-882122
-882134
-882211
-882211
-882222
-882227
-882229
-882236
-882242
-882247
-882254
-882256
-882286
-882286
-882299
-882301
-882327
-882385
-882392
-882401
-882420
-882457
-882473
-882512
-882531
-882545
-882550
-882551
-882560
-882573
-882590
-882616
-882618
-882629
-882642
-882643
-882684
-882718
-882719
-882726
-882746
-882782
-882802
-882812
-882858
-882881
-882917
-882948
-882954
-882956
-882976
-882993
-883043
-883047
-883050
-883058
-883061
-883065
-883095
-883097
-883100
-883106
-883142
-883186
-883199
-883203
-883211
-883215
-883263
-883263
-883332
-883344
-883353
-883442
-883443
-883500
-883556
-883602
-883671
-883673
-883676
-883685
-883701
-883709
-883758
-883768
-883771
-883796
-883800
-883818
-883850
-883863
-883886
-883936
-883952
-883984
-883987
-884035
-884043
-884052
-884061
-884100
-884127
-884142
-884184
-884220
-884235
-884260
-884261
-884276
-884282
-884309
-884331
-884333
-884335
-884351
-884353
-884356
-884362
-884409
-884414
-884452
-884453
-884463
-884484
-884484
-884488
-884504
-884529
-884551
-884554
-884554
-884557
-884573
-884589
-884608
-884624
-884665
-884692
-884751
-884778
-884784
-884787
-884860
-884860
-884872
-884876
-884893
-884903
-884909
-884924
-884966
-884967
-885011
-885033
-885034
-885038
-885045
-885070
-885089
-885126
-885140
-885145
-885151
-885165
-885168
-885170
-885171
-885196
-885196
-885206
-885215
-885220
-885222
-885293
-885324
-885325
-885345
-885354
-885405
-885431
-885512
-885526
-885542
-885559
-885560
-885575
-885602
-885624
-885631
-885646
-885649
-885659
-885714
-885723
-885753
-885763
-885783
-885797
-885808
-885836
-885851
-885881
-885885
-885901
-885907
-885934
-885966
-885997
-886004
-886020
-886030
-886067
-886118
-886134
-886149
-886149
-886172
-886172
-886243
-886263
-886268
-886319
-886323
-886353
-886370
-886390
-886426
-886450
-886458
-886478
-886495
-886522
-886526
-886544
-886639
-886688
-886694
-886699
-886702
-886722
-886751
-886765
-886803
-886810
-886818
-886838
-886841
-886847
-886891
-886929
-886935
-886983
-886990
-887015
-887073
-887091
-887116
-887129
-887135
-887141
-887153
-887157
-887160
-887165
-887183
-887196
-887200
-887218
-887234
-887237
-887246
-887297
-887326
-887369
-887418
-887456
-887463
-887471
-887486
-887554
-887574
-887581
-887608
-887610
-887633
-887654
-887693
-887721
-887747
-887767
-887772
-887780
-887796
-887817
-887825
-887831
-887831
-887860
-887862
-887884
-887891
-887910
-887915
-887936
-887945
-887954
-887975
-887997
-888045
-888068
-888074
-888076
-888106
-888120
-888166
-888174
-888182
-888202
-888218
-888218
-888235
-888240
-888252
-888291
-888312
-888370
-888392
-888408
-888464
-888468
-888477
-888600
-888618
-888650
-888710
-888716
-888720
-888743
-888768
-888772
-888786
-888796
-888797
-888805
-888808
-888832
-888839
-888841
-888868
-888874
-888877
-888908
-888923
-888929
-888936
-888949
-888951
-888993
-888996
-889069
-889074
-889085
-889099
-889106
-889109
-889124
-889134
-889145
-889204
-889258
-889259
-889373
-889376
-889429
-889440
-889482
-889497
-889502
-889510
-889545
-889575
-889662
-889704
-889738
-889749
-889758
-889768
-889785
-889806
-889810
-889837
-889850
-889881
-889898
-889932
-889936
-889947
-889966
-889985
-890006
-890017
-890044
-890073
-890084
-890107
-890120
-890123
-890125
-890149
-890179
-890202
-890228
-890243
-890266
-890269
-890273
-890294
-890301
-890334
-890343
-890369
-890376
-890384
-890398
-890419
-890421
-890461
-890481
-890487
-890491
-890510
-890519
-890543
-890553
-890566
-890567
-890587
-890621
-890659
-890699
-890737
-890745
-890749
-890765
-890790
-890796
-890803
-890815
-890815
-890837
-890847
-890890
-890891
-890907
-890917
-890930
-890939
-890951
-890966
-890999
-891010
-891038
-891100
-891122
-891138
-891145
-891150
-891159
-891186
-891198
-891227
-891240
-891249
-891253
-891277
-891283
-891342
-891357
-891371
-891372
-891416
-891418
-891432
-891433
-891471
-891489
-891557
-891560
-891583
-891586
-891647
-891652
-891669
-891683
-891687
-891751
-891796
-891885
-891891
-891902
-891904
-891911
-891923
-891925
-891926
-891932
-891956
-891980
-891999
-892012
-892016
-892027
-892049
-892050
-892064
-892100
-892102
-892106
-892109
-892115
-892127
-892137
-892144
-892146
-892150
-892182
-892198
-892204
-892250
-892267
-892279
-892372
-892407
-892408
-892412
-892417
-892424
-892427
-892429
-892450
-892451
-892452
-892454
-892454
-892460
-892511
-892562
-892580
-892597
-892618
-892636
-892645
-892657
-892673
-892695
-892780
-892810
-892815
-892834
-892838
-892851
-892901
-892910
-892911
-892916
-892919
-892922
-892928
-892961
-892967
-892973
-892976
-892977
-892997
-893015
-893066
-893075
-893086
-893115
-893117
-893120
-893124
-893128
-893175
-893182
-893202
-893240
-893255
-893293
-893315
-893325
-893358
-893370
-893389
-893394
-893414
-893421
-893436
-893481
-893492
-893494
-893535
-893537
-893581
-893603
-893619
-893636
-893656
-893668
-893685
-893700
-893746
-893763
-893769
-893777
-893846
-893848
-893857
-893915
-893928
-893929
-893959
-893963
-893969
-893988
-893989
-894021
-894034
-894103
-894130
-894140
-894181
-894184
-894201
-894203
-894238
-894246
-894257
-894263
-894264
-894267
-894277
-894308
-894316
-894326
-894331
-894398
-894429
-894437
-894452
-894467
-894471
-894490
-894520
-894520
-894530
-894568
-894574
-894601
-894631
-894654
-894659
-894697
-894714
-894759
-894781
-894797
-894806
-894809
-894810
-894827
-894829
-894830
-894917
-894922
-894941
-894990
-895012
-895028
-895040
-895060
-895078
-895105
-895115
-895152
-895162
-895178
-895186
-895187
-895195
-895197
-895229
-895260
-895283
-895288
-895328
-895342
-895344
-895347
-895361
-895364
-895371
-895372
-895402
-895461
-895463
-895482
-895491
-895493
-895519
-895538
-895540
-895560
-895566
-895570
-895577
-895609
-895627
-895627
-895686
-895716
-895735
-895746
-895755
-895756
-895756
-895763
-895774
-895880
-895920
-895967
-895972
-895973
-896055
-896066
-896078
-896161
-896176
-896177
-896207
-896215
-896246
-896247
-896276
-896352
-896381
-896390
-896393
-896411
-896424
-896433
-896503
-896508
-896518
-896547
-896562
-896566
-896571
-896582
-896593
-896597
-896606
-896611
-896618
-896649
-896675
-896677
-896692
-896710
-896761
-896781
-896783
-896796
-896800
-896842
-896862
-896864
-896865
-896885
-896913
-896960
-896968
-896980
-897019
-897063
-897104
-897134
-897218
-897228
-897232
-897250
-897263
-897269
-897295
-897314
-897325
-897333
-897355
-897358
-897369
-897405
-897413
-897443
-897474
-897524
-897531
-897543
-897565
-897586
-897645
-897651
-897654
-897659
-897661
-897691
-897711
-897769
-897771
-897787
-897824
-897826
-897831
-897832
-897870
-897903
-897935
-897937
-897965
-897973
-897983
-897994
-898020
-898085
-898095
-898118
-898138
-898167
-898168
-898168
-898208
-898223
-898263
-898276
-898289
-898296
-898300
-898303
-898341
-898357
-898358
-898375
-898377
-898389
-898403
-898434
-898453
-898516
-898523
-898524
-898548
-898557
-898601
-898617
-898623
-898642
-898658
-898670
-898675
-898682
-898705
-898728
-898734
-898745
-898749
-898753
-898754
-898792
-898809
-898827
-898835
-898847
-898850
-898852
-898867
-898894
-899060
-899087
-899133
-899163
-899193
-899207
-899227
-899252
-899272
-899286
-899324
-899328
-899341
-899397
-899404
-899413
-899414
-899435
-899462
-899485
-899492
-899525
-899547
-899568
-899589
-899589
-899601
-899637
-899647
-899648
-899653
-899684
-899701
-899715
-899767
-899806
-899835
-899909
-899931
-899943
-899972
-899989
-899993
-899994
-900022
-900044
-900076
-900079
-900088
-900099
-900107
-900198
-900231
-900263
-900280
-900316
-900323
-900331
-900341
-900372
-900379
-900392
-900415
-900420
-900430
-900437
-900461
-900488
-900502
-900504
-900509
-900541
-900574
-900595
-900599
-900625
-900635
-900641
-900666
-900668
-900670
-900709
-900797
-900819
-900844
-900847
-900851
-900854
-900855
-900870
-900919
-900938
-900981
-900993
-901030
-901031
-901053
-901062
-901071
-901131
-901166
-901193
-901200
-901222
-901233
-901288
-901290
-901365
-901409
-901411
-901432
-901441
-901450
-901463
-901464
-901472
-901486
-901496
-901534
-901535
-901549
-901566
-901660
-901662
-901672
-901682
-901709
-901721
-901749
-901753
-901756
-901814
-901819
-901830
-901847
-901875
-901918
-901918
-901927
-901949
-901959
-901966
-901978
-901995
-902001
-902007
-902034
-902051
-902073
-902098
-902105
-902105
-902105
-902131
-902154
-902202
-902245
-902252
-902332
-902334
-902349
-902368
-902370
-902383
-902455
-902456
-902459
-902475
-902601
-902624
-902688
-902712
-902724
-902743
-902765
-902767
-902854
-902886
-902908
-902910
-902913
-902913
-902944
-902950
-902954
-902963
-902965
-902967
-903010
-903016
-903035
-903065
-903081
-903101
-903149
-903160
-903161
-903163
-903179
-903197
-903221
-903227
-903273
-903312
-903328
-903337
-903342
-903353
-903374
-903400
-903532
-903532
-903544
-903557
-903587
-903609
-903618
-903655
-903670
-903677
-903734
-903759
-903774
-903783
-903828
-903839
-903863
-903874
-903954
-903954
-903956
-903962
-903967
-903989
-903990
-904010
-904026
-904062
-904073
-904104
-904105
-904161
-904171
-904191
-904213
-904236
-904255
-904278
-904292
-904305
-904326
-904327
-904364
-904377
-904404
-904428
-904438
-904460
-904464
-904503
-904529
-904531
-904534
-904542
-904557
-904573
-904640
-904671
-904686
-904691
-904763
-904781
-904825
-904852
-904889
-904898
-904916
-904949
-904949
-904960
-904962
-904974
-905013
-905083
-905110
-905120
-905129
-905141
-905149
-905190
-905280
-905324
-905345
-905411
-905463
-905503
-905505
-905512
-905513
-905514
-905537
-905556
-905566
-905583
-905583
-905609
-905615
-905626
-905630
-905636
-905642
-905653
-905655
-905663
-905691
-905709
-905726
-905735
-905759
-905775
-905796
-905801
-905826
-905828
-905836
-905856
-905862
-905901
-905919
-905935
-905951
-905974
-905978
-906051
-906063
-906099
-906109
-906114
-906137
-906183
-906190
-906224
-906242
-906263
-906287
-906288
-906297
-906318
-906380
-906390
-906396
-906471
-906507
-906539
-906550
-906581
-906598
-906652
-906661
-906699
-906712
-906735
-906737
-906738
-906739
-906742
-906839
-906853
-906859
-906872
-906926
-906934
-906939
-907043
-907061
-907102
-907106
-907107
-907128
-907151
-907179
-907201
-907204
-907209
-907240
-907242
-907242
-907279
-907284
-907301
-907317
-907339
-907348
-907350
-907394
-907435
-907457
-907509
-907518
-907568
-907585
-907587
-907602
-907604
-907632
-907640
-907692
-907742
-907772
-907794
-907814
-907844
-907864
-907884
-907897
-907943
-907950
-907960
-907995
-908021
-908066
-908074
-908092
-908106
-908120
-908205
-908247
-908254
-908270
-908271
-908280
-908281
-908285
-908296
-908305
-908316
-908337
-908356
-908457
-908465
-908469
-908494
-908495
-908498
-908503
-908530
-908584
-908606
-908615
-908616
-908629
-908681
-908691
-908693
-908707
-908718
-908743
-908756
-908757
-908805
-908863
-908867
-908905
-908954
-908956
-908962
-908963
-909006
-909013
-909024
-909033
-909046
-909049
-909078
-909095
-909104
-909117
-909121
-909150
-909175
-909176
-909179
-909228
-909251
-909265
-909281
-909295
-909317
-909327
-909348
-909380
-909388
-909403
-909445
-909499
-909506
-909510
-909528
-909538
-909540
-909558
-909584
-909592
-909634
-909637
-909660
-909670
-909681
-909684
-909704
-909704
-909705
-909728
-909768
-909773
-909795
-909827
-909854
-909914
-909934
-909934
-910013
-910026
-910037
-910055
-910080
-910093
-910096
-910117
-910118
-910130
-910145
-910158
-910179
-910258
-910270
-910320
-910332
-910339
-910418
-910470
-910491
-910492
-910529
-910551
-910608
-910619
-910626
-910677
-910681
-910698
-910716
-910742
-910756
-910807
-910825
-910830
-910856
-910862
-910916
-910934
-910985
-911004
-911014
-911014
-911092
-911112
-911157
-911190
-911201
-911221
-911221
-911248
-911258
-911262
-911270
-911271
-911289
-911297
-911307
-911308
-911310
-911322
-911340
-911375
-911446
-911454
-911525
-911548
-911591
-911605
-911660
-911698
-911728
-911740
-911769
-911786
-911862
-911880
-911883
-911919
-911928
-911956
-911972
-912002
-912011
-912028
-912028
-912033
-912034
-912100
-912105
-912111
-912123
-912123
-912137
-912138
-912139
-912144
-912150
-912154
-912182
-912184
-912220
-912254
-912257
-912298
-912324
-912324
-912339
-912359
-912374
-912375
-912377
-912379
-912395
-912442
-912475
-912542
-912549
-912552
-912574
-912607
-912623
-912627
-912642
-912644
-912666
-912710
-912733
-912748
-912749
-912764
-912828
-912873
-912879
-912893
-912907
-912985
-913025
-913032
-913042
-913055
-913058
-913063
-913099
-913112
-913132
-913140
-913158
-913177
-913206
-913210
-913264
-913268
-913274
-913289
-913297
-913308
-913313
-913320
-913342
-913388
-913392
-913408
-913420
-913429
-913436
-913509
-913574
-913640
-913743
-913768
-913786
-913792
-913807
-913847
-913850
-913851
-913917
-913948
-913969
-913979
-913979
-914009
-914020
-914040
-914052
-914063
-914066
-914068
-914078
-914085
-914157
-914158
-914208
-914283
-914286
-914301
-914302
-914310
-914338
-914349
-914349
-914354
-914399
-914404
-914421
-914462
-914482
-914504
-914519
-914526
-914560
-914570
-914593
-914612
-914636
-914638
-914644
-914661
-914689
-914714
-914723
-914725
-914765
-914785
-914805
-914811
-914817
-914850
-914949
-914964
-914973
-915021
-915055
-915076
-915101
-915122
-915136
-915199
-915230
-915233
-915250
-915259
-915284
-915293
-915307
-915319
-915381
-915385
-915388
-915390
-915410
-915418
-915441
-915448
-915460
-915474
-915504
-915516
-915557
-915595
-915637
-915680
-915680
-915687
-915689
-915690
-915695
-915706
-915717
-915759
-915761
-915763
-915792
-915811
-915866
-915868
-915873
-915897
-915927
-915940
-915945
-915998
-916033
-916038
-916048
-916054
-916056
-916119
-916126
-916128
-916146
-916246
-916270
-916295
-916338
-916356
-916357
-916393
-916401
-916407
-916456
-916463
-916541
-916566
-916573
-916576
-916579
-916596
-916602
-916612
-916627
-916630
-916666
-916725
-916742
-916806
-916830
-916836
-916864
-916899
-916908
-916913
-916957
-916971
-916984
-917010
-917053
-917112
-917162
-917172
-917172
-917197
-917213
-917219
-917233
-917301
-917305
-917330
-917355
-917365
-917381
-917395
-917401
-917403
-917409
-917443
-917470
-917476
-917481
-917514
-917522
-917542
-917552
-917555
-917557
-917583
-917583
-917614
-917640
-917640
-917678
-917681
-917689
-917691
-917726
-917734
-917764
-917791
-917811
-917816
-917821
-917875
-917878
-917926
-917966
-917988
-918012
-918024
-918041
-918046
-918049
-918069
-918123
-918147
-918151
-918165
-918195
-918257
-918258
-918260
-918266
-918267
-918274
-918277
-918296
-918330
-918343
-918365
-918381
-918384
-918387
-918423
-918440
-918498
-918519
-918547
-918562
-918584
-918586
-918648
-918672
-918683
-918702
-918709
-918762
-918843
-918849
-918862
-918862
-918889
-918902
-918929
-918938
-918946
-918980
-919011
-919029
-919035
-919044
-919053
-919076
-919129
-919134
-919141
-919170
-919197
-919232
-919258
-919265
-919271
-919280
-919283
-919291
-919331
-919356
-919363
-919403
-919414
-919416
-919428
-919503
-919508
-919519
-919525
-919552
-919559
-919612
-919748
-919763
-919766
-919766
-919769
-919786
-919802
-919803
-919811
-919884
-919892
-919950
-919961
-920011
-920023
-920042
-920042
-920055
-920119
-920125
-920130
-920132
-920146
-920166
-920184
-920186
-920193
-920221
-920244
-920263
-920304
-920327
-920353
-920376
-920379
-920406
-920424
-920439
-920446
-920458
-920476
-920488
-920529
-920567
-920595
-920598
-920638
-920640
-920641
-920657
-920683
-920684
-920697
-920707
-920708
-920729
-920847
-920861
-920922
-920929
-920980
-920982
-920990
-921027
-921030
-921043
-921112
-921112
-921116
-921146
-921147
-921147
-921205
-921212
-921221
-921254
-921280
-921293
-921340
-921341
-921394
-921442
-921451
-921486
-921490
-921536
-921542
-921584
-921590
-921599
-921605
-921611
-921620
-921633
-921640
-921671
-921691
-921694
-921709
-921721
-921725
-921736
-921745
-921755
-921758
-921769
-921845
-921859
-921880
-921883
-921905
-921908
-921962
-921990
-922015
-922017
-922046
-922057
-922059
-922094
-922127
-922164
-922170
-922194
-922197
-922202
-922206
-922231
-922240
-922253
-922275
-922288
-922296
-922304
-922306
-922342
-922354
-922364
-922369
-922377
-922411
-922415
-922446
-922453
-922479
-922483
-922550
-922553
-922573
-922582
-922638
-922641
-922642
-922680
-922695
-922720
-922734
-922775
-922778
-922803
-922808
-922811
-922815
-922827
-922861
-922861
-922862
-922863
-922869
-922880
-922882
-922903
-922903
-922906
-922915
-922916
-922929
-922947
-922975
-923046
-923064
-923071
-923086
-923133
-923137
-923148
-923151
-923171
-923178
-923188
-923199
-923205
-923260
-923284
-923285
-923327
-923337
-923372
-923380
-923432
-923445
-923478
-923491
-923496
-923498
-923508
-923508
-923547
-923566
-923584
-923586
-923603
-923617
-923622
-923627
-923631
-923635
-923640
-923679
-923686
-923762
-923765
-923778
-923795
-923883
-923914
-923944
-923969
-923971
-924003
-924011
-924023
-924024
-924033
-924072
-924081
-924090
-924095
-924119
-924131
-924136
-924142
-924154
-924179
-924214
-924225
-924241
-924254
-924264
-924274
-924282
-924285
-924285
-924294
-924300
-924301
-924360
-924366
-924393
-924416
-924431
-924558
-924587
-924601
-924612
-924626
-924674
-924700
-924705
-924711
-924713
-924724
-924737
-924801
-924805
-924833
-924840
-924845
-924845
-924847
-924851
-924895
-924906
-924915
-924919
-924944
-924970
-924979
-925001
-925012
-925074
-925106
-925119
-925128
-925179
-925209
-925241
-925242
-925252
-925305
-925336
-925385
-925404
-925411
-925423
-925450
-925468
-925470
-925478
-925501
-925533
-925537
-925552
-925567
-925574
-925611
-925636
-925638
-925684
-925727
-925762
-925775
-925777
-925786
-925807
-925825
-925834
-925834
-925944
-925944
-925969
-925972
-925981
-926058
-926064
-926125
-926133
-926140
-926155
-926169
-926193
-926225
-926233
-926309
-926331
-926339
-926346
-926377
-926402
-926412
-926453
-926453
-926466
-926468
-926471
-926512
-926516
-926519
-926542
-926562
-926567
-926595
-926596
-926602
-926619
-926622
-926651
-926662
-926668
-926685
-926687
-926692
-926721
-926736
-926744
-926765
-926802
-926806
-926848
-926861
-926889
-926907
-926908
-926920
-926948
-927027
-927073
-927101
-927126
-927126
-927152
-927194
-927207
-927215
-927246
-927260
-927271
-927284
-927335
-927337
-927358
-927369
-927379
-927380
-927444
-927447
-927475
-927481
-927488
-927510
-927523
-927529
-927598
-927631
-927643
-927656
-927715
-927726
-927727
-927733
-927733
-927752
-927753
-927814
-927824
-927855
-927862
-927868
-927868
-927875
-927890
-927985
-928020
-928040
-928040
-928045
-928062
-928117
-928150
-928168
-928169
-928203
-928210
-928215
-928276
-928279
-928290
-928357
-928361
-928383
-928393
-928418
-928434
-928452
-928495
-928505
-928509
-928524
-928539
-928550
-928621
-928659
-928678
-928688
-928754
-928762
-928763
-928798
-928829
-928857
-928902
-928913
-929004
-929009
-929023
-929057
-929066
-929079
-929106
-929111
-929129
-929140
-929154
-929171
-929176
-929177
-929197
-929210
-929254
-929288
-929307
-929340
-929340
-929366
-929397
-929399
-929405
-929425
-929430
-929448
-929472
-929492
-929501
-929522
-929531
-929546
-929553
-929566
-929595
-929617
-929625
-929625
-929666
-929673
-929699
-929717
-929725
-929760
-929793
-929797
-929810
-929851
-929859
-929894
-929928
-929931
-929977
-929992
-930000
-930014
-930016
-930025
-930025
-930043
-930053
-930090
-930109
-930147
-930168
-930170
-930186
-930187
-930191
-930209
-930258
-930289
-930300
-930316
-930324
-930358
-930375
-930447
-930454
-930515
-930533
-930559
-930575
-930615
-930644
-930652
-930668
-930678
-930685
-930688
-930688
-930718
-930814
-930820
-930834
-930834
-930862
-930894
-930920
-930944
-930945
-930947
-930995
-930996
-930998
-931009
-931020
-931044
-931048
-931119
-931197
-931217
-931246
-931257
-931284
-931300
-931310
-931342
-931359
-931387
-931394
-931397
-931405
-931409
-931428
-931434
-931435
-931443
-931457
-931469
-931497
-931534
-931577
-931590
-931617
-931671
-931688
-931692
-931703
-931704
-931709
-931728
-931780
-931799
-931849
-931894
-931915
-931927
-931946
-931953
-931973
-932000
-932005
-932005
-932033
-932059
-932153
-932193
-932218
-932285
-932285
-932291
-932311
-932324
-932332
-932336
-932340
-932345
-932351
-932353
-932390
-932450
-932482
-932499
-932529
-932535
-932544
-932557
-932574
-932585
-932587
-932594
-932627
-932658
-932709
-932716
-932729
-932730
-932734
-932736
-932749
-932772
-932796
-932834
-932840
-932866
-932875
-932880
-932912
-932946
-932996
-933081
-933100
-933111
-933116
-933117
-933127
-933146
-933213
-933225
-933253
-933256
-933258
-933280
-933306
-933318
-933354
-933356
-933411
-933413
-933482
-933489
-933513
-933562
-933583
-933622
-933639
-933669
-933684
-933692
-933755
-933757
-933789
-933795
-933807
-933824
-933841
-933859
-933879
-933890
-933896
-933898
-933908
-933913
-933935
-933966
-933981
-933992
-933992
-933998
-934010
-934075
-934077
-934100
-934129
-934139
-934217
-934225
-934245
-934265
-934290
-934298
-934303
-934311
-934312
-934327
-934343
-934360
-934394
-934416
-934442
-934457
-934515
-934528
-934540
-934582
-934584
-934593
-934602
-934614
-934619
-934638
-934655
-934670
-934671
-934708
-934720
-934722
-934740
-934767
-934817
-934829
-934842
-934846
-934853
-934881
-934907
-934908
-934919
-934942
-934976
-934977
-934987
-935044
-935061
-935074
-935077
-935101
-935153
-935165
-935199
-935217
-935221
-935289
-935297
-935317
-935337
-935340
-935355
-935378
-935406
-935437
-935486
-935486
-935514
-935521
-935522
-935528
-935535
-935546
-935546
-935563
-935565
-935567
-935567
-935571
-935614
-935631
-935638
-935646
-935694
-935779
-935784
-935800
-935835
-935839
-935872
-935882
-935932
-935968
-935978
-935994
-936016
-936017
-936044
-936064
-936074
-936092
-936096
-936124
-936144
-936167
-936186
-936219
-936230
-936248
-936283
-936286
-936300
-936345
-936346
-936353
-936355
-936364
-936370
-936384
-936394
-936420
-936442
-936483
-936484
-936491
-936511
-936523
-936573
-936579
-936585
-936607
-936643
-936659
-936671
-936678
-936679
-936686
-936706
-936748
-936751
-936787
-936802
-936822
-936831
-936843
-936975
-936984
-937057
-937101
-937111
-937142
-937175
-937180
-937185
-937225
-937253
-937267
-937293
-937301
-937311
-937321
-937343
-937381
-937404
-937450
-937475
-937479
-937481
-937495
-937510
-937516
-937559
-937570
-937656
-937669
-937687
-937688
-937761
-937762
-937770
-937782
-937785
-937848
-937902
-937905
-937928
-937948
-937959
-937973
-937973
-937980
-937985
-938002
-938016
-938042
-938075
-938077
-938104
-938140
-938173
-938263
-938286
-938342
-938447
-938471
-938484
-938490
-938497
-938498
-938503
-938507
-938510
-938521
-938534
-938538
-938545
-938548
-938548
-938563
-938626
-938643
-938669
-938675
-938678
-938707
-938724
-938725
-938727
-938761
-938765
-938768
-938770
-938773
-938792
-938807
-938810
-938812
-938879
-938923
-938929
-938994
-939009
-939068
-939070
-939129
-939146
-939204
-939240
-939258
-939260
-939262
-939265
-939268
-939278
-939289
-939296
-939306
-939327
-939337
-939373
-939383
-939384
-939384
-939394
-939415
-939436
-939454
-939465
-939465
-939471
-939499
-939562
-939580
-939593
-939618
-939649
-939661
-939669
-939674
-939722
-939736
-939750
-939762
-939763
-939782
-939828
-939849
-939863
-939869
-939878
-939882
-939910
-939927
-940016
-940041
-940052
-940115
-940129
-940159
-940190
-940191
-940242
-940264
-940306
-940370
-940372
-940381
-940383
-940403
-940411
-940508
-940538
-940547
-940552
-940563
-940570
-940599
-940605
-940616
-940641
-940647
-940675
-940698
-940699
-940703
-940704
-940756
-940773
-940785
-940796
-940801
-940820
-940838
-940855
-940945
-940951
-940956
-940965
-940973
-940976
-940996
-941017
-941046
-941061
-941114
-941120
-941126
-941135
-941136
-941156
-941199
-941207
-941211
-941245
-941253
-941282
-941282
-941324
-941360
-941389
-941405
-941426
-941432
-941462
-941472
-941486
-941488
-941505
-941506
-941579
-941592
-941607
-941628
-941634
-941651
-941690
-941744
-941745
-941754
-941770
-941818
-941828
-941891
-941900
-941962
-941987
-941987
-941996
-942001
-942012
-942042
-942064
-942065
-942068
-942081
-942101
-942108
-942115
-942123
-942126
-942138
-942151
-942163
-942180
-942192
-942222
-942222
-942266
-942296
-942306
-942312
-942313
-942354
-942382
-942403
-942410
-942435
-942455
-942455
-942457
-942462
-942496
-942545
-942551
-942578
-942600
-942614
-942618
-942646
-942655
-942704
-942722
-942736
-942805
-942808
-942824
-942863
-942887
-942896
-942911
-942932
-942953
-942963
-942980
-942999
-943017
-943065
-943071
-943080
-943129
-943143
-943170
-943187
-943214
-943215
-943285
-943299
-943302
-943309
-943316
-943320
-943326
-943344
-943364
-943368
-943379
-943381
-943394
-943458
-943477
-943505
-943520
-943522
-943524
-943547
-943580
-943601
-943649
-943683
-943685
-943715
-943731
-943778
-943790
-943807
-943818
-943844
-943914
-943918
-943987
-944029
-944060
-944085
-944086
-944103
-944158
-944212
-944256
-944272
-944292
-944307
-944314
-944344
-944346
-944362
-944391
-944408
-944426
-944436
-944453
-944454
-944480
-944518
-944521
-944527
-944574
-944595
-944598
-944599
-944627
-944728
-944789
-944815
-944835
-944836
-944864
-944872
-944952
-944958
-944961
-944964
-944977
-944983
-944989
-944998
-945065
-945099
-945100
-945111
-945118
-945178
-945180
-945194
-945209
-945219
-945290
-945325
-945332
-945334
-945347
-945349
-945366
-945369
-945370
-945378
-945395
-945400
-945408
-945425
-945426
-945432
-945446
-945451
-945468
-945468
-945491
-945495
-945524
-945525
-945526
-945572
-945572
-945601
-945664
-945709
-945725
-945733
-945774
-945800
-945816
-945829
-945886
-945890
-945902
-945942
-945943
-945949
-945993
-945994
-945996
-946024
-946060
-946070
-946082
-946092
-946095
-946128
-946131
-946137
-946159
-946213
-946254
-946270
-946343
-946349
-946358
-946363
-946389
-946395
-946400
-946412
-946418
-946427
-946465
-946485
-946506
-946508
-946509
-946514
-946531
-946551
-946560
-946580
-946586
-946588
-946614
-946622
-946623
-946634
-946645
-946648
-946665
-946671
-946689
-946711
-946723
-946745
-946758
-946786
-946790
-946790
-946809
-946841
-946884
-946894
-946931
-946962
-947032
-947047
-947057
-947065
-947075
-947090
-947124
-947127
-947137
-947166
-947169
-947173
-947239
-947250
-947263
-947272
-947313
-947315
-947330
-947403
-947405
-947415
-947424
-947424
-947435
-947485
-947497
-947501
-947515
-947518
-947529
-947590
-947617
-947629
-947645
-947679
-947732
-947760
-947765
-947796
-947801
-947832
-947868
-947873
-947893
-947915
-947932
-947937
-947939
-947941
-947943
-947956
-947963
-947977
-947995
-948020
-948022
-948023
-948050
-948052
-948066
-948079
-948097
-948126
-948144
-948147
-948160
-948164
-948175
-948199
-948213
-948229
-948231
-948234
-948273
-948287
-948287
-948301
-948336
-948412
-948429
-948443
-948446
-948503
-948505
-948523
-948530
-948536
-948544
-948552
-948562
-948564
-948568
-948586
-948600
-948623
-948649
-948649
-948675
-948694
-948705
-948747
-948767
-948767
-948771
-948780
-948796
-948812
-948835
-948846
-948847
-948880
-948909
-948920
-948922
-948935
-948939
-948941
-949062
-949076
-949102
-949143
-949166
-949212
-949213
-949218
-949263
-949267
-949364
-949370
-949375
-949422
-949434
-949466
-949471
-949471
-949476
-949476
-949480
-949482
-949485
-949545
-949549
-949603
-949628
-949634
-949652
-949671
-949691
-949698
-949707
-949756
-949757
-949781
-949784
-949790
-949806
-949810
-949813
-949858
-949870
-949897
-949901
-949906
-950012
-950030
-950050
-950056
-950067
-950068
-950091
-950095
-950163
-950170
-950186
-950196
-950217
-950220
-950229
-950268
-950271
-950279
-950280
-950298
-950326
-950326
-950352
-950421
-950425
-950459
-950467
-950500
-950510
-950516
-950557
-950558
-950588
-950592
-950613
-950614
-950640
-950681
-950723
-950785
-950788
-950796
-950836
-950895
-950907
-950914
-950971
-951009
-951028
-951033
-951066
-951067
-951079
-951136
-951138
-951239
-951260
-951299
-951315
-951393
-951394
-951421
-951425
-951441
-951445
-951462
-951495
-951514
-951556
-951563
-951568
-951600
-951607
-951633
-951649
-951651
-951652
-951653
-951673
-951678
-951716
-951772
-951778
-951793
-951812
-951839
-951843
-951892
-951933
-951942
-951953
-951962
-951964
-951967
-951976
-952023
-952039
-952054
-952068
-952096
-952103
-952218
-952224
-952232
-952232
-952242
-952252
-952268
-952351
-952420
-952424
-952435
-952504
-952531
-952543
-952636
-952636
-952646
-952678
-952695
-952708
-952711
-952726
-952743
-952763
-952780
-952801
-952819
-952839
-952885
-952896
-952925
-952925
-952951
-952964
-952976
-952979
-952988
-952994
-953003
-953015
-953031
-953042
-953103
-953108
-953124
-953129
-953162
-953176
-953177
-953194
-953200
-953218
-953230
-953248
-953293
-953308
-953316
-953327
-953350
-953357
-953377
-953400
-953408
-953441
-953463
-953494
-953514
-953525
-953535
-953566
-953667
-953688
-953698
-953727
-953736
-953758
-953786
-953826
-953832
-953857
-953891
-953899
-953952
-953967
-953975
-954023
-954029
-954043
-954045
-954059
-954080
-954090
-954156
-954161
-954222
-954222
-954228
-954233
-954245
-954264
-954265
-954271
-954312
-954339
-954345
-954352
-954360
-954407
-954422
-954425
-954439
-954446
-954458
-954472
-954484
-954503
-954507
-954517
-954593
-954595
-954605
-954668
-954692
-954696
-954704
-954719
-954733
-954743
-954762
-954826
-954864
-954930
-954978
-955074
-955102
-955139
-955194
-955218
-955276
-955292
-955302
-955313
-955314
-955322
-955395
-955425
-955431
-955433
-955433
-955555
-955573
-955667
-955680
-955685
-955690
-955743
-955810
-955825
-955869
-955881
-955889
-955909
-955933
-955949
-955988
-956031
-956066
-956076
-956089
-956094
-956096
-956107
-956130
-956146
-956200
-956214
-956221
-956226
-956240
-956311
-956329
-956359
-956425
-956469
-956511
-956528
-956555
-956557
-956579
-956599
-956606
-956633
-956649
-956652
-956657
-956663
-956667
-956668
-956687
-956700
-956712
-956718
-956722
-956748
-956751
-956769
-956780
-956807
-956825
-956826
-956834
-956843
-956845
-956884
-956895
-956916
-956941
-956950
-956953
-956958
-956968
-956978
-956989
-956994
-957041
-957050
-957103
-957124
-957129
-957141
-957148
-957164
-957174
-957180
-957252
-957258
-957263
-957264
-957274
-957280
-957339
-957394
-957402
-957433
-957437
-957474
-957481
-957490
-957491
-957498
-957512
-957523
-957529
-957531
-957564
-957565
-957596
-957625
-957714
-957715
-957793
-957803
-957813
-957816
-957833
-957855
-957867
-957904
-957922
-957941
-957947
-957989
-958001
-958024
-958060
-958062
-958063
-958095
-958097
-958128
-958132
-958217
-958237
-958261
-958292
-958323
-958432
-958459
-958459
-958471
-958484
-958495
-958505
-958538
-958578
-958583
-958596
-958602
-958622
-958627
-958632
-958649
-958678
-958712
-958724
-958729
-958744
-958747
-958781
-958784
-958791
-958809
-958812
-958833
-958838
-958872
-958884
-958884
-958909
-958934
-958934
-958984
-959024
-959028
-959032
-959097
-959138
-959153
-959173
-959186
-959207
-959219
-959221
-959275
-959338
-959347
-959366
-959379
-959388
-959402
-959416
-959433
-959439
-959491
-959523
-959537
-959559
-959572
-959628
-959631
-959667
-959667
-959718
-959724
-959737
-959744
-959793
-959800
-959816
-959826
-959827
-959832
-959876
-959877
-959905
-959922
-959946
-959962
-959965
-960006
-960026
-960031
-960063
-960075
-960077
-960092
-960154
-960158
-960159
-960191
-960200
-960255
-960264
-960322
-960324
-960350
-960408
-960433
-960467
-960488
-960514
-960535
-960548
-960548
-960553
-960623
-960676
-960680
-960686
-960706
-960728
-960768
-960827
-960829
-960831
-960862
-960952
-961062
-961101
-961163
-961165
-961168
-961205
-961218
-961231
-961275
-961279
-961301
-961339
-961341
-961354
-961393
-961412
-961447
-961476
-961487
-961514
-961559
-961563
-961577
-961586
-961596
-961606
-961614
-961621
-961622
-961676
-961696
-961720
-961734
-961773
-961773
-961781
-961826
-961837
-961852
-961863
-961864
-961917
-961958
-961960
-961961
-961987
-962005
-962009
-962011
-962027
-962032
-962055
-962061
-962070
-962071
-962080
-962108
-962148
-962152
-962156
-962212
-962231
-962273
-962290
-962328
-962334
-962354
-962362
-962373
-962395
-962397
-962411
-962432
-962471
-962485
-962496
-962500
-962506
-962536
-962538
-962564
-962571
-962572
-962576
-962641
-962658
-962690
-962704
-962724
-962735
-962744
-962758
-962806
-962837
-962887
-962887
-962922
-962924
-962938
-962958
-962967
-963006
-963015
-963017
-963053
-963087
-963096
-963142
-963153
-963153
-963169
-963194
-963217
-963222
-963271
-963275
-963301
-963304
-963318
-963343
-963345
-963347
-963381
-963383
-963398
-963403
-963407
-963434
-963438
-963481
-963489
-963520
-963577
-963583
-963615
-963619
-963637
-963679
-963690
-963697
-963707
-963712
-963726
-963752
-963771
-963789
-963815
-963827
-963874
-963882
-963885
-963923
-963963
-963981
-964002
-964037
-964046
-964056
-964069
-964172
-964187
-964198
-964211
-964217
-964252
-964298
-964338
-964360
-964362
-964364
-964380
-964409
-964417
-964452
-964462
-964509
-964522
-964528
-964553
-964561
-964567
-964634
-964650
-964654
-964784
-964785
-964793
-964798
-964801
-964816
-964871
-964892
-964905
-964908
-964929
-964944
-964973
-964997
-965040
-965042
-965058
-965063
-965093
-965108
-965108
-965110
-965124
-965129
-965162
-965171
-965183
-965189
-965204
-965230
-965264
-965275
-965325
-965394
-965454
-965491
-965517
-965534
-965536
-965536
-965537
-965540
-965542
-965598
-965602
-965607
-965672
-965683
-965688
-965734
-965745
-965754
-965800
-965805
-965831
-965848
-965867
-965891
-965915
-965933
-965938
-965950
-965973
-965976
-965977
-965998
-966057
-966061
-966063
-966081
-966095
-966096
-966099
-966124
-966136
-966155
-966160
-966181
-966192
-966216
-966219
-966259
-966274
-966282
-966290
-966314
-966319
-966349
-966445
-966447
-966470
-966505
-966508
-966562
-966589
-966623
-966642
-966684
-966685
-966716
-966724
-966796
-966798
-966818
-966822
-966822
-966858
-966874
-966901
-966993
-967030
-967030
-967054
-967104
-967108
-967133
-967140
-967142
-967156
-967193
-967204
-967257
-967303
-967516
-967518
-967522
-967544
-967548
-967559
-967559
-967573
-967595
-967622
-967628
-967632
-967655
-967657
-967657
-967675
-967676
-967686
-967726
-967770
-967782
-967784
-967825
-967830
-967854
-967872
-967886
-967896
-967924
-967930
-967944
-967977
-967989
-968003
-968015
-968017
-968034
-968050
-968051
-968054
-968059
-968067
-968127
-968132
-968132
-968136
-968165
-968200
-968207
-968228
-968240
-968259
-968274
-968285
-968289
-968300
-968309
-968331
-968346
-968424
-968435
-968475
-968492
-968540
-968553
-968575
-968584
-968608
-968634
-968646
-968659
-968661
-968664
-968668
-968672
-968679
-968682
-968731
-968744
-968754
-968771
-968778
-968792
-968800
-968806
-968809
-968853
-968856
-968878
-968882
-968894
-968907
-968938
-968943
-968956
-968956
-968957
-968957
-968986
-969058
-969124
-969174
-969223
-969247
-969248
-969274
-969285
-969288
-969331
-969373
-969379
-969387
-969404
-969405
-969408
-969426
-969445
-969456
-969490
-969503
-969511
-969522
-969574
-969576
-969596
-969610
-969627
-969652
-969666
-969666
-969671
-969693
-969708
-969719
-969726
-969738
-969765
-969768
-969788
-969798
-969821
-969847
-969894
-969930
-969944
-969956
-969968
-969974
-969991
-970003
-970032
-970036
-970084
-970089
-970095
-970193
-970231
-970292
-970295
-970323
-970354
-970359
-970378
-970397
-970419
-970508
-970521
-970544
-970551
-970600
-970691
-970699
-970714
-970760
-970787
-970855
-970859
-970892
-970903
-970904
-970919
-970921
-970940
-970983
-971023
-971027
-971040
-971066
-971182
-971189
-971268
-971281
-971286
-971290
-971305
-971336
-971357
-971376
-971414
-971419
-971428
-971442
-971444
-971469
-971486
-971506
-971512
-971540
-971561
-971561
-971567
-971571
-971582
-971587
-971602
-971607
-971638
-971659
-971689
-971716
-971734
-971744
-971746
-971765
-971801
-971865
-971882
-971883
-971893
-971902
-971922
-971940
-971945
-971959
-971959
-971971
-971998
-972002
-972006
-972020
-972020
-972034
-972051
-972069
-972082
-972111
-972116
-972124
-972125
-972143
-972207
-972216
-972268
-972273
-972362
-972372
-972381
-972394
-972402
-972418
-972425
-972461
-972468
-972516
-972518
-972521
-972548
-972558
-972585
-972596
-972606
-972615
-972647
-972651
-972653
-972657
-972666
-972690
-972696
-972747
-972748
-972774
-972774
-972790
-972828
-972841
-972850
-972879
-972895
-972901
-972945
-972986
-973011
-973048
-973051
-973071
-973077
-973089
-973090
-973104
-973114
-973119
-973151
-973159
-973166
-973180
-973181
-973288
-973307
-973312
-973325
-973388
-973400
-973415
-973430
-973432
-973435
-973462
-973462
-973516
-973531
-973553
-973553
-973563
-973581
-973598
-973601
-973610
-973628
-973653
-973658
-973670
-973679
-973694
-973704
-973722
-973739
-973745
-973755
-973783
-973796
-973819
-973819
-973825
-973889
-973954
-974018
-974022
-974025
-974048
-974077
-974100
-974121
-974123
-974137
-974148
-974161
-974169
-974202
-974205
-974213
-974218
-974222
-974223
-974229
-974243
-974268
-974322
-974386
-974412
-974441
-974477
-974480
-974523
-974525
-974535
-974553
-974566
-974589
-974593
-974629
-974635
-974645
-974656
-974659
-974670
-974676
-974718
-974760
-974805
-974824
-974828
-974846
-975006
-975054
-975056
-975071
-975078
-975080
-975085
-975157
-975175
-975198
-975215
-975222
-975224
-975270
-975363
-975390
-975419
-975464
-975482
-975510
-975524
-975553
-975563
-975621
-975666
-975737
-975784
-975785
-975806
-975846
-975846
-975851
-975866
-975930
-975941
-975961
-975972
-975981
-976028
-976034
-976035
-976047
-976106
-976139
-976160
-976225
-976269
-976275
-976285
-976305
-976308
-976323
-976357
-976367
-976367
-976377
-976418
-976435
-976453
-976458
-976492
-976493
-976517
-976525
-976534
-976547
-976559
-976566
-976599
-976668
-976674
-976691
-976722
-976740
-976759
-976765
-976773
-976788
-976804
-976826
-976826
-976835
-976838
-976881
-976884
-976953
-976970
-977023
-977044
-977058
-977075
-977120
-977190
-977203
-977211
-977213
-977238
-977281
-977311
-977329
-977333
-977333
-977336
-977343
-977369
-977378
-977402
-977423
-977427
-977461
-977470
-977476
-977482
-977500
-977544
-977554
-977581
-977604
-977608
-977633
-977647
-977686
-977711
-977739
-977770
-977779
-977786
-977794
-977843
-977890
-977911
-977919
-978005
-978015
-978015
-978023
-978047
-978077
-978114
-978138
-978187
-978198
-978221
-978225
-978235
-978243
-978252
-978266
-978269
-978270
-978284
-978399
-978414
-978424
-978484
-978486
-978489
-978532
-978537
-978556
-978637
-978651
-978703
-978722
-978756
-978760
-978781
-978827
-978843
-978891
-978927
-978944
-978975
-978987
-979003
-979038
-979041
-979053
-979061
-979079
-979098
-979118
-979126
-979140
-979162
-979199
-979222
-979254
-979274
-979277
-979292
-979293
-979298
-979330
-979345
-979358
-979385
-979395
-979403
-979429
-979450
-979451
-979452
-979488
-979498
-979603
-979625
-979636
-979638
-979641
-979646
-979670
-979703
-979706
-979729
-979734
-979757
-979784
-979784
-979798
-979868
-979886
-979886
-979907
-979923
-979932
-979933
-979970
-979971
-979975
-980001
-980056
-980116
-980122
-980197
-980230
-980230
-980252
-980255
-980259
-980261
-980265
-980270
-980292
-980328
-980336
-980340
-980343
-980377
-980378
-980426
-980454
-980468
-980484
-980489
-980523
-980541
-980549
-980555
-980568
-980612
-980626
-980657
-980677
-980687
-980723
-980733
-980750
-980778
-980804
-980854
-980858
-980904
-980911
-980938
-980952
-980956
-980972
-981029
-981068
-981091
-981125
-981163
-981169
-981182
-981196
-981202
-981208
-981255
-981257
-981266
-981284
-981297
-981310
-981339
-981358
-981385
-981398
-981484
-981485
-981498
-981516
-981518
-981522
-981542
-981547
-981552
-981555
-981601
-981634
-981644
-981653
-981720
-981733
-981762
-981764
-981776
-981785
-981786
-981795
-981873
-981875
-981889
-981894
-981895
-981901
-981909
-981920
-981923
-981962
-981983
-982003
-982017
-982037
-982042
-982061
-982097
-982118
-982171
-982178
-982181
-982182
-982192
-982229
-982234
-982241
-982248
-982284
-982293
-982326
-982330
-982351
-982373
-982376
-982439
-982443
-982459
-982466
-982489
-982497
-982509
-982519
-982530
-982542
-982554
-982563
-982579
-982599
-982621
-982660
-982693
-982729
-982732
-982739
-982749
-982761
-982761
-982807
-982817
-982822
-982841
-982852
-982869
-982901
-982944
-982962
-982989
-983007
-983043
-983051
-983060
-983089
-983093
-983105
-983140
-983144
-983161
-983215
-983217
-983233
-983263
-983263
-983277
-983278
-983303
-983308
-983332
-983344
-983345
-983354
-983358
-983360
-983432
-983437
-983442
-983450
-983467
-983470
-983547
-983574
-983585
-983594
-983595
-983621
-983636
-983651
-983680
-983694
-983712
-983717
-983782
-983795
-983804
-983804
-983812
-983824
-983856
-983858
-983871
-983894
-983915
-983945
-984002
-984032
-984046
-984047
-984050
-984079
-984094
-984117
-984131
-984165
-984179
-984197
-984229
-984260
-984264
-984307
-984371
-984373
-984408
-984457
-984500
-984507
-984556
-984581
-984614
-984622
-984654
-984654
-984673
-984686
-984707
-984760
-984798
-984839
-984854
-984881
-984928
-984964
-985053
-985082
-985098
-985099
-985121
-985166
-985166
-985190
-985225
-985271
-985274
-985286
-985345
-985370
-985379
-985392
-985419
-985422
-985422
-985450
-985450
-985451
-985470
-985480
-985488
-985507
-985508
-985533
-985546
-985584
-985649
-985662
-985663
-985680
-985683
-985713
-985716
-985724
-985742
-985779
-985793
-985812
-985836
-985868
-985880
-985934
-985955
-986007
-986025
-986077
-986082
-986110
-986120
-986140
-986164
-986178
-986191
-986216
-986232
-986235
-986249
-986250
-986270
-986304
-986312
-986340
-986369
-986402
-986402
-986425
-986434
-986438
-986473
-986489
-986527
-986571
-986573
-986623
-986627
-986647
-986651
-986664
-986708
-986713
-986735
-986748
-986796
-986809
-986810
-986851
-986896
-986918
-986924
-986965
-986967
-986986
-986998
-987008
-987043
-987066
-987078
-987086
-987131
-987137
-987161
-987243
-987272
-987278
-987315
-987325
-987332
-987346
-987355
-987382
-987399
-987404
-987429
-987458
-987467
-987537
-987541
-987546
-987549
-987572
-987600
-987634
-987635
-987641
-987646
-987656
-987679
-987692
-987769
-987776
-987785
-987797
-987800
-987826
-987828
-987861
-987866
-987903
-987914
-987940
-987960
-987960
-987986
-988009
-988017
-988038
-988054
-988063
-988065
-988068
-988069
-988115
-988117
-988123
-988132
-988135
-988139
-988140
-988141
-988150
-988184
-988187
-988196
-988212
-988225
-988238
-988252
-988344
-988369
-988386
-988477
-988490
-988498
-988514
-988515
-988522
-988588
-988630
-988631
-988662
-988687
-988692
-988717
-988744
-988790
-988790
-988807
-988821
-988860
-988918
-988952
-988989
-988994
-989013
-989015
-989015
-989019
-989029
-989076
-989077
-989089
-989101
-989102
-989126
-989159
-989162
-989169
-989172
-989176
-989192
-989192
-989233
-989234
-989246
-989247
-989270
-989289
-989299
-989309
-989311
-989345
-989348
-989360
-989383
-989440
-989475
-989510
-989514
-989541
-989543
-989576
-989581
-989584
-989613
-989615
-989634
-989646
-989661
-989661
-989693
-989703
-989721
-989748
-989753
-989788
-989799
-989813
-989816
-989817
-989865
-989895
-989904
-989907
-989907
-989927
-989981
-990009
-990039
-990058
-990061
-990065
-990076
-990142
-990150
-990158
-990173
-990178
-990220
-990233
-990234
-990253
-990257
-990281
-990352
-990358
-990378
-990386
-990392
-990400
-990420
-990426
-990441
-990446
-990488
-990489
-990522
-990526
-990617
-990668
-990709
-990719
-990743
-990745
-990746
-990747
-990760
-990776
-990785
-990791
-990795
-990803
-990824
-990825
-990875
-990925
-990929
-990952
-990968
-990971
-990979
-990998
-991000
-991008
-991010
-991041
-991057
-991059
-991073
-991089
-991101
-991130
-991133
-991136
-991145
-991148
-991172
-991178
-991195
-991229
-991232
-991247
-991254
-991275
-991285
-991349
-991360
-991418
-991419
-991420
-991422
-991434
-991488
-991492
-991498
-991523
-991535
-991557
-991587
-991587
-991591
-991615
-991645
-991649
-991657
-991676
-991682
-991760
-991766
-991804
-991831
-991846
-991856
-991862
-991911
-991959
-991999
-992015
-992035
-992037
-992086
-992132
-992136
-992145
-992146
-992148
-992158
-992181
-992186
-992201
-992207
-992255
-992262
-992264
-992267
-992346
-992361
-992491
-992500
-992533
-992541
-992617
-992619
-992629
-992652
-992724
-992737
-992741
-992764
-992796
-992811
-992817
-992823
-992828
-992844
-992862
-992933
-992974
-992981
-992982
-992989
-992991
-992992
-993079
-993116
-993119
-993126
-993126
-993137
-993170
-993179
-993185
-993272
-993279
-993315
-993385
-993389
-993402
-993411
-993434
-993440
-993453
-993509
-993528
-993530
-993584
-993594
-993594
-993620
-993620
-993634
-993674
-993688
-993694
-993715
-993750
-993767
-993799
-993816
-993829
-993829
-993829
-993837
-993846
-993887
-993892
-993907
-993921
-993921
-993934
-993943
-994007
-994020
-994045
-994048
-994087
-994095
-994109
-994110
-994120
-994224
-994229
-994303
-994316
-994322
-994325
-994333
-994334
-994346
-994355
-994384
-994477
-994493
-994516
-994523
-994527
-994572
-994590
-994628
-994644
-994654
-994672
-994680
-994681
-994703
-994710
-994750
-994754
-994770
-994831
-994883
-994885
-994894
-994905
-994917
-994966
-994971
-994985
-994993
-995014
-995055
-995068
-995071
-995104
-995139
-995140
-995150
-995152
-995152
-995171
-995197
-995246
-995247
-995254
-995273
-995311
-995372
-995372
-995381
-995390
-995402
-995473
-995494
-995509
-995522
-995531
-995532
-995546
-995562
-995622
-995667
-995688
-995690
-995695
-995727
-995737
-995763
-995793
-995823
-995836
-995837
-995847
-995847
-995853
-995878
-995880
-995885
-995900
-995913
-995915
-995929
-995936
-995973
-995990
-995999
-996010
-996030
-996042
-996083
-996166
-996175
-996176
-996178
-996191
-996223
-996230
-996249
-996249
-996252
-996278
-996289
-996332
-996424
-996430
-996449
-996462
-996464
-996464
-996469
-996524
-996530
-996610
-996617
-996618
-996620
-996635
-996636
-996644
-996692
-996708
-996714
-996724
-996728
-996740
-996740
-996766
-996767
-996813
-996824
-996833
-996836
-996862
-996896
-996910
-996911
-996929
-996931
-996947
-996968
-996987
-996988
-997001
-997007
-997037
-997041
-997092
-997159
-997197
-997221
-997228
-997233
-997242
-997244
-997279
-997307
-997320
-997321
-997350
-997382
-997410
-997411
-997424
-997476
-997477
-997511
-997511
-997537
-997540
-997554
-997557
-997560
-997568
-997578
-997584
-997586
-997595
-997598
-997654
-997678
-997694
-997725
-997753
-997753
-997778
-997783
-997796
-997837
-997842
-997935
-997936
-997978
-997981
-997988
-997992
-998030
-998038
-998056
-998066
-998068
-998083
-998115
-998119
-998126
-998128
-998129
-998138
-998161
-998190
-998222
-998276
-998291
-998297
-998306
-998331
-998375
-998385
-998402
-998425
-998441
-998456
-998465
-998501
-998522
-998529
-998536
-998537
-998543
-998554
-998573
-998592
-998608
-998629
-998645
-998649
-998674
-998704
-998710
-998712
-998736
-998752
-998758
-998770
-998813
-998817
-998817
-998831
-998840
-998845
-998884
-998922
-998936
-998964
-998967
-998972
-999000
-999029
-999050
-999052
-999055
-999060
-999072
-999083
-999108
-999109
-999115
-999115
-999129
-999133
-999138
-999154
-999159
-999161
-999172
-999180
-999218
-999247
-999263
-999371
-999420
-999437
-999453
-999505
-999528
-999559
-999581
-999657
-999740
-999743
-999779
-999802
-999816
-999822
-999848
-999857
-999863
-999871
-999871
-999885
-999885
-999904
-999946
