999933
999842
999767
999704
999613
999600
999577
999561
999544
999487
999463
999415
999382
999293
999141
999060
999050
999036
998979
998711
998640
998622
998525
998398
998294
998279
998265
998217
998125
998113
998079
998029
997953
997928
997914
997774
997727
997669
997510
997229
997203
997202
997152
997037
996979
996934
996853
996821
996701
996658
996571
996566
996504
996492
996461
996460
996448
996435
996247
996212
996101
996080
996066
996065
996000
995982
995966
995915
995898
995809
995640
995615
995475
995352
995302
995291
995114
995025
995022
995012
994812
994807
994789
994782
994775
994706
994688
994624
994435
994429
994427
994380
994377
994366
994336
994226
994115
994093
993935
993909
993889
993882
993859
993851
993830
993776
993683
993534
993518
993476
993451
993278
993144
993010
992986
992985
992852
992665
992498
992498
992469
992455
992295
992158
992089
992079
992064
991993
991866
991691
991674
991663
991661
991640
991635
991411
991354
991224
991158
991095
991082
990971
990890
990833
990829
990825
990723
990692
990660
990604
990482
990392
990347
990207
990194
990119
990013
989992
989928
989880
989803
989741
989731
989724
989645
989634
989621
989498
989448
989339
989311
989299
989261
989088
988847
988808
988801
988507
988286
988245
988183
988175
988156
988096
988093
988001
987880
987853
987836
987768
987663
987635
987534
987446
987445
987058
986996
986782
986728
986714
986601
986579
986564
986467
986457
986454
986422
986415
986330
986269
986099
986075
986054
986038
985965
985923
985900
985842
985841
985821
985806
985778
985739
985559
985517
985480
985466
985389
985387
985321
985279
985128
985062
985031
984987
984869
984776
984761
984611
984466
984376
984366
984332
984261
984148
984119
983968
983968
983806
983762
983651
983477
983386
983328
983313
983300
983249
983237
983107
983036
983009
982982
982863
982784
982718
982575
982448
982399
982364
982317
982171
982087
982031
982014
981964
981951
981943
981876
981828
981736
981670
981484
981484
981470
981461
981451
981446
981416
981405
981273
981169
981015
980991
980943
980904
980845
980797
980634
980600
980365
980324
980290
980267
979931
979925
979804
979737
979692
979597
979581
979572
979525
979506
979474
979445
979436
979318
979271
979260
979255
979202
979051
979007
978895
978798
978589
978576
978534
978377
978121
978109
978057
977748
977552
977484
977328
977195
977167
977119
977025
976915
976740
976711
976644
976539
976500
976498
976339
976202
976054
976047
975840
975769
975769
975660
975572
975480
975418
975401
975389
975167
975070
974941
974899
974857
974820
974784
974690
974660
974639
974627
974615
974491
974490
974469
974404
974337
974269
974246
974221
973898
973872
973866
973832
973822
973725
973574
973523
973377
973144
973040
972996
972966
972902
972780
972588
972519
972510
972384
972248
972195
972112
972077
972007
972006
971856
971771
971714
971540
971449
971353
971273
971137
971118
971115
970730
970722
970688
970672
970671
970625
970563
970552
970336
970247
970237
970222
970157
970104
970016
969732
969684
969622
969522
969504
969481
969477
969306
969259
969050
969032
969002
968993
968875
968853
968819
968817
968709
968665
968646
968582
968582
968548
968481
968450
968427
968375
968332
968015
968006
967899
967701
967655
967622
967603
967563
967528
967408
967366
967153
967152
967142
967123
967119
966910
966853
966810
966807
966793
966747
966727
966725
966641
966601
966576
966507
966485
966441
966405
966378
966364
966265
965942
965805
965788
965458
965344
965340
965137
965094
965040
965027
964944
964938
964938
964865
964806
964767
964695
964641
964601
964597
964597
964519
964517
964408
963874
963807
963790
963723
963644
963568
963553
963476
963475
963147
963090
963075
962953
962814
962810
962796
962724
962718
962670
962656
962574
962543
962517
962314
962243
962224
962203
962196
962103
962081
961950
961926
961740
961705
961647
961621
961576
961499
961357
961344
961311
961280
961275
961255
961212
961132
960974
960963
960929
960713
960492
960486
960180
960077
960018
959998
959965
959926
959859
959754
959679
959609
959569
959561
959556
959545
959358
959115
958936
958893
958884
958835
958717
958647
958565
958367
958217
958194
958052
958015
958003
957947
957887
957845
957719
957535
957512
957507
957505
957408
957330
957310
957298
957260
957167
956951
956947
956818
956693
956504
956493
956459
956402
956372
956279
956255
956175
956169
956106
956087
956021
955897
955802
955775
955756
955527
955470
955410
955347
955158
955019
954930
954887
954854
954847
954830
954829
954827
954813
954372
954346
954334
954309
954289
954270
954260
954234
954233
954189
954156
954128
954090
953930
953716
953684
953627
953560
953514
953484
953328
953219
953129
953092
953052
953019
952964
952933
952915
952700
952678
952595
952592
952364
952350
952332
952221
952194
952168
952143
952091
952026
951934
951912
951703
951626
951590
951453
951405
951398
951363
951355
951301
951216
951093
950983
950877
950835
950770
950714
950693
950641
950612
950490
950263
950238
950177
950011
949938
949921
949911
949888
949856
949740
949616
949580
949452
949254
949177
949171
949162
949122
949116
949114
949021
948847
948802
948779
948687
948580
948535
948503
948441
948415
948372
948348
948255
948115
948050
947908
947886
947883
947828
947742
947651
947569
947444
947299
947211
947159
947136
947113
947110
947046
946974
946948
946937
946896
946857
946855
946633
946618
946610
946543
946482
946385
946376
946075
946034
945976
945968
945935
945932
945925
945915
945716
945630
945512
945394
945376
945350
945204
944973
944846
944767
944636
944583
944433
944058
944051
943979
943514
943392
943375
943353
943337
943331
943324
943195
943181
943105
943055
943000
942985
942983
942976
942855
942786
942737
942629
942578
942529
942299
942256
942194
942148
942123
942123
942111
942068
941997
941995
941757
941750
941471
941445
941276
941195
941161
941153
941099
940949
940898
940817
940677
940608
940410
940192
940185
940183
940095
939992
939904
939835
939654
939609
939502
939476
939460
939393
939340
939205
939144
939106
938973
938866
938736
938562
938479
938370
938370
938290
938281
938248
938229
938202
938175
938134
938078
938026
937998
937983
937974
937911
937867
937851
937836
937785
937728
937726
937664
937624
937567
937553
937517
937486
937475
937395
937345
937336
937317
937278
937185
937099
937088
937074
937009
936926
936909
936798
936751
936718
936698
936669
936620
936509
936499
936369
936251
936149
936127
936103
936088
936048
936048
935990
935896
935811
935748
935698
935688
935661
935488
935334
935233
935210
935206
935186
935176
935167
934975
934872
934849
934826
934666
934612
934547
934519
934473
934453
934298
934261
933975
933918
933781
933719
933503
933497
933321
933209
933202
933197
933178
932952
932949
932934
932765
932632
932564
932523
932490
932421
932402
932350
932246
932177
932145
932112
932107
932091
932084
932041
932019
931992
931981
931743
931594
931593
931588
931229
930970
930963
930887
930883
930860
930795
930792
930718
930580
930296
930266
930257
930245
930163
930134
930088
929945
929942
929899
929848
929779
929774
929752
929735
929605
929542
929531
929510
929416
929373
929290
929264
929163
929008
928993
928982
928961
928895
928856
928808
928700
928685
928423
928396
928367
928275
928266
928266
928237
928229
928125
928086
927977
927967
927870
927863
927818
927807
927787
927645
927634
927634
927572
927507
927405
927394
927375
927329
927245
927243
927242
927231
927081
926945
926935
926867
926766
926761
926708
926704
926659
926526
926498
926450
926399
926299
926169
926139
926115
926064
926013
925880
925768
925662
925511
925468
925462
925275
925251
925186
925110
925027
924931
924926
924800
924623
924565
924484
924480
924334
924315
924275
924254
924057
924025
924015
923824
923809
923759
923676
923597
923565
923540
923129
923110
923047
923013
922926
922823
922796
922368
922328
922314
922212
922089
921952
921946
921912
921905
921884
921836
921802
921784
921782
921718
921534
921502
921430
921180
921140
921094
921052
921026
920901
920540
920519
920473
920281
920217
920188
920182
920151
920145
920104
919973
919895
919875
919765
919735
919730
919438
919178
919175
919035
919027
918983
918919
918758
918717
918560
918242
918207
918205
918043
918016
917782
917645
917603
917475
917416
917401
917310
917268
917039
917018
917008
916915
916901
916820
916709
916688
916604
916579
916546
916456
916438
916377
916231
916146
916093
915940
915868
915860
915767
915554
915501
915471
915459
915402
915390
915388
915344
915336
915264
915145
915056
915007
914925
914924
914892
914882
914828
914805
914668
914617
914608
914423
914406
914367
914308
914304
914229
914207
914162
914158
914137
914136
914133
914044
914007
913966
913421
913383
913049
912912
912825
912819
912801
912782
912760
912681
912643
912542
912475
912443
912282
912281
912219
912146
912138
911914
911794
911775
911732
911626
911604
911549
911423
911334
911209
911195
911169
911120
911119
911030
910991
910942
910939
910890
910810
910785
910638
910593
910526
910512
910400
910267
910223
910135
910036
909978
909967
909920
909830
909707
909585
909436
909321
909301
909118
909098
909058
908861
908858
908753
908729
908712
908706
908648
908609
908563
908507
908436
908371
908330
908321
908210
908187
908165
908094
908005
907860
907834
907785
907744
907522
907412
907264
907225
907178
907159
907136
907108
907094
907048
906929
906621
906535
906434
906402
906356
906262
906217
906205
906180
906102
906086
905951
905830
905800
905701
905652
905650
905617
905539
905443
905419
905411
905392
905320
905237
905172
905163
905132
904985
904981
904843
904785
904775
904711
904613
904587
904554
904480
904387
904332
904295
904281
904248
904239
904204
904185
904155
904082
904070
903928
903905
903849
903814
903747
903675
903648
903639
903605
903532
903508
903343
903189
903152
903056
902976
902922
902918
902885
902811
902801
902722
902669
902596
902579
902554
902322
902200
902146
902002
901919
901916
901865
901769
901709
901573
901553
901546
901536
901419
901365
901297
901255
901198
901170
901144
901072
901071
900986
900919
900762
900695
900632
900560
900413
900411
900402
900400
900379
900349
900328
900212
900204
900124
900091
900084
899867
899796
899604
899596
899533
899527
899387
899349
899348
899191
899130
899039
898973
898968
898897
898748
898671
898607
898460
898254
898223
898164
898121
898113
898011
897972
897872
897870
897860
897848
897836
897777
897744
897723
897670
897549
897473
897383
897262
897261
897237
897193
897188
897011
897005
897004
896970
896906
896891
896806
896780
896770
896759
896704
896670
896569
896517
896461
896322
896220
896194
895985
895930
895905
895847
895839
895832
895756
895743
895691
895690
895338
895258
894907
894765
894711
894649
894599
894569
894492
894492
894441
894410
894369
894252
894213
894168
894163
894139
894105
893894
893774
893596
893503
893497
893403
893348
893309
893198
893144
893046
892935
892933
892768
892678
892617
892535
892423
892417
892413
892389
892367
892364
892343
892340
892240
892180
892175
892157
892149
892125
892015
891542
891499
891489
891421
891387
891368
891283
891186
891173
891171
891136
891076
891041
891001
890969
890892
890812
890731
890730
890728
890595
890466
890450
890434
890388
890384
890259
890140
890110
889983
889843
889826
889723
889701
889679
889483
889468
889453
889418
889387
889349
889345
889342
889292
889224
889162
889116
889078
889071
888999
888923
888894
888689
888677
888667
888540
888485
888481
888479
888395
888380
888360
888341
888298
888249
888135
888078
887912
887908
887770
887763
887662
887653
887604
887576
887542
887464
887354
887269
887238
887198
887137
887117
887115
887096
886988
886869
886812
886791
886786
886671
886646
886607
886599
886589
886576
886530
886346
886327
886298
886264
886222
885948
885806
885621
885537
885477
885442
885441
885385
885364
885260
884931
884881
884866
884816
884775
884768
884716
884575
884526
884509
884410
884383
884298
884280
884192
884159
884116
884112
884012
883962
883942
883878
883872
883852
883754
883735
883599
883590
883563
883456
883412
883388
883369
883344
883251
883242
883193
883178
882834
882809
882778
882773
882754
882688
882663
882274
882273
882267
882242
882189
882061
882047
881900
881845
881704
881401
881306
881274
881160
881100
881075
881066
880965
880885
880452
880439
880393
880392
880347
880177
880148
880135
880017
879715
879668
879523
879469
879455
879430
879363
879286
879195
879180
879141
878978
878837
878793
878675
878584
878560
878558
878537
878470
878325
878286
878219
878187
878164
878133
878125
878098
878068
878047
877985
877945
877918
877885
877841
877782
877741
877689
877684
877634
877562
877550
877532
877519
877475
877420
877384
877364
877157
877037
876999
876925
876757
876724
876466
876463
876403
876398
876274
876127
876123
876073
875935
875836
875828
875816
875740
875672
875569
875500
875494
875440
875399
875207
875205
875169
875117
874976
874966
874957
874939
874925
874829
874737
874732
874564
874531
874504
874450
874435
874358
874349
874333
874331
874328
874328
874187
873981
873937
873934
873929
873890
873793
873605
873552
873511
873383
873371
873319
873319
873223
873213
873191
873066
873031
872871
872853
872800
872762
872659
872645
872642
872616
872462
872275
872251
872223
872177
872139
872123
871893
871854
871852
871843
871832
871674
871569
871545
871451
871267
871206
871170
870872
870823
870654
870519
870398
870279
870042
870000
869924
869899
869793
869754
869726
869726
869680
869622
869564
869341
869316
869282
869268
869262
869050
869050
869024
868955
868942
868868
868798
868414
868409
868393
868331
868214
868163
868073
868000
867959
867893
867763
867713
867695
867641
867540
867392
867305
867241
867238
867205
867131
867017
866981
866966
866952
866798
866743
866464
866230
866170
866088
866051
866017
865910
865780
865763
865740
865720
865614
865600
865456
865390
865369
865258
865136
865112
865101
865079
865031
865002
864986
864878
864870
864811
864793
864791
864712
864688
864683
864611
864568
864532
864511
864510
864504
864427
864426
864166
863966
863830
863809
863765
863717
863681
863630
863622
863593
863502
863476
863357
863322
863282
863229
863188
863102
863068
863021
862881
862739
862654
862579
862460
862409
862381
862370
862287
862284
862148
862075
862044
862009
861965
861910
861895
861876
861835
861696
861651
861494
861458
861399
861352
861330
861163
861019
860980
860979
860935
860830
860710
860638
860634
860621
860617
860423
860282
860221
860146
860109
860098
860086
860026
860004
859976
859811
859603
859578
859576
859556
859443
859384
859333
859312
859217
859178
859021
858912
858840
858810
858792
858720
858586
858461
858434
858423
858335
858308
858229
858066
858051
858049
858023
857877
857824
857649
857528
857523
857491
857471
857413
857390
857367
857284
857278
857235
857230
857114
856421
856270
856248
856143
856141
856127
855993
855858
855687
855666
855641
855626
855413
855377
855239
855190
855137
855101
854740
854731
854625
854599
854575
854540
854463
854435
854420
854406
854065
853739
853703
853683
853625
853466
853296
853241
853196
853165
853008
853001
852950
852906
852902
852902
852809
852788
852773
852617
852571
852472
852265
852122
851899
851884
851866
851855
851811
851787
851685
851649
851627
851622
851370
851300
851256
851145
851141
850936
850743
850727
850612
850545
850289
850194
850028
849942
849759
849730
849605
849468
849453
849423
849404
849312
849155
849028
848985
848773
848709
848666
848633
848633
848599
848463
848457
848342
848300
848192
848052
847868
847857
847818
847705
847657
847608
847572
847450
847342
847338
847269
847221
847220
847155
847145
847095
847058
847051
846920
846913
846907
846859
846797
846780
846595
846588
846279
846234
846209
846168
846045
845973
845913
845902
845822
845804
845718
845559
845529
845507
845501
845447
845401
845393
845340
845247
845117
845057
845014
844960
844808
844706
844678
844343
844285
844251
843961
843921
843865
843755
843734
843641
843624
843596
843509
843387
843307
843216
843116
843107
843089
843009
842905
842899
842790
842745
842726
842685
842457
842402
842347
842324
842295
842224
842186
842182
842086
841991
841908
841799
841731
841722
841643
841614
841588
841544
841465
841420
841272
841262
841162
840964
840875
840849
840834
840760
840534
840458
840454
840446
840366
840322
840060
839796
839722
839717
839699
839424
839416
839346
839279
839277
839257
839214
839205
839184
839153
838999
838924
838863
838862
838839
838796
838716
838628
838413
838398
838362
838270
838241
838166
838142
838102
837980
837956
837750
837748
837688
837668
837630
837596
837577
837554
837512
837489
837485
837472
837466
837461
837443
837201
837033
837028
836952
836928
836837
836747
836693
836671
836658
836528
836473
836229
836195
836195
836093
836061
836032
835967
835897
835759
835743
835685
835630
835605
835579
835563
835504
835488
835471
835301
835246
835205
835191
834981
834902
834791
834703
834630
834618
834593
834562
834296
834278
834212
834166
834065
834026
833826
833798
833789
833763
833759
833753
833639
833553
833492
833484
833448
833431
833362
833207
833198
833182
833159
833075
833064
833035
832925
832898
832855
832831
832762
832647
832527
832525
832388
832364
832360
832285
832262
832220
832204
832195
832182
832114
832010
831740
831664
831633
831309
831277
831271
831196
831095
831031
831003
830988
830979
830810
830772
830600
830527
830519
830491
830457
830455
830352
830351
830325
830294
830192
830141
829975
829864
829837
829752
829734
829723
829483
829345
829283
829222
829216
829202
829175
829171
829099
829091
829086
828999
828909
828809
828792
828767
828676
828637
828632
828529
828524
828488
828449
828386
828351
828338
828260
828243
828205
828136
828132
827946
827870
827819
827803
827701
827661
827655
827525
827491
827403
827360
827310
827268
827249
826943
826932
826928
826914
826835
826833
826830
826816
826812
826804
826794
826768
826735
826701
826511
826458
826387
826238
826105
826104
826013
825996
825992
825948
825930
825862
825772
825690
825593
825431
825290
824958
824932
824849
824824
824819
824766
824683
824497
824402
824402
824355
824335
824320
824266
824221
824161
824160
824149
824122
824014
823987
823976
823841
823820
823673
823661
823649
823574
823573
823571
823485
823234
823147
823098
822902
822689
822681
822663
822618
822421
822384
822218
822215
822192
822096
822089
822038
821890
821857
821818
821806
821794
821674
821653
821582
821525
821495
821456
821403
821400
821365
821333
821329
821273
821230
821225
821188
821188
821045
821012
820979
820853
820754
820703
820638
820600
820438
820423
820382
820328
820322
820162
819950
819858
819796
819761
819756
819563
819484
819108
818949
818858
818832
818744
818723
818694
818651
818522
818515
818499
818488
818473
818435
818406
818376
818365
818232
818127
818015
817985
817934
817897
817886
817848
817839
817774
817419
817374
817340
817240
817115
817002
816969
816824
816750
816716
816688
816681
816243
816213
816122
816092
816070
815968
815888
815880
815810
815774
815667
815643
815635
815607
815596
815589
815557
815501
815339
815338
815286
815282
815270
815246
815051
815028
814997
814959
814936
814861
814847
814829
814782
814666
814647
814608
814347
814335
814329
814208
814127
813990
813980
813900
813869
813832
813736
813705
813704
813655
813613
813552
813546
813498
813481
813343
813260
813205
813183
813161
813147
813056
812843
812820
812793
812749
812731
812688
812364
812354
812304
812299
812293
812278
812276
812192
812138
812127
812054
812029
812021
811871
811865
811848
811839
811830
811815
811672
811669
811528
811492
811471
811377
811374
811323
811102
811055
811019
811004
810871
810870
810826
810718
810712
810711
810676
810578
810576
810516
810499
810462
810294
810227
810152
810089
810035
810012
809951
809848
809836
809829
809712
809703
809608
809486
809359
809283
809276
809141
809096
808985
808965
808913
808869
808803
808720
808702
808577
808547
808515
808470
808400
808274
808262
808132
808071
807893
807808
807718
807450
807446
807401
807375
807327
807303
807247
807145
807105
806893
806882
806722
806664
806662
806594
806556
806471
806464
806458
806431
806239
806218
806146
806137
806094
806092
806089
806082
805928
805841
805731
805712
805696
805692
805600
805569
805458
805402
805325
805287
805283
805224
805210
805040
805034
805011
805001
804942
804920
804859
804727
804726
804641
804638
804578
804570
804532
804471
804420
804395
804394
804326
804295
804203
804076
803783
803732
803619
803597
803573
803530
803524
803475
803410
803334
803237
803213
803104
803012
802989
802939
802913
802867
802840
802802
802743
802730
802631
802598
802537
802456
802362
802357
802213
802127
802056
801979
801683
801675
801533
801464
801420
801246
801124
801123
800912
800794
800761
800690
800394
800290
800200
800051
800046
799903
799791
799490
799441
799406
799222
798957
798955
798934
798819
798758
798729
798650
798627
798553
798546
798471
798462
798386
798286
798237
798179
798096
798094
797905
797818
797701
797698
797689
797664
797660
797601
797356
797338
797163
797125
796914
796899
796703
796695
796682
796532
796475
796470
796465
796453
796428
796369
796339
796034
795939
795831
795808
795745
795727
795715
795622
795398
795382
795252
795202
795201
795199
795070
795005
795003
794978
794799
794754
794746
794711
794663
794413
794395
794330
794288
794284
794210
794130
794062
793982
793890
793816
793765
793687
793670
793644
793619
793611
793577
793335
793311
793039
793019
792969
792885
792842
792700
792604
792566
792545
792521
792510
792493
792430
792430
792333
792311
792263
792247
792024
791963
791961
791802
791798
791777
791706
791554
791530
791500
791493
791463
791058
791048
791028
790959
790910
790905
790872
790855
790434
790392
790350
790232
790225
790194
790097
790045
789943
789775
789742
789655
789625
789591
789484
789454
789419
789363
789326
789294
789292
789254
789140
789125
789033
789015
788972
788937
788934
788840
788771
788769
788732
788696
788449
788425
788322
788225
788159
788099
788075
788041
787995
787982
787968
787855
787682
787644
787634
787570
787475
787377
787350
787349
787291
787159
787022
786990
786948
786868
786776
786675
786653
786603
786602
786545
786519
786415
786309
786125
786089
786024
785925
785863
785801
785692
785643
785642
785637
785588
785546
785478
785397
785352
785094
785082
785048
785000
784936
784918
784854
784793
784603
784561
784543
784467
784247
784139
784055
783980
783976
783948
783938
783870
783478
783404
783396
783377
783360
783330
783255
783117
783087
782982
782574
782573
782488
782351
782184
782182
782115
782109
782086
781887
781870
781865
781865
781767
781702
781695
781622
781572
781514
781508
781458
781169
781164
781103
781088
781025
780872
780855
780818
780817
780710
780705
780700
780690
780627
780571
780557
780454
780425
780345
780332
780329
780313
780293
780272
780139
780089
780031
779987
779857
779813
779693
779654
779643
779603
779439
779353
779214
779166
779117
779103
778957
778946
778931
778915
778833
778658
778641
778608
778569
778498
778491
778265
778244
778238
778200
778180
778070
778065
778040
778024
777938
777916
777836
777761
777760
777599
777499
777475
777461
777380
777279
777234
777076
777018
776931
776881
776693
776627
776526
776502
776497
776346
776305
776301
776221
776195
776141
776139
775896
775886
775861
775809
775788
775777
775563
775542
775473
775467
775393
775325
775299
775247
775199
775138
775067
774957
774903
774797
774789
774613
774564
774399
774305
774275
774246
774229
774201
774134
774002
773928
773910
773909
773909
773800
773772
773758
773688
773584
773570
773539
773529
773495
773281
773248
773211
773199
773161
773132
773129
773112
773085
773047
773044
773019
772998
772946
772882
772810
772764
772713
772706
772705
772672
772498
772370
772145
772132
772104
772044
771947
771915
771842
771831
771751
771708
771707
771694
771681
771653
771617
771593
771477
771443
771323
771306
771278
771142
771142
771129
771009
771000
770996
770971
770939
770803
770741
770730
770677
770614
770479
770467
770458
770435
770412
770293
770115
770076
770014
769843
769813
769741
769711
769689
769645
769575
769482
769435
769377
769362
769256
769078
769057
768930
768866
768735
768727
768651
768622
768574
768526
768490
768331
768256
768250
768248
768229
768198
768068
768060
768051
768041
767942
767846
767619
767604
767474
767402
767240
767231
767069
767004
766902
766780
766771
766673
766591
766515
766475
766387
766335
766303
766283
766264
766242
766099
766070
766031
766003
765994
765978
765961
765935
765923
765909
765878
765637
765584
765503
765472
765374
765351
765273
765181
765083
765015
765003
764984
764931
764875
764669
764538
764523
764437
764425
764321
764254
764198
764179
764116
764093
763991
763972
763868
763859
763853
763739
763732
763643
763565
763447
763389
763370
763363
763357
763356
763230
763217
763150
762995
762981
762948
762795
762771
762716
762712
762641
762597
762489
762477
762458
762338
762333
762259
762051
762026
761974
761756
761753
761739
761557
761366
761323
761233
761185
761168
761094
760980
760747
760726
760656
760656
760629
760563
760493
760479
760459
760346
760256
760028
759907
759903
759834
759735
759723
759718
759714
759388
759347
759277
759247
759158
759135
759036
758957
758880
758757
758613
758581
758578
758491
758477
758457
758455
758355
758312
758303
758220
758128
758009
757981
757948
757931
757806
757605
757601
757572
757433
757382
757367
757246
757221
757202
757145
757114
757032
757023
757013
756960
756776
756764
756692
756554
756484
756464
756462
756426
756410
755963
755887
755787
755784
755758
755739
755687
755614
755381
755317
755264
755264
755261
755184
755077
754918
754903
754899
754636
754498
754448
754444
754360
754175
754147
754098
754017
754011
753911
753862
753670
753640
753415
753413
753361
753316
753295
753121
753037
753032
753027
753022
753003
752994
752859
752823
752796
752776
752763
752510
752472
752291
752243
752213
752189
752152
752073
752063
751951
751833
751798
751724
751706
751681
751658
751650
751501
751399
751306
751186
751159
751147
751085
750918
750905
750820
750807
750587
750576
750453
750251
750207
750064
750008
749991
749945
749944
749915
749730
749572
749548
749419
749404
749375
749297
749156
749027
748881
748839
748802
748661
748640
748560
748549
748548
748500
748317
748253
748213
748201
748193
748161
748156
748088
747881
747853
747761
747754
747746
747647
747629
747618
747613
747532
747518
747389
747304
747276
747046
746988
746936
746912
746753
746624
746576
746564
746474
746363
746359
746317
746195
746146
746145
746119
746090
746048
746037
745968
745916
745882
745878
745835
745784
745569
745493
745485
745188
745179
745160
745136
745136
745090
745082
745028
745014
744928
744923
744875
744848
744821
744756
744724
744638
744468
744327
744267
744204
744191
744185
744094
743975
743966
743929
743813
743726
743710
743650
743610
743602
743410
743364
743336
743145
743132
743014
743012
742913
742864
742832
742783
742743
742687
742687
742632
742535
742358
742332
742298
742217
742199
742182
742159
742125
742118
742089
742056
741799
741792
741682
741609
741566
741437
741396
741305
741144
741120
740742
740696
740641
740532
740528
740456
740441
740357
740307
740261
740244
740115
740076
740018
739949
739927
739916
739709
739700
739580
739498
739455
739363
739342
739144
739134
738984
738969
738939
738917
738879
738846
738835
738824
738718
738645
738629
738592
738583
738577
738424
738366
738321
738067
738058
737961
737926
737900
737797
737757
737746
737682
737638
737554
737533
737519
737509
737455
737436
737205
736867
736696
736645
736594
736567
736551
736524
736406
736390
736322
736267
736178
736163
736065
736025
736017
735938
735908
735880
735871
735680
735667
735656
735605
735588
735557
735528
735495
735485
735301
735281
735215
735171
735119
735059
735036
734897
734846
734796
734766
734741
734687
734438
734411
734405
734346
734330
734249
734239
734209
734113
734022
733987
733941
733836
733726
733695
733544
733309
733299
733275
733274
733170
733148
733102
733034
732976
732902
732867
732450
732349
732229
732164
732088
731989
731947
731900
731686
731596
731491
731432
731348
731285
731263
731145
731128
731127
731089
731040
731011
730830
730815
730792
730787
730778
730672
730296
730221
730173
730099
729955
729854
729823
729814
729665
729254
729129
729067
729039
728982
728938
728793
728747
728592
728550
728519
728460
728312
728269
728252
728231
728158
728149
728073
727997
727864
727856
727813
727711
727581
727555
727446
727414
727318
727273
727196
727167
727058
727056
727031
726858
726706
726696
726684
726666
726366
726160
726152
726091
726077
726010
725982
725835
725832
725777
725693
725676
725649
725649
725648
725587
725540
725376
725243
725206
725185
725166
725093
725002
724949
724886
724840
724831
724827
724788
724700
724698
724696
724680
724666
724658
724629
724572
724454
724454
724433
724424
724406
724388
724331
724264
724250
724244
724242
724222
724191
724152
724077
724058
724005
723869
723819
723778
723692
723549
723299
723120
723068
722878
722852
722651
722544
722491
722475
722458
722440
722428
722344
722239
722182
722181
722177
722125
722061
722014
721969
721849
721829
721602
721598
721446
721410
721388
721141
720997
720988
720976
720911
720878
720758
720691
720534
720532
720519
720463
720293
720249
720225
720191
720151
720123
720116
720006
719995
719981
719950
719816
719812
719630
719490
719357
719080
719076
719006
719000
718806
718789
718750
718672
718634
718597
718471
718425
718401
718379
718302
718269
718225
718213
718147
718117
718061
717933
717911
717868
717666
717643
717566
717409
717327
717282
717276
717181
717080
717071
717045
717014
717013
716836
716809
716709
716650
716412
716388
716344
716190
716130
716050
716044
716005
715965
715912
715896
715872
715426
715417
715371
715338
715328
715301
715293
715095
714730
714707
714632
714420
714366
714226
714095
713873
713816
713768
713714
713669
713637
713510
713393
713351
713340
713300
713253
713138
713067
713036
712997
712884
712845
712777
712628
712621
712561
712557
712550
712521
712324
712320
712294
712261
712239
712218
712203
712195
712137
712113
711996
711981
711950
711925
711858
711804
711765
711709
711664
711509
711442
711303
711300
711081
711057
710985
710969
710939
710938
710889
710844
710805
710678
710666
710595
710490
710353
710249
710249
710132
710068
709950
709947
709887
709759
709723
709648
709576
709463
709281
709270
709170
709106
709057
709032
708974
708963
708804
708765
708714
708606
708535
708523
708472
708471
708186
708158
708071
708035
708013
708001
707829
707820
707814
707786
707734
707696
707655
707618
707538
707506
707483
707446
707342
707294
707272
707158
706942
706897
706865
706777
706695
706617
706559
706510
706331
706320
706182
706170
706100
706089
706022
705988
705908
705828
705828
705780
705711
705479
705436
705430
705391
705297
705231
705215
705171
705087
704964
704963
704835
704780
704759
704725
704558
704367
704171
704058
704049
704010
703993
703876
703687
703548
703537
703526
703493
703490
703469
703467
703390
703315
703279
703224
703140
703130
703023
702984
702983
702934
702929
702843
702755
702669
702649
702530
702343
702343
702277
702206
702158
702057
701993
701992
701987
701919
701831
701804
701642
701622
701374
701360
701345
701263
701190
701175
701168
701123
701067
701027
700876
700822
700610
700551
700494
700405
700396
700331
700330
700191
700180
700155
700071
699956
699892
699870
699604
699522
699427
699408
699339
699335
699235
699040
698968
698864
698745
698723
698695
698603
698591
698529
698085
698049
697965
697928
697920
697838
697803
697558
697443
697310
697264
696685
696677
696633
696501
696371
696362
696152
696043
695947
695905
695810
695641
695506
695422
695358
695319
695265
695252
695229
695167
695071
695021
694970
694924
694877
694785
694497
694459
694429
694331
694273
694267
694228
694122
694093
693861
693850
693626
693509
693453
693432
693415
693370
693290
693154
693142
693132
693129
693072
692949
692837
692758
692733
692716
692603
692582
692576
692476
692469
692437
692257
692202
692063
692024
692005
691931
691927
691875
691838
691806
691757
691572
691440
691424
691402
691366
691320
691149
691043
691002
690949
690801
690788
690748
690167
690093
690057
690050
689957
689852
689823
689667
689627
689621
689604
689447
689445
689412
689390
689388
689375
689250
689237
689231
688895
688837
688748
688658
688595
688573
688569
688567
688525
688357
688309
688299
688284
688283
688184
688069
687962
687796
687733
687638
687529
687406
687202
687190
687151
687027
686988
686956
686947
686906
686879
686799
686697
686670
686666
686549
686526
686465
686461
686315
685975
685965
685940
685901
685870
685824
685804
685667
685549
685396
685376
685324
685304
685280
685222
685013
684977
684938
684872
684821
684717
684661
684636
684580
684561
684466
684408
684401
684384
684369
684300
684297
684286
684217
683942
683900
683795
683773
683723
683720
683580
683491
683453
683428
683398
683277
683105
682992
682953
682841
682760
682607
682595
682510
682435
682217
682199
682190
682144
681990
681948
681928
681809
681777
681750
681741
681725
681721
681597
681594
681573
681551
681501
681468
681423
681387
681379
681354
681323
681312
681308
681181
681157
681146
681141
681139
681062
681043
680940
680900
680897
680873
680777
680714
680647
680599
680577
680519
680500
680418
680338
680327
680252
680244
680204
680203
680145
680135
679949
679876
679861
679684
679658
679577
679552
679401
679373
679362
679351
679345
679335
679004
678921
678859
678765
678669
678623
678586
678484
678312
678271
678232
678108
678096
678096
678085
678040
677966
677942
677936
677920
677903
677824
677778
677759
677670
677552
677484
677430
677239
677146
677070
676985
676891
676771
676669
676644
676636
676581
676528
676524
676521
676450
676403
676402
676381
676301
676289
676160
676122
676076
676027
675939
675888
675865
675742
675737
675702
675606
675605
675504
675484
675407
675162
675158
675100
674961
674918
674907
674879
674868
674746
674677
674554
674451
674431
674383
674379
674349
674342
674111
674092
674049
673956
673931
673921
673908
673833
673766
673657
673633
673584
673502
673442
673420
673419
673381
673318
673238
673140
673016
672972
672958
672752
672721
672613
672574
672528
672335
672314
672297
672288
672252
672199
672027
672027
671745
671642
671599
671591
671548
671534
671417
671405
671373
671363
671228
671172
671169
671115
670847
670837
670762
670697
670691
670614
670451
670441
670416
670125
670051
670028
670028
669885
669858
669797
669662
669604
669590
669559
669513
669487
669424
669262
669184
669170
669141
669105
669061
668809
668733
668714
668708
668654
668591
668580
668475
668466
668451
668386
668307
668146
668023
667982
667911
667879
667871
667814
667724
667722
667558
667478
667471
667421
667310
667272
667244
667231
667189
667118
667080
666995
666899
666742
666732
666653
666543
666498
666456
666226
666079
666031
666008
665990
665858
665828
665475
665411
665380
665137
664995
664886
664861
664815
664759
664734
664464
664266
664247
664245
664187
664187
664099
664059
663965
663913
663801
663778
663752
663680
663679
663578
663186
663181
663133
663105
663078
663033
663029
662962
662934
662842
662840
662641
662615
662430
662405
662397
662379
662201
662189
662172
662108
662101
662040
662029
662020
661977
661951
661915
661758
661745
661726
661658
661652
661398
661371
661076
660981
660894
660859
660852
660698
660638
660617
660513
660500
660496
660414
660409
660248
660226
660204
660082
660012
659971
659954
659711
659642
659632
659283
659196
659144
659123
659106
658916
658792
658522
658341
658191
658186
657974
657956
657863
657861
657844
657767
657676
657667
657661
657596
657569
657403
657246
657169
657149
657121
656980
656974
656910
656809
656714
656546
656484
656469
656360
656333
656309
656302
656128
656043
655970
655968
655871
655806
655625
655585
655507
655421
655336
655314
655217
655188
655147
655113
655082
655071
654934
654892
654874
654836
654818
654721
654710
654668
654564
654288
654174
654173
654114
653983
653976
653948
653899
653869
653844
653811
653677
653668
653579
653573
653517
653492
653428
653365
653321
653267
653226
653177
653167
653123
653090
653068
652994
652853
652811
652714
652595
652466
652418
652280
652274
652241
652210
652209
652185
652129
652107
651966
651905
651898
651895
651864
651803
651610
651598
651562
651502
651484
651477
651455
651377
651372
651367
651364
651244
651209
651097
651050
650988
650895
650888
650871
650843
650785
650638
650479
650068
650034
650011
649966
649931
649733
649641
649639
649595
649582
649333
649112
649015
648960
648870
648760
648748
648744
648687
648649
648636
648609
648466
648442
648387
648368
648245
648166
648131
648068
647970
647935
647837
647828
647687
647479
647435
647379
647302
647246
647220
647175
647077
646897
646860
646809
646775
646767
646696
646693
646609
646543
646482
646335
646232
646202
646142
646004
645948
645936
645862
645826
645722
645514
645488
645423
645408
645373
645292
645127
645127
645084
644923
644836
644767
644766
644703
644626
644476
644323
644307
644278
644256
644247
644246
644237
644146
644070
644005
643860
643852
643770
643681
643627
643480
643457
643319
643230
643226
643155
643129
643048
643019
643001
642992
642935
642925
642906
642899
642828
642820
642777
642634
642617
642606
642553
642542
642508
642465
642272
642068
642000
641948
641745
641637
641595
641442
641277
641265
641214
641171
641106
640998
640592
640587
640396
640306
640291
640234
640151
640131
640077
640062
640059
639952
639942
639915
639776
639772
639643
639471
639259
639152
639028
638981
638884
638853
638771
638753
638605
638530
638446
638422
638407
638372
638291
638142
638136
638102
638102
638035
637913
637875
637834
637769
637712
637399
637304
637185
637153
637144
637127
637038
636948
636855
636756
636675
636564
636518
636517
636511
636505
636451
636311
636262
636027
635630
635622
635613
635494
635437
635289
635098
634990
634976
634836
634832
634805
634804
634791
634725
634693
634641
634635
634427
634417
634323
634258
633882
633866
633837
633806
633787
633714
633679
633647
633487
633414
633374
633334
633235
633214
633045
632933
632919
632866
632740
632663
632625
632578
632547
632531
632448
632445
632319
632301
632183
631988
631901
631807
631779
631452
631442
631320
631266
631248
631241
631179
631154
631125
631124
631093
631005
630913
630895
630727
630691
630667
630647
630612
630557
630556
630538
630534
630449
630366
630358
630284
630093
630081
630048
630011
629993
629872
629826
629728
629726
629662
629579
629568
629457
629378
629296
629197
629183
629011
628991
628951
628930
628905
628810
628755
628476
628394
628387
628348
628339
628325
628303
628271
628176
628138
628054
628042
627915
627846
627833
627826
627698
627691
627522
627512
627442
627390
627336
627214
627146
627137
627108
627054
627019
626932
626912
626602
626429
626340
626170
626104
626086
626019
625958
625834
625789
625737
625568
625563
625513
625507
625355
625343
625287
625273
625080
625028
624923
624882
624857
624791
624683
624626
624483
624467
624426
624422
624353
624344
624335
624297
624243
624199
624111
624095
624035
623889
623854
623807
623756
623581
623568
623545
623407
623331
623297
623197
623071
623049
623006
622889
622887
622808
622755
622701
622623
622622
622593
622452
622439
622247
622201
622136
622115
621971
621952
621908
621908
621719
621686
621642
621598
621563
621489
621481
621452
621451
621362
621330
621281
621226
621176
621149
621112
621040
620906
620730
620728
620608
620583
620575
620570
620516
620482
620424
620387
620370
620354
620228
620203
620161
620101
620080
620001
619969
619890
619890
619806
619796
619649
619647
619604
619586
619531
619471
619410
619399
619171
619033
619007
618991
618913
618645
618419
618379
618236
618187
617980
617893
617729
617507
617479
617468
617439
617301
617272
617239
617185
617066
617019
616988
616925
616718
616707
616602
616481
616388
616380
616256
616244
616232
616106
616072
616072
616058
616040
615899
615821
615733
615586
615506
615452
615435
615362
615186
615117
615102
615044
614893
614854
614713
614650
614345
614314
614307
614295
614243
614175
614060
614054
613984
613794
613743
613687
613665
613650
613647
613545
613480
613467
613424
613417
613352
613165
613125
612914
612895
612883
612855
612734
612681
612672
612625
612585
612560
612548
612517
612004
612001
611999
611913
611897
611690
611606
611558
611529
611521
611474
611459
611365
611319
611282
611268
611187
611094
611013
610988
610881
610879
610740
610657
610612
610611
610596
610530
610397
610307
610298
610290
610274
610235
610177
610064
610009
609977
609949
609848
609831
609828
609827
609797
609655
609568
609544
609492
609457
609342
609188
609160
609045
609036
608940
608922
608885
608869
608823
608589
608472
608334
608264
608210
607998
607965
607824
607730
607636
607610
607550
607435
607404
607355
607251
607151
607142
607129
607124
606965
606927
606421
606347
606320
606274
606158
606090
606005
605932
605888
605831
605815
605779
605768
605606
605528
605500
605462
605400
605294
605241
605227
605226
605203
605137
605057
605026
604967
604929
604879
604741
604664
604647
604614
604583
604560
604553
604528
604489
604342
604329
604298
604240
604204
604143
604005
603931
603911
603849
603739
603598
603511
603308
603103
603084
603031
602995
602937
602892
602776
602729
602627
602552
602513
602442
602297
602291
602247
602237
602167
602162
602044
602022
602003
601964
601803
601709
601653
601623
601429
601416
601413
601324
601214
601181
601099
601081
601044
601005
600890
600837
600771
600734
600714
600671
600652
600593
600517
600492
600428
600389
600227
600180
600170
600059
600052
600028
599949
599834
599780
599772
599731
599622
599585
599495
599421
599337
599289
599280
599256
599256
598986
598885
598866
598858
598854
598672
598421
598420
598309
598230
598218
598201
598200
598164
598140
598105
598075
597756
597749
597686
597626
597556
597459
597457
597381
597346
597297
597168
597119
597101
597071
597054
596974
596965
596883
596866
596827
596718
596710
596661
596606
596530
596513
596431
596182
596182
596058
596036
595922
595793
595768
595635
595550
595474
595340
595320
595292
595244
595238
595201
595170
595127
595061
595022
595013
594997
594951
594913
594856
594834
594714
594553
594483
594417
594370
594343
594297
594212
594140
594070
594066
593971
593530
593488
593347
593258
593245
593110
593103
592937
592930
592742
592737
592675
592603
592577
592479
592422
592295
592190
592149
592104
592056
592004
591910
591830
591749
591690
591657
591573
591572
591532
591488
591451
591374
591356
591315
590921
590913
590882
590759
590690
590638
590612
590520
590442
590289
590283
590202
590190
590123
590101
589997
589755
589516
589470
589226
589206
589185
589000
588990
588919
588918
588758
588750
588602
588448
588434
588355
588352
588323
588311
588260
588131
587994
587980
587939
587911
587837
587749
587641
587537
587527
587523
587507
587257
587169
586981
586938
586900
586809
586782
586765
586642
586607
586582
586552
586547
586544
586391
586378
586331
586309
586255
585985
585896
585893
585885
585884
585800
585732
585707
585689
585615
585540
585527
585491
585381
585332
585280
585156
585156
584977
584928
584913
584856
584760
584744
584587
584564
584464
584410
584350
584236
584233
584183
584116
584077
584071
584000
583875
583818
583730
583714
583674
583667
583630
583572
583567
583563
583490
583278
583246
583242
583205
583200
583190
583170
583109
583104
583038
582993
582897
582894
582888
582868
582796
582628
582374
582164
582097
582066
581898
581888
581815
581795
581751
581691
581629
581554
581498
581450
581371
581360
581345
581206
581131
581105
580786
580650
580597
580594
580592
580588
580553
580452
580388
580362
580361
580335
580312
580248
579821
579818
579793
579764
579724
579662
579591
579468
579421
579397
579313
579247
579191
579073
579068
578883
578728
578657
578610
578215
578123
578072
578040
578003
577976
577920
577877
577828
577821
577771
577624
577614
577537
577493
577487
577391
577338
577110
577010
576996
576995
576976
576826
576803
576788
576785
576675
576558
576361
576206
576045
575940
575645
575640
575573
575499
575374
575365
575343
575286
575225
575211
575150
575122
575073
575054
574952
574926
574915
574903
574711
574617
574567
574507
574493
574472
574472
574439
574423
574363
574237
574186
574176
574084
573905
573888
573724
573603
573583
573434
573423
573380
572979
572783
572628
572606
572597
572595
572430
572306
572247
572235
572151
572044
571996
571995
571869
571858
571828
571798
571751
571678
571536
571454
571375
571340
571338
571319
571253
571196
571106
571059
571035
570844
570781
570742
570582
570334
570327
570102
570100
570066
570007
569953
569913
569848
569796
569582
569401
569369
569343
569312
569186
569154
569113
569057
569004
568924
568900
568845
568768
568695
568674
568592
568525
568508
568413
568326
568306
568302
568294
568281
568252
568248
568070
567960
567882
567818
567765
567684
567669
567588
567502
567487
567454
567299
567198
567164
567141
567103
567009
566963
566906
566878
566829
566824
566690
566532
566517
566515
566509
566307
566217
566127
566102
566075
566065
566031
566027
566014
565945
565875
565812
565608
565559
565553
565417
565160
565026
564912
564875
564850
564622
564564
564527
564514
564435
564391
564278
564135
564058
563982
563938
563865
563854
563831
563801
563737
563691
563593
563581
563518
563494
563478
563439
563308
563136
563096
563058
562936
562823
562760
562710
562696
562689
562569
562563
562559
562521
562378
562304
562261
562186
562186
562135
562067
562058
562001
561989
561911
561856
561685
561681
561680
561632
561425
561240
561178
561121
561114
560885
560830
560743
560655
560652
560508
560490
560483
560198
560171
560000
559972
559788
559786
559706
559684
559623
559609
559520
559484
559348
559315
559260
559212
559190
559025
558977
558940
558871
558687
558669
558641
558460
558363
558354
558070
558041
557962
557913
557784
557690
557327
557280
557278
557271
557206
557101
556985
556944
556901
556837
556786
556725
556687
556685
556579
556489
556362
556294
556268
556119
556112
556008
555901
555892
555834
555832
555810
555654
555646
555558
555481
555441
555367
555355
555339
555292
555279
555050
555013
554988
554942
554906
554875
554844
554394
554356
554281
554198
554143
554072
554064
553927
553744
553704
553684
553659
553544
553520
553466
553453
553387
553255
553254
553223
553115
553024
552866
552837
552804
552676
552646
552634
552617
552577
552560
552448
552265
552231
552108
552083
552075
552071
552064
551889
551888
551861
551825
551814
551756
551628
551622
551582
551558
551513
551418
551416
551314
551279
551069
551057
550981
550907
550730
550680
550563
550461
550380
550375
550371
550363
550333
550281
550215
550160
550078
550073
549835
549833
549782
549632
549623
549610
549568
549471
549419
549381
549242
548860
548743
548716
548628
548625
548601
548536
548379
548335
548311
548261
548189
548150
548107
548094
548085
548047
548032
547991
547767
547750
547682
547675
547604
547553
547469
547383
547308
547295
547200
547186
547183
547084
546972
546955
546937
546921
546855
546799
546774
546748
546702
546605
546555
546492
546480
546293
546150
546148
546028
545917
545878
545729
545668
545662
545661
545599
545443
545424
545404
545388
545272
545249
545201
545135
545128
545071
544977
544976
544933
544896
544808
544761
544748
544713
544705
544650
544576
544564
544484
544478
544445
544389
544348
544327
544232
544169
543828
543753
543694
543600
543578
543307
543206
543087
543051
543047
542996
542948
542947
542606
542494
542436
542426
542411
542279
542130
542126
542084
542027
542018
541886
541882
541784
541715
541683
541585
541303
541180
540962
540923
540878
540862
540841
540809
540778
540756
540745
540742
540668
540647
540412
540377
540313
540303
540251
539961
539849
539818
539783
539632
539459
539441
539354
539323
539290
539189
539060
539024
539007
538775
538760
538683
538628
538523
538366
538340
538133
537982
537982
537965
537950
537927
537882
537716
537618
537552
537523
537509
537500
537420
537307
537248
537193
537153
537083
536864
536863
536817
536696
536676
536562
536497
536386
536349
536261
536231
536224
536137
536111
536003
535933
535918
535876
535848
535661
535629
535489
535377
535311
535260
535181
535125
535086
535085
535060
535015
534961
534936
534925
534903
534896
534780
534739
534729
534673
534639
534582
534468
534383
534355
534344
534206
534149
534128
534115
533995
533932
533923
533849
533820
533636
533621
533583
533534
533484
533367
533342
533261
533009
532892
532885
532836
532764
532734
532558
532499
532424
532298
532273
532217
532151
532064
531996
531927
531904
531873
531811
531783
531712
531680
531639
531536
531534
531519
531474
531422
531419
531383
531350
531171
531105
531059
530627
530609
530579
530503
530439
530430
530246
530161
530131
530095
529760
529696
529632
529570
529516
529299
529286
529261
529237
529236
529231
529151
529131
529125
529086
529076
528992
528948
528927
528923
528843
528829
528760
528725
528646
528587
528584
528547
528391
528373
528299
528291
528180
528118
528110
528010
527949
527831
527796
527778
527746
527679
527571
527495
527349
527346
527282
527261
527219
527009
526992
526954
526936
526858
526764
526756
526717
526716
526690
526641
526628
526583
526505
526407
526391
526309
526256
526236
526226
526102
526092
526056
526029
526008
525922
525854
525747
525647
525599
525377
525301
525194
525166
525042
525013
524927
524914
524814
524763
524691
524621
524542
524481
524331
524316
524295
524207
524188
524169
524093
524033
524007
523891
523887
523652
523631
523566
523513
523500
523495
523284
523272
523159
523138
523059
523015
522956
522873
522732
522642
522617
522570
522545
522542
522527
522402
522339
522267
522256
522099
522061
522047
522032
522006
521897
521805
521691
521662
521576
521573
521491
521486
521376
521340
521311
521270
521192
521125
521013
520735
520700
520616
520505
520431
520196
520173
520113
520019
519864
519853
519852
519846
519704
519517
519496
519467
519367
519269
519189
519155
519135
519027
519003
518963
518929
518703
518689
518684
518631
518620
518602
518546
518457
518452
518404
518214
518172
518110
518012
518000
517798
517779
517693
517687
517682
517514
517467
517119
517022
516886
516815
516728
516710
516604
516560
516520
516459
516426
516323
516258
516203
516201
516125
516091
516001
515942
515840
515818
515748
515741
515740
515690
515660
515554
515511
515417
515386
515340
515146
515144
515094
515067
514998
514841
514712
514664
514570
514516
514481
514476
514353
514225
514180
514141
514113
514069
514024
513966
513928
513850
513803
513785
513766
513723
513688
513485
513458
513206
513132
513005
512990
512828
512802
512741
512587
512534
512522
512379
512347
512146
512110
512039
512030
512017
512016
511989
511982
511903
511870
511521
511499
511166
511116
511113
511038
511016
510987
510939
510938
510877
510824
510801
510692
510597
510326
510293
510124
510003
509888
509886
509784
509755
509618
509542
509531
509511
509490
509477
509199
509097
509077
508883
508819
508645
508488
508446
508445
508368
508365
508315
508223
508166
508147
508118
508025
507927
507885
507883
507794
507755
507715
507690
507569
507427
507407
507322
507303
507150
507148
507132
506997
506992
506980
506919
506917
506857
506812
506801
506784
506678
506475
506353
506183
506162
506118
505911
505870
505688
505526
505523
505454
505266
505232
505205
505047
504952
504935
504896
504774
504610
504596
504567
504559
504547
504543
504533
504337
504261
504217
504206
504196
504076
503959
503843
503501
503496
503440
503302
503283
503273
503226
503195
503054
503028
502964
502955
502947
502913
502903
502897
502840
502767
502686
502676
502471
502434
502382
502367
502364
502317
502270
502260
502228
502209
501894
501797
501775
501740
501665
501571
501502
501491
501450
501441
501429
501405
501400
501266
501235
501191
501176
501151
501082
501078
501073
500962
500833
500820
500772
500749
500652
500616
500610
500527
500487
500335
500333
500317
500170
500097
500029
499999
499838
499768
499762
499646
499597
499578
499562
499554
499548
499406
499294
499267
499249
499234
499173
499121
498964
498960
498769
498766
498727
498724
498550
498265
498210
498208
498082
498024
497953
497939
497746
497680
497642
497559
497369
497322
497307
497219
497205
496975
496959
496949
496886
496866
496852
496847
496815
496809
496739
496601
496512
496483
496460
496365
496330
496135
496057
496051
495827
495793
495624
495602
495504
495492
495398
495342
495241
495160
495149
495113
495031
494910
494705
494670
494657
494647
494640
494537
494486
494465
494318
494278
494243
494122
494108
494053
493967
493922
493867
493703
493683
493595
493578
493570
493554
493536
493513
493397
493296
493160
493014
492979
492928
492871
492794
492758
492743
492638
492633
492556
492425
492394
492392
492367
492325
492207
492166
492144
492132
492102
492037
491958
491922
491915
491807
491659
491554
491541
491518
491489
491259
491250
491115
490955
490885
490883
490866
490844
490741
490696
490571
490536
490520
490421
490401
490390
490383
490376
490147
490056
489988
489941
489877
489806
489748
489722
489592
489567
489525
489435
489299
489239
489220
489206
489172
489083
489059
488995
488973
488882
488800
488664
488617
488605
488429
488408
488373
488231
488192
488116
488000
487996
487990
487932
487877
487860
487748
487741
487740
487691
487668
487529
487329
487325
487310
487180
487051
487035
487018
486932
486690
486682
486663
486651
486620
486612
486607
486476
486367
486333
486227
486155
486092
485920
485914
485831
485730
485692
485551
485551
485237
485203
485156
485138
484940
484816
484813
484797
484720
484698
484522
484510
484456
484425
484352
484344
484299
484292
484165
484154
484066
484017
483853
483764
483361
483352
483336
483313
483197
482987
482944
482745
482745
482693
482646
482588
482517
482501
482400
482341
482327
482231
482221
482054
482033
482002
481964
481894
481869
481710
481677
481558
481520
481430
481367
481304
481246
481092
481015
480973
480967
480966
480922
480848
480814
480729
480633
480589
480579
480532
480333
480284
480216
480197
480179
480133
480094
480082
479903
479862
479829
479793
479679
479638
479494
479470
479425
479419
479320
479268
479220
479216
478999
478804
478803
478745
478715
478696
478695
478669
478644
478611
478501
478500
478378
478364
478364
478265
478094
478065
478050
478037
478030
478022
477992
477981
477921
477833
477826
477759
477734
477674
477621
477593
477509
477502
477497
477345
477330
477317
477249
477199
477118
477106
477094
477048
476969
476967
476928
476844
476768
476743
476666
476622
476454
476286
476249
476237
476128
476092
476088
476052
476045
475983
475906
475885
475849
475812
475723
475646
475510
475486
475482
475453
475426
475418
475326
475283
475241
475088
475057
475033
474976
474959
474844
474804
474689
474534
474407
474359
474299
474241
474188
474181
474160
474138
474086
474043
473958
473941
473919
473875
473847
473815
473749
473682
473653
473645
473585
473531
473513
473447
473399
473352
473259
473156
472980
472946
472918
472832
472820
472802
472728
472637
472610
472560
472515
472511
471920
471736
471706
471645
471594
471593
471585
471541
471526
471483
471452
471397
471390
471360
471140
471135
471058
471013
470958
470957
470948
470882
470876
470837
470691
470597
470475
470280
470234
470213
470103
470073
469975
469912
469896
469873
469772
469738
469720
469695
469534
469527
469523
469382
469299
469088
469069
469066
468977
468769
468764
468558
468427
468394
468363
468357
468353
468174
468072
468030
468028
467917
467901
467848
467838
467729
467669
467654
467579
467539
467464
467409
467376
466662
466603
466576
466568
466540
466462
466420
466318
466301
466236
466040
466013
465976
465950
465859
465843
465840
465781
465713
465662
465607
465525
465486
465427
465392
465359
465281
465201
465069
464961
464889
464862
464855
464722
464659
464555
464466
464414
464413
464362
464341
464306
464281
464214
464078
463991
463977
463860
463727
463579
463574
463569
463512
463441
463423
463332
463245
463154
463079
463078
462887
462776
462650
462641
462628
462558
462441
462373
462306
462301
462230
462217
462211
462201
462198
462191
462086
462047
462021
461992
461930
461792
461593
461578
461534
461514
461441
461389
461382
461379
461314
461272
461250
461170
461117
461094
461064
460978
460973
460899
460833
460610
460609
460499
460472
460364
460042
459989
459815
459752
459713
459666
459549
459466
459380
459380
459342
459278
459252
459234
459152
459116
459071
458919
458859
458643
458564
458389
458378
458156
458151
458132
458123
457968
457955
457897
457839
457837
457565
457421
457391
457356
457217
456984
456909
456890
456537
456500
456446
456437
456121
456065
456047
456014
455976
455955
455839
455829
455665
455507
455411
455385
455371
455270
455207
455201
455172
455161
454888
454738
454691
454613
454594
454565
454361
454187
454169
454054
454024
453921
453901
453787
453778
453743
453592
453564
453436
453377
453319
453318
453306
453225
453041
452981
452958
452939
452884
452834
452828
452689
452553
452405
452329
452101
452026
451985
451841
451780
451730
451606
451581
451453
451427
451284
451278
451117
451077
451033
450956
450886
450864
450834
450742
450502
450338
450308
450244
450163
450083
450080
450063
450046
450024
449993
449975
449941
449894
449881
449811
449781
449581
449474
449365
449298
449280
449276
449164
449026
448966
448899
448850
448824
448762
448680
448656
448638
448620
448615
448585
448403
448285
448134
448090
448074
448054
447969
447954
447844
447837
447830
447810
447798
447669
447615
447605
447597
447571
447379
447375
447368
447266
447216
446899
446868
446865
446818
446693
446656
446607
446605
446489
446437
446335
446301
446132
446130
446129
446123
446009
445943
445718
445712
445657
445606
445562
445562
445509
445476
445426
445361
445215
445190
445075
445007
444960
444949
444891
444797
444745
444710
444510
444445
444331
444313
444308
444258
444211
444054
443962
443895
443874
443792
443773
443719
443647
443535
443484
443447
443409
443361
443308
443292
443255
443184
443159
443155
443082
443046
442863
442762
442742
442629
442602
442541
442417
442362
442307
442206
442053
441917
441807
441689
441621
441499
441414
441060
440967
440873
440860
440729
440672
440638
440613
440557
440462
440451
440098
439795
439785
439776
439756
439733
439664
439498
439491
439435
439426
439426
439388
439371
439347
439285
439281
439272
439191
439120
439089
439045
439019
439005
438951
438932
438851
438813
438729
438678
438570
438497
438495
438492
438489
438454
438395
438380
438187
438168
438112
438102
437966
437943
437872
437833
437798
437787
437722
437629
437554
437440
437216
437138
437120
437106
436921
436809
436800
436774
436773
436734
436733
436683
436628
436609
436608
436586
436516
436400
436358
436357
436306
436265
436239
436174
436172
436070
435981
435936
435801
435786
435735
435733
435716
435692
435555
435483
435364
435308
435264
435239
435224
434939
434934
434803
434705
434649
434629
434615
434477
434424
434409
434380
434331
434324
434214
434141
434134
434124
434115
434097
433902
433877
433845
433840
433788
433782
433715
433713
433676
433644
433586
433413
433338
433337
433120
433109
433074
432964
432784
432650
432584
432473
432437
432398
432335
432277
432106
432105
432087
432055
432033
431939
431870
431792
431689
431633
431437
431275
431272
431264
431240
431208
431161
431125
431125
431023
430850
430625
430577
430566
430565
430547
430542
430518
430495
430490
430484
430338
430288
430280
430264
430250
430196
430106
429984
429972
429942
429923
429868
429829
429770
429716
429691
429666
429502
429482
429469
429441
429440
429290
429196
429193
429081
429053
429040
428959
428908
428871
428865
428847
428731
428721
428691
428570
428473
428470
428263
428231
428063
428059
427838
427828
427813
427737
427700
427700
427638
427543
427473
427432
427403
427322
427303
427088
427021
426979
426841
426828
426755
426719
426568
426564
426503
426483
426436
426434
426320
426308
426149
426119
426042
426010
426006
425944
425902
425856
425855
425815
425648
425617
425572
425571
425539
425525
425477
425452
425367
425283
425223
425131
425082
425069
425019
425018
424933
424790
424787
424705
424702
424639
424603
424595
424588
424558
424547
424452
424407
424330
424322
424145
424114
424112
424100
424024
423940
423835
423728
423703
423669
423655
423600
423561
423560
423556
423546
423351
423277
423153
423089
423059
423038
422943
422914
422869
422819
422710
422709
422665
422647
422616
422569
422536
422526
422524
422415
422413
422235
422072
422031
421933
421926
421817
421670
421585
421577
421496
421492
421458
421435
421324
421311
421267
421146
421103
421073
421047
420972
420959
420860
420842
420696
420690
420649
420525
420519
420504
420450
420405
420362
420254
420197
420090
419912
419884
419877
419825
419813
419812
419807
419755
419715
419617
419556
419543
419528
419492
419368
419339
419267
419231
419220
419207
419178
419177
419144
419131
419124
419096
419036
418950
418891
418811
418749
418642
418619
418469
418440
418305
418283
418159
418145
418100
417910
417804
417761
417751
417741
417614
417450
417396
417387
417346
417188
417121
417040
416838
416794
416790
416731
416669
416568
416547
416488
416444
416435
416434
416410
416386
416364
416223
416161
416119
416111
416102
416072
416006
416000
415943
415798
415719
415581
415507
415426
415171
415080
415078
415069
415024
414971
414847
414837
414744
414734
414525
414443
414414
414324
414262
414165
414131
414107
414092
414059
414051
414032
414031
413965
413864
413798
413756
413723
413685
413677
413571
413530
413525
413445
413410
413188
412928
412821
412797
412772
412676
412545
412505
412448
412305
412255
412251
412231
412210
412099
412095
412088
412071
412071
412063
411883
411857
411830
411824
411791
411762
411555
411546
411485
411430
411391
411344
411315
411234
411204
411107
411081
410962
410827
410820
410643
410608
410595
410466
410387
410256
410121
410108
410105
409994
409988
409974
409892
409846
409842
409719
409667
409595
409549
409511
409486
409486
409349
409293
409284
409282
409281
408972
408918
408835
408806
408803
408726
408677
408587
408390
408280
408250
408245
408125
408112
408035
407989
407989
407728
407620
407524
407503
407420
407331
407327
407285
407168
407147
407099
406953
406952
406808
406788
406693
406673
406671
406664
406506
406441
406397
406333
406314
406203
406105
406054
406033
405999
405908
405895
405817
405687
405624
405426
405404
405390
405314
405245
405200
405067
404966
404917
404876
404699
404671
404611
404536
404535
404533
404520
404415
404232
404217
404130
404065
404024
403822
403805
403732
403685
403557
403309
403293
403272
403254
403221
403214
402945
402895
402702
402616
402570
402561
402556
402497
402403
402196
402172
402095
401842
401804
401718
401680
401648
401397
401309
401309
401295
401252
401216
401204
401193
401101
401092
401032
400985
400872
400720
400681
400668
400588
400569
400481
400416
400146
400103
400097
399986
399958
399843
399648
399606
399463
399248
399128
399045
399040
398889
398720
398673
398619
398587
398414
398237
398222
398209
398155
398154
398060
397985
397625
397549
397476
397458
397289
397214
397168
397134
397107
397052
397033
396990
396961
396952
396933
396789
396489
396474
396436
396424
396156
396068
396056
396018
395868
395842
395826
395662
395657
395633
395589
395564
395541
395533
395410
395386
395332
395279
395269
395217
395182
395172
395083
394786
394771
394762
394549
394496
394441
394407
394400
394360
394260
394248
394241
394212
394201
394002
393981
393844
393835
393652
393640
393385
393379
393346
393003
392997
392971
392962
392958
392951
392928
392880
392874
392873
392701
392632
392569
392465
392438
392407
392228
392218
392178
392100
392034
391949
391901
391863
391745
391653
391648
391599
391592
391558
391547
391507
391268
391115
390998
390992
390847
390830
390784
390638
390588
390366
390207
390163
390100
390094
389970
389942
389815
389698
389645
389609
389453
389352
388936
388868
388840
388824
388794
388758
388709
388649
388545
388503
388476
388434
388324
388290
388258
388220
388186
388027
387947
387882
387874
387786
387772
387721
387444
387406
387338
387311
387244
387173
387154
387131
387000
386799
386707
386636
386565
386534
386496
386491
386418
386344
386244
386232
386153
386151
386098
386065
386036
385942
385897
385874
385572
385470
385452
385430
385399
385362
385318
385312
385205
385115
385091
385032
384845
384826
384721
384693
384513
384401
384312
384242
384152
384104
384008
383876
383850
383780
383696
383687
383646
383597
383476
383464
383160
383095
382892
382777
382699
382468
382406
382287
382254
382247
382227
382021
381974
381858
381627
381569
381477
381205
381189
381164
381132
381056
380988
380960
380907
380850
380789
380781
380763
380718
380710
380699
380504
380464
380459
380448
380404
380280
380127
380071
379888
379831
379829
379826
379608
379485
379474
379423
379391
379294
379255
379170
379150
379081
379059
378801
378718
378640
378536
378317
378208
378196
378100
377945
377815
377740
377701
377673
377670
377520
377508
377502
377433
377387
377318
377310
377260
377154
377152
377000
376953
376928
376861
376831
376714
376672
376560
376541
376438
376429
376385
376318
375950
375838
375785
375758
375504
375440
375304
375295
375287
375230
375213
375208
375205
375152
375149
375131
375059
375057
374953
374908
374905
374864
374778
374777
374768
374741
374674
374623
374586
374503
374371
374170
374121
374095
373981
373960
373925
373914
373715
373714
373614
373582
373573
373501
373476
373397
373284
373269
373210
373192
373181
373177
373081
373038
372927
372891
372891
372889
372856
372470
372342
372251
372208
372182
372008
371975
371798
371719
371691
371603
371563
371541
371482
371058
371012
370996
370992
370843
370735
370681
370669
370544
370497
370475
370469
370429
370407
370401
370309
370277
370261
370126
370054
370000
369945
369905
369865
369843
369812
369784
369651
369627
369404
369377
369339
369296
369255
369236
369233
369183
369130
369078
369033
368896
368868
368811
368810
368780
368584
368427
368379
368304
368228
368169
368055
367912
367901
367783
367725
367720
367689
367668
367620
367331
367285
367125
367044
366977
366957
366900
366893
366870
366817
366798
366789
366734
366714
366539
366523
366386
366378
366253
366225
366214
366168
366013
365912
365774
365740
365672
365646
365628
365565
365560
365548
365523
365467
365427
365264
365163
365134
365022
365020
364938
364913
364721
364653
364638
364636
364625
364531
364477
364436
364430
364269
364143
363938
363576
363527
363496
363338
363270
363248
363244
363192
363183
363134
363126
363051
363041
363039
362961
362896
362804
362517
362480
362416
362344
362312
362269
362019
362005
361931
361829
361813
361740
361666
361390
361216
361060
361045
360994
360954
360906
360904
360860
360853
360702
360601
360556
360496
360323
360258
360193
360153
359995
359967
359949
359948
359916
359885
359861
359833
359787
359569
359552
359487
359486
359407
359396
359271
359210
359124
359077
359041
358927
358915
358900
358863
358859
358763
358747
358740
358707
358669
358649
358511
358507
358446
358187
358162
358089
358068
358061
358054
358002
357972
357964
357806
357720
357674
357623
357620
357511
357392
357366
357346
357309
357297
357222
357021
356937
356727
356717
356681
356447
356409
356404
356318
356280
356191
356157
356023
355972
355873
355738
355696
355663
355523
355313
355279
355048
354902
354834
354690
354575
354453
354433
354400
354368
354351
354294
354272
354225
354153
354131
354105
354077
354018
353888
353801
353684
353631
353615
353610
353540
353425
353415
353380
353366
353340
353297
353292
353168
353151
353098
353040
352997
352954
352941
352932
352837
352795
352786
352774
352749
352678
352657
352647
352583
352487
352362
352302
352198
352124
352090
352025
352008
352005
351724
351627
351582
351566
351402
351268
351236
351098
351005
350908
350899
350788
350772
350771
350577
350523
350510
350500
350446
350396
350232
350189
350142
350104
350044
349946
349938
349639
349636
349628
349570
349428
349144
349047
349015
349001
348914
348877
348851
348685
348664
348624
348603
348567
348379
348356
348151
348136
348076
348066
348065
348063
347987
347953
347814
347814
347736
347722
347650
347627
347573
347544
347515
347497
347470
347462
347445
347420
347311
347286
347259
347250
347240
347119
347082
347059
347046
347024
347015
346989
346804
346721
346615
346596
346558
346465
346457
346452
346392
346231
346209
346150
346133
346081
346060
346051
345991
345988
345818
345765
345616
345608
345466
345417
345411
345410
345394
345235
345144
345123
345003
344977
344970
344947
344932
344902
344852
344758
344756
344711
344608
344588
344409
344334
344330
344029
344004
343875
343847
343743
343696
343689
343620
343587
343492
343241
343206
343116
342795
342761
342700
342633
342621
342595
342585
342550
342475
342460
342359
342294
342232
342199
342185
342177
342088
342087
342008
341925
341826
341791
341787
341575
341398
341248
341190
341173
341039
341013
341001
340981
340903
340897
340856
340854
340744
340712
340602
340549
340401
340399
340382
340377
340198
340017
339958
339867
339810
339667
339652
339537
339532
339426
339395
339391
339272
339037
339021
338996
338941
338885
338842
338841
338752
338539
338493
338443
338353
338306
338263
338241
338115
337965
337835
337796
337708
337668
337544
337525
337492
337435
337360
337309
337298
337283
337264
337150
337009
337007
336928
336808
336722
336687
336553
336540
336366
336316
336267
336244
336130
335997
335926
335917
335620
335583
335522
335514
335365
335303
335271
335263
335144
335143
335122
335079
335000
334989
334974
334951
334750
334747
334744
334644
334619
334541
334488
334470
334457
334387
334267
334129
333966
333876
333757
333699
333630
333571
333416
333345
333225
333213
333166
333145
333134
333064
333044
333009
333003
332863
332828
332811
332808
332680
332641
332466
332402
332375
332323
332309
332278
332157
332129
332110
332110
332053
331941
331923
331830
331809
331620
331589
331519
331384
331270
331031
330990
330961
330959
330924
330864
330845
330783
330646
330632
330571
330559
330528
330398
330377
330349
330348
330321
330170
330120
330103
330049
329840
329830
329829
329779
329743
329708
329452
329434
329432
329405
329333
329293
329281
329118
329078
329067
329054
328976
328694
328619
328615
328566
328538
328507
328441
328342
328203
328165
328161
328079
327995
327960
327949
327937
327933
327888
327724
327609
327609
327511
327498
327463
327427
327398
327354
327185
327123
327027
327007
326944
326917
326842
326823
326785
326773
326738
326713
326524
326511
326468
326283
326133
325989
325954
325824
325728
325467
325431
325429
325319
325307
325288
325220
325111
325096
324964
324857
324839
324838
324739
324681
324545
324519
324419
324339
324322
324305
324282
324231
324171
324110
324080
323956
323933
323928
323913
323801
323783
323766
323690
323671
323633
323631
323574
323571
323509
323505
323465
323377
323364
323232
323146
323125
323118
323006
322917
322915
322883
322854
322772
322720
322674
322630
322507
322470
322440
322348
322346
322265
322146
322051
321998
321904
321892
321847
321780
321748
321692
321592
321577
321468
321363
321337
321211
321208
321128
321076
321076
320943
320830
320800
320740
320718
320609
320581
320579
320545
320512
320508
320433
320320
320234
320187
320158
320151
320123
320093
320078
319775
319718
319614
319233
319152
319098
318996
318915
318889
318871
318564
318562
318553
318520
318501
318342
318325
318279
318169
318142
318015
318000
317918
317741
317741
317422
317419
317240
317189
317017
316989
316901
316745
316738
316730
316573
316448
316433
316383
316335
316112
316060
315879
315846
315648
315592
315590
315504
315452
315410
315276
315233
315021
314804
314675
314661
314544
314540
314539
314533
314523
314369
314369
314164
314140
314138
314109
314090
314056
314043
314038
314027
314005
313987
313793
313721
313679
313580
313576
313567
313523
313296
313149
313012
312988
312903
312819
312795
312680
312537
312498
312494
312480
312289
312288
312251
312116
312063
312036
312007
311938
311901
311835
311601
311585
311514
311436
311409
311391
311287
311194
311068
311044
310990
310945
310938
310928
310868
310856
310644
310636
310510
310451
310439
310412
310382
310249
310042
310009
309998
309925
309923
309891
309820
309704
309619
309572
309387
309231
309192
309190
309063
308978
308917
308821
308782
308668
308656
308627
308605
308580
308557
308527
308502
308406
308389
308240
308206
308186
308086
307887
307876
307851
307740
307721
307665
307626
307569
307508
307459
307250
307249
307199
307036
306694
306670
306626
306566
306502
306467
306463
306444
306430
306340
306317
306136
306094
306059
305954
305942
305815
305739
305722
305601
305586
305556
305484
305468
305444
305439
305429
305316
305058
305026
304929
304927
304925
304848
304825
304753
304736
304690
304657
304556
304544
304271
304270
304148
303922
303875
303753
303724
303650
303573
303425
303180
302997
302961
302888
302864
302756
302728
302704
302671
302633
302507
302501
302489
302484
302426
302397
302371
302280
302188
302000
301907
301745
301559
301553
301528
301525
301512
301469
301438
301372
301324
301301
301231
301136
300987
300959
300887
300846
300803
300760
300678
300565
300431
300420
300359
300302
300284
300152
300140
300032
300014
299978
299882
299703
299621
299459
299386
299232
299230
299220
299145
298963
298950
298924
298911
298772
298685
298650
298606
298483
298267
298220
298181
298174
298080
297975
297914
297864
297621
297450
297205
297145
297116
297044
296886
296795
296776
296757
296732
296609
296606
296424
296337
296178
296071
295994
295989
295936
295870
295809
295704
295602
295588
295459
295440
295297
295271
295068
295017
295003
294989
294971
294964
294915
294885
294667
294626
294591
294536
294417
294216
294081
294056
293867
293762
293691
293659
293640
293638
293448
293264
293222
293188
293123
293081
293010
293001
292998
292945
292903
292763
292729
292686
292585
292489
292465
292366
292295
292221
292213
292107
292069
291988
291907
291672
291651
291578
291499
291488
291430
291405
291384
291383
291270
291267
291062
291023
291017
290984
290874
290854
290762
290754
290730
290501
290437
290419
290358
290305
290294
290248
290194
290172
290139
289925
289886
289863
289854
289851
289722
289721
289691
289681
289651
289623
289549
289503
289436
289372
289339
289293
289267
289266
289225
289217
289158
289148
289114
289071
288835
288798
288735
288551
288522
288505
288502
288105
288103
287884
287873
287665
287628
287623
287585
287556
287506
287459
287401
287337
287264
287259
287183
287181
287164
287127
287119
287097
287089
287083
287035
286885
286811
286716
286707
286605
286543
286509
286398
286396
286346
286301
286183
286093
285996
285889
285847
285819
285738
285644
285637
285611
285602
285545
285494
285460
285443
285424
285396
285332
285284
285269
285263
285249
285219
285167
285166
285005
284896
284886
284790
284712
284636
284554
284497
284235
284167
284087
284082
284022
284019
283998
283937
283824
283748
283540
283539
283469
283468
283179
283169
283156
283123
283046
282961
282899
282891
282876
282769
282766
282741
282595
282539
282495
282417
282316
282235
282183
282027
282008
281978
281917
281851
281830
281768
281638
281610
281591
281580
281578
281422
281391
281371
281371
281324
281306
281281
281174
281155
281130
281092
281060
281025
281007
280944
280772
280768
280745
280693
280509
280399
280313
280305
280298
280231
280203
280164
280135
280008
279980
279972
279939
279933
279929
279887
279870
279838
279755
279752
279711
279673
279666
279652
279637
279537
279507
279427
279393
279288
279281
279273
279199
279172
278959
278911
278863
278680
278649
278643
278643
278567
278544
278429
278413
278358
278353
278288
278154
278061
278020
277985
277980
277876
277857
277851
277848
277806
277603
277600
277540
277522
277510
277350
277246
277240
277042
277000
276998
276923
276877
276803
276785
276553
276512
276455
276352
275888
275800
275732
275574
275547
275542
275521
275412
275366
275321
275192
275158
275096
274993
274972
274967
274957
274953
274876
274811
274735
274692
274582
274574
274522
274333
274281
274184
274181
274091
274029
274008
273987
273932
273883
273794
273591
273535
273464
273436
273277
273108
273000
272844
272821
272789
272748
272722
272676
272676
272624
272578
272436
272418
272392
272375
272367
272343
272302
272262
272165
272161
272078
271971
271971
271920
271917
271897
271842
271645
271619
271614
271574
271536
271525
271376
271367
271366
271347
271013
270976
270964
270952
270945
270941
270833
270794
270756
270636
270569
270422
270297
270264
270191
270090
270082
270070
270023
269921
269834
269659
269611
269572
269501
269486
269452
269262
269257
269233
269122
268966
268955
268880
268817
268775
268734
268637
268633
268559
268541
268506
268465
268451
268268
268212
268180
268069
267890
267884
267845
267773
267609
267540
267418
267360
267294
267245
267147
267064
266997
266921
266916
266902
266803
266760
266749
266733
266637
266622
266584
266473
266344
266268
266113
266106
266060
266035
265994
265893
265783
265772
265713
265644
265466
265455
265293
265201
265078
264960
264893
264582
264393
264276
264070
263855
263796
263744
263574
263455
263422
263304
263263
263159
263098
263086
263054
263011
262913
262751
262734
262694
262677
262616
262606
262388
262368
262350
262303
262242
262241
262176
262173
262082
262026
261935
261561
261556
261502
261491
261275
261237
261171
261013
260929
260795
260767
260739
260698
260568
260520
260351
260204
260174
260092
260048
260027
259992
259987
259934
259879
259820
259796
259771
259755
259747
259676
259569
259442
259398
259341
259296
259180
259115
259108
259081
259019
259005
258890
258768
258683
258589
258545
258517
258512
258469
258431
258410
258394
258354
258349
258303
258302
258252
258249
258150
258106
258035
257966
257919
257896
257857
257839
257801
257772
257722
257665
257617
257606
257593
257562
257468
257462
257214
257071
256842
256767
256742
256700
256665
256568
256501
256418
256377
256297
256248
256244
256209
256203
256182
256155
256142
256128
256057
255948
255830
255720
255687
255630
255609
255590
255565
255522
255442
255173
255155
255047
254865
254852
254627
254570
254557
254484
254456
254243
253888
253861
253853
253853
253779
253719
253655
253596
253557
253543
253381
253364
253311
253160
253128
253026
253013
252957
252934
252857
252800
252775
252767
252749
252737
252432
252423
252404
252356
252181
252137
252041
251918
251831
251804
251788
251695
251602
251584
251547
251505
251409
251311
251297
251281
251272
251192
251080
251020
250969
250884
250792
250749
250707
250665
250610
250603
250508
250492
250476
250424
250401
250373
250344
250225
250176
250123
250094
250090
250081
250066
249962
249932
249847
249823
249540
249479
249471
249454
249437
249424
249342
249321
249171
249113
248978
248970
248958
248806
248803
248752
248719
248684
248666
248503
248438
248208
248184
248173
247961
247943
247942
247684
247572
247572
247276
247200
247154
247036
246984
246935
246900
246860
246763
246759
246644
246437
246332
246322
246212
246191
246130
245893
245734
245637
245624
245527
245485
245442
245434
245424
245389
245389
245264
245228
245176
245126
245102
245045
244946
244854
244692
244681
244606
244604
244597
244550
244480
244476
244450
244383
244299
244237
244151
244147
243984
243976
243838
243785
243732
243707
243638
243549
243416
243394
243387
243243
243220
243077
243074
242966
242911
242860
242614
242577
242562
242511
242393
242312
242208
242120
242110
242000
241990
241970
241964
241928
241835
241759
241740
241670
241597
241591
241514
241382
241371
241303
241262
241221
241162
241157
241132
241122
241118
240858
240800
240765
240736
240690
240681
240433
240335
240324
240321
240317
240290
240161
240063
240031
239944
239896
239888
239798
239718
239617
239284
239237
239223
239222
239199
238888
238767
238725
238707
238616
238610
238429
238353
238278
238253
238225
238133
237955
237848
237817
237766
237751
237571
237555
237539
237452
237410
237395
237385
237187
237160
237148
237086
237083
237017
236995
236785
236739
236575
236446
236277
236147
235974
235965
235942
235889
235757
235752
235659
235643
235613
235602
235344
235328
235290
235215
235206
235106
235091
234901
234778
234689
234611
234601
234530
234415
234312
234069
233986
233671
233563
233464
233372
233313
233102
233092
232952
232717
232611
232542
232527
232496
232480
232461
232411
232394
232331
232322
232288
232234
232232
232214
232056
232051
232007
231856
231850
231750
231628
231579
231518
231514
231442
231395
231395
231358
231352
231336
231296
231284
231254
231243
231223
231083
231067
230980
230980
230867
230792
230140
229919
229824
229720
229642
229620
229449
229439
229384
229362
229301
229272
229207
229168
229044
229025
228942
228841
228832
228673
228522
228516
228503
228488
228357
228292
228253
228140
228129
228105
228019
227916
227891
227880
227856
227834
227722
227662
227634
227605
227578
227492
227478
227470
227453
227420
227327
227313
227284
227156
227036
227033
226853
226772
226619
226590
226579
226423
226305
226293
226248
226202
226076
225976
225789
225782
225722
225585
225534
225515
225454
225423
225397
225336
225249
225156
225065
224913
224766
224693
224621
224593
224522
224489
224417
224407
224390
224309
224213
223937
223763
223733
223588
223577
223557
223546
223524
223469
223439
223371
223368
223322
223303
223286
223283
223253
223252
223201
223182
223133
223094
223081
223061
223007
223003
222918
222916
222747
222510
222508
222183
221963
221920
221814
221738
221715
221671
221666
221621
221536
221445
221395
221321
221304
221298
221250
221149
221125
221055
220994
220913
220909
220872
220670
220643
220491
220477
220465
220313
220111
219963
219919
219865
219840
219836
219808
219629
219622
219492
219422
219413
219359
219285
219271
219241
219148
219112
219061
219037
218968
218830
218776
218703
218669
218484
218479
218464
218434
218331
218262
218091
218086
218069
217863
217656
217651
217625
217394
217327
217035
216929
216895
216569
216568
216366
216273
216199
216152
215880
215854
215779
215752
215667
215557
215521
215474
215242
215167
215150
215145
215122
215072
214918
214819
214784
214781
214718
214624
214591
214564
214550
214500
214429
214355
214104
214087
214066
213919
213881
213781
213717
213686
213612
213416
213359
213356
213306
213255
213063
213018
212978
212973
212970
212940
212925
212899
212805
212804
212692
212596
212277
212249
212221
212055
211921
211823
211808
211662
211609
211471
211464
211445
211422
211412
211410
211408
211391
211300
211173
211065
211049
211047
210983
210902
210901
210863
210855
210737
210569
210336
210308
210206
210054
210053
209994
209983
209850
209722
209699
209616
209564
209495
209411
209298
208905
208874
208872
208798
208690
208602
208602
208579
208509
208473
208441
208388
208370
208345
208302
208277
208263
208171
208112
208039
207988
207950
207708
207620
207596
207115
207043
207003
206993
206968
206780
206765
206758
206675
206642
206546
206545
206504
206503
206440
206365
206357
206277
206258
206251
206146
206108
205956
205942
205899
205877
205801
205638
205521
205484
205415
205376
205164
205095
205066
204921
204886
204840
204789
204682
204655
204590
204570
204546
204528
204483
204434
204385
204352
204329
204320
204186
204018
203874
203866
203831
203797
203734
203727
203724
203653
203527
203485
203441
203303
203261
203024
202887
202880
202782
202732
202689
202402
202248
202212
202116
201949
201881
201870
201859
201829
201814
201799
201745
201693
201669
201647
201635
201571
201536
201507
201464
201402
201395
201345
201280
201280
201210
201193
201174
201122
201086
200999
200834
200833
200799
200785
200619
200585
200460
200406
200402
200368
200282
200261
200233
200196
200191
200112
199865
199768
199738
199557
199534
199531
199427
199378
199213
198985
198888
198813
198793
198674
198580
198538
198427
198365
198327
198297
198275
198083
198072
198063
198006
197987
197970
197949
197845
197829
197780
197669
197656
197638
197575
197518
197433
197387
197323
197216
197209
197187
197113
197084
197027
196738
196668
196658
196622
196590
196585
196559
196541
196513
196419
196372
196359
196266
196196
196183
196148
195925
195852
195808
195781
195660
195547
195530
195505
195337
195307
195251
195214
195184
195134
194885
194831
194767
194703
194683
194594
194562
194558
194540
194454
194426
194294
194221
194204
194144
194089
194084
194055
194025
193906
193867
193866
193829
193826
193816
193684
193658
193634
193447
193402
193351
193275
193259
193242
193131
193072
193027
192975
192866
192852
192851
192838
192834
192789
192786
192579
192479
192424
192137
192094
191968
191965
191942
191915
191866
191498
191487
191386
191355
191220
191019
190998
190974
190973
190972
190907
190743
190718
190717
190686
190682
190630
190625
190534
190306
190299
190257
190213
190187
190118
190068
190056
190045
190032
189920
189786
189732
189703
189684
189681
189268
189242
189230
189086
188798
188757
188719
188715
188683
188562
188532
188488
188411
188339
188330
188187
188136
188095
188085
188068
188064
188021
188015
187895
187695
187689
187679
187466
187448
187405
187288
187215
187209
187118
187114
187108
187098
187050
187021
186978
186930
186838
186754
186590
186570
186515
186470
186470
186254
186178
186174
186125
186117
186070
186034
185997
185991
185989
185961
185931
185881
185881
185776
185646
185367
185301
185205
185114
184941
184894
184875
184841
184759
184720
184681
184667
184646
184601
184399
184374
184368
184355
183794
183711
183604
183546
183529
183454
183439
183416
183345
183302
183272
183234
183208
183183
183125
183108
183098
183039
182996
182976
182808
182771
182747
182576
182520
182485
182298
182280
182186
182055
182017
181996
181843
181612
181548
181507
181503
181494
181445
181426
181420
181342
181335
181298
181260
181105
181082
180932
180870
180689
180666
180648
180576
180540
180479
180420
180392
180340
180311
180195
180150
180143
180081
180044
180040
179853
179787
179785
179634
179590
179543
179535
179516
179454
179419
179289
179282
179202
179151
179106
179076
179009
178974
178792
178621
178617
178566
178547
178495
178479
178402
178341
178340
178326
178080
178031
177987
177956
177921
177899
177888
177877
177856
177824
177810
177800
177731
177630
177536
177510
177500
177427
177208
177184
176899
176800
176777
176626
176608
176572
176527
176444
176398
176335
176310
176300
176199
176140
176104
176010
175958
175923
175898
175897
175842
175723
175718
175712
175566
175377
175320
175305
175286
175262
175259
175220
175197
175114
175081
175080
175075
174995
174833
174707
174684
174678
174663
174503
174472
174456
174408
174405
174315
174290
174200
174128
174111
174000
173980
173909
173826
173785
173614
173456
173315
173227
173205
173000
172996
172946
172887
172755
172746
172737
172568
172566
172564
172506
172479
172213
172028
172011
171920
171891
171884
171637
171612
171495
171484
171432
171332
171283
171090
171077
171066
171048
170986
170905
170801
170793
170754
170660
170569
170510
170461
170447
170440
170418
170378
170336
170293
170238
170179
170162
170125
169985
169936
169929
169791
169756
169748
169748
169689
169676
169673
169660
169603
169563
169340
169124
168925
168878
168867
168857
168822
168816
168738
168591
168591
168583
168501
168436
168390
168350
168350
168200
167966
167923
167921
167889
167837
167797
167751
167631
167628
167427
167393
167392
167354
167348
167335
167304
167229
167229
167211
167160
167006
166965
166956
166888
166743
166718
166556
166548
166323
166303
166148
166019
165918
165729
165705
165693
165616
165586
165571
165422
165417
165246
165150
165126
165053
165004
164910
164893
164883
164854
164797
164717
164684
164618
164529
164414
164268
164252
164216
164146
164059
164049
164047
164042
163923
163803
163742
163709
163532
163515
163472
163342
163138
163051
162930
162926
162870
162839
162791
162635
162613
162581
162567
162554
162549
162548
162538
162447
162352
162321
162175
162158
162111
162047
162041
162018
162018
161856
161691
161615
161579
161473
161437
161390
161200
161193
161158
161144
160976
160921
160812
160809
160729
160634
160483
160418
160385
160302
160236
160209
160198
160130
160062
159984
159906
159844
159799
159723
159596
159477
159398
159114
158572
158545
158467
158431
158408
158386
158347
158333
158327
158310
158263
158234
158222
158173
158173
158033
157969
157908
157845
157817
157726
157709
157547
157469
157463
157417
157402
157397
157354
157221
157220
157175
157126
157103
156999
156986
156905
156885
156789
156783
156667
156573
156571
156488
156449
156422
156358
156350
156282
156232
156123
156107
156090
156017
155935
155917
155882
155762
155724
155711
155572
155512
155393
155379
155300
154924
154886
154830
154733
154682
154532
154390
154333
154124
153979
153904
153884
153824
153759
153704
153684
153636
153513
153483
153327
153247
153218
153104
153067
152817
152645
152592
152485
152329
152192
152174
152158
152138
152089
152000
151951
151897
151723
151697
151662
151652
151637
151632
151563
151278
151233
151199
151060
150705
150675
150589
150553
150495
150410
150347
150032
149856
149786
149783
149454
149379
149345
149296
149255
149158
149137
149105
148944
148772
148753
148624
148562
148371
148236
148193
148182
148117
148025
147970
147935
147896
147863
147859
147824
147733
147632
147327
147318
147266
147230
147153
147086
146993
146922
146699
146699
146599
146522
146493
146487
146443
146122
146114
146048
146030
146022
146001
145999
145946
145919
145861
145825
145707
145527
145432
145423
145422
145361
145337
145300
145286
145282
145148
145145
145100
145060
145006
144998
144897
144872
144758
144734
144527
144397
144329
144245
144235
144040
143878
143805
143793
143760
143693
143679
143559
143543
143399
143354
143232
143180
143132
143116
143082
143062
143039
142920
142898
142845
142807
142787
142739
142730
142728
142656
142647
142593
142469
142428
142398
142393
142316
142181
142147
142146
142142
142055
142005
141921
141892
141869
141843
141825
141764
141707
141699
141579
141365
141324
141245
141114
141074
141018
140988
140920
140813
140813
140811
140765
140710
140684
140683
140672
140621
140438
140435
140433
140386
140381
140327
140203
140148
140078
139990
139943
139808
139739
139695
139632
139576
139493
139395
139262
139249
139235
139140
138959
138893
138858
138763
138722
138717
138690
138504
138296
138253
138229
138201
138077
137796
137614
137571
137413
137271
137031
137011
136999
136965
136916
136757
136639
136507
136495
136302
136265
136253
136204
136012
135958
135905
135847
135746
135739
135732
135692
135608
135584
135465
135242
135090
135088
135084
135063
135052
134964
134928
134872
134824
134812
134761
134695
134666
134617
134233
134226
134206
133977
133913
133811
133762
133678
133670
133636
133630
133586
133532
133436
133421
133363
133348
133280
133194
133191
133173
133071
133003
132936
132900
132866
132809
132629
132585
132497
132479
132470
132423
132387
132369
132328
132240
132210
132167
132130
132060
132043
132030
131975
131924
131883
131814
131751
131665
131659
131536
131380
131348
131298
131220
131169
130963
130895
130798
130749
130747
130686
130533
130521
130468
130338
130334
130140
130100
130015
129926
129896
129824
129809
129509
129493
129479
129434
129428
129289
129255
129250
129234
129218
129072
128994
128987
128983
128931
128736
128720
128658
128511
128408
128401
128253
128223
128137
128108
128092
128038
127642
127622
127622
127593
127519
127510
127285
127229
127179
127114
127043
127041
127014
126922
126917
126897
126894
126885
126699
126698
126663
126600
126568
126548
126462
126440
126390
126327
126288
126192
126105
126077
126068
125969
125952
125765
125701
125684
125610
125523
125467
125439
125432
125387
125260
125009
124932
124795
124790
124740
124686
124620
124604
124356
124215
124155
123969
123885
123835
123753
123668
123576
123572
123531
123512
123489
123470
123429
123358
123158
123051
122879
122861
122662
122622
122559
122557
122515
122463
122401
122386
122328
122285
122115
122076
122015
121917
121871
121820
121714
121628
121572
121436
121360
121256
121247
121207
121197
121096
121085
121046
120853
120627
120591
120545
120501
120481
120207
120149
120126
120034
120007
119902
119823
119727
119447
119439
119431
119331
119328
119296
119272
119248
119093
119002
118809
118610
118519
118474
118430
118419
118258
118118
118114
118068
118017
117821
117758
117685
117660
117655
117645
117598
117447
117446
117234
117224
117214
117150
117063
117046
117041
117016
116970
116878
116664
116585
116546
116442
116253
116225
116198
116184
116181
116023
115962
115945
115773
115753
115715
115494
115231
115208
115025
114988
114923
114894
114791
114690
114667
114551
114495
114460
114389
114370
114124
113775
113772
113689
113550
113520
113468
113383
113266
113238
113234
112898
112811
112804
112762
112753
112749
112651
112469
112427
112412
112360
112353
112280
112254
112251
112216
112129
112035
111840
111804
111760
111737
111582
111523
111508
111144
111029
111013
110928
110908
110886
110800
110667
110576
110420
110316
110258
110256
110217
110153
109995
109910
109899
109877
109776
109719
109654
109534
109487
109434
109248
109239
109199
109188
109175
109090
109004
108979
108975
108933
108917
108827
108767
108690
108636
108605
108581
108536
108263
108203
108193
108179
108097
108079
108062
108003
107989
107945
107906
107835
107829
107813
107621
107613
107522
107502
107441
107351
107306
107281
107099
107045
106997
106963
106952
106932
106921
106863
106782
106775
106629
106593
106591
106556
106333
106320
106122
106060
105953
105692
105562
105522
105505
105313
105258
105249
105232
105131
105117
104882
104788
104775
104672
104656
104421
104406
104254
104227
104083
103956
103821
103816
103764
103621
103603
103601
103561
103412
103395
103290
103050
102858
102844
102800
102602
102524
102517
102493
102475
102460
102418
102318
102302
102233
102109
102009
102002
101952
101931
101900
101764
101651
101647
101632
101498
101468
101344
101221
101188
101178
101047
100986
100823
100744
100718
100464
100435
100368
100324
100286
100158
100143
100099
99980
99967
99880
99710
99710
99647
99625
99609
99602
99526
99518
99344
99328
99323
99189
98954
98910
98884
98865
98864
98851
98685
98582
98572
98487
98486
98483
98412
98211
98179
98146
98083
98077
98036
97913
97789
97702
97636
97608
97577
97543
97445
97424
97366
97348
97348
97336
97299
97187
97182
97111
96855
96792
96739
96593
96593
96514
96423
96397
96368
96344
96149
96116
96073
96043
95969
95966
95913
95880
95816
95592
95514
95236
95231
95217
94814
94755
94605
94496
94402
94352
94266
94261
94206
94198
94052
94036
93819
93795
93783
93714
93700
93646
93610
93524
93482
93268
93266
93260
93229
93149
93074
93055
92954
92645
92506
92465
92419
92398
92332
92232
92188
92084
91989
91815
91636
91599
91536
91515
91331
91287
91263
91182
91038
91018
91017
90996
90872
90782
90777
90764
90517
90513
90454
90451
90400
90159
89872
89863
89828
89820
89762
89493
89398
89385
89256
89148
88942
88860
88758
88586
88568
88565
88562
88556
88552
88540
88349
88338
88338
88149
88108
88082
87942
87814
87813
87776
87761
87663
87580
87532
87522
87394
87383
87362
87339
87252
87176
87066
87064
86983
86757
86673
86672
86643
86577
86541
86345
86184
86175
86060
86045
86030
85895
85859
85816
85762
85744
85713
85672
85647
85555
85552
85543
85527
85497
85441
85294
85236
85201
85120
85094
85082
85076
85064
85019
85013
84967
84958
84842
84818
84814
84671
84656
84603
84589
84587
84579
84505
84475
84453
84229
84160
84144
84049
84034
83973
83950
83920
83829
83679
83627
83626
83621
83432
83357
83330
83325
83313
83261
83185
83178
83115
83061
82973
82958
82768
82699
82513
82481
82378
82268
82190
82094
82075
81976
81891
81854
81835
81833
81738
81717
81680
81670
81611
81497
81324
81273
81271
81148
81063
81043
81038
81019
80817
80749
80577
80570
80549
80358
80329
80322
80278
80271
80227
80168
80124
79680
79663
79620
79620
79586
79376
79220
79184
79143
79104
79083
79051
79049
79020
78829
78779
78710
78644
78563
78557
78479
78478
78465
78460
78435
78424
78291
78262
78255
78177
78108
78107
78058
78031
78023
78013
77967
77886
77827
77821
77805
77754
77692
77664
77663
77643
77603
77511
77297
77160
77143
77142
77139
77120
77115
77041
76999
76910
76787
76631
76629
76257
76165
76156
75925
75879
75825
75801
75734
75536
75520
75507
75489
75338
75181
75083
74804
74503
74493
74488
74482
74392
74389
74387
74359
74313
74248
74183
74081
73957
73924
73913
73856
73820
73726
73672
73608
73595
73587
73546
73534
73394
73391
73386
73384
73372
73317
73295
73222
73180
73087
73027
73011
72980
72907
72902
72827
72786
72691
72686
72633
72623
72573
72547
72259
72213
72205
72117
72066
72039
72025
71860
71778
71670
71598
71589
71571
71372
71234
71193
71153
71114
71045
71031
70919
70900
70675
70615
70599
70507
70466
70418
70362
70316
70139
70125
70117
70031
70014
69998
69991
69927
69787
69770
69729
69726
69647
69446
69386
69349
69344
69324
69312
69273
69266
69258
69178
69142
69126
68987
68984
68867
68814
68791
68722
68706
68699
68636
68599
68500
68273
68245
68243
68222
68099
68015
67985
67911
67770
67741
67666
67612
67279
67200
67142
67041
67011
66897
66882
66879
66805
66755
66729
66652
66601
66431
66411
66406
66366
66335
66271
66176
66134
66077
66053
65876
65871
65862
65861
65856
65814
65758
65566
65458
65442
65150
65007
64897
64853
64704
64689
64666
64637
64571
64530
64471
64379
64068
63897
63805
63794
63764
63716
63617
63472
63303
63244
63193
63191
63141
63087
63015
63010
62991
62871
62725
62705
62589
62508
62493
62476
62444
62405
62339
62265
62246
62240
62154
62024
61934
61932
61904
61865
61637
61619
61515
61492
61300
61172
61066
61002
60964
60957
60859
60722
60596
60146
59944
59766
59737
59689
59677
59588
59580
59536
59465
59363
59311
59284
59151
59134
59122
59080
59016
58987
58984
58871
58845
58793
58590
58525
58385
58362
58294
58199
58197
58155
58143
58087
57979
57889
57886
57886
57860
57849
57813
57808
57717
57654
57410
57254
57072
57025
57022
57017
56990
56862
56807
56789
56752
56681
56565
56556
56495
56445
56383
56344
56337
56320
56281
56229
56211
56203
56197
56039
55945
55940
55784
55698
55463
55420
55410
55374
55334
55299
55254
55224
55154
55105
55058
55015
55002
54861
54857
54845
54568
54545
54505
54491
54488
54318
54304
54270
54223
54175
54115
53972
53961
53804
53703
53688
53638
53413
53392
53376
53037
52961
52961
52884
52815
52781
52676
52601
52566
52380
52307
52306
52171
52140
52024
51992
51908
51886
51839
51759
51738
51461
51380
51281
51059
51054
51045
50968
50945
50855
50829
50810
50735
50707
50644
50511
50450
50389
50189
50055
50028
50023
49894
49856
49785
49637
49628
49592
49578
49493
49454
49337
49290
49267
48761
48613
48526
48465
48314
48298
48297
48251
48189
48187
48142
47997
47926
47694
47682
47628
47466
47371
47253
47246
46969
46942
46928
46857
46835
46830
46769
46693
46671
46643
46580
46443
46338
46319
46312
46249
46239
46239
46216
46176
46160
45970
45852
45776
45766
45740
45709
45645
45641
45583
45539
45476
45475
45416
45306
45263
45202
45112
45096
45088
45047
44986
44964
44794
44725
44711
44709
44526
44443
44419
44290
44256
44212
44186
44162
44136
44023
43888
43873
43521
43438
43412
43388
43344
43323
43288
43274
43243
43169
43065
43057
43031
42945
42903
42890
42875
42720
42662
42649
42586
42550
42523
42344
42263
42179
42169
42078
41941
41927
41767
41752
41739
41703
41697
41551
41462
41428
41410
41402
41331
41300
41208
41193
41082
41042
40994
40892
40875
40830
40817
40778
40710
40685
40685
40621
40580
40516
40491
40450
40431
40237
40190
40170
40086
40055
39986
39977
39967
39837
39744
39697
39662
39589
39547
39538
39477
39431
39352
39342
39339
39337
39320
39250
39066
39030
38814
38803
38786
38709
38557
38522
38466
38430
38162
38122
38107
38072
38067
38052
37834
37815
37621
37620
37610
37607
37449
37405
37352
37344
37326
37226
37166
37067
36883
36839
36824
36821
36740
36733
36712
36594
36519
36463
36400
36334
36277
36266
36196
36179
36093
36088
35896
35803
35638
35604
35571
35552
35549
35485
35459
35402
35392
35383
35324
35157
35072
35040
35021
34913
34879
34776
34543
34372
34343
34193
34139
33828
33780
33748
33682
33665
33568
33561
33560
33542
33507
33503
33430
33414
33414
33161
33099
33086
32995
32968
32950
32937
32896
32575
32567
32558
32516
32492
32444
32397
32359
32307
32253
32237
32074
32002
31999
31970
31813
31781
31762
31761
31754
31719
31716
31656
31642
31515
31476
31415
31395
31392
31382
31155
31104
31099
31037
30996
30989
30932
30927
30925
30911
30880
30846
30810
30772
30708
30704
30677
30584
30539
30485
30481
30409
30370
30337
30185
30049
30015
29989
29898
29882
29856
29844
29809
29615
29571
29539
29497
29275
29083
29067
28948
28932
28759
28701
28623
28586
28418
28401
28144
27928
27845
27809
27778
27707
27669
27592
27524
27460
27442
27355
27342
27302
27288
27095
27059
27042
26963
26893
26888
26874
26813
26759
26692
26599
26542
26493
26489
26475
26460
26338
26231
26170
26160
26071
26067
25942
25853
25848
25709
25604
25515
25446
25440
25416
25391
25355
25284
25250
25199
25197
25187
25150
25053
25038
24988
24892
24838
24747
24721
24691
24682
24646
24602
24537
24529
24493
24346
24312
24268
24243
24136
23942
23903
23701
23638
23615
23540
23476
23347
23305
23200
22909
22892
22892
22851
22742
22543
22539
22521
22435
22391
22341
22275
22248
22239
22156
22038
22007
21995
21962
21935
21661
21604
21596
21559
21553
21281
21278
21277
21214
21150
21148
21139
21124
21111
21065
20737
20687
20685
20526
20509
20405
20369
20255
20101
19975
19970
19960
19736
19647
19587
19577
19562
19442
19425
19373
19354
19285
19213
19210
19198
19187
19160
19145
19141
19139
19044
18958
18901
18833
18745
18739
18692
18618
18519
18480
18458
18438
18340
18286
18257
18195
18178
18103
18081
18013
17743
17720
17643
17598
17571
17460
17418
17380
17344
17222
17069
17033
17025
16989
16959
16848
16821
16552
16547
16501
16385
16354
16324
16319
16222
16217
16130
16077
16052
15885
15811
15808
15755
15741
15688
15677
15643
15558
15420
15414
15379
15333
15167
15061
14988
14883
14802
14723
14719
14621
14620
14613
14595
14501
14497
14473
14420
14390
14337
14318
14228
14173
14128
14016
13964
13962
13867
13813
13767
13705
13638
13629
13537
13518
13419
13412
13349
13322
13241
13223
13221
13189
13113
12984
12972
12937
12896
12687
12682
12656
12641
12635
12590
12422
12416
12393
12361
12335
12200
12181
12130
11897
11891
11749
11743
11735
11488
11451
11361
11359
11340
11151
11000
10900
10823
10808
10784
10771
10654
10602
10536
10492
10492
10485
10398
10397
10371
10360
10271
10262
10133
10076
9938
9898
9894
9871
9828
9684
9615
9574
9560
9538
9343
9241
9222
9149
9123
9123
9000
8996
8837
8814
8792
8746
8576
8509
8376
8357
8336
8328
8305
8296
8261
8082
8004
7958
7884
7851
7848
7835
7801
7791
7743
7715
7582
7514
7372
7362
7084
7022
7004
6961
6943
6898
6845
6827
6692
6692
6667
6590
6567
6508
6321
6286
6185
6065
6057
5879
5865
5855
5719
5684
5680
5678
5605
5599
5510
5471
5343
5130
5029
4982
4833
4651
4585
4446
4425
3836
3764
3619
3590
3487
3482
3388
3343
3319
3315
3160
3099
3065
3031
3030
3009
2926
2908
2872
2861
2837
2756
2713
2705
2599
2540
2521
2499
2499
2378
2364
2354
2226
2185
2055
2003
1987
1976
1946
1787
1684
1659
1615
1528
1464
1453
1406
1400
1084
935
904
901
884
868
553
318
291
273
266
258
199
136
9
-9
-79
-193
-279
-399
-432
-459
-581
-594
-608
-622
-818
-838
-868
-910
-930
-954
-972
-1133
-1222
-1315
-1335
-1390
-1425
-1442
-1562
-1614
-1631
-1759
-1771
-1781
-1811
-1864
-1874
-1897
-1931
-2002
-2145
-2236
-2244
-2356
-2403
-2507
-2574
-2606
-2643
-2676
-2686
-2834
-3202
-3340
-3518
-3572
-3583
-3864
-4151
-4188
-4205
-4348
-4434
-4453
-4506
-4600
-4691
-4697
-4723
-4730
-4786
-4832
-4886
-4942
-4955
-4955
-4964
-4999
-5002
-5010
-5028
-5052
-5109
-5319
-5337
-5358
-5393
-5405
-5484
-5501
-5522
-5523
-5623
-5700
-5743
-5843
-5904
-5965
-6080
-6129
-6335
-6572
-6677
-6756
-6795
-6839
-6888
-7020
-7090
-7119
-7180
-7252
-7287
-7328
-7519
-7556
-7611
-7679
-7856
-7928
-7957
-8006
-8150
-8265
-8314
-8398
-8433
-8447
-8451
-8516
-8560
-8680
-8725
-8732
-8799
-8882
-8887
-9101
-9193
-9209
-9266
-9424
-9492
-9492
-9509
-9582
-9596
-9618
-9881
-9960
-10032
-10125
-10234
-10236
-10257
-10269
-10367
-10403
-10407
-10408
-10484
-10522
-10643
-10686
-10689
-10753
-10757
-10809
-10909
-10928
-11076
-11077
-11094
-11250
-11339
-11391
-11434
-11467
-11576
-11578
-11629
-11757
-11826
-12208
-12327
-12345
-12580
-12651
-12666
-12754
-12844
-12850
-12928
-12982
-13138
-13223
-13264
-13278
-13304
-13464
-13599
-13618
-13652
-13708
-13786
-13900
-14066
-14149
-14170
-14209
-14211
-14217
-14231
-14249
-14372
-14442
-14486
-14517
-14584
-14601
-14689
-14875
-14892
-14942
-14975
-15096
-15204
-15283
-15424
-15445
-15445
-15495
-15495
-15511
-15555
-15559
-15619
-15713
-15875
-15926
-15966
-15995
-16034
-16083
-16139
-16141
-16251
-16294
-16451
-16452
-16501
-16517
-16670
-16691
-16694
-16730
-16795
-16846
-16893
-16939
-16941
-16958
-16982
-16999
-17031
-17056
-17151
-17203
-17317
-17395
-17440
-17558
-17594
-17620
-17854
-18050
-18060
-18088
-18122
-18366
-18644
-18718
-18740
-18758
-18762
-18777
-18886
-18890
-18927
-18951
-19134
-19181
-19279
-19285
-19411
-19577
-19586
-19659
-19661
-19665
-19714
-19752
-19756
-19793
-19815
-19880
-19945
-20153
-20162
-20198
-20295
-20327
-20366
-20399
-20423
-20437
-20488
-20534
-20687
-20688
-20794
-20802
-21102
-21184
-21203
-21423
-21452
-21487
-21672
-21680
-21816
-21821
-21993
-22018
-22153
-22157
-22173
-22265
-22356
-22504
-22529
-22616
-22639
-22658
-22770
-22785
-22818
-22889
-22893
-23023
-23058
-23065
-23069
-23228
-23588
-23595
-23597
-23611
-23612
-23638
-23661
-23692
-23848
-23918
-23937
-23990
-23994
-24211
-24361
-24479
-24499
-24577
-24600
-24611
-24629
-24708
-24715
-24745
-24777
-24818
-24829
-24959
-25013
-25034
-25177
-25186
-25199
-25268
-25344
-25403
-25573
-25626
-25638
-25689
-25734
-26011
-26163
-26203
-26235
-26359
-26390
-26595
-26619
-26764
-26885
-26956
-26991
-27020
-27128
-27250
-27288
-27658
-27825
-27886
-27898
-27904
-27913
-28029
-28057
-28073
-28187
-28210
-28272
-28298
-28352
-28406
-28474
-28489
-28520
-28572
-28573
-28692
-28723
-28732
-28784
-28851
-28907
-28927
-29003
-29047
-29103
-29129
-29226
-29228
-29235
-29330
-29355
-29401
-29482
-29849
-29881
-29902
-30047
-30078
-30079
-30148
-30167
-30180
-30219
-30234
-30243
-30255
-30312
-30315
-30347
-30480
-30553
-30570
-30596
-30653
-30812
-30846
-30860
-30872
-30921
-30965
-31046
-31082
-31188
-31298
-31302
-31374
-31500
-31504
-31708
-31720
-31860
-31901
-32197
-32391
-32449
-32491
-32500
-32564
-32564
-32615
-32640
-32842
-32881
-32886
-32936
-33031
-33188
-33245
-33300
-33305
-33657
-33854
-33916
-33933
-33984
-33988
-34321
-34357
-34435
-34584
-34594
-34636
-34655
-34812
-34849
-35027
-35043
-35192
-35244
-35338
-35426
-35461
-35461
-35635
-35681
-35864
-35888
-35990
-36069
-36075
-36118
-36151
-36205
-36210
-36236
-36245
-36253
-36299
-36669
-36718
-36725
-36907
-36917
-37119
-37228
-37236
-37297
-37348
-37436
-37493
-37550
-37578
-37607
-37640
-37771
-37771
-37834
-37889
-37938
-37944
-38077
-38263
-38304
-38501
-38541
-38583
-38606
-38814
-38841
-39068
-39109
-39217
-39398
-39423
-39529
-39577
-39628
-39636
-39676
-39683
-39761
-39786
-39944
-39975
-40002
-40075
-40195
-40200
-40243
-40439
-40462
-40467
-40529
-40553
-40559
-40639
-40790
-40844
-40930
-40956
-41065
-41115
-41455
-41511
-41537
-41594
-41616
-41895
-41898
-41981
-42078
-42102
-42131
-42343
-42378
-42475
-42493
-42614
-42649
-42687
-42786
-42807
-42893
-42915
-42934
-43092
-43109
-43122
-43131
-43165
-43232
-43275
-43275
-43276
-43339
-43450
-43469
-43496
-43510
-43542
-43579
-43665
-43825
-44007
-44047
-44060
-44137
-44276
-44305
-44314
-44331
-44404
-44418
-44630
-44849
-44862
-45021
-45022
-45064
-45087
-45132
-45182
-45222
-45224
-45407
-45449
-45463
-45621
-45714
-45842
-45869
-46014
-46070
-46092
-46103
-46194
-46303
-46309
-46310
-46341
-46437
-46485
-46631
-46642
-46678
-46722
-46754
-46760
-46769
-46844
-46857
-47008
-47055
-47078
-47242
-47675
-47720
-47811
-47847
-47865
-47878
-47961
-47967
-48135
-48168
-48224
-48310
-48480
-48493
-48568
-48592
-48603
-48704
-48727
-48973
-49047
-49176
-49177
-49193
-49247
-49294
-49438
-49452
-49536
-49559
-49572
-49643
-49737
-49773
-49823
-49995
-50026
-50037
-50046
-50067
-50158
-50182
-50241
-50302
-50446
-50515
-50522
-50736
-50752
-50783
-50907
-51013
-51123
-51140
-51140
-51148
-51172
-51262
-51367
-51385
-51421
-51611
-51715
-51734
-51759
-51762
-51836
-51849
-51954
-52167
-52228
-52255
-52263
-52362
-52383
-52396
-52405
-52575
-52672
-52718
-52841
-52918
-52924
-53091
-53284
-53299
-53304
-53513
-53692
-53799
-53808
-53847
-53853
-53853
-53905
-53924
-53989
-53993
-54099
-54114
-54246
-54431
-54442
-54455
-54491
-54499
-54593
-54620
-54651
-54692
-54768
-54797
-54909
-55025
-55129
-55157
-55159
-55175
-55239
-55256
-55321
-55369
-55461
-55542
-55609
-55668
-55782
-56064
-56119
-56130
-56311
-56314
-56344
-56566
-56659
-56806
-56825
-57147
-57217
-57462
-57546
-57584
-57663
-57740
-57757
-57772
-57827
-57828
-57857
-57870
-57942
-58128
-58169
-58306
-58325
-58327
-58377
-58449
-58505
-58528
-58701
-58703
-58847
-58874
-58916
-59034
-59075
-59100
-59127
-59204
-59387
-59413
-59435
-59472
-59475
-59478
-59487
-59576
-59634
-59674
-59707
-59713
-59836
-59883
-59898
-59928
-59952
-60166
-60399
-60438
-60445
-60607
-60611
-60689
-60700
-60735
-60837
-60957
-61015
-61130
-61203
-61393
-61488
-61614
-61638
-61748
-61777
-61780
-61832
-61846
-61876
-61883
-61912
-61912
-61994
-61996
-62033
-62045
-62046
-62165
-62183
-62362
-62410
-62418
-62435
-62456
-62490
-62606
-62658
-62676
-62743
-63007
-63052
-63078
-63119
-63162
-63173
-63238
-63270
-63314
-63488
-63498
-63552
-63555
-63581
-63621
-63668
-63805
-63834
-63947
-64007
-64095
-64101
-64174
-64239
-64462
-64820
-64841
-64890
-64994
-65037
-65166
-65275
-65304
-65441
-65733
-65816
-66012
-66181
-66202
-66225
-66298
-66300
-66310
-66324
-66342
-66372
-66465
-66747
-66760
-66912
-66930
-66936
-66942
-66964
-67008
-67032
-67037
-67097
-67206
-67209
-67275
-67338
-67370
-67392
-67421
-67423
-67502
-67527
-67556
-67609
-67697
-67753
-67773
-67784
-67807
-67878
-67879
-68015
-68060
-68210
-68246
-68248
-68298
-68337
-68338
-68342
-68425
-68497
-68539
-68643
-68730
-68854
-68924
-68992
-68995
-69006
-69059
-69121
-69136
-69175
-69238
-69291
-69302
-69392
-69465
-69469
-69655
-69677
-69711
-69771
-69845
-69848
-69988
-70322
-70375
-70400
-70529
-70686
-70730
-70800
-70804
-70881
-70902
-70953
-70981
-70982
-71177
-71235
-71280
-71332
-71378
-71683
-71704
-71809
-71844
-71996
-72006
-72054
-72065
-72136
-72210
-72216
-72524
-72528
-72602
-72651
-72729
-72813
-72882
-72964
-72972
-73049
-73057
-73079
-73137
-73151
-73189
-73194
-73377
-73526
-73662
-73678
-73760
-73770
-73844
-73870
-73917
-73975
-74042
-74047
-74055
-74074
-74232
-74323
-74363
-74409
-74430
-74432
-74439
-74461
-74658
-74676
-74944
-74985
-75045
-75050
-75079
-75105
-75119
-75284
-75549
-75574
-75644
-75715
-75746
-75784
-76083
-76202
-76294
-76425
-76462
-76601
-76614
-76916
-77012
-77281
-77316
-77381
-77420
-77429
-77451
-77513
-77600
-77686
-77705
-77739
-77787
-77934
-78024
-78144
-78191
-78338
-78381
-78486
-78516
-78621
-78755
-78888
-78960
-78977
-79003
-79091
-79114
-79149
-79223
-79315
-79372
-79411
-79415
-79532
-79590
-79596
-79625
-79626
-79685
-79762
-79788
-79818
-79828
-79927
-79944
-79974
-79980
-79982
-80171
-80198
-80198
-80248
-80372
-80415
-80513
-80576
-80600
-80687
-80850
-80939
-80941
-81014
-81182
-81186
-81309
-81339
-81343
-81411
-81494
-81547
-81559
-81562
-81621
-81633
-81648
-81725
-81746
-81996
-82056
-82116
-82400
-82621
-82646
-82682
-82705
-82732
-82825
-82854
-82860
-82933
-83039
-83046
-83136
-83179
-83191
-83341
-83624
-83945
-84052
-84118
-84122
-84174
-84212
-84269
-84293
-84300
-84343
-84414
-84440
-84440
-84581
-84586
-84593
-84614
-84631
-84635
-84647
-84699
-84720
-84942
-84976
-84983
-84995
-85013
-85034
-85037
-85051
-85208
-85209
-85278
-85390
-85419
-85507
-85553
-85563
-85658
-85706
-85905
-85943
-86072
-86083
-86101
-86114
-86119
-86326
-86405
-86450
-86465
-86476
-86530
-86687
-86751
-86799
-86861
-86895
-87080
-87087
-87128
-87184
-87211
-87228
-87276
-87672
-87712
-87717
-87723
-87725
-87744
-87914
-87926
-87945
-88103
-88111
-88114
-88130
-88143
-88193
-88235
-88383
-88390
-88423
-88789
-88910
-88956
-88961
-89142
-89277
-89280
-89297
-89351
-89555
-89804
-89894
-89928
-89942
-89951
-89967
-90006
-90008
-90037
-90084
-90153
-90195
-90230
-90233
-90248
-90305
-90352
-90362
-90416
-90668
-90766
-90876
-91079
-91234
-91302
-91347
-91402
-91623
-91624
-91734
-91782
-91856
-91858
-91870
-91875
-91965
-92049
-92083
-92271
-92357
-92455
-92535
-92717
-92897
-92930
-93003
-93012
-93062
-93068
-93076
-93177
-93215
-93304
-93335
-93395
-93423
-93431
-93519
-93540
-93541
-93571
-93630
-93652
-93792
-93854
-93928
-93980
-94050
-94052
-94119
-94163
-94224
-94244
-94266
-94278
-94310
-94312
-94313
-94372
-94374
-94419
-94497
-94506
-94543
-94600
-94671
-94680
-94823
-94928
-94985
-95066
-95260
-95336
-95338
-95363
-95406
-95421
-95525
-95600
-95781
-95895
-95901
-95920
-95982
-96064
-96240
-96260
-96294
-96470
-96609
-96614
-96713
-96770
-96947
-96968
-97021
-97083
-97083
-97093
-97111
-97207
-97245
-97374
-97477
-97512
-97525
-97559
-97609
-97637
-97677
-97710
-97805
-98084
-98125
-98127
-98154
-98225
-98372
-98389
-98491
-98565
-98776
-98821
-98888
-98951
-99105
-99190
-99307
-99314
-99321
-99459
-99485
-99561
-99581
-99589
-99606
-99657
-99716
-99794
-99808
-99820
-99872
-99940
-99950
-99994
-99995
-100173
-100209
-100288
-100307
-100406
-100533
-100582
-100597
-100645
-100679
-100733
-100763
-100840
-100863
-100896
-100915
-100970
-101069
-101105
-101211
-101267
-101270
-101346
-101369
-101374
-101434
-101440
-101452
-101484
-101518
-101558
-101620
-101790
-101851
-101874
-101969
-102011
-102123
-102125
-102129
-102173
-102227
-102415
-102757
-102775
-102901
-102905
-102964
-103103
-103208
-103266
-103269
-103301
-103408
-103438
-103495
-103549
-103564
-103574
-103631
-103633
-103693
-103743
-103804
-103846
-104011
-104200
-104266
-104285
-104376
-104382
-104523
-104556
-104644
-104663
-104683
-104835
-104911
-104922
-105026
-105064
-105094
-105166
-105170
-105192
-105294
-105365
-105470
-105485
-105500
-105593
-105719
-105770
-105861
-105975
-106022
-106056
-106070
-106093
-106197
-106356
-106373
-106374
-106425
-106432
-106433
-106437
-106464
-106516
-106521
-106545
-106596
-106673
-106933
-107034
-107088
-107145
-107149
-107314
-107336
-107565
-107630
-107657
-107720
-107744
-107863
-107874
-108094
-108133
-108214
-108222
-108238
-108238
-108356
-108491
-108582
-108752
-108820
-108903
-108928
-108933
-108987
-109065
-109108
-109127
-109206
-109270
-109277
-109288
-109289
-109324
-109380
-109593
-109608
-109646
-109669
-109699
-109725
-109795
-109800
-109816
-110355
-110427
-110634
-110655
-110696
-110702
-110704
-110709
-110744
-110909
-110911
-111005
-111033
-111112
-111147
-111175
-111211
-111211
-111266
-111314
-111340
-111483
-111585
-111712
-111818
-111838
-111918
-111920
-112059
-112062
-112108
-112174
-112312
-112314
-112325
-112423
-112463
-112467
-112492
-112577
-112589
-112677
-112711
-112809
-112937
-112959
-112975
-112985
-113008
-113074
-113205
-113217
-113288
-113328
-113503
-113503
-113681
-113783
-113809
-113817
-113890
-113920
-113960
-114002
-114222
-114373
-114383
-114397
-114430
-114523
-114555
-114567
-114802
-114868
-114895
-114905
-114923
-114935
-114987
-115044
-115116
-115309
-115371
-115381
-115388
-115458
-115487
-115506
-115562
-115599
-115671
-115745
-115890
-115896
-115985
-116013
-116080
-116091
-116149
-116169
-116174
-116212
-116364
-116381
-116439
-116591
-116789
-116913
-116940
-117047
-117102
-117126
-117169
-117246
-117309
-117333
-117356
-117397
-117541
-117579
-117711
-117759
-117948
-118073
-118202
-118202
-118226
-118463
-118471
-118500
-118535
-118579
-118619
-118632
-118721
-118878
-118880
-118903
-118976
-119043
-119084
-119088
-119278
-119368
-119413
-119548
-119637
-119677
-119694
-119700
-119715
-119880
-119967
-119979
-120118
-120150
-120202
-120280
-120310
-120341
-120390
-120426
-120516
-120565
-120718
-120772
-120899
-120923
-120966
-120990
-121051
-121114
-121147
-121172
-121269
-121272
-121592
-121859
-122022
-122125
-122167
-122189
-122321
-122377
-122654
-122690
-122845
-122895
-123017
-123039
-123126
-123233
-123272
-123314
-123410
-123453
-123491
-123552
-123582
-123655
-123684
-123701
-123911
-123979
-124019
-124061
-124092
-124178
-124193
-124238
-124328
-124413
-124508
-124569
-124678
-124702
-124713
-124758
-124761
-124798
-124822
-124881
-124975
-125005
-125108
-125162
-125442
-125540
-125543
-125727
-125728
-125763
-125798
-125801
-125844
-125917
-125917
-125938
-125980
-125991
-126005
-126006
-126125
-126185
-126262
-126525
-126554
-126605
-126620
-126648
-126649
-126771
-126774
-126864
-126956
-126985
-126988
-127179
-127211
-127250
-127523
-127610
-127634
-127663
-127765
-127832
-127908
-127916
-127931
-127941
-127996
-128011
-128016
-128064
-128091
-128116
-128183
-128344
-128363
-128759
-128897
-128925
-129045
-129192
-129262
-129303
-129443
-129467
-129606
-129632
-129676
-129901
-129918
-129994
-130008
-130121
-130131
-130138
-130235
-130238
-130258
-130269
-130292
-130311
-130434
-130503
-130518
-130636
-130699
-130721
-130733
-130733
-131197
-131360
-131453
-131477
-131520
-131648
-131676
-131711
-131844
-131853
-131876
-131915
-131960
-132051
-132093
-132121
-132150
-132157
-132198
-132279
-132301
-132414
-132431
-132542
-132565
-132633
-132744
-132767
-132833
-132866
-133030
-133077
-133092
-133144
-133307
-133410
-133492
-133748
-133779
-133830
-133887
-133933
-134025
-134119
-134176
-134343
-134439
-134468
-134499
-134517
-134529
-134549
-134573
-134638
-134726
-134899
-134952
-134987
-135033
-135101
-135128
-135136
-135216
-135257
-135413
-135513
-135543
-135630
-135763
-135818
-135922
-135941
-135943
-136028
-136105
-136230
-136301
-136302
-136451
-136503
-136552
-136581
-136602
-136694
-136812
-136813
-136827
-136828
-136917
-136966
-137147
-137241
-137331
-137714
-137987
-138065
-138113
-138225
-138239
-138324
-138389
-138440
-138575
-138619
-138635
-138654
-138825
-138882
-138921
-138948
-139062
-139112
-139145
-139182
-139343
-139423
-139449
-139495
-139608
-139612
-139720
-139777
-139858
-139951
-139976
-140064
-140107
-140118
-140244
-140246
-140254
-140283
-140361
-140384
-140401
-140504
-140571
-140617
-140686
-140703
-140706
-140764
-140823
-140831
-140835
-141047
-141189
-141200
-141211
-141318
-141398
-141412
-141445
-141541
-141618
-141763
-142007
-142171
-142185
-142198
-142301
-142307
-142359
-142446
-142708
-142777
-142796
-142800
-142865
-142874
-142903
-142939
-143052
-143062
-143099
-143171
-143177
-143240
-143249
-143347
-143385
-143405
-143558
-143564
-143639
-143682
-143815
-143822
-143832
-143857
-143871
-143977
-143980
-144077
-144096
-144105
-144114
-144226
-144244
-144269
-144297
-144305
-144305
-144333
-144342
-144478
-144517
-144579
-144668
-144675
-144726
-144766
-144786
-144867
-144868
-144885
-145038
-145184
-145221
-145225
-145310
-145511
-145693
-145767
-145768
-145820
-145906
-145913
-146114
-146138
-146147
-146182
-146237
-146368
-146378
-146564
-146573
-146582
-146605
-146647
-146654
-146741
-146770
-146838
-146851
-146857
-147050
-147055
-147081
-147113
-147116
-147130
-147264
-147423
-147441
-147563
-147698
-147772
-147788
-147858
-147884
-147891
-148009
-148077
-148134
-148193
-148221
-148287
-148414
-148444
-148578
-148580
-148632
-148755
-148782
-148801
-148839
-148868
-148889
-148943
-148947
-149196
-149397
-149405
-149410
-149441
-149460
-149467
-149488
-149489
-149490
-149569
-149574
-149584
-149635
-149769
-149861
-150135
-150220
-150275
-150451
-150508
-150629
-150664
-150701
-150740
-150793
-150804
-151026
-151048
-151106
-151150
-151180
-151234
-151276
-151361
-151391
-151430
-151538
-151652
-151775
-151810
-151834
-151981
-152093
-152130
-152193
-152229
-152290
-152413
-152745
-152831
-152842
-153097
-153234
-153240
-153258
-153354
-153487
-153569
-153578
-153580
-153753
-153795
-153814
-153938
-154077
-154130
-154237
-154348
-154397
-154407
-154434
-154438
-154478
-154635
-154764
-154781
-154792
-154844
-154908
-155034
-155036
-155263
-155265
-155324
-155400
-155450
-155457
-155467
-155517
-155552
-155605
-155638
-155686
-155690
-155710
-155710
-155765
-155773
-155787
-155998
-156115
-156248
-156252
-156292
-156315
-156378
-156525
-156547
-156702
-156768
-156846
-157030
-157073
-157086
-157150
-157230
-157318
-157376
-157429
-157540
-157623
-157637
-157640
-157732
-157785
-157802
-157820
-157828
-157845
-157904
-157971
-157985
-158038
-158153
-158223
-158251
-158276
-158293
-158305
-158486
-158488
-158518
-158552
-158560
-158572
-158585
-158669
-158688
-158700
-158732
-158754
-158802
-158861
-158897
-158984
-159242
-159363
-159584
-159599
-159698
-159903
-159906
-160007
-160108
-160233
-160252
-160579
-160673
-160771
-160831
-160880
-161051
-161122
-161129
-161140
-161160
-161458
-161498
-161522
-161676
-161718
-162011
-162026
-162070
-162147
-162222
-162401
-162555
-162565
-162608
-162618
-162621
-162632
-162731
-162905
-163123
-163167
-163219
-163245
-163384
-163702
-163881
-163950
-164164
-164302
-164325
-164379
-164528
-164770
-164849
-164860
-164980
-164989
-165041
-165055
-165081
-165186
-165229
-165260
-165280
-165305
-165321
-165366
-165380
-165381
-165427
-165443
-165449
-165539
-165540
-165588
-165602
-166009
-166107
-166128
-166145
-166242
-166280
-166421
-166680
-166726
-166740
-166791
-166948
-166966
-167008
-167010
-167085
-167227
-167247
-167251
-167268
-167334
-167376
-167436
-167526
-167624
-167685
-167693
-167760
-167813
-167933
-167935
-167940
-167945
-167947
-167971
-167996
-168061
-168151
-168191
-168340
-168389
-168432
-168559
-168606
-168633
-168648
-168723
-168751
-168830
-168963
-168968
-169004
-169052
-169135
-169224
-169404
-169408
-169458
-169513
-169550
-169844
-169861
-170038
-170043
-170154
-170167
-170248
-170357
-170363
-170448
-170483
-170559
-170692
-170697
-170726
-170727
-170932
-171072
-171153
-171174
-171305
-171377
-171408
-171410
-171419
-171450
-171563
-171657
-171731
-171758
-171782
-171802
-171838
-171839
-172066
-172071
-172217
-172241
-172243
-172420
-172519
-172611
-172702
-172775
-172887
-172924
-173003
-173137
-173391
-173435
-173446
-173467
-173482
-173488
-173508
-173653
-173659
-173681
-173691
-173751
-173824
-173991
-174111
-174122
-174124
-174140
-174282
-174283
-174319
-174364
-174386
-174432
-174518
-174757
-174878
-174940
-174966
-175119
-175124
-175199
-175210
-175288
-175309
-175320
-175395
-175437
-175519
-175595
-175656
-175776
-175851
-175875
-175988
-176073
-176093
-176224
-176247
-176345
-176368
-176401
-176418
-176457
-176463
-176543
-176613
-176640
-176649
-176675
-176698
-176760
-176799
-177077
-177098
-177275
-177280
-177291
-177372
-177582
-177618
-177671
-177731
-177762
-177884
-177912
-177915
-177917
-177942
-177946
-178166
-178184
-178461
-178641
-178760
-178913
-178940
-178981
-178987
-179015
-179071
-179101
-179192
-179289
-179302
-179453
-179523
-179523
-179556
-179639
-179642
-179681
-179784
-179837
-179980
-179982
-180292
-180335
-180422
-180455
-180535
-180768
-180824
-180861
-180911
-180986
-180988
-180996
-181078
-181096
-181142
-181220
-181245
-181337
-181338
-181351
-181422
-181584
-181589
-181861
-181876
-181889
-181998
-181999
-182069
-182079
-182291
-182328
-182399
-182414
-182446
-182471
-182495
-182536
-182803
-183047
-183087
-183179
-183206
-183233
-183237
-183328
-183393
-183401
-183443
-183449
-183464
-183474
-183588
-183722
-183747
-183781
-183783
-183829
-183918
-184012
-184127
-184182
-184220
-184246
-184251
-184302
-184358
-184513
-184545
-184669
-184749
-184779
-184837
-184956
-184968
-185042
-185107
-185165
-185231
-185241
-185279
-185298
-185345
-185455
-185482
-185597
-185616
-185673
-185704
-185745
-185760
-186080
-186086
-186284
-186400
-186429
-186433
-186440
-186557
-186615
-186904
-186934
-186992
-187045
-187155
-187206
-187303
-187338
-187368
-187600
-187656
-187657
-187701
-187717
-187800
-187802
-187867
-188047
-188138
-188182
-188195
-188344
-188401
-188492
-188540
-188661
-188689
-188746
-189137
-189149
-189227
-189253
-189266
-189399
-189419
-189447
-189501
-189599
-189726
-189842
-189853
-189899
-189986
-190108
-190117
-190142
-190207
-190305
-190305
-190323
-190342
-190355
-190480
-190492
-190539
-190540
-190552
-190830
-190854
-190861
-190916
-190940
-191127
-191153
-191217
-191218
-191302
-191363
-191457
-191458
-191563
-191748
-191838
-191931
-192065
-192092
-192103
-192122
-192136
-192152
-192196
-192277
-192413
-192578
-192615
-192760
-192783
-192796
-192855
-193051
-193074
-193097
-193177
-193277
-193375
-193425
-193575
-193613
-193678
-193707
-193732
-193765
-193772
-193785
-193802
-193852
-193910
-193950
-194173
-194223
-194233
-194301
-194385
-194385
-194517
-194586
-194656
-194791
-194950
-195026
-195199
-195213
-195246
-195271
-195288
-195336
-195344
-195383
-195393
-195399
-195609
-195642
-195647
-195785
-195788
-196070
-196092
-196119
-196192
-196293
-196434
-196526
-196598
-196667
-196856
-197122
-197124
-197246
-197279
-197311
-197354
-197420
-197454
-197508
-197519
-197534
-197537
-197602
-197635
-197757
-197869
-197955
-197964
-198063
-198111
-198187
-198469
-198496
-198558
-198627
-198634
-198651
-198688
-198689
-198891
-198927
-198991
-199166
-199175
-199287
-199287
-199335
-199363
-199430
-199564
-199727
-199734
-199924
-199933
-200046
-200102
-200188
-200214
-200271
-200272
-200273
-200279
-200389
-200416
-200446
-200563
-200617
-200640
-200648
-200745
-200764
-200892
-200954
-201026
-201037
-201059
-201138
-201156
-201192
-201255
-201298
-201307
-201379
-201735
-201743
-202085
-202103
-202328
-202402
-202487
-202539
-202563
-202597
-202624
-202678
-202739
-202767
-202981
-203094
-203244
-203362
-203388
-203420
-203466
-203519
-203649
-203687
-203690
-203871
-203909
-203928
-204139
-204172
-204367
-204555
-204580
-204632
-204650
-204665
-204757
-204764
-205045
-205166
-205169
-205361
-205417
-205509
-205513
-205684
-205692
-205714
-205770
-205803
-205848
-205865
-205935
-206012
-206196
-206295
-206405
-206515
-206551
-206617
-206708
-206741
-206784
-206858
-206880
-206986
-206990
-206991
-207063
-207137
-207150
-207284
-207349
-207424
-207486
-207540
-207595
-207597
-207653
-207776
-207808
-207855
-207877
-207932
-207967
-208035
-208069
-208139
-208185
-208317
-208369
-208409
-208453
-208481
-208563
-208663
-208697
-208715
-208767
-208904
-208995
-209110
-209115
-209132
-209418
-209588
-209776
-209985
-210153
-210180
-210212
-210306
-210561
-210569
-210577
-210648
-210690
-210765
-210869
-210889
-210962
-210967
-211027
-211090
-211194
-211292
-211344
-211395
-211524
-211528
-211597
-211685
-211726
-211772
-211819
-211858
-211884
-211916
-211933
-211962
-212231
-212307
-212316
-212469
-212527
-212533
-212576
-212661
-212785
-212900
-212919
-212942
-212998
-213013
-213086
-213093
-213209
-213339
-213794
-213825
-213825
-213909
-213911
-213928
-213931
-214022
-214126
-214269
-214391
-214445
-214446
-214477
-214503
-214533
-214539
-214621
-214640
-214810
-214871
-214894
-214894
-214930
-215009
-215068
-215160
-215172
-215240
-215702
-215873
-215892
-215969
-215979
-216010
-216011
-216047
-216161
-216372
-216398
-216399
-216419
-216438
-216453
-216493
-216550
-216727
-216769
-216771
-216835
-216905
-216921
-216930
-216938
-216969
-216976
-217079
-217198
-217299
-217309
-217342
-217381
-217499
-217513
-217564
-217579
-217629
-217762
-217885
-217903
-217909
-218051
-218105
-218131
-218220
-218234
-218392
-218423
-218450
-218591
-218591
-218753
-218773
-218861
-218934
-218949
-218972
-219028
-219104
-219235
-219277
-219352
-219354
-219399
-219442
-219499
-219551
-219634
-219669
-219726
-219857
-219955
-220085
-220398
-220398
-220443
-220470
-220549
-220636
-220861
-220945
-220947
-220958
-221079
-221115
-221362
-221367
-221453
-221557
-221596
-221625
-221649
-221681
-221883
-221930
-221952
-221955
-222072
-222074
-222104
-222128
-222135
-222171
-222252
-222256
-222284
-222429
-222462
-222462
-222546
-222547
-222551
-222569
-222677
-222686
-222993
-223133
-223148
-223207
-223220
-223394
-223413
-223433
-223498
-223557
-223575
-223680
-223712
-223731
-223833
-223861
-224008
-224027
-224112
-224180
-224222
-224265
-224309
-224330
-224354
-224358
-224579
-224624
-224676
-224683
-224718
-224725
-224763
-224774
-224803
-224826
-224980
-224987
-225032
-225065
-225068
-225202
-225229
-225257
-225652
-225676
-225786
-225878
-226075
-226127
-226357
-226378
-226486
-226495
-226542
-226692
-226753
-226816
-227059
-227105
-227264
-227304
-227307
-227339
-227408
-227547
-227565
-227644
-227648
-227659
-227665
-227673
-228034
-228058
-228123
-228184
-228262
-228302
-228334
-228351
-228416
-228472
-228491
-228516
-228562
-228602
-228677
-228761
-229065
-229088
-229134
-229222
-229229
-229232
-229293
-229433
-229460
-229505
-229774
-229788
-229864
-229893
-229935
-230095
-230135
-230152
-230220
-230456
-230619
-230715
-230749
-230758
-230816
-230832
-230896
-231053
-231062
-231350
-231572
-231580
-231658
-231699
-231734
-231755
-231879
-231962
-231996
-231996
-232043
-232071
-232080
-232182
-232203
-232206
-232400
-232428
-232441
-232500
-232683
-232727
-232806
-232819
-232843
-232902
-232913
-232924
-232926
-232956
-233075
-233076
-233157
-233315
-233367
-233449
-233478
-233543
-233596
-233623
-233691
-233723
-233757
-233815
-233826
-233918
-233965
-233984
-234092
-234096
-234117
-234276
-234314
-234410
-234447
-234605
-234667
-234724
-234776
-234869
-234878
-234970
-234994
-235090
-235187
-235199
-235376
-235383
-235431
-235466
-235479
-235496
-235715
-235851
-235913
-235927
-235944
-235949
-235998
-236010
-236038
-236050
-236053
-236160
-236250
-236281
-236305
-236379
-236506
-236510
-236583
-236622
-236764
-236795
-236927
-236990
-237011
-237021
-237026
-237047
-237248
-237272
-237283
-237311
-237334
-237347
-237562
-237630
-237668
-237719
-237821
-237862
-238017
-238028
-238134
-238134
-238136
-238161
-238167
-238190
-238209
-238214
-238270
-238285
-238322
-238332
-238432
-238481
-238522
-238536
-238617
-238638
-238753
-238766
-239031
-239058
-239136
-239137
-239150
-239211
-239213
-239282
-239467
-239543
-239551
-239565
-239602
-239665
-239778
-239798
-239812
-239855
-239873
-240044
-240048
-240149
-240217
-240480
-240527
-240727
-241000
-241145
-241181
-241299
-241326
-241461
-241471
-241703
-241709
-241721
-241735
-241772
-241777
-241810
-242028
-242061
-242129
-242174
-242398
-242444
-242463
-242483
-242532
-242688
-242697
-242730
-242811
-242910
-242945
-243002
-243035
-243043
-243065
-243068
-243092
-243108
-243228
-243297
-243449
-243578
-243609
-243710
-243785
-243935
-243972
-244213
-244224
-244345
-244403
-244404
-244418
-244546
-244632
-244681
-244773
-244826
-244941
-245023
-245056
-245163
-245258
-245283
-245292
-245318
-245475
-245516
-245674
-245728
-245744
-245838
-245857
-245889
-245890
-245984
-246041
-246044
-246122
-246144
-246180
-246245
-246392
-246672
-246678
-246684
-246837
-246920
-246944
-246976
-246978
-246978
-247011
-247117
-247146
-247201
-247327
-247411
-247497
-247519
-247524
-247633
-247650
-247788
-247882
-247908
-247935
-247968
-247985
-248037
-248054
-248158
-248282
-248406
-248412
-248429
-248441
-248664
-248666
-248743
-248746
-248910
-248930
-249055
-249240
-249271
-249464
-249649
-249663
-249679
-249702
-249729
-249759
-249776
-249805
-250078
-250125
-250398
-250765
-250804
-250890
-250909
-251045
-251282
-251306
-251320
-251336
-251350
-251415
-251680
-251774
-251855
-251859
-251906
-251959
-252008
-252155
-252158
-252159
-252209
-252210
-252235
-252583
-252594
-252610
-252857
-252873
-253001
-253069
-253146
-253300
-253356
-253435
-253479
-253658
-253717
-253863
-254144
-254168
-254273
-254282
-254296
-254326
-254401
-254402
-254426
-254434
-254503
-254541
-254580
-254650
-254767
-254907
-254929
-254929
-254951
-254998
-255037
-255047
-255107
-255135
-255216
-255257
-255269
-255302
-255332
-255376
-255421
-255446
-255461
-255485
-255590
-255620
-255720
-255811
-255831
-255921
-255996
-256019
-256046
-256102
-256133
-256161
-256189
-256210
-256240
-256334
-256386
-256420
-256519
-256597
-256725
-256783
-256943
-257023
-257298
-257387
-257408
-257424
-257441
-257512
-257526
-257596
-257622
-257677
-257713
-257734
-257788
-257910
-257985
-257990
-258027
-258110
-258178
-258189
-258253
-258269
-258321
-258392
-258419
-258455
-258478
-258543
-258561
-258645
-258683
-258844
-258910
-258921
-258964
-258975
-259014
-259271
-259322
-259325
-259831
-259993
-260051
-260248
-260304
-260328
-260414
-260425
-260512
-260589
-260624
-260633
-260633
-260662
-260672
-260683
-260710
-260721
-260753
-260825
-260877
-260960
-261029
-261169
-261217
-261257
-261376
-261422
-261426
-261433
-261490
-261513
-261517
-261569
-261587
-261803
-261928
-261972
-262004
-262154
-262234
-262372
-262427
-262467
-262469
-262485
-262577
-262625
-262635
-262650
-262687
-262769
-262848
-262869
-262924
-262938
-262974
-262978
-263017
-263020
-263133
-263157
-263158
-263238
-263309
-263342
-263476
-263497
-263570
-263575
-263723
-263829
-263905
-264078
-264149
-264194
-264197
-264222
-264298
-264322
-264343
-264530
-264562
-264587
-264693
-264799
-264841
-264983
-265103
-265115
-265174
-265178
-265317
-265439
-265454
-265459
-265539
-265640
-265670
-265789
-265840
-265845
-265986
-265997
-266041
-266070
-266078
-266176
-266280
-266433
-266570
-266693
-266801
-266841
-266847
-266877
-266970
-267024
-267108
-267160
-267228
-267332
-267384
-267417
-267466
-267639
-267641
-267695
-267716
-267872
-268003
-268017
-268055
-268229
-268235
-268266
-268286
-268330
-268340
-268402
-268411
-268533
-268560
-268702
-268846
-268904
-268997
-269042
-269081
-269115
-269207
-269247
-269290
-269293
-269396
-269423
-269460
-269544
-269622
-269671
-269672
-269729
-269878
-269983
-270012
-270118
-270283
-270302
-270588
-270669
-270749
-270785
-270884
-270989
-271054
-271185
-271416
-271442
-271485
-271577
-271616
-271739
-271811
-271819
-271832
-271837
-271838
-272017
-272208
-272215
-272286
-272297
-272380
-272681
-272780
-272834
-273005
-273064
-273129
-273151
-273171
-273237
-273310
-273435
-273509
-273528
-273564
-273593
-273631
-273632
-273837
-273867
-273976
-274027
-274105
-274144
-274213
-274242
-274255
-274315
-274447
-274461
-274563
-274591
-274747
-274760
-274767
-274884
-274894
-274906
-274924
-275014
-275021
-275128
-275200
-275249
-275322
-275343
-275343
-275366
-275385
-275490
-275642
-275657
-275773
-275792
-275819
-275832
-275844
-276045
-276161
-276181
-276210
-276211
-276228
-276231
-276272
-276381
-276420
-276422
-276424
-276547
-276555
-276567
-277007
-277050
-277167
-277180
-277208
-277212
-277318
-277362
-277417
-277433
-277541
-277588
-277612
-277632
-277646
-277791
-277807
-277839
-277878
-277968
-278017
-278034
-278056
-278253
-278286
-278403
-278433
-278435
-278525
-278689
-278718
-278787
-278819
-278821
-278939
-279071
-279129
-279197
-279218
-279232
-279236
-279327
-279360
-279458
-279506
-279512
-279517
-279519
-279547
-279612
-279666
-279672
-279717
-279758
-280015
-280126
-280174
-280177
-280339
-280342
-280377
-280421
-280471
-280548
-280621
-280644
-280658
-280753
-280796
-280989
-281122
-281144
-281161
-281221
-281235
-281346
-281456
-281491
-281812
-281827
-281949
-281992
-282041
-282050
-282128
-282135
-282221
-282238
-282391
-282426
-282559
-282562
-282576
-282581
-282750
-282758
-283039
-283094
-283321
-283360
-283397
-283539
-283650
-283689
-283786
-283889
-283917
-283923
-283973
-284008
-284038
-284080
-284094
-284110
-284114
-284171
-284172
-284213
-284292
-284353
-284444
-284483
-284498
-284600
-284764
-284864
-284877
-284930
-284989
-285111
-285173
-285232
-285261
-285329
-285330
-285516
-285703
-285728
-285747
-285829
-286071
-286121
-286168
-286173
-286218
-286339
-286383
-286418
-286429
-286449
-286554
-286558
-286576
-286647
-286651
-286675
-286824
-286973
-287023
-287030
-287079
-287115
-287268
-287282
-287332
-287357
-287384
-287451
-287465
-287542
-287772
-287853
-288006
-288145
-288250
-288340
-288345
-288372
-288408
-288423
-288440
-288551
-288599
-288710
-288715
-288739
-288802
-288825
-289023
-289028
-289044
-289103
-289169
-289195
-289412
-289509
-289545
-289562
-289606
-289613
-289619
-289655
-289721
-289781
-289848
-289849
-289851
-289876
-289897
-290014
-290124
-290131
-290166
-290255
-290301
-290362
-290381
-290402
-290434
-290440
-290442
-290478
-290492
-290497
-290507
-290512
-290587
-290604
-290755
-290787
-290867
-290892
-290907
-291017
-291072
-291139
-291244
-291295
-291334
-291364
-291482
-291523
-291543
-291603
-291609
-291659
-291875
-291882
-291882
-291961
-292039
-292191
-292230
-292284
-292287
-292422
-292423
-292451
-292479
-292494
-292544
-292637
-292665
-292672
-292720
-292723
-292812
-292836
-292841
-292871
-292883
-292896
-292944
-293020
-293118
-293142
-293166
-293186
-293232
-293328
-293329
-293459
-293519
-293580
-293614
-293616
-293640
-293688
-293791
-293808
-293817
-293906
-294004
-294014
-294226
-294276
-294291
-294569
-294702
-294754
-294768
-294962
-294989
-295067
-295220
-295240
-295655
-295739
-295746
-295987
-296020
-296103
-296205
-296210
-296301
-296468
-296490
-296546
-296548
-296614
-296618
-296642
-296710
-296763
-296810
-296919
-297020
-297235
-297246
-297254
-297309
-297349
-297445
-297520
-297527
-297543
-297790
-297883
-297905
-297978
-298028
-298105
-298171
-298237
-298304
-298340
-298419
-298642
-298662
-298696
-298710
-298763
-298810
-298924
-298977
-298986
-299008
-299064
-299088
-299341
-299398
-299572
-299705
-299812
-299860
-299912
-299931
-299933
-299982
-300152
-300183
-300308
-300362
-300380
-300407
-300449
-300473
-300489
-300494
-300497
-300501
-300594
-300622
-300692
-300713
-300778
-300825
-300835
-300941
-301038
-301179
-301333
-301587
-301615
-301669
-301701
-301705
-301747
-301853
-301883
-301953
-301964
-302059
-302208
-302428
-302467
-302474
-302505
-302510
-302517
-302517
-302610
-302641
-302655
-302659
-302814
-302824
-302866
-302888
-302925
-303050
-303102
-303164
-303318
-303325
-303361
-303447
-303492
-303525
-303529
-303628
-303725
-303794
-303914
-303965
-303984
-304068
-304108
-304133
-304205
-304260
-304292
-304308
-304500
-304555
-304561
-304583
-304690
-304701
-304704
-304710
-304741
-304830
-304858
-304918
-304919
-304992
-305060
-305103
-305122
-305185
-305324
-305371
-305387
-305494
-305521
-305527
-305730
-305803
-305836
-305934
-306021
-306045
-306064
-306087
-306235
-306322
-306370
-306404
-306462
-306475
-306543
-306578
-306601
-306755
-306858
-306952
-307067
-307101
-307159
-307189
-307389
-307548
-307597
-307676
-307681
-307851
-307926
-307987
-308013
-308089
-308089
-308169
-308358
-308384
-308405
-308458
-308670
-308725
-308792
-308992
-309057
-309349
-309553
-310035
-310126
-310138
-310167
-310178
-310349
-310408
-310475
-310490
-310523
-310574
-310678
-310877
-310891
-311045
-311077
-311144
-311285
-311305
-311335
-311365
-311516
-311534
-311572
-311877
-312003
-312172
-312177
-312196
-312292
-312326
-312347
-312484
-312576
-312653
-312664
-312705
-313045
-313239
-313281
-313368
-313381
-313444
-313446
-313455
-313460
-313479
-313580
-313616
-313747
-313755
-313833
-313847
-313989
-314001
-314012
-314263
-314270
-314298
-314331
-314474
-314480
-314549
-314615
-314820
-314865
-314910
-314959
-314993
-315008
-315048
-315061
-315110
-315170
-315252
-315416
-315422
-315556
-315650
-315673
-315727
-315858
-315864
-315964
-315994
-316137
-316163
-316519
-316601
-316611
-316797
-316806
-316807
-316869
-316869
-316908
-316912
-316915
-316916
-316983
-317021
-317175
-317301
-317315
-317359
-317364
-317396
-317461
-317494
-317517
-317538
-317559
-317703
-317867
-317887
-317929
-317975
-318000
-318022
-318072
-318110
-318152
-318408
-318415
-318496
-318560
-318578
-318592
-318602
-318616
-318630
-318644
-318700
-318777
-318871
-318983
-318999
-319010
-319272
-319460
-319509
-319519
-319623
-319672
-319724
-319753
-319802
-319804
-320007
-320201
-320215
-320228
-320318
-320431
-320470
-320473
-320521
-320608
-320640
-320675
-320703
-320726
-320758
-320859
-320902
-320959
-321027
-321095
-321102
-321133
-321159
-321183
-321260
-321287
-321302
-321305
-321325
-321339
-321426
-321544
-321562
-321742
-321946
-321950
-321982
-322043
-322092
-322153
-322218
-322354
-322389
-322395
-322418
-322476
-322561
-322652
-322663
-322899
-322905
-323044
-323061
-323070
-323120
-323140
-323212
-323301
-323434
-323488
-323515
-323547
-323627
-323712
-323741
-323861
-323867
-323883
-323922
-323975
-324111
-324119
-324262
-324322
-324418
-324485
-324570
-324649
-324783
-324819
-324873
-324887
-324917
-324964
-325096
-325107
-325240
-325276
-325411
-325581
-325605
-325768
-325798
-325837
-325838
-325865
-325917
-326010
-326138
-326186
-326222
-326270
-326306
-326433
-326437
-326617
-326669
-326683
-326749
-326780
-326834
-326901
-326920
-327042
-327054
-327247
-327274
-327319
-327349
-327414
-327488
-327516
-327545
-327581
-327608
-327614
-327621
-327640
-327646
-327960
-328104
-328210
-328255
-328264
-328465
-328511
-328816
-328992
-329107
-329176
-329210
-329215
-329313
-329373
-329434
-329478
-329488
-329493
-329524
-329543
-329569
-329585
-329615
-329630
-329653
-329749
-329772
-329800
-329806
-329826
-329843
-329870
-329901
-329915
-329941
-330140
-330195
-330369
-330727
-330732
-330774
-330850
-330852
-330929
-330959
-331011
-331015
-331028
-331063
-331070
-331083
-331105
-331139
-331169
-331243
-331259
-331495
-331558
-331562
-331647
-331711
-331739
-331742
-331796
-331903
-332009
-332192
-332196
-332207
-332233
-332237
-332296
-332376
-332400
-332467
-332535
-332606
-332609
-332686
-332787
-332831
-332886
-333030
-333118
-333131
-333237
-333401
-333455
-333564
-333569
-333610
-333653
-333692
-333704
-333876
-333935
-333965
-334094
-334183
-334195
-334201
-334285
-334389
-334411
-334541
-334738
-334740
-334741
-334771
-334836
-334842
-334938
-335137
-335157
-335195
-335207
-335212
-335335
-335404
-335448
-335478
-335535
-335549
-335712
-335725
-335798
-335814
-335830
-335849
-335866
-335930
-335956
-336042
-336306
-336428
-336448
-336612
-336718
-336882
-336941
-337056
-337077
-337259
-337303
-337360
-337393
-337420
-337503
-337504
-337548
-337613
-337679
-337713
-337754
-337760
-337768
-337769
-337804
-338027
-338086
-338158
-338161
-338164
-338191
-338393
-338414
-338486
-338490
-338516
-338566
-338627
-338645
-338730
-338737
-338858
-338930
-339019
-339060
-339202
-339283
-339538
-339566
-339689
-339804
-339861
-339887
-339976
-340019
-340021
-340022
-340025
-340038
-340044
-340086
-340121
-340149
-340224
-340235
-340236
-340255
-340271
-340276
-340331
-340372
-340386
-340473
-340551
-340587
-340676
-340814
-340815
-340909
-340922
-341017
-341020
-341028
-341107
-341137
-341163
-341233
-341336
-341361
-341364
-341431
-341478
-341495
-341560
-341641
-341649
-341700
-341784
-341850
-341875
-341912
-341919
-341982
-342045
-342088
-342335
-342355
-342438
-342580
-342584
-342640
-342672
-342779
-342793
-342840
-342952
-342987
-343190
-343222
-343261
-343271
-343287
-343309
-343354
-343415
-343435
-343495
-343521
-343538
-343540
-343597
-343635
-343648
-343767
-343797
-343798
-343826
-343834
-343884
-343944
-343944
-343947
-344007
-344008
-344096
-344145
-344194
-344217
-344275
-344539
-344683
-344715
-344727
-344730
-344753
-344899
-344926
-344943
-344957
-345232
-345238
-345329
-345370
-345385
-345398
-345448
-345465
-345502
-345632
-345745
-345803
-345897
-345978
-346162
-346195
-346220
-346280
-346303
-346310
-346327
-346497
-346500
-346506
-346525
-346633
-346771
-346811
-346827
-346852
-346915
-346927
-346949
-346960
-346962
-347365
-347421
-347423
-347431
-347484
-347497
-347547
-347619
-347725
-347733
-347864
-347890
-347894
-347902
-347920
-347977
-347978
-348053
-348099
-348193
-348362
-348420
-348502
-348504
-348640
-348664
-348739
-348875
-348892
-348910
-348925
-348956
-349055
-349063
-349099
-349122
-349136
-349226
-349298
-349363
-349863
-349960
-350112
-350304
-350349
-350484
-350502
-350514
-350528
-350535
-350545
-350578
-350609
-350628
-350656
-350718
-350812
-350849
-350871
-350896
-350897
-350926
-351046
-351093
-351128
-351195
-351298
-351347
-351381
-351506
-351514
-351551
-351706
-351847
-351858
-351952
-351958
-352087
-352154
-352337
-352363
-352374
-352422
-352524
-352580
-352662
-352758
-352882
-352908
-352942
-352962
-352968
-353031
-353078
-353156
-353226
-353249
-353263
-353424
-353476
-353511
-353549
-353582
-353584
-353584
-353607
-353693
-353757
-353791
-354011
-354099
-354123
-354172
-354193
-354384
-354430
-354472
-354574
-354609
-354639
-354684
-354724
-354730
-354736
-354801
-354895
-354944
-355008
-355023
-355098
-355107
-355254
-355295
-355402
-355505
-355714
-355715
-355750
-355884
-355906
-355992
-356025
-356100
-356200
-356220
-356272
-356292
-356388
-356394
-356502
-356521
-356535
-356641
-356645
-356803
-356804
-356893
-356897
-356934
-356949
-357000
-357093
-357095
-357107
-357143
-357252
-357278
-357345
-357609
-357611
-357662
-357727
-357950
-358074
-358080
-358101
-358153
-358239
-358410
-358415
-358445
-358471
-358506
-358556
-358567
-358568
-358568
-358626
-358637
-358647
-358891
-358903
-358916
-359038
-359080
-359267
-359284
-359309
-359326
-359330
-359351
-359518
-359540
-359648
-359726
-359756
-359857
-359867
-359954
-359955
-359963
-360123
-360130
-360133
-360137
-360225
-360245
-360267
-360280
-360459
-360472
-360530
-360584
-360592
-360745
-360802
-360820
-360834
-360930
-360932
-360949
-361078
-361222
-361229
-361299
-361519
-361669
-361725
-361807
-361813
-361816
-361860
-361901
-361977
-362167
-362168
-362237
-362294
-362359
-362439
-362577
-362635
-362663
-362673
-362706
-362762
-362786
-362964
-362980
-363039
-363093
-363117
-363173
-363179
-363223
-363259
-363292
-363452
-363491
-363633
-363652
-363694
-363879
-363901
-363924
-363946
-364021
-364089
-364384
-364402
-364409
-364432
-364439
-364445
-364495
-364591
-364623
-364685
-364731
-364865
-364897
-364932
-365057
-365282
-365283
-365407
-365478
-365546
-365573
-365608
-365615
-365648
-365729
-365736
-365972
-365996
-366116
-366121
-366136
-366200
-366478
-366572
-366599
-366658
-366703
-366717
-366763
-367054
-367082
-367114
-367135
-367217
-367379
-367392
-367458
-367482
-367497
-367543
-367666
-367734
-367737
-367808
-367863
-367963
-367963
-368002
-368052
-368156
-368159
-368256
-368438
-368441
-368502
-368582
-368639
-368782
-368834
-368911
-368929
-368930
-368993
-369050
-369076
-369089
-369147
-369158
-369213
-369320
-369392
-369449
-369526
-369615
-369636
-369646
-369684
-369719
-369736
-369792
-369911
-369940
-370057
-370262
-370366
-370382
-370465
-370467
-370471
-370520
-370590
-370699
-370756
-370758
-370840
-371063
-371118
-371122
-371301
-371345
-371479
-371484
-371493
-371528
-371560
-371630
-371688
-371715
-371748
-371871
-371909
-371931
-372056
-372075
-372094
-372119
-372153
-372182
-372219
-372221
-372330
-372339
-372508
-372523
-372523
-372530
-372615
-372627
-372654
-372732
-372759
-372856
-372870
-372947
-373035
-373036
-373104
-373122
-373126
-373162
-373229
-373244
-373276
-373291
-373428
-373429
-373487
-373667
-373704
-373988
-374020
-374040
-374098
-374107
-374115
-374237
-374349
-374380
-374382
-374386
-374391
-374393
-374424
-374445
-374462
-374503
-374595
-374684
-374776
-374776
-374812
-374853
-374916
-374954
-375061
-375071
-375082
-375086
-375121
-375184
-375260
-375365
-375418
-375508
-375526
-375567
-375611
-375656
-375847
-375873
-375884
-375893
-375985
-375992
-376046
-376135
-376140
-376207
-376570
-376585
-376620
-376790
-376830
-377009
-377029
-377069
-377089
-377134
-377178
-377239
-377328
-377438
-377503
-377527
-377609
-377687
-377864
-377920
-377933
-377937
-377954
-377960
-378003
-378022
-378119
-378260
-378272
-378327
-378562
-378594
-378667
-378687
-378816
-379049
-379088
-379092
-379111
-379210
-379216
-379284
-379404
-379454
-379767
-379817
-379859
-379873
-379929
-379985
-379998
-380000
-380065
-380089
-380250
-380258
-380389
-380631
-380710
-380785
-380815
-380899
-380908
-380931
-381156
-381170
-381192
-381239
-381268
-381275
-381291
-381337
-381490
-381547
-381685
-381830
-381869
-381948
-381952
-382038
-382041
-382156
-382179
-382224
-382389
-382482
-382486
-382540
-382543
-382698
-382720
-382727
-382824
-383022
-383112
-383168
-383201
-383204
-383299
-383414
-383450
-383453
-383454
-383535
-383653
-383655
-383669
-383825
-384211
-384315
-384348
-384498
-384503
-384755
-384869
-384874
-384913
-385177
-385192
-385213
-385292
-385381
-385570
-385687
-385784
-385785
-385841
-385929
-385973
-385973
-386097
-386133
-386153
-386264
-386523
-386526
-386589
-386704
-386708
-386898
-386928
-387104
-387134
-387181
-387372
-387457
-387471
-387580
-387809
-387890
-387912
-387914
-387973
-388054
-388065
-388131
-388141
-388194
-388239
-388484
-388510
-388516
-388589
-388845
-388846
-388851
-388869
-389053
-389133
-389245
-389268
-389361
-389397
-389419
-389549
-389593
-389615
-389659
-389665
-389694
-389738
-389758
-389861
-389929
-389949
-390005
-390050
-390112
-390125
-390209
-390212
-390223
-390231
-390291
-390295
-390378
-390403
-390461
-390462
-390541
-390576
-390581
-390588
-390709
-390733
-390779
-390829
-390841
-390904
-390909
-390949
-391246
-391261
-391447
-391447
-391488
-391594
-391612
-391618
-391629
-391642
-391854
-391930
-392199
-392312
-392329
-392496
-392524
-392588
-392590
-392598
-392660
-392727
-392741
-392822
-392931
-393040
-393151
-393497
-393653
-393660
-393694
-393696
-393882
-394031
-394360
-394403
-394432
-394550
-394590
-394673
-394683
-394687
-394689
-394730
-394760
-394765
-394824
-394826
-394840
-394852
-395070
-395128
-395196
-395391
-395511
-395558
-395560
-395576
-395623
-395632
-395680
-395789
-395842
-396056
-396200
-396207
-396209
-396459
-396498
-396596
-396686
-396823
-396866
-396873
-396884
-396920
-396977
-396981
-397050
-397107
-397143
-397250
-397257
-397266
-397350
-397352
-397398
-397546
-397567
-397598
-397667
-397731
-398046
-398184
-398191
-398205
-398225
-398285
-398303
-398313
-398393
-398404
-398594
-398697
-398698
-398716
-398750
-398754
-398784
-398926
-399042
-399137
-399291
-399335
-399369
-399393
-399436
-399524
-399558
-399689
-399717
-399736
-399780
-399857
-399877
-400021
-400039
-400044
-400057
-400065
-400095
-400123
-400259
-400290
-400322
-400332
-400394
-400470
-400558
-400565
-400601
-400665
-400769
-400882
-401032
-401184
-401210
-401351
-401487
-401586
-401600
-401851
-401859
-401870
-401871
-401892
-401923
-401977
-402100
-402242
-402267
-402316
-402451
-402481
-402671
-402774
-402904
-402962
-402989
-403139
-403151
-403163
-403276
-403292
-403349
-403403
-403413
-403802
-403817
-403840
-403889
-403890
-403942
-404108
-404111
-404177
-404185
-404240
-404315
-404354
-404447
-404500
-404589
-404760
-404880
-404904
-404945
-405114
-405171
-405322
-405508
-405523
-405528
-405619
-405929
-405949
-406017
-406068
-406138
-406345
-406596
-406616
-406690
-406696
-406735
-406811
-406870
-406872
-406965
-407025
-407052
-407179
-407244
-407384
-407395
-407461
-407559
-407614
-407848
-407860
-407866
-407955
-408026
-408070
-408072
-408096
-408100
-408232
-408308
-408362
-408413
-408419
-408480
-408515
-408631
-408670
-408786
-408793
-408848
-408905
-409038
-409150
-409229
-409258
-409311
-409391
-409419
-409479
-409502
-409546
-409575
-409615
-409619
-409810
-409837
-409877
-409959
-410034
-410320
-410322
-410327
-410485
-410575
-410580
-410588
-410627
-410695
-410763
-410811
-410903
-410919
-410932
-410950
-411118
-411474
-411650
-411776
-411810
-411879
-412144
-412176
-412271
-412419
-412642
-412729
-412752
-412831
-412833
-412941
-412961
-412977
-412991
-413034
-413164
-413170
-413215
-413369
-413382
-413460
-413667
-413669
-413731
-413839
-413843
-413862
-413869
-413923
-413929
-413941
-413970
-413993
-414052
-414102
-414404
-414503
-414543
-414655
-414686
-414765
-414805
-414924
-414952
-414967
-415018
-415037
-415052
-415106
-415109
-415136
-415215
-415288
-415322
-415373
-415382
-415500
-415626
-415786
-415931
-415991
-416010
-416014
-416035
-416056
-416076
-416112
-416153
-416153
-416282
-416285
-416623
-416668
-416687
-416820
-417162
-417188
-417253
-417261
-417266
-417313
-417383
-417451
-417474
-417533
-417559
-417630
-417657
-417738
-417763
-417886
-417968
-418081
-418218
-418503
-418516
-418532
-418585
-418598
-418668
-418683
-418725
-418872
-418895
-418984
-419057
-419076
-419319
-419326
-419378
-419430
-419530
-419593
-419639
-419650
-419738
-419758
-419808
-419817
-419847
-419877
-419962
-419963
-420020
-420106
-420118
-420187
-420288
-420358
-420380
-420435
-420566
-420581
-420594
-420761
-420807
-420998
-421034
-421083
-421096
-421106
-421132
-421180
-421225
-421306
-421315
-421320
-421332
-421447
-421583
-421660
-421679
-421691
-421717
-421882
-421923
-421960
-421981
-422029
-422056
-422065
-422183
-422308
-422349
-422440
-422462
-422501
-422570
-422589
-422615
-422623
-422723
-422744
-422783
-422855
-423001
-423111
-423148
-423150
-423315
-423426
-423445
-423718
-423788
-423881
-423946
-423952
-423997
-424156
-424314
-424388
-424434
-424567
-424643
-424853
-424881
-424898
-424985
-425290
-425340
-425456
-425494
-425610
-425710
-425880
-425884
-425970
-426085
-426148
-426185
-426255
-426296
-426383
-426402
-426538
-426563
-426616
-426627
-426735
-426852
-427017
-427072
-427224
-427238
-427247
-427276
-427285
-427304
-427398
-427469
-427490
-427553
-427580
-427631
-427646
-427758
-427893
-427922
-428050
-428112
-428114
-428148
-428176
-428256
-428303
-428369
-428452
-428620
-428696
-428721
-428961
-428978
-429052
-429152
-429225
-429289
-429317
-429321
-429753
-429944
-430040
-430040
-430184
-430305
-430437
-430440
-430499
-430508
-430568
-430662
-430676
-430783
-430824
-430889
-430910
-430969
-430989
-431094
-431105
-431162
-431225
-431258
-431268
-431380
-431445
-431466
-431497
-431681
-431685
-431717
-431767
-431802
-431813
-431911
-431930
-431956
-432062
-432073
-432139
-432141
-432282
-432286
-432539
-432582
-432653
-432696
-432804
-432908
-433005
-433057
-433133
-433156
-433184
-433210
-433369
-433495
-433614
-433630
-433638
-433684
-433688
-433790
-433798
-433817
-433822
-433903
-433969
-434020
-434028
-434046
-434094
-434126
-434478
-434572
-434601
-434603
-434610
-434697
-434811
-434870
-434878
-434971
-435280
-435286
-435294
-435391
-435433
-435477
-435478
-435517
-435675
-435679
-435724
-435762
-435769
-435837
-435840
-435856
-435968
-436024
-436035
-436066
-436184
-436205
-436261
-436273
-436277
-436296
-436366
-436493
-436493
-436573
-436573
-436768
-436780
-436788
-436880
-436887
-436942
-436954
-436963
-436963
-437128
-437223
-437284
-437288
-437359
-437501
-437527
-437546
-437586
-437626
-437627
-437657
-437662
-437806
-437825
-437838
-437861
-437872
-438037
-438063
-438182
-438261
-438626
-438652
-438680
-438718
-438774
-438987
-439018
-439127
-439199
-439208
-439213
-439257
-439385
-439591
-439607
-439670
-439777
-439845
-439865
-439938
-439958
-440059
-440088
-440177
-440223
-440224
-440375
-440390
-440505
-440582
-440598
-440661
-440672
-440673
-440837
-440859
-440891
-441077
-441275
-441304
-441467
-441469
-441526
-441549
-441614
-441769
-441797
-441818
-441845
-441969
-442009
-442077
-442263
-442285
-442316
-442467
-442488
-442513
-442518
-442540
-442550
-442615
-442673
-442728
-442771
-442802
-442804
-442880
-443077
-443092
-443189
-443320
-443326
-443358
-443381
-443453
-443631
-443641
-443675
-443694
-443728
-443777
-443927
-444002
-444039
-444049
-444053
-444064
-444068
-444181
-444189
-444224
-444257
-444260
-444344
-444385
-444390
-444451
-444488
-444539
-444578
-444711
-444714
-444753
-444838
-444867
-444957
-444988
-445119
-445163
-445237
-445289
-445342
-445356
-445451
-445542
-445582
-445668
-445702
-445867
-445911
-445913
-445972
-446002
-446008
-446312
-446418
-446580
-446692
-446704
-446809
-446814
-446831
-446900
-446908
-447089
-447233
-447237
-447239
-447325
-447479
-447586
-447620
-447629
-447673
-447757
-447791
-447812
-447898
-447922
-447971
-448007
-448073
-448085
-448159
-448229
-448386
-448398
-448436
-448479
-448520
-448810
-448843
-448894
-449186
-449312
-449325
-449405
-449410
-449453
-449474
-449545
-449579
-449592
-449618
-449638
-449769
-449776
-449835
-449861
-449942
-449990
-450035
-450068
-450095
-450121
-450234
-450252
-450290
-450412
-450446
-450484
-450508
-450510
-450558
-450621
-450983
-451013
-451020
-451062
-451098
-451109
-451172
-451280
-451337
-451406
-451657
-451678
-451685
-451763
-451767
-451923
-451958
-451967
-451971
-451999
-452037
-452099
-452249
-452270
-452275
-452288
-452375
-452377
-452409
-452510
-452602
-452675
-452710
-452721
-452733
-452821
-452857
-453016
-453041
-453042
-453080
-453218
-453253
-453288
-453294
-453361
-453394
-453411
-453442
-453477
-453515
-453559
-453569
-453594
-453603
-453645
-453651
-453669
-453863
-453960
-454002
-454315
-454403
-454588
-454705
-454744
-454824
-454949
-454991
-455049
-455233
-455352
-455431
-455441
-455623
-455688
-455726
-455965
-456109
-456226
-456258
-456293
-456380
-456460
-456628
-456642
-456672
-456810
-456916
-456974
-456980
-457010
-457092
-457175
-457184
-457187
-457234
-457247
-457278
-457348
-457367
-457576
-457605
-457702
-457779
-457986
-458208
-458248
-458287
-458293
-458317
-458448
-458568
-458621
-458708
-458711
-458798
-458833
-458849
-458903
-459011
-459029
-459151
-459242
-459252
-459269
-459346
-459360
-459390
-459482
-459839
-459990
-460016
-460068
-460099
-460141
-460154
-460195
-460552
-460705
-460729
-460753
-460840
-460888
-460912
-460919
-460920
-460920
-461094
-461101
-461191
-461192
-461271
-461327
-461329
-461405
-461725
-461774
-461785
-461877
-461934
-461936
-461949
-461961
-461970
-462005
-462224
-462269
-462495
-462556
-462577
-462610
-462711
-462753
-462825
-462867
-463075
-463156
-463313
-463324
-463389
-463642
-463649
-463749
-463751
-463773
-463917
-463937
-463964
-464013
-464027
-464289
-464295
-464303
-464308
-464315
-464523
-464524
-464576
-464618
-464647
-464720
-464743
-464816
-465001
-465233
-465240
-465254
-465258
-465325
-465364
-465407
-465415
-465431
-465472
-465598
-465608
-465644
-465648
-465734
-465735
-465760
-465858
-465873
-465886
-465914
-465921
-465931
-465948
-466004
-466011
-466052
-466072
-466079
-466091
-466121
-466122
-466159
-466174
-466224
-466294
-466329
-466348
-466435
-466441
-466782
-466901
-466928
-467139
-467149
-467155
-467206
-467212
-467236
-467314
-467339
-467388
-467471
-467517
-467605
-467672
-467749
-467988
-468062
-468092
-468106
-468145
-468162
-468203
-468260
-468310
-468406
-468426
-468443
-468446
-468472
-468484
-468496
-468534
-468558
-468585
-468617
-468882
-468929
-468994
-469035
-469135
-469263
-469369
-469427
-469450
-469507
-469544
-469561
-469612
-469669
-469725
-469740
-469886
-469984
-470009
-470059
-470080
-470081
-470282
-470376
-470390
-470414
-470415
-470501
-470554
-470665
-470699
-470725
-470786
-470852
-470853
-471108
-471164
-471181
-471257
-471273
-471316
-471403
-471627
-471738
-471751
-471758
-471945
-472214
-472216
-472258
-472385
-472473
-472546
-472751
-472826
-472834
-472923
-472939
-472959
-472973
-473095
-473220
-473229
-473281
-473472
-473523
-473525
-473670
-473709
-473723
-473754
-473766
-473799
-473812
-473814
-473990
-473996
-474014
-474099
-474117
-474124
-474155
-474272
-474312
-474380
-474383
-474416
-474431
-474453
-474466
-474607
-474618
-474792
-474798
-474809
-474866
-474920
-474946
-474990
-475150
-475308
-475393
-475403
-475423
-475423
-475429
-475481
-475546
-475548
-475670
-475722
-475737
-475852
-475888
-475919
-476036
-476177
-476261
-476590
-476649
-476841
-476889
-476904
-476942
-476981
-477090
-477102
-477117
-477152
-477162
-477181
-477190
-477196
-477269
-477285
-477341
-477365
-477374
-477391
-477403
-477588
-477620
-477762
-477854
-477892
-477945
-478047
-478303
-478309
-478338
-478339
-478411
-478651
-478673
-478730
-478906
-478966
-479021
-479047
-479227
-479284
-479415
-479421
-479438
-479450
-479502
-479510
-479534
-479661
-479737
-479743
-479810
-479927
-479944
-480092
-480240
-480281
-480285
-480288
-480496
-480549
-480602
-480736
-480750
-480828
-480947
-480985
-481032
-481127
-481190
-481202
-481202
-481241
-481410
-481475
-481552
-481683
-481843
-481895
-481912
-481960
-481991
-482063
-482075
-482094
-482205
-482220
-482292
-482338
-482401
-482528
-482531
-482534
-482574
-482580
-482640
-482682
-482792
-483065
-483107
-483127
-483180
-483230
-483244
-483245
-483258
-483440
-483442
-483505
-483516
-483567
-483618
-483669
-483698
-483718
-483772
-483782
-483943
-483946
-484143
-484324
-484356
-484394
-484673
-484686
-484709
-484780
-484814
-484928
-484935
-484994
-485093
-485218
-485234
-485344
-485370
-485371
-485603
-485716
-485717
-485730
-485748
-485991
-486023
-486111
-486122
-486212
-486347
-486404
-486427
-486432
-486863
-486976
-486978
-487003
-487097
-487101
-487104
-487137
-487267
-487411
-487418
-487418
-487485
-487509
-487657
-487874
-487881
-487884
-487967
-488026
-488057
-488076
-488096
-488117
-488144
-488303
-488378
-488613
-488658
-488756
-488843
-488987
-489009
-489019
-489030
-489049
-489112
-489138
-489152
-489223
-489240
-489475
-489638
-489655
-489724
-489862
-489871
-489911
-489931
-489995
-490002
-490014
-490101
-490135
-490165
-490188
-490192
-490261
-490349
-490418
-490436
-490454
-490558
-490607
-490629
-490696
-490731
-490846
-490854
-490895
-491036
-491075
-491083
-491246
-491362
-491489
-491628
-491676
-491688
-491702
-491715
-491767
-491928
-491941
-491946
-492111
-492158
-492159
-492269
-492318
-492355
-492434
-492437
-492438
-492567
-492570
-492591
-492615
-492813
-492902
-493011
-493067
-493122
-493148
-493221
-493362
-493400
-493406
-493496
-493517
-493631
-493694
-493719
-493825
-493952
-494004
-494006
-494017
-494063
-494110
-494136
-494164
-494377
-494731
-494800
-494933
-495052
-495222
-495423
-495464
-495498
-495703
-495733
-495743
-495760
-495767
-495778
-495864
-495981
-496007
-496026
-496048
-496115
-496130
-496161
-496168
-496174
-496199
-496306
-496532
-496561
-496588
-496593
-496609
-496611
-496616
-496720
-496865
-496887
-496973
-497027
-497107
-497182
-497231
-497289
-497344
-497354
-497409
-497428
-497486
-497501
-497519
-497551
-497568
-497589
-497655
-497672
-497673
-497717
-497902
-497931
-498066
-498212
-498266
-498270
-498308
-498333
-498424
-498456
-498460
-498502
-498574
-498606
-498698
-498744
-498746
-498883
-498902
-498996
-499068
-499238
-499297
-499338
-499346
-499444
-499462
-499483
-499499
-499502
-499508
-499567
-499610
-499702
-499836
-499889
-500105
-500364
-500420
-500485
-500549
-500640
-500643
-500666
-500746
-500747
-500755
-500795
-500824
-500834
-500960
-501066
-501100
-501148
-501167
-501172
-501285
-501287
-501437
-501459
-501629
-501682
-501806
-501875
-501903
-501970
-502114
-502150
-502201
-502277
-502302
-502323
-502340
-502342
-502360
-502584
-502588
-502611
-502624
-502833
-502854
-502904
-503101
-503104
-503105
-503135
-503137
-503167
-503387
-503389
-503443
-503554
-503599
-503610
-503869
-503931
-504003
-504010
-504054
-504106
-504169
-504275
-504367
-504368
-504411
-504493
-504503
-504514
-504571
-504594
-504694
-504703
-504717
-504751
-504753
-504757
-504767
-504842
-504955
-504957
-505059
-505068
-505362
-505447
-505466
-505710
-505720
-505754
-505776
-505952
-506001
-506005
-506163
-506179
-506179
-506243
-506376
-506403
-506408
-506460
-506472
-506472
-506527
-506534
-506562
-506691
-506749
-506807
-506895
-506911
-507079
-507138
-507186
-507294
-507403
-507409
-507476
-507501
-507553
-507556
-507607
-507623
-507636
-507707
-507725
-507763
-507824
-507857
-507919
-507927
-507991
-507999
-508013
-508150
-508381
-508494
-508517
-508521
-508598
-508601
-508842
-509061
-509196
-509211
-509269
-509492
-509617
-509619
-509622
-509666
-509712
-509756
-509777
-509817
-509912
-510037
-510150
-510160
-510179
-510199
-510239
-510299
-510338
-510427
-510530
-510560
-510671
-510681
-510748
-511003
-511050
-511055
-511196
-511247
-511280
-511388
-511421
-511548
-511772
-511793
-511866
-511934
-511965
-512016
-512018
-512203
-512332
-512365
-512392
-512403
-512618
-512660
-512774
-512840
-512974
-512993
-513097
-513140
-513364
-513536
-513560
-513592
-513719
-513871
-513894
-513920
-513993
-513993
-514010
-514095
-514131
-514155
-514159
-514189
-514190
-514298
-514353
-514374
-514439
-514446
-514549
-514797
-514847
-514854
-514918
-514923
-515003
-515021
-515138
-515262
-515285
-515302
-515371
-515515
-515517
-515588
-515656
-515675
-515682
-515700
-515715
-516044
-516096
-516320
-516339
-516402
-516413
-516454
-516575
-516591
-516622
-516750
-516811
-516815
-517140
-517175
-517303
-517392
-517471
-517521
-517538
-517588
-517615
-517721
-517740
-517825
-517836
-517850
-517887
-517996
-518018
-518026
-518047
-518095
-518202
-518329
-518405
-518619
-519139
-519142
-519172
-519173
-519192
-519236
-519238
-519245
-519342
-519357
-519444
-519487
-519516
-519542
-519581
-519657
-519684
-519956
-519966
-520062
-520063
-520084
-520233
-520272
-520351
-520439
-520537
-520561
-520592
-520686
-520710
-520819
-520864
-520894
-520908
-520983
-521218
-521228
-521257
-521270
-521271
-521311
-521356
-521376
-521405
-521423
-521465
-521627
-521673
-522009
-522208
-522254
-522294
-522312
-522330
-522390
-522397
-522412
-522739
-522748
-522801
-522813
-522854
-522897
-522917
-522972
-523011
-523113
-523169
-523213
-523217
-523244
-523274
-523334
-523395
-523436
-523459
-523512
-523542
-523576
-523605
-523638
-523813
-523910
-524090
-524147
-524225
-524248
-524311
-524362
-524519
-524775
-524783
-524900
-524923
-525002
-525017
-525078
-525099
-525138
-525392
-525470
-525504
-525517
-525554
-525635
-525688
-525961
-526278
-526324
-526337
-526433
-526467
-526570
-526578
-526739
-526754
-526873
-526885
-526917
-526932
-526935
-527020
-527093
-527252
-527496
-527498
-527618
-527642
-527668
-527689
-527691
-527834
-527845
-527913
-528187
-528262
-528265
-528321
-528328
-528469
-528471
-528499
-528509
-528585
-528602
-528603
-528736
-528885
-528898
-529000
-529039
-529094
-529122
-529150
-529160
-529280
-529446
-529492
-529494
-529539
-529631
-529678
-529757
-529824
-529831
-529846
-529912
-529920
-530017
-530032
-530204
-530319
-530398
-530440
-530483
-530518
-530527
-530606
-530737
-530758
-530808
-530812
-530969
-531053
-531061
-531132
-531136
-531177
-531288
-531306
-531314
-531345
-531574
-531580
-531594
-531633
-531729
-531772
-531773
-531873
-531909
-531934
-531944
-531965
-531982
-532040
-532078
-532157
-532212
-532250
-532322
-532338
-532695
-532836
-532971
-533020
-533104
-533111
-533244
-533253
-533300
-533339
-533393
-533419
-533457
-533458
-533469
-533569
-533594
-533603
-533636
-533822
-533897
-534109
-534190
-534239
-534331
-534434
-534451
-534479
-534494
-534519
-534597
-534683
-534720
-534728
-534800
-534858
-534899
-534905
-534922
-534967
-535037
-535061
-535105
-535119
-535322
-535378
-535425
-535466
-535509
-535518
-535692
-535705
-535843
-536024
-536119
-536177
-536226
-536265
-536310
-536419
-536467
-536658
-536787
-536807
-536845
-536851
-536885
-536900
-536997
-537013
-537105
-537113
-537150
-537181
-537306
-537407
-537489
-537533
-537577
-537586
-537607
-537634
-537648
-537723
-537960
-538013
-538078
-538106
-538137
-538165
-538193
-538204
-538278
-538284
-538289
-538358
-538377
-538387
-538448
-538762
-538784
-538854
-538862
-538940
-538944
-539157
-539167
-539204
-539246
-539363
-539411
-539480
-539519
-539541
-539587
-539611
-539803
-539815
-539995
-540048
-540061
-540078
-540145
-540161
-540165
-540196
-540238
-540317
-540491
-540516
-540685
-540814
-540940
-540959
-540970
-541057
-541112
-541189
-541230
-541314
-541327
-541351
-541398
-541454
-541515
-541625
-541686
-541692
-541904
-541908
-541937
-541967
-542015
-542041
-542098
-542098
-542229
-542380
-542490
-542584
-542594
-542633
-542748
-542767
-542814
-542975
-542986
-543173
-543190
-543220
-543311
-543438
-543595
-543648
-543685
-543805
-543879
-543963
-543972
-543974
-543999
-544033
-544167
-544239
-544330
-544419
-544426
-544534
-544549
-544590
-544612
-544681
-544804
-544868
-544932
-544934
-544957
-544999
-545089
-545202
-545246
-545321
-545590
-545622
-545649
-545695
-545775
-545886
-545888
-545896
-545939
-546085
-546131
-546134
-546186
-546207
-546234
-546398
-546513
-546611
-546627
-546708
-546942
-546948
-546954
-546974
-547078
-547087
-547136
-547189
-547216
-547234
-547344
-547390
-547393
-547415
-547434
-547450
-547667
-547725
-547743
-547753
-547969
-547982
-548088
-548199
-548276
-548291
-548388
-548443
-548445
-548476
-548494
-548587
-548619
-548647
-548664
-548684
-548851
-548957
-548996
-549231
-549245
-549339
-549369
-549400
-549442
-549478
-549546
-549585
-549792
-549864
-549878
-549933
-549942
-550040
-550045
-550113
-550121
-550189
-550218
-550221
-550257
-550338
-550377
-550416
-550490
-550557
-550629
-550648
-550782
-550993
-550993
-551045
-551072
-551140
-551218
-551291
-551397
-551407
-551546
-551616
-551617
-551652
-551724
-551799
-551816
-551993
-552022
-552039
-552056
-552193
-552369
-552396
-552397
-552545
-552548
-552564
-552593
-552648
-552691
-552723
-552751
-552765
-552804
-552931
-552940
-553023
-553028
-553085
-553143
-553342
-553825
-553899
-554063
-554108
-554233
-554292
-554459
-554497
-554524
-554679
-554716
-554718
-554944
-555046
-555196
-555264
-555267
-555402
-555571
-555636
-555639
-555659
-555773
-555787
-555811
-555836
-555859
-556050
-556102
-556114
-556145
-556278
-556286
-556314
-556387
-556462
-556462
-556542
-556569
-556583
-556644
-556651
-556694
-556708
-556729
-556750
-556846
-556874
-556942
-556952
-556976
-556988
-557043
-557127
-557131
-557137
-557272
-557280
-557304
-557352
-557455
-557475
-557507
-557553
-557588
-557605
-557637
-557674
-557691
-557721
-557734
-557899
-558003
-558028
-558069
-558081
-558135
-558224
-558252
-558456
-558483
-558506
-558513
-558570
-558610
-558659
-558844
-558902
-559080
-559122
-559201
-559217
-559259
-559308
-559334
-559357
-559383
-559466
-559573
-559732
-559870
-559915
-559931
-559997
-560006
-560184
-560192
-560219
-560250
-560251
-560300
-560302
-560386
-560491
-560498
-560606
-560660
-560682
-560703
-560764
-560879
-560966
-560974
-561027
-561070
-561105
-561175
-561409
-561453
-561569
-561572
-561767
-561830
-561930
-561957
-562041
-562114
-562175
-562205
-562235
-562245
-562303
-562305
-562351
-562383
-562418
-562421
-562498
-562665
-562773
-562957
-562964
-563035
-563037
-563210
-563241
-563328
-563341
-563525
-563531
-563538
-563593
-563738
-563753
-563773
-563835
-563904
-564053
-564093
-564168
-564234
-564264
-564302
-564391
-564451
-564451
-564533
-564566
-564690
-564703
-564725
-564804
-564811
-564837
-565078
-565085
-565148
-565413
-565413
-565519
-565525
-565535
-565638
-565686
-565776
-565815
-565985
-566114
-566194
-566206
-566252
-566264
-566279
-566354
-566432
-566439
-566484
-566539
-566569
-566585
-566587
-566598
-566654
-566662
-566856
-566922
-566958
-566966
-566969
-567024
-567027
-567045
-567304
-567353
-567451
-567646
-567688
-567737
-567802
-567857
-567968
-568099
-568117
-568212
-568391
-568462
-568551
-568646
-568720
-568879
-568899
-568946
-569022
-569075
-569106
-569216
-569313
-569314
-569403
-569497
-569562
-569608
-569608
-569696
-569727
-569736
-569761
-569880
-569920
-569948
-569972
-570017
-570021
-570086
-570206
-570250
-570439
-570445
-570486
-570487
-570510
-570621
-570629
-570800
-570812
-570863
-570962
-570976
-571207
-571290
-571304
-571457
-571466
-571623
-571792
-571828
-571861
-571907
-572230
-572417
-572514
-572531
-572564
-572666
-572696
-572767
-572847
-572894
-572929
-572942
-573066
-573109
-573121
-573309
-573323
-573428
-573434
-573532
-573739
-573812
-573824
-573835
-573856
-573880
-573883
-573988
-573990
-574046
-574112
-574319
-574330
-574348
-574368
-574389
-574468
-574537
-574540
-574596
-574839
-574966
-574980
-575036
-575105
-575158
-575159
-575163
-575240
-575305
-575507
-575586
-575621
-575773
-575829
-575834
-575927
-576095
-576223
-576470
-576522
-576587
-576677
-576796
-576839
-576845
-576930
-577027
-577116
-577248
-577302
-577323
-577476
-577508
-577556
-577696
-577708
-577839
-577987
-578050
-578067
-578068
-578071
-578114
-578192
-578200
-578291
-578327
-578457
-578478
-578540
-578675
-578801
-578822
-578876
-579058
-579092
-579230
-579356
-579618
-579624
-579635
-579693
-579754
-579755
-579939
-579963
-579966
-579984
-579993
-580049
-580049
-580088
-580118
-580189
-580240
-580309
-580309
-580350
-580386
-580431
-580665
-580748
-580784
-580811
-580847
-580866
-580947
-580981
-581027
-581091
-581110
-581119
-581350
-581353
-581566
-581568
-581581
-581586
-581722
-581745
-581847
-581851
-582058
-582117
-582150
-582160
-582268
-582284
-582302
-582324
-582373
-582380
-582493
-582524
-582592
-582628
-582715
-582752
-582826
-582861
-582888
-583016
-583073
-583133
-583225
-583300
-583301
-583311
-583359
-583411
-583445
-583455
-583502
-583856
-583880
-583917
-584036
-584155
-584188
-584228
-584297
-584343
-584453
-584597
-584650
-584664
-584756
-584797
-584900
-584979
-585149
-585209
-585224
-585257
-585418
-585533
-585676
-585767
-585777
-585916
-585930
-586011
-586019
-586026
-586107
-586219
-586260
-586413
-586487
-586514
-586628
-586636
-586636
-586670
-586699
-586720
-586741
-586750
-586773
-586779
-586933
-587052
-587102
-587193
-587222
-587256
-587344
-587361
-587409
-587447
-587476
-587483
-587534
-587568
-587718
-587777
-587811
-587841
-587864
-587890
-587923
-587931
-587938
-588034
-588099
-588162
-588291
-588300
-588480
-588481
-588624
-588649
-588676
-588729
-588734
-588787
-588812
-588843
-588851
-588965
-588973
-589148
-589300
-589317
-589390
-589417
-589467
-589603
-589607
-589729
-589737
-589759
-589791
-589945
-590191
-590242
-590282
-590286
-590473
-590611
-590625
-590760
-590827
-590845
-590936
-591019
-591159
-591233
-591284
-591316
-591321
-591402
-591500
-591514
-591534
-591577
-591611
-591708
-591729
-591814
-591842
-591865
-591926
-592009
-592045
-592080
-592101
-592143
-592155
-592261
-592264
-592334
-592361
-592377
-592377
-592417
-592492
-592498
-592515
-592557
-592577
-592592
-592703
-592746
-592780
-592827
-592838
-593099
-593170
-593197
-593226
-593261
-593344
-593354
-593542
-593573
-593661
-593683
-593832
-593876
-594002
-594023
-594095
-594113
-594122
-594157
-594414
-594428
-594434
-594436
-594484
-594554
-594565
-594780
-594906
-594913
-595296
-595402
-595678
-595846
-595855
-595972
-595993
-596266
-596405
-596485
-596541
-596548
-596601
-596699
-596707
-596741
-596829
-596900
-596926
-597111
-597169
-597510
-597572
-597636
-597661
-597729
-597852
-597925
-597943
-597953
-597956
-597961
-598004
-598041
-598083
-598115
-598128
-598129
-598162
-598163
-598416
-598440
-598524
-598530
-598583
-598597
-598670
-598742
-598753
-598906
-598908
-599065
-599097
-599230
-599384
-599416
-599421
-599664
-599740
-599778
-599938
-599985
-600157
-600215
-600249
-600299
-600299
-600311
-600339
-600390
-600411
-600495
-600509
-600556
-600557
-600704
-600746
-600793
-600804
-600880
-600927
-600952
-601140
-601142
-601158
-601271
-601329
-601369
-601403
-601413
-601439
-601452
-601541
-601683
-601726
-601815
-601876
-601900
-601931
-601945
-601958
-602010
-602110
-602140
-602155
-602160
-602315
-602346
-602476
-602760
-602780
-602792
-603036
-603040
-603085
-603120
-603140
-603140
-603171
-603184
-603331
-603375
-603419
-603429
-603522
-603525
-603571
-603656
-603701
-603772
-603816
-603826
-603848
-603854
-603963
-603982
-603995
-604078
-604154
-604350
-604380
-604397
-604425
-604426
-604472
-604505
-604556
-604696
-604727
-604748
-604750
-604812
-604830
-604900
-605029
-605039
-605043
-605068
-605124
-605130
-605199
-605229
-605295
-605321
-605378
-605477
-605504
-605529
-605551
-605635
-605671
-605725
-605955
-605970
-606049
-606120
-606170
-606265
-606313
-606410
-606444
-606485
-606716
-606717
-606731
-606801
-606891
-607049
-607050
-607058
-607166
-607167
-607310
-607373
-607436
-607455
-607475
-607493
-607579
-607701
-607726
-607757
-607816
-607853
-607865
-607874
-607948
-607962
-608054
-608117
-608120
-608193
-608444
-608448
-608524
-608577
-608666
-608691
-608733
-608762
-608793
-608980
-609150
-609198
-609221
-609280
-609349
-609397
-609416
-609442
-609466
-609554
-609638
-609710
-609751
-609793
-609854
-609858
-609980
-610000
-610051
-610095
-610124
-610154
-610164
-610369
-610379
-610516
-610615
-610712
-610738
-610980
-611004
-611037
-611208
-611279
-611299
-611384
-611457
-611499
-611539
-611606
-611663
-611732
-611783
-611863
-611884
-611911
-611922
-611962
-612093
-612213
-612217
-612274
-612281
-612293
-612583
-612661
-612758
-612940
-612971
-613124
-613151
-613171
-613282
-613309
-613389
-613411
-613424
-613431
-613432
-613461
-613569
-613646
-613660
-613813
-613894
-613941
-614041
-614081
-614111
-614135
-614143
-614148
-614156
-614157
-614159
-614203
-614205
-614220
-614281
-614285
-614360
-614464
-614515
-614609
-614659
-614698
-614777
-614780
-614890
-614941
-614945
-615015
-615024
-615092
-615113
-615214
-615234
-615470
-615498
-615522
-615754
-615780
-615924
-615946
-615970
-615977
-616016
-616059
-616103
-616162
-616398
-616478
-616509
-616532
-616540
-616560
-616582
-616750
-616814
-616814
-616916
-616971
-617079
-617096
-617098
-617102
-617109
-617178
-617222
-617243
-617306
-617360
-617534
-617553
-617739
-617890
-617898
-617945
-617960
-618136
-618172
-618185
-618219
-618278
-618332
-618352
-618474
-618629
-618634
-618642
-618705
-618758
-618810
-618917
-619074
-619103
-619200
-619226
-619235
-619268
-619320
-619333
-619413
-619477
-619477
-619555
-619565
-619572
-619610
-619852
-620111
-620170
-620216
-620245
-620342
-620359
-620382
-620415
-620453
-620495
-620517
-620564
-620627
-620637
-620652
-620671
-620814
-621068
-621101
-621143
-621323
-621339
-621577
-621647
-621654
-621666
-621718
-621721
-621781
-621819
-621894
-621921
-622199
-622226
-622329
-622492
-622585
-622634
-622658
-622842
-622943
-623166
-623181
-623209
-623332
-623525
-623827
-623909
-623927
-623967
-624046
-624060
-624067
-624116
-624137
-624187
-624201
-624263
-624284
-624288
-624357
-624593
-624603
-624607
-624706
-624959
-624966
-625053
-625069
-625097
-625104
-625215
-625306
-625367
-625472
-625485
-625498
-625584
-625657
-625699
-625982
-625987
-625988
-626277
-626345
-626372
-626403
-626404
-626482
-626603
-626633
-626697
-626756
-626852
-626952
-627003
-627124
-627189
-627268
-627275
-627329
-627364
-627433
-627447
-627521
-627643
-627683
-627696
-627721
-627746
-627756
-627773
-627791
-627818
-627849
-627944
-627960
-628085
-628148
-628184
-628214
-628260
-628286
-628299
-628327
-628412
-628472
-628526
-628616
-628719
-628900
-629144
-629152
-629262
-629290
-629295
-629361
-629408
-629510
-629520
-629521
-629531
-629579
-629679
-629779
-629791
-629954
-630086
-630115
-630138
-630324
-630329
-630356
-630498
-630636
-630661
-630692
-630806
-630935
-630977
-630992
-631112
-631153
-631201
-631225
-631249
-631311
-631552
-631662
-631731
-631881
-632019
-632029
-632051
-632075
-632117
-632181
-632229
-632384
-632390
-632487
-632513
-632587
-632651
-632836
-632945
-633050
-633058
-633065
-633113
-633128
-633173
-633384
-633411
-633466
-633581
-633610
-633771
-633825
-633921
-633976
-633997
-634009
-634038
-634042
-634082
-634146
-634165
-634172
-634221
-634231
-634406
-634497
-634540
-634562
-634855
-635009
-635017
-635029
-635096
-635131
-635187
-635380
-635419
-635425
-635631
-635756
-635881
-635897
-635910
-635976
-636071
-636120
-636430
-636535
-636558
-636587
-636618
-636640
-636706
-636785
-636805
-636878
-637095
-637108
-637220
-637275
-637276
-637298
-637375
-637404
-637482
-637492
-637543
-637563
-637567
-637700
-637796
-637965
-637966
-638031
-638040
-638093
-638202
-638240
-638335
-638348
-638419
-638445
-638668
-638706
-638723
-638838
-638851
-638854
-638879
-638959
-638995
-639017
-639072
-639259
-639275
-639275
-639310
-639508
-639543
-639653
-639762
-639793
-639912
-640077
-640205
-640282
-640413
-640419
-640424
-640556
-640629
-640673
-640726
-640754
-640799
-640806
-640826
-640929
-640973
-641014
-641023
-641036
-641102
-641144
-641289
-641400
-641520
-641574
-641739
-641787
-641895
-642141
-642243
-642257
-642357
-642423
-642468
-642520
-642576
-642665
-642670
-642922
-643059
-643072
-643145
-643156
-643165
-643199
-643439
-643472
-643495
-643512
-643513
-643583
-643591
-643593
-643656
-643701
-643844
-643857
-643959
-643989
-643999
-644033
-644132
-644232
-644283
-644290
-644308
-644418
-644441
-644479
-644490
-644656
-644763
-644783
-644825
-644828
-644857
-644926
-645108
-645154
-645280
-645302
-645351
-645533
-645714
-645768
-645951
-646065
-646097
-646154
-646194
-646236
-646264
-646301
-646390
-646403
-646446
-646555
-646615
-646812
-646985
-647005
-647046
-647060
-647107
-647124
-647138
-647253
-647407
-647418
-647466
-647487
-647530
-647651
-647670
-647677
-647710
-647835
-647840
-647858
-647870
-648028
-648050
-648131
-648284
-648304
-648310
-648375
-648495
-648590
-648647
-648718
-648760
-648896
-648936
-648965
-649003
-649020
-649051
-649083
-649116
-649127
-649130
-649160
-649175
-649357
-649408
-649456
-649488
-649567
-649592
-649604
-649660
-649733
-649816
-649823
-649866
-649875
-650016
-650018
-650038
-650069
-650154
-650188
-650264
-650317
-650328
-650352
-650604
-650650
-650687
-650747
-650808
-650873
-650901
-650944
-650991
-651030
-651406
-651425
-651443
-651609
-651677
-651785
-651831
-652011
-652185
-652350
-652383
-652402
-652468
-652492
-652501
-652529
-652565
-652582
-652612
-652677
-652724
-652822
-653105
-653171
-653207
-653256
-653480
-653502
-653581
-653758
-653795
-653891
-653914
-653939
-653949
-654249
-654373
-654425
-654610
-654793
-654924
-655047
-655076
-655105
-655346
-655420
-655655
-655666
-655676
-655680
-655723
-655756
-655794
-655796
-655848
-655880
-655903
-656221
-656222
-656268
-656506
-656522
-656528
-656532
-656538
-656547
-656566
-656619
-656672
-656696
-656700
-656742
-656760
-656830
-656978
-656980
-657002
-657069
-657087
-657120
-657127
-657145
-657155
-657175
-657203
-657214
-657298
-657341
-657536
-657604
-657610
-657611
-657612
-657614
-657673
-657679
-657682
-657707
-657781
-657859
-657861
-657894
-657919
-657922
-658102
-658156
-658285
-658291
-658350
-658407
-658421
-658490
-658524
-658601
-658687
-658735
-658852
-658880
-659001
-659051
-659246
-659290
-659301
-659633
-659648
-659771
-659807
-659812
-659964
-660055
-660073
-660135
-660210
-660234
-660251
-660292
-660294
-660337
-660347
-660396
-660500
-660550
-660599
-660652
-660666
-660666
-660677
-660696
-660720
-660728
-660849
-660879
-660904
-660921
-660949
-660986
-661149
-661155
-661160
-661247
-661412
-661465
-661473
-661516
-661618
-661695
-661724
-661777
-661822
-661849
-661887
-661984
-661992
-662007
-662030
-662101
-662211
-662275
-662671
-662795
-662823
-662895
-662905
-663048
-663093
-663101
-663224
-663229
-663336
-663350
-663369
-663385
-663718
-663719
-663740
-663902
-663931
-664005
-664060
-664082
-664197
-664294
-664352
-664363
-664367
-664410
-664497
-664519
-664727
-664902
-664905
-665007
-665109
-665119
-665134
-665259
-665395
-665408
-665456
-665465
-665610
-665626
-665663
-665760
-665788
-665799
-665844
-665914
-665920
-665981
-666018
-666024
-666191
-666221
-666276
-666312
-666348
-666498
-666543
-666548
-666565
-666580
-666601
-666683
-666708
-666746
-666808
-666848
-666939
-666994
-667120
-667275
-667277
-667297
-667360
-667363
-667382
-667427
-667505
-667507
-667576
-667733
-667817
-667823
-667949
-668043
-668161
-668185
-668274
-668286
-668302
-668444
-668560
-668713
-668816
-668953
-669028
-669038
-669061
-669093
-669172
-669193
-669213
-669304
-669346
-669347
-669351
-669369
-669378
-669416
-669420
-669428
-669532
-669562
-669660
-669736
-669747
-669794
-669834
-669934
-670067
-670070
-670086
-670145
-670163
-670184
-670204
-670278
-670294
-670323
-670358
-670391
-670480
-670525
-670586
-670635
-670730
-670887
-670959
-670994
-671085
-671263
-671293
-671313
-671555
-671873
-671961
-672067
-672083
-672104
-672138
-672185
-672337
-672362
-672530
-672597
-672622
-672676
-672712
-672732
-672785
-672792
-672899
-673022
-673053
-673108
-673248
-673362
-673458
-673487
-673651
-673719
-673820
-673906
-673981
-673993
-674093
-674218
-674229
-674327
-674395
-674439
-674454
-674466
-674578
-674687
-674753
-674805
-675016
-675057
-675195
-675325
-675329
-675330
-675416
-675449
-675646
-675668
-675687
-675732
-675821
-675908
-675923
-676000
-676045
-676159
-676216
-676257
-676277
-676306
-676542
-676720
-676746
-676806
-676831
-676936
-676936
-676943
-676982
-677067
-677075
-677098
-677114
-677166
-677301
-677485
-677497
-677551
-677595
-677597
-677674
-677700
-677704
-677710
-677717
-677725
-677740
-677765
-677786
-677949
-677965
-677988
-678009
-678247
-678281
-678314
-678409
-678430
-678673
-678684
-678695
-678814
-678870
-678916
-679091
-679122
-679126
-679131
-679177
-679464
-679478
-679480
-679492
-679520
-679532
-679601
-679671
-679699
-679712
-679814
-679907
-679967
-680018
-680065
-680174
-680212
-680299
-680333
-680663
-680664
-680681
-680751
-680780
-680874
-680905
-680929
-680952
-681061
-681070
-681177
-681242
-681317
-681319
-681324
-681363
-681366
-681504
-681511
-681641
-681691
-681707
-681802
-681817
-681855
-681965
-681980
-681999
-682025
-682052
-682053
-682106
-682170
-682302
-682395
-682436
-682440
-682480
-682542
-682585
-682740
-682967
-682974
-683210
-683307
-683406
-683406
-683438
-683465
-683620
-683799
-683811
-683844
-683846
-683869
-683869
-683957
-684119
-684203
-684468
-684522
-684547
-684583
-684690
-684694
-684958
-685013
-685034
-685067
-685087
-685168
-685341
-685470
-685536
-685814
-686083
-686238
-686251
-686293
-686296
-686322
-686382
-686462
-686573
-686585
-686593
-686651
-686680
-686722
-686747
-687002
-687079
-687243
-687246
-687314
-687333
-687336
-687495
-687523
-687704
-687730
-687796
-687801
-687845
-687889
-687910
-687914
-687931
-687937
-688090
-688166
-688208
-688263
-688326
-688538
-688562
-688687
-688768
-688854
-688856
-688865
-688993
-689007
-689151
-689191
-689286
-689315
-689416
-689421
-689455
-689507
-689610
-689744
-689763
-689764
-689823
-690018
-690180
-690213
-690251
-690258
-690271
-690331
-690338
-690443
-690454
-690460
-690497
-690699
-690828
-690866
-690938
-691088
-691200
-691215
-691377
-691420
-691444
-691598
-691641
-691694
-691753
-691874
-691900
-691984
-692017
-692169
-692187
-692217
-692236
-692252
-692287
-692385
-692583
-692650
-692661
-692708
-692709
-692913
-692950
-692959
-693011
-693100
-693144
-693236
-693344
-693434
-693441
-693523
-693586
-693606
-693629
-693670
-693676
-693690
-693914
-693914
-694011
-694013
-694051
-694227
-694294
-694425
-694472
-694495
-694501
-694513
-694525
-694534
-694535
-694687
-694695
-694759
-694780
-694839
-695257
-695334
-695349
-695365
-695438
-695546
-695595
-695655
-695675
-695843
-695849
-695912
-695947
-695980
-696122
-696179
-696360
-696466
-696491
-696599
-696633
-696660
-696964
-697056
-697168
-697198
-697268
-697303
-697414
-697537
-697593
-697693
-697795
-697856
-697887
-698040
-698078
-698117
-698123
-698134
-698417
-698470
-698522
-698595
-698708
-698755
-698812
-698823
-698865
-698866
-698947
-698976
-698991
-699251
-699255
-699303
-699343
-699431
-699463
-699501
-699624
-699712
-699945
-700088
-700190
-700243
-700276
-700331
-700378
-700396
-700400
-700455
-700488
-700589
-700657
-700697
-700719
-700753
-700844
-700913
-700919
-700931
-700952
-701029
-701069
-701119
-701192
-701249
-701254
-701275
-701278
-701355
-701498
-701582
-701585
-701663
-701689
-701789
-701812
-701842
-701853
-701891
-701956
-701990
-701999
-702204
-702205
-702337
-702414
-702432
-702534
-702643
-702647
-702667
-702670
-702736
-702758
-702820
-702851
-702863
-702915
-703011
-703078
-703152
-703214
-703326
-703336
-703403
-703607
-703707
-704098
-704116
-704123
-704129
-704137
-704501
-704689
-704717
-704721
-704740
-704750
-704756
-704853
-704903
-704971
-705043
-705058
-705091
-705147
-705156
-705157
-705196
-705217
-705395
-705504
-705629
-705680
-705712
-705973
-706168
-706169
-706231
-706281
-706345
-706396
-706613
-706643
-706667
-706904
-707005
-707037
-707057
-707100
-707103
-707141
-707564
-707577
-707590
-707686
-707694
-707783
-708129
-708160
-708255
-708323
-708524
-708530
-708564
-708643
-708695
-708791
-708846
-708882
-708913
-708934
-708977
-709005
-709013
-709132
-709173
-709198
-709218
-709241
-709301
-709305
-709389
-709461
-709544
-709839
-709881
-709924
-710061
-710082
-710104
-710124
-710134
-710340
-710350
-710381
-710444
-710517
-710662
-710671
-710679
-710847
-710952
-711005
-711080
-711201
-711221
-711368
-711502
-711634
-711739
-711961
-712026
-712066
-712088
-712319
-712482
-712491
-712522
-712573
-712594
-712712
-712734
-712796
-712852
-712920
-713070
-713432
-713503
-713583
-713585
-713673
-713718
-713780
-713882
-714079
-714120
-714145
-714235
-714330
-714584
-714784
-714839
-714914
-715079
-715137
-715173
-715201
-715474
-715476
-715542
-715552
-715588
-715605
-715673
-715734
-715839
-716027
-716058
-716161
-716202
-716226
-716362
-716588
-716654
-716661
-716730
-716782
-716829
-716986
-717085
-717153
-717211
-717241
-717259
-717284
-717314
-717409
-717641
-717778
-717784
-717799
-717890
-717894
-717932
-717982
-718072
-718187
-718271
-718353
-718532
-718584
-718606
-718626
-718649
-718707
-718999
-719032
-719157
-719174
-719177
-719183
-719218
-719260
-719405
-719431
-719502
-719554
-719655
-719667
-719717
-719776
-719797
-719801
-719819
-719859
-719932
-719947
-720017
-720054
-720140
-720267
-720275
-720277
-720343
-720413
-720441
-720460
-720505
-720600
-720703
-720756
-720773
-720976
-721003
-721006
-721104
-721206
-721230
-721272
-721310
-721357
-721422
-721442
-721533
-721710
-721797
-721929
-722021
-722023
-722035
-722099
-722183
-722263
-722304
-722306
-722333
-722345
-722376
-722592
-722721
-722850
-722868
-722906
-722919
-722930
-723070
-723083
-723087
-723118
-723195
-723203
-723243
-723254
-723327
-723365
-723378
-723445
-723490
-723493
-723500
-723633
-723715
-723742
-723786
-723811
-723828
-723852
-723869
-723906
-723919
-723974
-724130
-724218
-724330
-724335
-724391
-724399
-724549
-724617
-724633
-724634
-724648
-724727
-724744
-724902
-724906
-724922
-725087
-725147
-725205
-725207
-725292
-725396
-725397
-725448
-725449
-725493
-725506
-725530
-725546
-725732
-725853
-726011
-726028
-726048
-726242
-726305
-726375
-726382
-726459
-726489
-726534
-726642
-726682
-726716
-726725
-726829
-726881
-726906
-726933
-726933
-726997
-727119
-727131
-727202
-727279
-727293
-727320
-727394
-727480
-727499
-727585
-727625
-727695
-727744
-727794
-727857
-727910
-727965
-728025
-728150
-728172
-728341
-728383
-728393
-728395
-728566
-728583
-728856
-728943
-729079
-729137
-729174
-729287
-729302
-729358
-729413
-730024
-730092
-730256
-730375
-730432
-730535
-730625
-730645
-730733
-730837
-730900
-730975
-731051
-731069
-731113
-731166
-731215
-731298
-731325
-731344
-731433
-731646
-731717
-731804
-731871
-731898
-732086
-732149
-732192
-732546
-732690
-732703
-732887
-732917
-733056
-733123
-733195
-733250
-733256
-733335
-733378
-733558
-733561
-733655
-733676
-733782
-733865
-733891
-733957
-733973
-733995
-734013
-734033
-734039
-734059
-734146
-734201
-734212
-734274
-734333
-734340
-734572
-734591
-734635
-734689
-734754
-734806
-734860
-734861
-734958
-734999
-735123
-735133
-735197
-735199
-735258
-735280
-735309
-735376
-735412
-735434
-735469
-735484
-735486
-735526
-735538
-735552
-735621
-735632
-735742
-735847
-735951
-736022
-736053
-736101
-736217
-736234
-736248
-736438
-736463
-736522
-736718
-736869
-736928
-736963
-737014
-737092
-737099
-737258
-737382
-737382
-737534
-737537
-737561
-737611
-737668
-737860
-737924
-737984
-738117
-738185
-738275
-738405
-738430
-738500
-738523
-738664
-738867
-738964
-738971
-738975
-739046
-739062
-739105
-739114
-739127
-739132
-739206
-739219
-739263
-739338
-739376
-739396
-739536
-739633
-739661
-739698
-739830
-739862
-739888
-739927
-740173
-740187
-740231
-740331
-740396
-740431
-740489
-740591
-740606
-740864
-740946
-740961
-740962
-740975
-740991
-741253
-741391
-741433
-741484
-741616
-741693
-741736
-741804
-741910
-741943
-741955
-741959
-742037
-742122
-742277
-742333
-742370
-742371
-742372
-742397
-742398
-742409
-742485
-742494
-742504
-742530
-742534
-742593
-742679
-742704
-742778
-742798
-742808
-743044
-743077
-743087
-743204
-743207
-743265
-743286
-743286
-743338
-743491
-743603
-743646
-743688
-743763
-743782
-743799
-744386
-744422
-744559
-744569
-744576
-744657
-744696
-744706
-744746
-744765
-744796
-744877
-744881
-745100
-745130
-745240
-745243
-745297
-745338
-745379
-745471
-745479
-745519
-745545
-745626
-745695
-745778
-745956
-745966
-745991
-746127
-746164
-746207
-746309
-746404
-746563
-746634
-746749
-746760
-746786
-746897
-746930
-746939
-746944
-747013
-747052
-747109
-747192
-747225
-747311
-747421
-747462
-747598
-747669
-747792
-747857
-747920
-747932
-747936
-747958
-747971
-748048
-748088
-748157
-748261
-748384
-748666
-748746
-748823
-748825
-748917
-749012
-749015
-749091
-749106
-749111
-749125
-749220
-749235
-749286
-749293
-749433
-749440
-749522
-749525
-749634
-749647
-749653
-749705
-749765
-749797
-749868
-749873
-749916
-750069
-750077
-750088
-750436
-750584
-750624
-750657
-750774
-750783
-750811
-750859
-750959
-750962
-750965
-750995
-751023
-751057
-751135
-751141
-751182
-751480
-751688
-751717
-751748
-751769
-751777
-751778
-751909
-752207
-752475
-752521
-752562
-752792
-752845
-752883
-752885
-752894
-752902
-752977
-753035
-753143
-753176
-753189
-753205
-753247
-753365
-753466
-753690
-753719
-753836
-753939
-754013
-754057
-754136
-754326
-754379
-754494
-754638
-754640
-754690
-754697
-754754
-755031
-755051
-755126
-755146
-755160
-755293
-755312
-755319
-755399
-755626
-755675
-755709
-755753
-755862
-755928
-755945
-755958
-756015
-756184
-756293
-756312
-756342
-756354
-756431
-756478
-756492
-756599
-756637
-756803
-756805
-756847
-756864
-756891
-756993
-757013
-757032
-757038
-757040
-757140
-757174
-757204
-757285
-757313
-757488
-757502
-757511
-757574
-757640
-757990
-758075
-758164
-758165
-758169
-758244
-758251
-758256
-758380
-758426
-758447
-758568
-758610
-758808
-758906
-759027
-759038
-759148
-759181
-759184
-759241
-759264
-759270
-759325
-759333
-759346
-759600
-759660
-759718
-759771
-759920
-759951
-760001
-760002
-760096
-760105
-760119
-760306
-760357
-760523
-760552
-760552
-760637
-760658
-760748
-760791
-760999
-761026
-761095
-761225
-761254
-761275
-761314
-761370
-761382
-761553
-761692
-761756
-761972
-762021
-762303
-762371
-762431
-762482
-762546
-762577
-762592
-762704
-762735
-762738
-762850
-762913
-763122
-763139
-763199
-763229
-763332
-763347
-763362
-763379
-763400
-763429
-763449
-763453
-763467
-763570
-763711
-763814
-764023
-764076
-764149
-764190
-764348
-764403
-764444
-764472
-764476
-764589
-764607
-764618
-764621
-764724
-764732
-764821
-764824
-764859
-764881
-764882
-764902
-765039
-765254
-765345
-765355
-765392
-765478
-765593
-765755
-765960
-765961
-766011
-766118
-766274
-766467
-766609
-766740
-766799
-766845
-766867
-766986
-767001
-767020
-767099
-767180
-767205
-767242
-767248
-767268
-767284
-767316
-767320
-767635
-767744
-767817
-767821
-767834
-767850
-767909
-768064
-768090
-768108
-768115
-768120
-768148
-768162
-768275
-768282
-768360
-768431
-768527
-768553
-768661
-768725
-768817
-768829
-768881
-769498
-769542
-769546
-769573
-769622
-769629
-769689
-769708
-769742
-769843
-769871
-769879
-770005
-770045
-770060
-770258
-770416
-770444
-770480
-770525
-770560
-770578
-770597
-770632
-770637
-770671
-770726
-770928
-771069
-771253
-771572
-771727
-771917
-771992
-772260
-772363
-772620
-772635
-772673
-772699
-772712
-772735
-772859
-772934
-773014
-773094
-773177
-773229
-773236
-773266
-773437
-773475
-773592
-773752
-773765
-773776
-773794
-773804
-773808
-773816
-773820
-773898
-773952
-774044
-774284
-774304
-774305
-774350
-774359
-774536
-774578
-774945
-774969
-774983
-775240
-775314
-775351
-775415
-775479
-775632
-775641
-775670
-775672
-775711
-775771
-775847
-775927
-776049
-776051
-776187
-776205
-776400
-776758
-776831
-776839
-776888
-776949
-776990
-777288
-777309
-777310
-777339
-777349
-777351
-777417
-777726
-777800
-777832
-777857
-777867
-777913
-777978
-777985
-778002
-778032
-778052
-778092
-778196
-778234
-778251
-778385
-778503
-778578
-778636
-778710
-778755
-778814
-778865
-778916
-779023
-779036
-779065
-779143
-779186
-779257
-779276
-779327
-779380
-779409
-779424
-779562
-779647
-779665
-779718
-779748
-779768
-779805
-779822
-779848
-779900
-780115
-780126
-780262
-780298
-780389
-780401
-780406
-780542
-780602
-780780
-780857
-780899
-780905
-780947
-780967
-780978
-781241
-781580
-781618
-781641
-781642
-781643
-781652
-781652
-781683
-781846
-781969
-782058
-782151
-782337
-782524
-782545
-782572
-782583
-782875
-782961
-782969
-783018
-783045
-783067
-783193
-783245
-783301
-783328
-783335
-783555
-783697
-783715
-783751
-783762
-783809
-783842
-783921
-783924
-783929
-783970
-783972
-784013
-784025
-784221
-784411
-784415
-784426
-784484
-784516
-784524
-784551
-784584
-784609
-784647
-784661
-784669
-784706
-784711
-784717
-784754
-784815
-784827
-784835
-784983
-785021
-785086
-785186
-785190
-785310
-785429
-785518
-785596
-785800
-785806
-785812
-785839
-785903
-786075
-786173
-786212
-786271
-786312
-786314
-786366
-786391
-786556
-786606
-786669
-786687
-786733
-786772
-786850
-786990
-787145
-787243
-787248
-787257
-787278
-787281
-787380
-787396
-787399
-787407
-787426
-787458
-787572
-787793
-787984
-788102
-788125
-788189
-788279
-788405
-788449
-788538
-788683
-788732
-789093
-789128
-789143
-789213
-789238
-789458
-789647
-789691
-789893
-790019
-790033
-790111
-790163
-790201
-790258
-790268
-790382
-790536
-790541
-790555
-790640
-790649
-790722
-790725
-790785
-790854
-790890
-790965
-791008
-791044
-791059
-791096
-791200
-791217
-791246
-791269
-791391
-791484
-791545
-791674
-791683
-791818
-791835
-791870
-791915
-791916
-791921
-792002
-792049
-792097
-792125
-792181
-792181
-792266
-792305
-792331
-792343
-792355
-792368
-792459
-792789
-792899
-792911
-793058
-793221
-793303
-793362
-793470
-793493
-793533
-793623
-793671
-793724
-793950
-793973
-793999
-794021
-794029
-794096
-794157
-794284
-794294
-794317
-794469
-794477
-794595
-794713
-794738
-794857
-794924
-794934
-795055
-795095
-795107
-795252
-795350
-795395
-795425
-795467
-795481
-795485
-795589
-795601
-795678
-795793
-795931
-795935
-796071
-796108
-796295
-796405
-796744
-796896
-796913
-796960
-797138
-797172
-797186
-797322
-797323
-797402
-797489
-797559
-797571
-797612
-797652
-797677
-797681
-797737
-797770
-798031
-798038
-798061
-798206
-798229
-798308
-798420
-798515
-798577
-798582
-798674
-798805
-798816
-798830
-798876
-798973
-798976
-799003
-799006
-799036
-799409
-799525
-799527
-799545
-799680
-799709
-799713
-799724
-799767
-799769
-799851
-799853
-800029
-800064
-800075
-800274
-800399
-800435
-800459
-800514
-800560
-800590
-800653
-800657
-800683
-800783
-800796
-800798
-800967
-800989
-801033
-801042
-801059
-801145
-801206
-801252
-801257
-801359
-801379
-801481
-801511
-801524
-801532
-801563
-801704
-801859
-801867
-801885
-802018
-802116
-802224
-802284
-802341
-802443
-802531
-802634
-802738
-802763
-802835
-802859
-803061
-803150
-803170
-803235
-803334
-803421
-803520
-803567
-803587
-803695
-803724
-803747
-803860
-803867
-803938
-803998
-804041
-804088
-804150
-804186
-804271
-804318
-804385
-804469
-804594
-804864
-804891
-804991
-805096
-805303
-805352
-805385
-805403
-805434
-805536
-805681
-805756
-805855
-805872
-805900
-805930
-805953
-805971
-806014
-806233
-806240
-806251
-806558
-806632
-806754
-806764
-806766
-806770
-806868
-806987
-807006
-807011
-807017
-807067
-807073
-807117
-807685
-807734
-807855
-807859
-807867
-807888
-808103
-808109
-808140
-808210
-808313
-808360
-808522
-808535
-808536
-808796
-808804
-808859
-808905
-809026
-809030
-809036
-809188
-809195
-809225
-809239
-809262
-809278
-809306
-809477
-809485
-809486
-809530
-809533
-809545
-809569
-809797
-809890
-809923
-809942
-809963
-809979
-810021
-810126
-810138
-810165
-810182
-810191
-810198
-810223
-810308
-810310
-810659
-810853
-810859
-810936
-810939
-811143
-811147
-811180
-811182
-811183
-811234
-811269
-811442
-811465
-811584
-811710
-811802
-811831
-811863
-811992
-812053
-812069
-812074
-812140
-812166
-812253
-812413
-812442
-812469
-812478
-812538
-812560
-812619
-812640
-812661
-812687
-812759
-812834
-812899
-812916
-812972
-812982
-813077
-813196
-813213
-813213
-813287
-813336
-813383
-813396
-813433
-813506
-813660
-813671
-813690
-813731
-813776
-813791
-813966
-814006
-814263
-814322
-814464
-814475
-814488
-814498
-814519
-814540
-814542
-814543
-814613
-814619
-814638
-814744
-814859
-815057
-815105
-815214
-815233
-815269
-815280
-815362
-815483
-815647
-815961
-816017
-816079
-816090
-816110
-816164
-816186
-816272
-816354
-816401
-816424
-816434
-816614
-816684
-816828
-816940
-816946
-817049
-817053
-817087
-817102
-817221
-817293
-817337
-817414
-817453
-817513
-817591
-817599
-817703
-817797
-817831
-817852
-817865
-817916
-818115
-818147
-818275
-818560
-818685
-818718
-818729
-818746
-818976
-819049
-819346
-819414
-819448
-819482
-819516
-819800
-819807
-819813
-819819
-819820
-819905
-820049
-820079
-820117
-820438
-820479
-820552
-820558
-820657
-821010
-821043
-821176
-821294
-821381
-821433
-821607
-821653
-821698
-821729
-821772
-821778
-821845
-821940
-821979
-821990
-822055
-822093
-822132
-822170
-822211
-822256
-822306
-822331
-822346
-822483
-822515
-822538
-822548
-822617
-822639
-822673
-822840
-822869
-822956
-822967
-822980
-823025
-823120
-823168
-823175
-823369
-823424
-823438
-823465
-823526
-823595
-823709
-823815
-823954
-823969
-824005
-824025
-824131
-824169
-824362
-824390
-824482
-824645
-824657
-824828
-825137
-825152
-825216
-825259
-825276
-825498
-825512
-825522
-825592
-825792
-825848
-825990
-825995
-826061
-826109
-826161
-826206
-826298
-826307
-826406
-826517
-826524
-826551
-826562
-826932
-826955
-826972
-827044
-827062
-827111
-827435
-827449
-827468
-827514
-827523
-827636
-827743
-827815
-827823
-827878
-827938
-827956
-827974
-827981
-827999
-828117
-828128
-828135
-828170
-828225
-828235
-828318
-828454
-828464
-828468
-828579
-828589
-828608
-828628
-828646
-828883
-828883
-828980
-828995
-829094
-829142
-829415
-829425
-829448
-829467
-829517
-829544
-829610
-829792
-829845
-829891
-829970
-829991
-830003
-830211
-830221
-830326
-830430
-830510
-830544
-830549
-830572
-830671
-830742
-830779
-830820
-830832
-830960
-830993
-831113
-831175
-831231
-831272
-831376
-831516
-831542
-831580
-831649
-831784
-831805
-831826
-831896
-831931
-831998
-832054
-832095
-832100
-832111
-832217
-832354
-832377
-832576
-832611
-832615
-832676
-832975
-833166
-833252
-833254
-833299
-833328
-833388
-833390
-833456
-833471
-833498
-833528
-833622
-833774
-833927
-834025
-834352
-834392
-834434
-834476
-834486
-834487
-834528
-834628
-834645
-834649
-834702
-834755
-834796
-834889
-835098
-835112
-835170
-835440
-835580
-835661
-835779
-835853
-835901
-835937
-836058
-836066
-836120
-836262
-836280
-836680
-836757
-836867
-836924
-836926
-837088
-837208
-837231
-837326
-837367
-837424
-837527
-837538
-837551
-837714
-837795
-837892
-838001
-838041
-838069
-838071
-838170
-838269
-838390
-838584
-838602
-838626
-838697
-838722
-838810
-838817
-838836
-838902
-838924
-839112
-839227
-839458
-839468
-839473
-839479
-839513
-839602
-839737
-839993
-840084
-840254
-840281
-840297
-840393
-840447
-840454
-840605
-840623
-840678
-840680
-840719
-840724
-840742
-840768
-840798
-840803
-841055
-841304
-841384
-841412
-841486
-841584
-841666
-841735
-841959
-841979
-842067
-842167
-842231
-842258
-842297
-842459
-842701
-842844
-842847
-842858
-842886
-843001
-843011
-843159
-843176
-843186
-843302
-843363
-843399
-843426
-843434
-843553
-843580
-843747
-843813
-843883
-843994
-843999
-844005
-844030
-844132
-844277
-844291
-844477
-844516
-844530
-844534
-844566
-844665
-844671
-844721
-844774
-844837
-844841
-845102
-845159
-845171
-845210
-845327
-845355
-845510
-845590
-845601
-845666
-845932
-845962
-846044
-846064
-846133
-846186
-846334
-846342
-846397
-846423
-846438
-846457
-846525
-846546
-846587
-846600
-846603
-846686
-846707
-846712
-846718
-846777
-846797
-846866
-847008
-847012
-847032
-847114
-847246
-847282
-847293
-847300
-847305
-847314
-847334
-847411
-847467
-847507
-847532
-847677
-847905
-847916
-847927
-847931
-847959
-847968
-847989
-848000
-848007
-848146
-848161
-848163
-848286
-848487
-848566
-848591
-848600
-848621
-848725
-848729
-848812
-848839
-848847
-848861
-848878
-848903
-848923
-849017
-849061
-849094
-849098
-849131
-849156
-849174
-849191
-849215
-849229
-849242
-849246
-849266
-849294
-849411
-849455
-849479
-849572
-849604
-849668
-849673
-849734
-849776
-849848
-849848
-849937
-849983
-849985
-850004
-850075
-850203
-850313
-850372
-850406
-850409
-850593
-850690
-850725
-850755
-850773
-850861
-851000
-851006
-851050
-851059
-851066
-851189
-851194
-851231
-851249
-851279
-851376
-851532
-851612
-851709
-851781
-851782
-851793
-851797
-851846
-851917
-851934
-851939
-851954
-851965
-852023
-852098
-852211
-852299
-852643
-852687
-852739
-852775
-852920
-852969
-853109
-853379
-853512
-853555
-853563
-853642
-853767
-853930
-853934
-853982
-854089
-854149
-854227
-854229
-854329
-854348
-854391
-854450
-854481
-854568
-854606
-854635
-854666
-854682
-854773
-854775
-854783
-854795
-854859
-854872
-854888
-854927
-854947
-855010
-855068
-855180
-855208
-855209
-855252
-855440
-855548
-855570
-855572
-855581
-855594
-855918
-855984
-856004
-856013
-856059
-856064
-856154
-856173
-856252
-856411
-856581
-856741
-856967
-856977
-857051
-857130
-857178
-857192
-857246
-857248
-857263
-857346
-857418
-857561
-858023
-858169
-858237
-858334
-858357
-858405
-858566
-858583
-858631
-858711
-858872
-858920
-858926
-859078
-859153
-859378
-859581
-859829
-860032
-860084
-860086
-860291
-860318
-860332
-860463
-860553
-860554
-860597
-860615
-860701
-860726
-860729
-860870
-860916
-860949
-861065
-861111
-861164
-861449
-861484
-861516
-861655
-861713
-861725
-861775
-861946
-861959
-861989
-861998
-862177
-862269
-862318
-862565
-862609
-862703
-862798
-862891
-862891
-862981
-863075
-863136
-863182
-863186
-863282
-863317
-863405
-863438
-863533
-863574
-863610
-863712
-863722
-863725
-863767
-863788
-863808
-863826
-863883
-864028
-864091
-864172
-864432
-864436
-864505
-864595
-864622
-864676
-864730
-864773
-864826
-864828
-864834
-864866
-864891
-864999
-865056
-865062
-865079
-865303
-865306
-865359
-865373
-865456
-865590
-865687
-865844
-865859
-865944
-865974
-866008
-866127
-866180
-866237
-866314
-866323
-866328
-866422
-866632
-866673
-866765
-866784
-866802
-866975
-867107
-867238
-867310
-867464
-867468
-867629
-867753
-867847
-867897
-867944
-868046
-868061
-868092
-868231
-868270
-868314
-868356
-868363
-868406
-868464
-868525
-868574
-868589
-868600
-868623
-868629
-868717
-868830
-868895
-868934
-868948
-869021
-869060
-869084
-869122
-869133
-869209
-869243
-869258
-869319
-869425
-869520
-869577
-869598
-869671
-869755
-869803
-869874
-869904
-869932
-869936
-870065
-870161
-870164
-870324
-870424
-870468
-870533
-870577
-870802
-871017
-871063
-871108
-871208
-871329
-871332
-871353
-871515
-871535
-871599
-871783
-871855
-871870
-871939
-871989
-872017
-872064
-872109
-872112
-872266
-872292
-872350
-872380
-872387
-872451
-872477
-872593
-872610
-872674
-872731
-872946
-873006
-873043
-873064
-873230
-873369
-873427
-873467
-873518
-873599
-873727
-874007
-874105
-874178
-874193
-874263
-874376
-874387
-874487
-874498
-874560
-874605
-874910
-874988
-875155
-875225
-875548
-875663
-875681
-875764
-875787
-875851
-875919
-875944
-875954
-876000
-876018
-876054
-876170
-876170
-876184
-876303
-876430
-876437
-876561
-876652
-876704
-876760
-877040
-877048
-877292
-877344
-877347
-877480
-877558
-877607
-877647
-877655
-877668
-877680
-877695
-877754
-877796
-877806
-877854
-877870
-877933
-877952
-878017
-878061
-878074
-878092
-878140
-878296
-878384
-878461
-878466
-878668
-878678
-878733
-878896
-878934
-878977
-878979
-878982
-879101
-879156
-879187
-879273
-879373
-879429
-879439
-879454
-879457
-879515
-879559
-879581
-879594
-879645
-879669
-879689
-879732
-879811
-879858
-879885
-879929
-879962
-880023
-880098
-880108
-880220
-880294
-880306
-880316
-880335
-880445
-880531
-880753
-880758
-880780
-880950
-880988
-881115
-881222
-881346
-881366
-881452
-881572
-881623
-881636
-881767
-881821
-881861
-881905
-881966
-882017
-882052
-882058
-882099
-882166
-882220
-882240
-882327
-882333
-882340
-882503
-882503
-882513
-882515
-882516
-882603
-882739
-882745
-882800
-882857
-882888
-882932
-882954
-882971
-883013
-883069
-883210
-883267
-883311
-883320
-883335
-883340
-883443
-883450
-883476
-883518
-883557
-883573
-883592
-883650
-883692
-883725
-883779
-883793
-883845
-883895
-883984
-883991
-883992
-884279
-884491
-884511
-884596
-884671
-884684
-884690
-884722
-884753
-884848
-884882
-884980
-885033
-885110
-885193
-885263
-885280
-885297
-885592
-885652
-885653
-885672
-885750
-885902
-885971
-886016
-886041
-886089
-886129
-886218
-886255
-886337
-886418
-886761
-886793
-886821
-886863
-886889
-887145
-887184
-887302
-887472
-887498
-887537
-887577
-887580
-887606
-887636
-887745
-887751
-887767
-887819
-887854
-887904
-887986
-888115
-888128
-888160
-888503
-888644
-888697
-888781
-888984
-889035
-889117
-889149
-889175
-889246
-889253
-889272
-889332
-889391
-889414
-889450
-889466
-889504
-889558
-889693
-889834
-889837
-889909
-889961
-890041
-890116
-890155
-890238
-890256
-890280
-890390
-890568
-890635
-890655
-890673
-890761
-890775
-890837
-890904
-890916
-890957
-890988
-891039
-891371
-891620
-891873
-891905
-891990
-892023
-892225
-892276
-892457
-892690
-892703
-892760
-892868
-892938
-893034
-893072
-893279
-893328
-893356
-893411
-893423
-893504
-893537
-893721
-893725
-893747
-893759
-893806
-893896
-893901
-893944
-894169
-894421
-894437
-894475
-894504
-894530
-894565
-894633
-894774
-894775
-894845
-894859
-894922
-894929
-894929
-895026
-895264
-895309
-895403
-895446
-895447
-895474
-895520
-895573
-895635
-895933
-895988
-896101
-896240
-896305
-896418
-896418
-896419
-896438
-896460
-896579
-896741
-896773
-896788
-896994
-897068
-897151
-897252
-897386
-897398
-897498
-897549
-897583
-897639
-897670
-897671
-897685
-897696
-897723
-897888
-897911
-897946
-898084
-898111
-898149
-898270
-898343
-898418
-898555
-898575
-898807
-898840
-899027
-899148
-899234
-899303
-899576
-899690
-899878
-899881
-899913
-899914
-900004
-900012
-900051
-900100
-900107
-900174
-900189
-900249
-900260
-900280
-900285
-900308
-900328
-900362
-900446
-900451
-900452
-900568
-900604
-900662
-900689
-900718
-900772
-900794
-900822
-901009
-901044
-901070
-901244
-901278
-901488
-901506
-901557
-901607
-901735
-901843
-901870
-901883
-901892
-901953
-902034
-902050
-902118
-902148
-902269
-902360
-902470
-902528
-902625
-902645
-902734
-902904
-902969
-903076
-903129
-903155
-903162
-903304
-903339
-903418
-903465
-903623
-903637
-903862
-903864
-903977
-904131
-904248
-904266
-904281
-904302
-904326
-904375
-904444
-904470
-904550
-904604
-904607
-904623
-904725
-904750
-904758
-904909
-905101
-905154
-905171
-905178
-905284
-905326
-905330
-905416
-905548
-905562
-905609
-905666
-905698
-905776
-905822
-905974
-905978
-905987
-906190
-906205
-906262
-906262
-906290
-906423
-906468
-906483
-906616
-906656
-906775
-907035
-907046
-907070
-907088
-907129
-907159
-907285
-907293
-907382
-907421
-907497
-907723
-907768
-907950
-907956
-908027
-908066
-908133
-908180
-908239
-908258
-908306
-908318
-908721
-908762
-908809
-908847
-908953
-909062
-909209
-909228
-909229
-909371
-909458
-909530
-909585
-909611
-909626
-909641
-909704
-909835
-909865
-909914
-909919
-910025
-910065
-910190
-910227
-910410
-910510
-910681
-910684
-910811
-910814
-910817
-910912
-910964
-911091
-911143
-911194
-911201
-911225
-911427
-911432
-911473
-911509
-911544
-911649
-911718
-911775
-911781
-911871
-911890
-912027
-912046
-912119
-912153
-912385
-912432
-912475
-912532
-912567
-912593
-912642
-912831
-912840
-912858
-912865
-912882
-912986
-912993
-913171
-913214
-913291
-913300
-913348
-913433
-913442
-913449
-913516
-913535
-913732
-913810
-913827
-913928
-913986
-913997
-914029
-914158
-914159
-914173
-914302
-914454
-914457
-914700
-914759
-914813
-914833
-914847
-914852
-914951
-915054
-915079
-915109
-915233
-915292
-915348
-915348
-915445
-915476
-915489
-915530
-915638
-915761
-915770
-915797
-915864
-916103
-916111
-916127
-916459
-916502
-916545
-916601
-916665
-916678
-916726
-916763
-916806
-916903
-916961
-917088
-917159
-917167
-917199
-917207
-917222
-917289
-917293
-917327
-917442
-917457
-917493
-917532
-917592
-917672
-917751
-917785
-917839
-917891
-917906
-917918
-917926
-917959
-917960
-918017
-918047
-918110
-918114
-918121
-918187
-918357
-918407
-918706
-919058
-919168
-919199
-919299
-919471
-919488
-919550
-919611
-919638
-919781
-919781
-919786
-919890
-919906
-919959
-919990
-920063
-920074
-920164
-920175
-920212
-920233
-920240
-920277
-920291
-920303
-920421
-920466
-920495
-920568
-920573
-920576
-920676
-920677
-920695
-920796
-920919
-920988
-921090
-921113
-921144
-921147
-921379
-921425
-921564
-921572
-921602
-921679
-921724
-921744
-921764
-921935
-922089
-922110
-922220
-922351
-922356
-922397
-922481
-922499
-922558
-922587
-922734
-922829
-922899
-923049
-923134
-923201
-923224
-923254
-923313
-923347
-923355
-923362
-923475
-923515
-923541
-923582
-923607
-923620
-923753
-923893
-924006
-924029
-924091
-924145
-924191
-924197
-924355
-924406
-924435
-924566
-924658
-924855
-924886
-924955
-924973
-925143
-925166
-925274
-925305
-925456
-925514
-925574
-925845
-925996
-926125
-926128
-926176
-926201
-926333
-926426
-926461
-926502
-926729
-926758
-926772
-926780
-926817
-926822
-926929
-926964
-927006
-927032
-927147
-927274
-927302
-927425
-927494
-927502
-927587
-927746
-927855
-927874
-928005
-928172
-928173
-928191
-928205
-928319
-928323
-928339
-928349
-928405
-928479
-928593
-928619
-928634
-928647
-928704
-928795
-928969
-929029
-929068
-929147
-929186
-929202
-929305
-929401
-929417
-929584
-929708
-929716
-929755
-929788
-929820
-929844
-929913
-929996
-930013
-930024
-930032
-930037
-930077
-930133
-930140
-930195
-930292
-930332
-930342
-930422
-930431
-930518
-930523
-930531
-930568
-930694
-930776
-931117
-931118
-931137
-931148
-931172
-931486
-931552
-931556
-931620
-931687
-931747
-931891
-931917
-931965
-932190
-932271
-932339
-932380
-932382
-932408
-932562
-932642
-932838
-932851
-932856
-932918
-933101
-933179
-933188
-933215
-933356
-933498
-933509
-933517
-933569
-933618
-933718
-933828
-933840
-933917
-933983
-934036
-934056
-934085
-934151
-934173
-934256
-934269
-934287
-934355
-934418
-934424
-934554
-934643
-934686
-934697
-934950
-934990
-935094
-935194
-935205
-935243
-935256
-935261
-935321
-935522
-935748
-935784
-935808
-935839
-936077
-936131
-936310
-936356
-936451
-936451
-936459
-936551
-936560
-936571
-936604
-936750
-937035
-937094
-937125
-937127
-937141
-937158
-937180
-937269
-937296
-937323
-937370
-937385
-937387
-937586
-937641
-937864
-937948
-938149
-938317
-938362
-938373
-938394
-938430
-938512
-938666
-938785
-938805
-938851
-938933
-938937
-939093
-939178
-939308
-939344
-939477
-939558
-939561
-939571
-939918
-940028
-940150
-940199
-940268
-940541
-940600
-940720
-940747
-940768
-940817
-940841
-940866
-940867
-941066
-941094
-941139
-941144
-941240
-941307
-941538
-941639
-941772
-941788
-941939
-941940
-942004
-942016
-942021
-942192
-942220
-942323
-942326
-942753
-942836
-942863
-942873
-942878
-943025
-943027
-943044
-943058
-943097
-943239
-943255
-943534
-943549
-943631
-943685
-943765
-943772
-943778
-943799
-943844
-943897
-943907
-944081
-944119
-944133
-944150
-944167
-944181
-944242
-944530
-944564
-944714
-944805
-944899
-944926
-944951
-944965
-945014
-945033
-945052
-945060
-945138
-945163
-945251
-945361
-945395
-945541
-945562
-945582
-945698
-945761
-945848
-946067
-946523
-946598
-946652
-946710
-946833
-946882
-946930
-946964
-946968
-947076
-947129
-947225
-947266
-947271
-947355
-947435
-947467
-947471
-947509
-947525
-947558
-947663
-947700
-947701
-947716
-947884
-948008
-948167
-948199
-948269
-948361
-948395
-948431
-948485
-948517
-948578
-948584
-948617
-948626
-948715
-948813
-948932
-949008
-949048
-949118
-949138
-949159
-949225
-949383
-949466
-949524
-949677
-949697
-949711
-949792
-949884
-950295
-950368
-950403
-950408
-950437
-950444
-950617
-950642
-950654
-950761
-950776
-950856
-951082
-951102
-951103
-951280
-951309
-951480
-951546
-951579
-951709
-951756
-951770
-951801
-951846
-951917
-952020
-952150
-952212
-952214
-952244
-952453
-952564
-952796
-952922
-952931
-952944
-953065
-953070
-953252
-953370
-953422
-953426
-953454
-953475
-953481
-953505
-953536
-953667
-953702
-953750
-954014
-954017
-954045
-954105
-954120
-954122
-954132
-954141
-954255
-954300
-954324
-954369
-954394
-954461
-954545
-954589
-954593
-954698
-954750
-954946
-955017
-955037
-955041
-955115
-955195
-955199
-955240
-955361
-955401
-955421
-955423
-955425
-955498
-955590
-955858
-956022
-956201
-956305
-956306
-956466
-956478
-956518
-956615
-956698
-956728
-956826
-956827
-956862
-956918
-957034
-957131
-957180
-957185
-957211
-957314
-957425
-957497
-957540
-957543
-957630
-957717
-957842
-958021
-958041
-958126
-958265
-958309
-958337
-958392
-958468
-958506
-958593
-958594
-958667
-958684
-958735
-958773
-958852
-958855
-958918
-958968
-959270
-959276
-959387
-959497
-959538
-959603
-959629
-959687
-959700
-959933
-960158
-960166
-960175
-960175
-960189
-960384
-960444
-960542
-960598
-960638
-960650
-960659
-960707
-960753
-960794
-960889
-960931
-960952
-961008
-961078
-961084
-961099
-961129
-961154
-961168
-961193
-961212
-961330
-961355
-961394
-961436
-961475
-961581
-961613
-961621
-961690
-961698
-961727
-961733
-961778
-961791
-961814
-961824
-961826
-961890
-961921
-961945
-961957
-961999
-962056
-962108
-962174
-962194
-962194
-962326
-962405
-962418
-962468
-962483
-962581
-962600
-962606
-962609
-962772
-962784
-962844
-962877
-962999
-963111
-963156
-963182
-963346
-963409
-963538
-963542
-963555
-963603
-963719
-963766
-963768
-963797
-963810
-963842
-963852
-963877
-963992
-964067
-964184
-964218
-964255
-964286
-964303
-964312
-964321
-964474
-964645
-964679
-964865
-964945
-965079
-965112
-965287
-965288
-965310
-965331
-965430
-965463
-965653
-965689
-965749
-965754
-965816
-965864
-966051
-966233
-966287
-966459
-966485
-966528
-966691
-966708
-966810
-966958
-967013
-967131
-967182
-967186
-967258
-967310
-967317
-967355
-967357
-967429
-967541
-967594
-967614
-967886
-967993
-968160
-968196
-968198
-968225
-968266
-968312
-968324
-968401
-968503
-968692
-968808
-969102
-969127
-969156
-969213
-969311
-969330
-969362
-969391
-969406
-969407
-969480
-969497
-969566
-969566
-969730
-969831
-969840
-969901
-969913
-970133
-970139
-970142
-970285
-970603
-970619
-970668
-970808
-971097
-971149
-971274
-971327
-971358
-971392
-971400
-971547
-971553
-971583
-971619
-971662
-971732
-971807
-971814
-972102
-972172
-972237
-972259
-972296
-972483
-972551
-972631
-972838
-972895
-972955
-973024
-973041
-973181
-973191
-973215
-973236
-973479
-973575
-973588
-973605
-973816
-973874
-973882
-973895
-973912
-974061
-974167
-974231
-974277
-974286
-974421
-974513
-974562
-974758
-974767
-974802
-974846
-974972
-975038
-975141
-975146
-975187
-975217
-975256
-975298
-975304
-975443
-975458
-975485
-975628
-975691
-975735
-975761
-975785
-975796
-975826
-975959
-976024
-976037
-976352
-976360
-976361
-976406
-976534
-976574
-976651
-976769
-976802
-976816
-976839
-976857
-976888
-977055
-977059
-977154
-977175
-977190
-977268
-977322
-977326
-977426
-977454
-977464
-977547
-977570
-977739
-977740
-977750
-977809
-977891
-977955
-977976
-978065
-978076
-978082
-978242
-978349
-978463
-978473
-978569
-978585
-978615
-978653
-978680
-978688
-978834
-978846
-978935
-978958
-978991
-979124
-979142
-979349
-979381
-979390
-979486
-979495
-979506
-979513
-979536
-979581
-979772
-979772
-979811
-979865
-979994
-980044
-980080
-980193
-980205
-980250
-980511
-980523
-980653
-980710
-980827
-981229
-981376
-981397
-981454
-981825
-981934
-981965
-982006
-982012
-982079
-982340
-982403
-982453
-982464
-982663
-982790
-982801
-982872
-982902
-983028
-983053
-983097
-983100
-983113
-983229
-983249
-983330
-983450
-983581
-983639
-983729
-983762
-983783
-983949
-983954
-984073
-984184
-984249
-984286
-984422
-984539
-984560
-984564
-984613
-984709
-984831
-984834
-984887
-984907
-984908
-985024
-985097
-985353
-985354
-985412
-985482
-985576
-985585
-985703
-985740
-985754
-985806
-985896
-985901
-985913
-986043
-986089
-986132
-986136
-986174
-986240
-986331
-986389
-986428
-986513
-986603
-986703
-986828
-986858
-987164
-987168
-987199
-987218
-987381
-987421
-987432
-987454
-987483
-987518
-987571
-987577
-987727
-987785
-987818
-987856
-988044
-988064
-988114
-988359
-988359
-988435
-988499
-988531
-988593
-988648
-988680
-988684
-988696
-988763
-988808
-988836
-988904
-988970
-989121
-989141
-989145
-989184
-989212
-989233
-989267
-989269
-989431
-989485
-989595
-989622
-989688
-989804
-989813
-989820
-989960
-989973
-990063
-990063
-990075
-990157
-990426
-990444
-990644
-990820
-990853
-990992
-991052
-991164
-991228
-991278
-991368
-991429
-991544
-991560
-991635
-991678
-991689
-991797
-991848
-991854
-991880
-991892
-991951
-991971
-991993
-992009
-992024
-992091
-992160
-992247
-992312
-992314
-992322
-992431
-992441
-992634
-992646
-992665
-992677
-992790
-992845
-992875
-992881
-992887
-992975
-992987
-993004
-993062
-993200
-993251
-993274
-993353
-993384
-993430
-993455
-993494
-993504
-993519
-993533
-993615
-993633
-993645
-993726
-993859
-993866
-993884
-993982
-993995
-994000
-994013
-994195
-994283
-994417
-994442
-994465
-994685
-994700
-994777
-994806
-994836
-994898
-994911
-995122
-995231
-995321
-995339
-995380
-995414
-995434
-995451
-995501
-995573
-995604
-995655
-995728
-995748
-995765
-995889
-995961
-995987
-996028
-996121
-996221
-996318
-996349
-996385
-996433
-996545
-996546
-996553
-996587
-996730
-996769
-996831
-996880
-996924
-996969
-997058
-997163
-997291
-997334
-997382
-997406
-997549
-997715
-997959
-998026
-998139
-998154
-998218
-998288
-998342
-998461
-998551
-998599
-998653
-998717
-998749
-998963
-998974
-999050
-999112
-999121
-999242
-999243
-999315
-999323
-999367
-999408
-999469
-999550
-999561
-999575
-999861
-999887
-999958
