588956
-932880
-551824
-426826
408433
340173
-789347
303687
706955
-69049
772745
787030
-827612
-508249
96960
-888808
40849
721486
-583977
-448906
-195335
-75979
-780317
-69783
-836215
-517086
640948
-684573
49355
-655269
804370
-989721
-707732
26457
-118073
-317779
965920
-371286
-356701
203345
-768164
-962724
69398
11678
783154
-221054
611750
278859
574927
945129
-858949
-522335
-704163
489369
358503
374817
464357
759749
988963
772127
-98444
-233614
-661545
-13081
278591
-365653
647689
-64438
552417
438525
-760049
-319666
806169
-111878
-766062
860087
622166
697692
698345
838811
-411016
741951
240962
-674586
-553667
-852946
-208673
-810865
671655
-552021
-850769
923944
945090
-694526
-790709
-527967
679508
751866
134226
-658325
296140
22279
-133754
-510619
393973
-267690
-726518
348117
-198494
-330198
-169591
-12648
-88301
-883061
716215
249953
87656
-823120
-575601
-130861
320930
-939869
869162
-513451
159176
866411
948391
945273
550675
-981208
-895920
-210358
-521327
-824585
526955
-997586
-484248
984664
951826
-632711
-642152
-188562
724886
-756606
485492
-278091
228254
666362
-29243
-819288
459161
710813
184005
497095
270
-863461
762301
797725
-476559
80983
-799860
338085
-256678
78551
483624
-696956
580335
440480
-41654
146565
-913807
-462972
-555331
-852607
17491
125127
-262607
460500
533158
640133
-92830
-478900
447326
-280522
820130
914007
-322197
881906
-23453
-230128
270509
260155
464579
771596
199438
-535162
-630218
707476
475614
-169406
-674371
-962432
463844
394157
7208
274173
258145
732641
-708509
-826174
-851649
598589
-33531
-158007
-969223
-168973
68292
157614
547569
166574
279784
-782741
261692
-934217
948095
998714
-876274
282650
-532001
-376708
420804
-99259
708669
446175
96538
-536335
444076
277885
-654754
-628476
-676166
38300
-577428
-830222
694074
-116250
-795781
436957
-275938
695972
429263
881524
266926
437775
-367794
615056
-821723
732585
-103309
86791
792246
-230750
-233158
-306231
-237087
-482457
448026
70678
127355
-931799
-609310
306647
-549561
187627
-239323
-384352
-38839
-510050
305531
-473859
-686838
106295
364137
-993887
300051
214805
279227
-507101
-515554
180430
651211
655039
816691
-837062
-875026
-544895
331175
721849
275139
-292450
877541
-972666
-222901
166033
-366269
-183857
117508
-938510
715220
396368
872402
-125655
509431
-548259
-809350
-188941
-590627
-789964
-548438
-635447
491600
-179600
348959
-926453
-990760
515454
530826
66543
-472108
-403083
-836014
692161
-552777
8273
752021
-783347
413698
47977
303308
-34189
18606
974320
155635
620912
-331205
-237130
884886
456923
37699
-258355
-991133
45423
915899
17434
363218
-443355
-627623
46151
298340
491816
790398
829188
-384638
622231
-624690
-889738
-160145
-471822
-507251
453884
74424
-250189
361835
-131085
-62549
-927337
980019
-738409
436001
-31659
782707
-905836
707578
88453
-431229
532458
997278
-253782
-923795
-606522
782795
-65037
283776
145672
508288
-449055
-991130
810138
-749938
-256667
-304363
-618840
-216123
-673132
701807
627920
995502
509938
-563162
467451
78776
-40122
596049
-637996
834931
-414405
-754107
-91177
-470362
-638557
775488
879896
678540
-598710
-902767
-217382
287545
-416219
-907632
-757175
-877000
337644
166701
-532146
-559769
670395
49784
-214143
665467
-405311
-448812
795294
-871103
510455
947716
-567182
414573
644858
-488850
-24260
926919
239883
496922
86225
722384
-350336
417599
293134
673582
-416256
-417727
-40537
-599742
480179
-609738
-110474
-393823
-12616
-960676
349072
-177743
-768864
406428
265306
572101
655106
-33187
-510360
-343264
-783728
-304578
-50481
646810
740740
-516007
-301898
696053
313498
-289961
51117
648830
238204
510956
620673
-586731
46295
-863711
296266
569911
364000
-838643
-809962
-740663
27236
-921221
-534355
-103666
510256
-118252
-600936
-38237
510846
-222762
-843263
745950
-802352
-232333
879067
-883771
-899207
691245
744873
-73352
973642
118467
-248552
790475
-410289
-529236
505481
-270722
213040
-125787
-528308
-174882
-909095
886969
-639215
453797
-360464
-220400
-500166
92377
342691
-300021
553418
-154057
-786155
684007
224698
490483
-188323
320459
-520790
-990719
555178
-642682
527421
-597600
-779827
-30981
720227
-502259
523085
659340
720005
-979118
927162
-404368
605339
176818
642837
-306282
49438
-806168
-844598
173812
-272708
-352576
-338496
683810
222265
-689615
-37649
362295
-33561
-770579
-97670
-578496
284954
-465938
440931
-901031
-821219
933577
641900
-335754
-985286
753636
758797
75044
131185
284377
-893969
-583129
521909
-231909
463441
32529
456855
764948
374305
198773
-563592
-433305
265813
-570136
619137
220622
724764
-307296
72575
-994754
879318
-782161
-405556
-561206
701130
-926519
-417400
-268578
980543
406954
-165640
940604
483523
39322
-636827
-231741
809237
-210474
226317
-459647
362006
443068
218902
-252561
828111
922195
-985271
-897935
-520863
652103
-449850
-219470
114384
843102
-131843
643193
145658
704261
212871
752119
-861626
-163019
-255083
186718
770027
-1285
-43950
171684
760764
231770
-48301
-69285
-681634
-593782
404247
-547654
-211263
230025
-805194
445920
-235581
855891
187186
-804347
775536
-500147
-87052
-444741
-749724
997809
898082
451081
-966290
-570853
-541231
-247229
197198
775166
-497979
-234791
-894267
432374
382755
499334
871457
-546003
-65910
-482672
974630
3524
909092
258125
-911340
831241
-484996
918619
479420
964163
745324
160421
-920221
148833
-801780
505555
497877
-138632
-160191
-973679
-912324
556579
-865060
-60545
-681875
-579530
-82441
132136
-924254
-937959
-471386
-366033
-384490
644217
657956
-548608
-964198
-674076
530529
565307
584867
-788574
-368507
-292224
-64600
-547869
-894654
-717531
923980
371869
3378
891335
-466164
-160143
189943
-652656
-787120
-982330
-660340
804587
-545351
-848039
607176
-272824
-315759
-211435
947309
75214
981380
-39108
515124
794229
385980
-740120
761360
-172368
-960548
-650543
-464357
-591633
891741
-372523
512466
414794
77883
554212
303388
-52040
-324403
-42423
35566
313472
-27922
298146
-490577
457273
-912150
-520557
440550
-714343
63304
612338
-877062
781884
573564
-487134
387754
155866
-116857
2256
258106
-127551
109631
366381
979314
-819981
523623
-478367
-324272
-954439
704372
-950516
-995381
-858585
-519395
-608413
412053
973268
-296534
-789224
-957867
-791063
-544445
777231
-358550
-512711
449647
-462961
-325787
745651
112188
-849095
-413183
71395
923147
-509576
-691821
105007
316924
-575841
179296
-808382
475299
739078
18579
7591
117761
750051
30079
117944
-690994
727334
-343897
-801550
797575
517206
-361099
532270
169421
-928902
754581
-403215
-77248
-524173
-144260
-330357
-802173
284795
85274
-551609
203452
-686576
-857583
-206123
915365
-671632
-109952
-64221
8392
711862
988686
879709
-550914
487112
-780727
761181
84783
512568
-566068
-468637
-601892
-54094
-230518
193137
-778488
-914593
577483
785062
650658
-51500
-72543
-309823
-77865
-390489
547990
-901365
411153
62984
16874
745614
553650
936698
-78658
812678
388
-457568
-226382
340111
-181458
155001
691328
-843740
-400955
865986
-954360
-720135
976931
37408
555745
915776
712483
-934327
-25610
-733639
-907240
-975464
857223
-727764
366458
527419
188964
-998840
-939146
-494748
-177710
-344010
109833
308596
625696
-665568
792479
642465
-390014
851814
-763229
572268
447157
-479572
-206249
718243
-44058
824438
35004
803091
253796
-577948
-518541
-63933
-468638
7362
-640397
125347
-902098
-582415
950972
864650
-951445
203755
-661558
204320
-793311
-556597
841584
897808
957124
587491
-979488
822076
468020
258934
225041
994283
139797
447245
-476479
-271901
-287506
392754
-225112
707859
-42858
360196
38163
383272
-538976
-403397
-389474
-718800
-682017
-698321
249475
946656
-714982
260598
499590
90643
-148604
19315
-835548
-879927
-919884
11351
446783
-626695
-646001
386792
434959
267134
942397
-843593
923868
-51135
-644582
22389
978613
390714
686420
730613
-300809
-501488
38461
-513554
-828814
600407
880511
-946622
857656
506908
-893421
807480
49208
854366
410228
-306970
-659862
-866379
529929
712887
-568631
-637273
-78712
349753
817937
170548
222936
251975
-485331
444451
689285
-379052
-887780
-48218
999782
-774511
-478792
498813
-979254
700393
-457612
-190599
-902105
-855749
-417369
-20410
-632905
941976
-552611
18230
-596592
-646143
-659790
-283171
-406942
-962887
-521139
582711
-574191
-151971
556601
768544
-995936
-105666
-325363
-439352
-815423
-720986
-948586
-228796
-763580
595346
7976
-815672
344705
73786
-97042
12930
-298217
356865
-708204
-642357
-868806
444552
-492100
149945
-74279
-43680
844884
828510
-450892
100811
267291
117810
-577490
734529
743621
-591600
884213
-638029
249591
628031
418225
882508
638210
-437886
-801591
-134590
568825
4375
-735386
-56336
296953
-138406
447865
-547965
-425204
93048
-800126
-388567
163235
-3808
842986
-388140
-573941
372572
661548
253668
366671
30749
-29924
707494
-634944
-111076
-347290
317805
130354
24210
644866
580250
-894238
-698641
-934290
60837
-73664
-35738
505058
-384422
-581754
-202043
-765726
-612699
772363
294176
331838
440186
-345654
-160090
167916
-492021
-994831
716133
-863433
-919283
409590
235256
451961
-406110
-727149
-726581
863908
581514
-571730
491193
139567
-118222
-698943
845964
381493
718415
-930688
199048
-83905
185990
628006
-561526
512993
-941996
-121334
-712601
898416
303772
754060
147690
936750
264384
593665
-619038
-965093
106961
-400974
-436526
-966445
-595411
-385639
917767
929406
-436724
-655389
-588764
441076
273339
373944
-733222
188098
-490785
-110634
-927875
-772105
-574544
-117872
751564
907913
755418
562422
259122
806555
-55549
879040
-596995
-923284
439362
-940403
226155
-246241
-809480
880340
-222040
57034
-495531
995529
-617450
915218
-921758
-118939
-393606
839905
166196
-891372
-416850
-64817
-56367
56604
877014
751597
645549
-736857
915328
-630352
759246
-268591
923678
-726901
-53790
-202153
976450
409459
159025
25130
474611
-70002
-572928
-971357
233669
-959186
752098
171283
-435460
584146
-783756
-53684
-538018
416809
660279
-135080
-719351
678287
193788
-486152
-228545
-515090
369563
-824462
475267
33892
268816
423149
-666115
-428086
-963096
-169077
-207745
-708575
-951976
529412
416902
855789
-20811
425331
-795439
343976
-482090
-116872
-255369
390836
269568
-614883
-35813
-320285
28773
-985533
562379
62051
-219399
162596
-469686
670269
35750
-937450
284231
476420
-783222
472858
17694
660001
-274092
28721
-679863
-746400
-200976
363337
101873
120552
-810977
-527184
-54938
-574165
438953
864963
296065
220040
-330030
133715
-752803
697702
-966822
308498
786619
-297006
-29800
126379
202748
-529019
-758590
537535
-119214
-419597
862295
-991000
326758
509328
81563
-931534
-261572
-958060
686509
575689
-517434
865374
-770488
236282
475722
875196
-830836
905747
-204451
-652876
-296574
726458
-342577
45551
-79997
387638
616890
-413855
-438412
484241
-886478
558707
474042
553066
392091
-631711
-12209
-565355
-32318
756351
-602588
291732
-39245
-577602
-349274
45519
379548
-18717
326772
900324
-142697
-358021
356887
22254
22402
476833
-251151
419486
-513617
781682
-557228
487021
-411889
-107359
-352356
963634
-793983
997438
-475156
-858734
-337900
253909
601611
-742800
563745
-615691
513450
-65398
353419
-137973
834654
609325
772876
-870093
-862997
349257
-97783
823652
-448919
-911446
625991
92258
403474
-871719
-333524
45234
-381189
689506
-883186
-770882
-554405
703127
782701
579617
-94140
-116359
-154446
-326222
836757
612960
-429507
-924700
-153770
493415
881609
251883
267056
46889
-352881
-81341
412914
-248486
27625
-485202
-617020
334389
524454
86599
-76308
-694152
-820015
513550
381382
403786
-825158
351184
346904
284773
-249339
-647341
-716293
-325285
-711586
-417034
-842760
-712224
746987
-606014
681474
-364291
-406701
-74732
646305
-685223
-19861
-890510
-889145
-650814
-607511
730263
-849571
955013
669828
-209902
-468891
881860
-448631
-652748
-926685
-160441
-291437
589607
-430657
276544
469319
-533210
-372101
-401890
-984839
-204841
771881
-98451
-345777
-633658
-913786
-196506
-761244
642036
-646879
-928452
-309064
506513
-288034
-662948
-943214
-772991
-19034
555075
-19820
857156
81935
669838
-323963
888204
-380876
835484
306787
-318039
133730
-680185
-49431
415046
698730
-391958
-240795
283600
187293
-456487
-688536
928476
784668
-484489
-816505
-348481
-22100
817155
869876
467416
101937
-962564
-67510
398393
-431955
-279956
-157762
-344223
161811
-681588
285837
-868710
942925
-431946
325786
-865158
-620484
457055
983680
329023
-362737
212443
599680
342195
461487
-710811
151900
-10246
-894316
272000
-582402
439831
-356672
612090
-335715
947001
512669
-877717
-636477
-30459
519927
-519073
362589
-793179
-898745
788962
-588098
-440985
-438716
81173
290051
968727
154240
-105273
-236732
224076
-300852
-546737
-151076
35656
-820788
-34779
-742973
-307641
615166
-750522
-643050
909386
302504
-417846
44063
-260354
662013
987606
717189
-203401
-605826
-643616
-341087
-281120
-361579
-205378
742220
848272
12252
-262232
-669500
661409
785465
532391
-201064
-846833
943178
-154104
-638445
-553116
-685650
287138
630851
759524
873451
-673099
-154810
-64604
830609
379815
842556
442148
-255451
-494093
795229
896367
791968
-543695
868646
19541
101622
-818890
-471697
-930316
-610364
-637509
-890587
33208
-23359
324969
543979
-402272
930894
925183
440094
-878713
259223
-985546
-334444
275847
-453917
-357419
516339
-588758
989457
552620
-268534
982370
-404626
517381
-229371
744954
728504
888749
253074
-245811
-172200
731188
952271
65017
80680
751181
868348
-888710
120364
665782
-889069
802560
261772
-763772
-405865
524936
509995
-517513
966299
960814
592221
595760
635973
-999885
91688
645237
525019
-332657
-951066
-250645
782355
647084
269805
618282
-712197
329056
-611627
-582215
-747679
299697
429340
-81531
192523
272984
282093
797364
-979868
577391
149231
714824
-257244
288262
-505571
166464
-742410
-920263
-346207
-56745
387564
772802
512026
-738046
302772
-415999
923405
-772528
-259993
154992
115633
59948
314198
-468284
111914
256987
-416075
235835
-147129
59250
-84473
905610
-439497
-422380
716888
554768
647699
33425
-742898
-279847
247113
945574
-274223
208275
-279482
800996
-25035
-274752
756897
-419407
48560
146955
525667
173725
-958062
714312
998490
606189
-958712
-661751
578047
-114927
611548
-919134
237527
454053
576735
-962005
346922
-359257
366323
69606
786460
-133196
-916627
-855777
-264984
906689
-584308
-666636
808945
143000
151963
914623
-922240
-851504
584990
-465815
-15080
926408
-457693
-283774
554890
-997560
77618
586400
-203978
-780977
-353892
-131328
-457208
-332365
-894827
443038
-947403
-621630
503103
605586
828187
-459436
-525735
977999
-377475
222862
-471778
-885034
-592498
-716033
-779165
274369
219279
949716
591163
368716
302524
89219
-813607
-584988
594896
-503831
-860317
565655
965236
-561281
-97372
-55156
-954059
713965
-225133
121116
-808221
882887
-429947
-247901
-633637
59717
545919
-540444
-139432
-183938
349809
639615
80330
-871635
-462062
-906396
916342
-829745
-829460
548109
951914
620020
249764
183451
363564
556
-2888
874544
-67117
-835560
193832
-11773
208192
760676
895963
837808
-582898
-370570
33381
-792817
717520
-521790
-20726
285415
-192522
507464
-401424
423193
174238
534800
603766
325838
76603
-816565
739307
-91119
932199
770017
-972124
720107
-768202
116369
868037
80759
479885
-642671
-241177
216610
-545454
-834625
-858729
-612734
-813781
-357592
-161693
-331593
638513
-299143
-99233
211086
822410
-642059
-25246
575251
-4974
-957174
-524663
-840460
771660
-77951
-361180
-226196
793526
325892
-621494
321966
759763
987299
-258569
-143322
465045
-620837
-386205
534526
-455409
757746
-294678
680923
-10752
860023
676215
-739599
-801593
-994095
-452596
796654
-453673
595538
-318294
-253795
-498716
872280
-16994
420909
527008
294950
475124
-801950
640113
242021
-263919
-297228
-119169
-182876
-89582
-892250
-956663
409260
933473
-7026
595389
471123
-731156
-140764
-787243
-464166
85618
-220205
890919
-108979
586911
-218341
455660
-451296
-979330
-774377
361098
846350
-403840
-610916
199888
-195500
115043
686598
-495768
-688925
-972034
159165
298448
347821
253242
-5064
-182213
-180225
84160
660269
-433303
428454
-776880
-860479
324299
135996
-301392
557391
-751751
-355204
15529
892844
168329
-962061
-240349
694442
-320147
258763
688323
374353
659922
146688
-378524
-103725
-870232
-222668
-203556
473129
859924
-834877
-611316
445558
744030
-185575
60968
792655
-317701
-536765
754320
376361
-898085
-715605
-260776
-10333
-371738
38561
-494711
353191
-72040
-546375
89422
881699
-966562
298582
250783
-619076
-437073
564854
528340
934064
189940
650709
655307
558644
-842810
-925537
793306
-824562
-634849
200739
525206
669271
-10398
303936
-777828
-655357
658887
-162657
-164740
324856
532952
806115
-813413
-618037
-21090
-603285
-861125
478831
-179556
-830609
-760728
571122
861549
783279
-856236
154246
830328
-641638
-266360
-537797
-286401
-404353
49348
562169
-166734
808224
-827700
-509674
-339917
-119064
-220630
286093
-282262
996609
161346
-818797
-672844
378555
815441
18100
-279312
-43117
-702937
-249263
-915690
833086
-422725
-746487
-277909
267005
439839
-718075
255259
-613831
944031
464369
933473
-326592
-989176
-926412
-203731
127521
290259
-206072
197612
116456
804191
7716
618164
-965325
-813369
698253
857242
990256
556974
-967782
-208538
-608877
529887
-636114
-279388
225617
637962
-600584
-99689
-42390
-457395
338576
637394
-375263
-169347
594401
-398316
-392894
-881647
861398
374501
-455323
-460646
750444
-563128
-981785
-408573
794927
-475385
573979
705216
239806
879163
649786
-621298
338312
-758211
-389241
510138
-296450
-655766
822498
-584652
-379057
-147252
-24751
67722
-57218
-449590
268040
-355074
-615049
-538747
-174682
958620
376179
-86785
-83376
-965540
818837
-545112
297873
35312
872058
169241
196330
-468179
842692
-230422
-345185
306315
-461629
14200
-492395
-571119
881998
-97300
951570
-76068
-62371
-291358
424206
-551572
-389832
284049
687971
-866941
-588387
-65074
-763514
-652934
588098
-735384
617147
370713
-515850
-168471
846064
757729
572631
-221952
-302016
220397
-830563
227110
-942932
729077
669904
-653497
-72816
-840661
-470576
-979886
-56061
-823101
931596
-331592
-797628
636291
841494
628205
-689184
-991862
645593
-233055
-101375
-237851
234652
335275
580783
249130
-384902
-478289
117456
-894021
731041
60760
-243939
-526340
593533
-678085
-947943
18194
825437
885984
-722802
-986796
434390
987473
-292599
-927726
745524
-134257
597069
-498507
982983
241743
33810
446844
-782229
-537032
-263604
-14447
-254074
825491
-230954
155070
856615
-322377
60784
-152066
-601326
-328402
366766
-519949
515353
614437
693677
540082
21769
-786643
533463
383437
-626870
-754317
-941607
-282276
204393
-122713
212964
302899
-747636
-782684
366824
754865
-845722
-37737
-303674
-873300
-41280
-303716
671006
864410
-951633
743607
-151171
82167
136946
-329265
-357465
535975
-740714
106774
-583340
-180287
-625105
479156
673046
55308
778535
266444
264469
-237649
889428
568106
460993
-20760
884577
178992
331369
-622258
-850671
999350
-752860
925110
-942618
587624
254011
187685
118109
547655
-178082
767983
399856
338099
-978270
-728974
496744
-219935
-695394
-157758
448518
704629
515280
-607608
-4319
333092
995082
-14414
493991
830746
-583737
391087
766885
-282449
845657
290847
835769
-180071
-619582
470097
196807
588899
347361
-603118
-619250
-818622
592872
750753
451766
-946689
19391
430373
-610643
196917
288006
-945425
-968309
-834486
134618
-168724
-892407
737678
-868569
-34614
414231
-509028
414342
766685
499437
-932749
170990
906590
132647
-190536
665120
-886847
-881747
-44280
-999657
-810746
-553682
284421
-369784
-840921
-187332
968941
-487621
-295292
304128
-650516
502474
144134
-690914
663415
-547836
-276891
174630
-409592
-343793
492599
464060
-411826
981479
-616327
-692392
-139347
-863092
-836366
790160
-848775
454436
363575
549472
-138717
-592412
-223777
930728
-36912
869115
-709259
331292
-847703
-604103
833715
491626
-686392
793459
-964360
-998967
-304636
-574534
827790
24928
492115
190265
907954
-312217
-624478
45272
-201678
389234
-349973
38046
-75725
768162
671842
434739
-623767
714505
-870267
685260
-329221
1166
371021
88156
324595
924176
-623114
567683
378580
475888
654062
-455528
405944
589092
-680441
871873
208497
-648482
676547
-734845
369779
-135398
-298364
-776350
-365494
730727
-449415
259073
347595
-208043
190448
-47591
-16125
510598
-967930
-663112
894492
-358584
-70086
401211
-704500
-602485
237591
157255
466298
669072
-692638
-396985
847889
-75357
-885797
3553
871979
796743
-63684
580237
155347
877509
-994523
404083
601930
-728114
414028
-542306
177530
-612602
-182357
904308
-317541
-813027
251028
516846
-971571
-298541
-822707
503325
-537650
233336
-5026
435849
241469
-825146
60733
443792
849930
595060
-790925
-428212
540360
901927
-996424
76851
940659
-645055
422685
863854
689555
-761676
-440164
241698
-838998
-36586
-114927
225669
96241
-167802
-589151
-163866
814941
938513
-164508
-97926
371656
-652992
334092
185779
541750
222524
49755
-175567
677134
520423
508852
157826
-7326
845575
-972850
-2118
-830428
-400839
659552
432339
171928
186541
378974
444978
738314
74303
-352874
754935
-865801
100484
29520
-715478
43095
-312490
296169
-396690
63678
-128642
683572
656133
-371817
-718676
73857
-741536
-183294
-680301
254923
-763503
-260925
-21473
-190102
288
-469190
-187776
169148
-292055
-323266
-916463
13929
-370012
960077
-988989
-459097
29238
337501
-525774
-223012
-367081
940162
-103332
-418288
-933413
67895
148089
-990058
-859424
-583313
654414
632652
-170401
705558
-280228
531835
888277
-68725
73303
136906
703001
-536596
-923508
-596009
-694281
-600164
-214435
-952232
589998
-521136
-472343
377112
-680730
-305133
-233558
167239
619239
-874135
181945
-874328
-980056
890481
-605028
-487149
608888
-292266
-594117
944120
252040
-770469
601549
-836953
-590087
-593307
-117579
719547
222427
-475318
372807
783673
-726316
939774
-105311
-800518
180732
863944
-761893
-251292
289074
38903
664484
-476715
-695480
399344
-503742
-664148
937535
-354970
-233250
-390932
938739
717276
745909
818181
960285
296084
-994045
-347953
805883
747978
702556
-589492
-602539
-134998
-968682
-497190
-630679
-98703
763197
919531
-215748
-294760
-512398
-766598
-121808
-976493
-472810
844756
549483
560568
-183476
-825586
-730724
-623206
-621588
13883
823350
-737283
534242
510503
-911308
84305
-944836
814665
-850278
404685
-968608
428723
920195
-839891
-263492
992042
-889376
808652
-41329
704644
901133
789854
238313
119039
299357
243816
-670926
300170
-160016
276327
-978225
-770938
301952
581673
-828906
525165
-169099
702843
524126
505636
371310
-790915
933779
-226179
-682044
564830
28439
-922642
131537
16779
447688
452101
-563173
-310435
-929928
753747
-168463
347003
-259518
211003
-6351
-871234
356810
-205171
-229884
645532
-487674
-768534
-81869
-47216
413833
604955
426499
333608
417273
-208647
241706
-222230
304058
303547
-704145
-201314
-636099
-660540
-14274
341197
199953
432879
-912907
987347
695925
837432
-178448
-747943
207490
-676339
-271926
-62125
56598
-681905
523804
910579
883830
647896
-793538
998041
592428
-856442
-897228
635322
358102
-287309
957063
415805
-892027
-266621
-412788
649583
-970508
970568
-229754
-417558
169352
-379708
458439
-823487
220224
519101
464254
570439
-65011
-847454
-509884
739253
-589528
986505
-816727
381635
-90939
-514305
-268499
-811307
980357
866882
130324
-93647
-335107
-14662
23893
294945
912111
-968956
-815868
-750308
861247
262852
502437
41950
-570118
200722
322623
287436
301679
608391
-755837
-28244
-944060
-415839
-408837
-223076
966308
-385520
-520712
-887418
-850535
443671
-74578
572924
49642
-816297
380932
608125
183658
-102716
-453928
449474
-894277
-753795
536538
-962500
353091
552425
605876
-702019
100869
469676
188328
-382273
615672
-218127
373223
548997
-191589
-862648
-699201
368879
111995
-549342
-722553
802725
-886699
955453
623184
259527
-755816
982692
-658123
357454
779758
-361404
223522
-193147
-483905
167390
982398
387232
418927
-208916
-896
-104673
96006
996625
288941
-866465
600009
615551
-847579
852007
-386491
-579622
-562592
-543218
-555692
-452911
582041
811550
-143540
-887767
771479
622758
654283
500490
-711923
764730
-748766
965381
709992
100465
-507329
28347
-675192
451183
-549266
748944
555511
-749796
505141
484516
-362314
670743
-92053
971961
-162934
-821940
312466
952400
-854030
-374570
801312
-890939
-643730
987071
-951009
-39198
241187
-952678
-876392
278316
644960
-381731
919179
-760130
42837
-828232
581346
-513097
116423
308859
-53342
-208175
-48303
810718
-696363
603397
497798
-508916
416829
198120
956982
9236
543406
617513
-671505
-214966
-433824
232649
367583
-560356
-511048
144879
-937761
983701
-185524
-377496
-201449
483859
-749205
-154818
23973
294216
10641
-77128
181183
993500
-181688
-259368
449090
-127888
-776295
-13248
823490
-239383
767628
520864
-161993
-116995
599309
595748
63143
324546
463151
899483
-917691
-304466
68546
-36055
520014
445539
-993837
551734
-799680
166613
24737
26737
527447
55132
-883332
-730693
231727
-226792
-284383
894716
-235208
80685
-428780
59887
-531840
957956
-391815
-604918
650822
-197886
-404353
70853
-369951
-902383
213430
611601
453197
863920
-424801
279532
-163910
-298581
-761346
980535
929418
294537
-439174
-821506
686190
730822
-100279
-638089
-807126
858081
-175808
-821164
-205772
168680
-673471
-850870
486263
-213997
-339391
865386
-337831
-165721
598645
663986
-487767
610659
116725
697971
-111939
898415
-870486
-853277
746255
-785367
260932
-104199
-443270
987927
810640
837235
605740
-546052
-629284
-484106
-971716
621483
-676883
-334286
738484
9383
-121514
700933
500222
-935101
837854
-766553
-784919
800385
-257176
-494498
-210323
707200
424155
43147
985578
-270159
974556
-328917
5568
-445025
-845629
398709
-83297
182001
-72006
447009
-353344
-434851
284633
739146
-205246
73250
-783558
-257238
839756
999219
438523
718840
-785005
293258
-586027
-448608
433344
-544879
386028
913690
179752
-493864
-534959
-614474
-901949
-550679
-415759
709184
-369008
664978
312013
-431940
-580510
-298498
-516615
-504695
102631
738778
-413120
-907602
321565
84590
-413898
420939
817094
-239168
121454
-199504
183040
600951
720703
-982497
40056
-808433
833223
-892267
328975
357919
-793189
-151849
-829539
943453
-814344
-815156
658355
73550
-217696
132318
-872661
-240558
958121
-71250
-951962
950519
-253262
-849321
-559365
-539725
-323469
509777
29433
927167
659437
529121
769659
185375
841251
796109
-707043
-937948
-57286
723413
-352520
799816
-277131
400359
622340
-983308
739043
-386944
534047
-485062
-189975
-546576
90532
795366
-242494
679312
-351704
27681
-91881
-641545
-200092
952164
-679522
-871056
-727544
-288617
805267
803115
721047
-644024
-219555
609528
-710325
335594
394042
929063
780101
294393
448511
-233404
386775
-545816
-863638
211441
-355161
-711603
203376
-759543
-750038
632249
-766855
-879461
288609
277900
-965998
960588
-380047
353327
259007
-340294
208044
-672145
708413
-701015
508142
399829
-803680
100453
965459
-63694
353830
-177728
734113
805496
-273852
565827
-742388
-595318
-419279
786278
-559405
-935522
-229104
115084
-219592
150601
917673
-466806
-801506
-940372
852307
282421
621135
900173
-739862
262124
514541
722570
-798187
344323
-647530
-914689
607085
-797773
246762
-452289
-205486
-401209
736303
893487
-66629
-916602
-581291
-283134
728991
-700648
-158481
69222
-810310
440307
74608
266454
883832
672286
551484
-529799
-670678
-490171
-370714
-677354
567888
723758
-279767
-147385
-131220
-181256
-192691
99814
253165
-598384
521300
-490337
-408466
-416949
-65827
-455412
-303167
736067
-860656
-956769
699987
428455
-48232
-731690
-744709
758276
-48031
-641636
-570814
295516
812249
-313305
-157281
633332
-681648
80576
-625736
494120
-592819
558124
-226310
-580452
-863408
862776
403232
-192270
644918
407703
890581
-751901
367370
367839
-371417
-262176
-292460
-124211
-997783
-239862
826738
622971
359964
290380
-297624
352737
-367613
170275
-409672
-502884
780769
34170
343339
-538782
-605030
-315429
677312
-820365
-468139
835860
-370106
85105
-160253
454103
705574
-493146
664246
618125
859891
-368192
-394168
-920567
-583535
-769206
303310
-116896
-373669
-381516
-71988
590204
-462329
-612385
-111051
-16760
-516966
-155583
654799
-806226
979282
508466
-59267
-827041
62861
219291
179913
305002
-78201
279125
-248847
675570
134351
366542
-241297
-84973
425601
-656886
-623944
740347
-142165
552904
400366
985737
-500668
-375140
-259979
-684015
-111151
-113025
179303
-788688
-900981
47270
-568913
932263
-780659
70702
780715
243811
991528
603948
847027
-508347
240854
-295911
174918
666103
-460164
-755178
-570347
135632
-58498
935034
-885966
215192
-483540
-425376
903461
718128
271280
-631607
-291108
973094
180553
967555
96948
909031
-768477
-741143
-584003
916882
-119338
743342
-691614
-668183
984614
-849426
248661
573304
-705078
183331
19535
-772388
75922
-956950
215138
-148300
-912254
303066
126615
779630
-9339
311353
-830648
-928150
305585
944455
290682
608320
21136
-139797
-374851
-499329
-89366
-74794
-772564
-303881
535550
-292602
438922
782919
300839
-405335
40605
-946128
-814405
-796033
937105
-369304
-871708
194388
64757
836553
786806
-54344
-408208
-156942
-52367
951960
491635
-971587
150663
-133274
656410
-677582
2369
788522
797126
284066
-136975
-702939
337674
-885222
-473955
-478724
550171
-566427
685560
948047
-660432
-354156
631767
708082
-360758
553172
981368
-807194
51906
-651374
907752
439946
576061
-270378
196915
-75052
305879
933483
410930
63918
-766183
-165661
717044
109584
-724505
991676
383598
926964
989006
-908254
-191385
195119
467190
560371
115878
-968165
976911
54662
-718130
401651
85976
-338964
-635549
-636364
-402429
-371406
-610501
-173465
-147193
809507
326932
-181855
526788
555204
-88830
483446
-137199
966573
676182
204483
-361028
47201
-264148
-263869
-541606
-725266
-885753
-921962
527519
801445
-747660
113384
-669473
834414
985985
-172171
-475908
324665
679958
288260
995248
-558716
-357969
868448
-640492
-828165
677583
-907864
-188597
376054
409190
-615459
-851495
202389
-160110
713720
783541
743143
-135130
-742121
875209
930543
-901535
-990795
820953
243767
-759329
145086
754905
-503928
319785
-649634
-685358
-878240
485104
665633
923719
41634
850244
-515675
323147
-3572
-538839
-256919
-793171
697733
33678
516795
436264
344808
-57124
546541
-975524
-102642
-855874
-501774
171873
-402762
-557303
679485
706344
-472679
739934
852643
296467
106809
726075
569701
258703
-676609
282904
255920
-3266
-140913
-986473
660291
571397
-49661
233164
-106725
-950421
564702
982068
-340335
247391
-856334
838498
-960158
-844538
39889
-664084
-966063
986061
-171953
610695
114197
51395
334661
282808
308225
427457
-939268
-918165
62252
851053
245150
897586
139349
651018
-802120
872742
235601
62525
-114774
750077
-989126
33606
893518
-18262
302476
956797
374183
-969596
510619
615187
-596556
985124
-820683
180231
779356
-981385
-618274
-256595
417651
-984117
864893
281495
382373
-724349
-136593
267119
699920
153816
-729035
-366233
-414934
-868860
183207
-268488
312069
-732822
571662
105622
835148
21969
-909348
174604
-729251
406003
-801373
-857231
-467101
797271
495302
311711
-49383
464143
-415852
-250592
-59144
960603
294045
771257
958746
-313514
860646
898738
-646668
604891
-253191
-732257
43864
49370
-240370
550006
-142299
-348332
-889085
-976566
-111796
-364599
-994572
-359349
-580667
885837
779247
-382321
-570764
792539
462077
925850
-989234
-147048
932284
344396
285223
118254
724761
-415541
572288
704941
-171319
12636
501026
858309
728660
955927
556162
-202826
-338416
-843085
-139922
-548760
-365995
924335
-771609
-544300
-191370
-505094
148677
-499072
435727
240416
371056
866456
-693500
-615413
844535
-885512
-959338
28438
303037
714626
990883
-436434
725316
-207050
347682
868641
874717
-529083
418285
427674
-335993
-159092
-536487
229137
-259065
772544
-273146
-994087
278345
-330792
663167
914686
-317740
-462555
465555
763640
-52331
-439938
-770215
293372
504794
-703413
-680561
766784
408768
-909637
471590
-398679
659966
-251034
835658
110008
-642259
-247053
-541628
-762480
-997320
749176
21187
-453717
-397910
998154
-308116
-601057
322524
-496349
331462
291081
57034
948456
-642693
-200314
642764
830404
45905
-75445
-919141
-269094
93730
-123042
-897134
311256
-402017
919639
251819
881494
-183622
-402457
551995
740078
-160192
-296964
628542
-572341
-511835
-263632
828278
714378
169862
-257228
-176462
84970
-204720
-93430
-136550
-856550
21146
529139
157765
-910117
28105
904371
187629
-908205
663730
-629383
-15422
-152916
-608183
935973
-39294
-210804
-980252
542823
446130
404816
332068
-387370
-310911
235063
874237
53662
807234
-471523
772081
689169
515696
-680294
381902
-171648
-435202
-888074
-260847
-355549
-689145
-220284
-220151
-155082
-871159
-951607
659598
280796
-792353
-668182
328358
-124382
472272
167428
793237
-921990
941855
809739
-726404
252958
52775
260278
483583
357034
-542427
545320
297411
-89443
649417
308532
-418128
-347694
-242592
851820
811993
293282
-842602
-899404
97650
958287
806162
63779
-217445
685428
513195
984259
443484
-80096
187413
-246955
150633
-627589
127659
911224
428576
-16960
747003
-474202
390275
765166
-43282
141720
237091
-560584
737948
-164069
-542652
131397
-26674
-824253
-387362
-153237
-70138
-724218
904218
-187716
-792686
-937905
-697537
216474
643126
-141469
-445495
-573508
516378
-139686
-366412
-300349
-704783
502956
575474
-690318
927218
746037
-304874
970120
-378314
959466
433469
-971290
277784
895659
-51784
89080
92438
658041
310715
-123991
-292743
-864113
79647
-522963
-596392
183229
806642
-509205
822836
-556814
-81128
172437
-547009
-488099
654270
878282
-856133
279907
-594161
-272184
-583347
77788
931768
625530
376293
649051
-868576
588862
629585
-950510
47706
-851030
-798548
-89525
-296892
812911
-870008
-857655
38194
206765
208436
-252232
-874341
739774
795077
552851
199175
73835
-357011
-898754
384451
-183427
-3961
485909
452939
-425113
-771099
-368250
919480
828498
778770
-51951
210233
-484192
670885
-675530
-995885
-193018
461789
506748
-213494
-831228
-581379
-786421
31719
713891
-176167
359510
407503
54520
107481
-878296
-928393
844475
-936017
-597232
-863146
-814862
334667
757874
876711
-423791
-184085
-118320
489934
-937225
-612544
-552883
-863826
245390
883044
-297859
-974593
-666233
-704022
14674
-11966
627472
788817
542011
-200980
410601
411474
395042
393709
-599753
-638914
-649866
-778311
818340
469657
813717
-982732
995763
-205748
165283
-87606
331652
-778164
22915
-472083
-160204
966202
45770
-928169
-84073
-845969
592411
-275787
492681
323020
-400704
31537
-794415
601562
848911
121999
174534
-597715
-68960
-795216
205870
685788
-787049
-734318
96781
991569
-109119
-946095
166935
577916
979434
380827
621679
-419269
-498395
564939
533019
526124
-18903
-318373
612592
887223
-725612
-761254
-741079
-309035
621309
-230294
-878316
-7296
-73044
360232
-996230
694119
672949
-257028
298770
334341
621567
488590
321703
294848
607018
357783
-70810
681393
612016
-518444
268200
77637
172856
68749
-239918
502738
621105
-317902
379314
824562
471544
14533
-885011
108183
-553303
515109
-683129
104998
14686
960032
313097
-382939
-63308
-810430
632959
-355539
20410
129983
-954422
51744
496463
423160
535632
-970787
822250
-705801
-530756
736260
-443685
29936
-135504
144021
-436555
-581197
-112809
-214672
214127
880399
-252311
43120
-272379
67061
-732055
-335399
801426
796736
-655827
214784
-248625
36664
164167
407155
609076
-915410
-661429
-240670
-536131
-867230
-542644
395086
-719720
-102507
-849792
-42531
708826
-858392
620869
738171
-364473
831598
360994
-387349
-866656
598347
-498906
974101
-634414
547601
-13523
303412
-704510
-910130
721492
556680
519455
-904825
53083
71275
356129
230347
-801351
782568
366009
594900
267256
144087
-134195
-327268
-332185
953984
-607612
-749004
635333
-701137
211885
86617
450303
343376
62476
-818915
27457
-847690
-234628
565287
654742
-311154
-586774
-788895
-180193
376636
-219866
335188
-75876
-489781
-287268
-192868
-363
841432
79148
520284
-42497
916084
97566
617865
-395045
-597853
-601385
214878
677265
-966216
-30997
-710249
588257
-374547
309393
-938810
-933562
-775084
125461
350303
-587621
-985649
986993
350895
-766162
406730
484456
-696274
147162
-505915
-825435
-951843
530124
-196589
-80062
745729
512299
-872402
330087
15299
405342
600863
309252
113120
898319
-703694
-164689
976743
-651413
239746
-123070
-996714
-96964
195619
571385
-323920
-336923
-442959
9680
-947405
405483
156134
-467585
-746980
-708098
215420
26422
591739
-822086
-34573
-686408
688154
892097
33870
-259378
372258
404673
-630182
-336058
-731226
-504637
909832
400682
-882551
-67692
-111560
-940115
551644
-200038
-134049
70642
911381
464704
-847841
77304
551150
-878393
-63351
-772619
-846110
-613845
-943715
922788
319938
444995
247097
532803
-742136
-207531
308832
686871
-321114
427454
339247
-60100
765495
-20586
-489504
774525
-362962
757406
-140580
809333
834825
283651
360036
783192
947423
253875
-653712
-861947
603840
-886134
163772
-119334
321566
-433429
679952
414712
539780
-892412
281464
983782
-72063
-965129
132557
-505675
964485
-654755
-140556
625620
-684433
683269
-502713
-138335
-144975
807892
302623
589377
-324583
-534169
-922206
600300
388103
578356
339102
-919011
772229
-189909
-639312
512800
744435
408154
741413
38585
961593
647042
-780430
-807358
991419
-759030
989734
889521
882847
-577931
47565
10664
405005
-509255
337806
394706
156389
944049
372668
176781
-470497
-521927
-784725
141705
-220675
512380
949772
-53481
224158
-89881
-230101
458312
-680281
-764210
810875
-143691
760840
-737049
-555592
575543
594231
-978927
-861177
-873189
880175
-321372
-531936
-675811
692527
-690809
-657331
-354253
389348
108170
-922778
63309
349957
329977
218641
-737574
-133333
-556949
-350812
-69709
-901995
-856550
96604
-541744
-430232
-172687
436804
-212688
-787585
-379785
342975
713584
-398269
-191539
-204686
-502435
173812
556631
-575947
985227
-812676
827659
-551504
151962
-590221
631076
305473
-312640
140333
918317
-786809
-410694
231437
519292
549159
700709
440416
640009
-228831
-605691
113828
79725
-312914
-180105
871779
402357
-164153
93488
603501
-157610
453985
707489
553130
-808013
297146
-398636
-234138
-128119
670808
389420
556864
-763554
654085
-980911
-126921
-172137
515835
278525
806415
992964
-570635
-63638
-382298
-893848
-140859
-641282
85533
-102559
-901847
813298
-194797
637931
535743
981744
-376404
-151668
-149031
331067
361736
910152
107472
698599
-933913
-235235
-693163
192021
-364648
-545393
-798816
845757
464912
605232
704830
-226456
-613240
-973553
-452427
724602
-276981
666412
-631736
407028
-144826
-926662
-564169
-919763
-312877
-771910
953239
-155646
909850
-875720
343093
-484346
-152906
90170
189537
-223664
888242
-901463
-943524
872382
-114075
-48336
600926
-129029
-395982
-72807
-687519
882275
87222
407859
658698
330889
650147
-679367
673096
-906699
-210550
309871
101840
734451
510514
638016
860607
428172
-986077
530187
-18452
-832310
329422
-532718
-37581
-656628
-432137
958668
-143435
541631
-294399
539748
55856
399986
78239
754183
-683893
437029
-580547
85349
-426948
-565892
-444723
434251
-543982
-318372
270401
937109
647124
-102127
572824
273591
536496
-413695
-822632
470979
-682827
-577972
-312450
-186991
843535
-388825
-102923
-772099
895263
-643817
790724
463447
-21721
779877
300631
534626
732131
181365
-491794
26686
-736026
355890
-65999
291667
11
-234704
645265
190299
-710629
570684
-578545
819395
-985470
742542
257758
224173
710327
-763334
-857887
-889768
-137783
274148
865714
484370
-887891
-500743
14883
651697
98930
-279253
250496
-31411
427656
-868540
677839
201392
405601
-970921
-55521
894814
-414035
-806445
-518471
191333
782332
549893
737853
994616
-362869
367782
85649
-654841
-389946
-120071
-688689
943788
-285619
-809497
-581656
-326028
518641
723310
-301068
-621528
-38392
586284
241060
947164
-703480
-993694
786335
-543111
210636
-529352
-800206
652913
-278628
-290722
-29253
-740834
246485
-133619
610460
281990
674493
-280867
-229451
-80045
382178
713090
79389
-807463
535174
-856415
574489
439540
-542868
627266
571130
-729612
-411331
509529
-792484
437474
325399
-305706
-433406
109582
-953316
184547
560429
-202384
-128125
764202
709641
-432664
-477021
853056
941167
270110
-305609
347317
437561
-509263
-104059
-737203
990865
-277824
333455
-711625
-139375
-649368
-672729
-293381
178260
-248996
-836601
966719
242043
770283
96606
825258
-251020
-470467
-218105
-212766
-977023
-12426
815987
745536
-677048
-248848
382863
-627312
640395
-611563
-949364
-885901
-234756
-36402
-363692
801640
952223
386355
92753
-249189
411167
-9240
-357143
-874579
-281536
570319
-650710
913854
-995055
-899767
-852887
992606
874864
21969
-415577
930770
-940570
112726
375466
-197625
43533
408668
767679
-245770
866443
-77892
291093
437401
237550
705340
-25277
931629
153315
586919
-798217
371045
183325
924353
-958747
696590
-732640
-19621
-531901
728875
436062
-55660
236761
646892
810895
531190
175939
-526649
-658243
-283734
-353740
706812
-535860
47614
905770
657157
-884554
178217
-158553
-987903
-134251
-787367
751312
469977
3208
918859
594803
-246524
-71384
-933966
-325075
-508341
-839887
-445655
862041
-88446
-673709
-225581
-15800
-532149
-21871
256708
826951
-460894
873723
120733
346393
523806
-467101
609177
-457934
925272
14065
497263
520019
-632852
-171546
-492074
368197
-107530
933532
-780879
-960706
-980854
-552386
963207
225883
12167
508014
-832109
-812463
-766080
-897369
-888068
219152
-628018
181729
-926453
-120681
-752114
206401
385035
272914
884611
695732
-720341
106775
502019
-283057
-780813
-159871
760978
-104454
2504
75436
278766
55790
274861
339200
-228320
-881917
267157
672191
-203420
426163
-502321
-311334
-575631
195179
331678
18772
-278863
-542343
836736
-442798
254534
-938075
-821269
159331
-447053
-371934
195821
197855
-766944
106469
965338
340061
-158033
-693978
881298
813581
925658
-523826
-943601
-857697
-779171
579366
913750
-320640
-902950
-758623
254735
-965108
-529894
490699
-893293
66065
-279733
697743
979356
768316
32178
827493
-761255
-453804
790716
742266
-464722
161606
-291502
796821
-607662
-830026
-900599
294345
990884
346076
-522244
900724
-705829
-861042
152315
792685
-211010
-137443
-138221
-432362
567235
779323
-992629
35585
-515195
-432519
-876466
-354912
-809031
817405
-444641
-600714
371657
-714223
-271951
625867
-456406
518363
723866
-600279
591414
193895
-892049
80699
-422931
689141
-383522
-994303
333137
-606256
814697
258184
25475
-873595
547377
262675
833438
-726141
-349417
-397641
159711
781070
509324
-753226
-57035
933253
-485878
840219
-240073
756267
-884484
383862
810293
-339149
891770
-955810
-725576
118521
-102607
637476
-638672
-622982
-707979
-180860
543063
-821303
820103
602118
634609
-505310
-143196
150775
236005
492481
823857
999049
-378653
703507
817465
369267
-757251
798032
-368848
-97765
790253
-559234
408908
121237
406841
349292
74266
-71470
369376
2320
909374
-746612
-136565
-420997
-386618
-929531
642844
910823
-733847
-652046
-763031
186407
-117970
-293237
646165
578577
537469
-123185
-457877
-626946
506904
85387
-806815
-247363
-91833
-876948
-892454
-995690
-148342
835057
-973462
-445434
-108799
3351
978293
840830
-992533
-83999
813012
-366067
352722
33934
-508522
640835
5554
-246615
673675
9119
-967944
-801844
96067
-618806
199740
-249903
731013
-797209
-392110
-954264
41884
613701
-471649
-606429
341219
-472748
-440565
437080
299533
68666
-864693
970321
587266
46530
-590884
-766806
-248101
871140
-73971
-394722
881987
142949
-103760
10930
-771646
883788
-150284
507496
-219355
701713
767616
556183
22382
391352
-682805
786553
781879
-46504
774990
870529
-486560
-637526
-909013
574468
441218
-608437
-12531
-67925
488717
430280
466853
166133
980582
-638496
-984614
200455
102507
-772494
-318855
-739564
587758
-943505
829760
887906
855970
171788
58704
287168
-243249
984873
555943
-131009
-876463
809385
647819
55121
153472
47174
-678695
-295220
-33479
427009
584670
-275437
367982
-285535
438873
852692
94088
-564364
985441
-447490
103606
-418365
279274
-165260
589385
-378286
-558326
-840508
706834
-404684
-804552
822354
526717
-805017
36992
202355
860782
-665071
804857
-548390
-279663
187725
-500875
879363
251121
-233633
-101853
-280390
-115724
-886526
-512845
-870409
647900
308020
-333017
-200690
-66166
41969
-779515
-140867
328633
504455
311996
128517
355673
-311987
-521
-221266
597081
-583635
61089
551380
-906735
15872
357649
843974
502715
-651262
-727759
-105143
128019
434315
266695
-175078
-153949
-130619
19116
559795
-768498
-54202
512300
641022
120197
-49986
-842011
568579
-553881
-137353
285337
-728264
-682007
-696116
-246525
753957
931614
417508
589960
818031
190294
613643
-788785
-234584
692931
-224013
488647
-150539
396205
-455461
249823
-270707
-952763
-47785
-131009
-617328
-215387
933526
-799500
817881
356861
360148
601896
-165317
765311
-214585
533098
-207884
283816
-870975
-85467
-521397
20955
-26390
-158550
-64523
-741499
147165
-238841
319152
486596
491409
32017
-209490
694862
-65731
871388
430601
823230
-664545
-863666
-625570
-68432
-641937
-731898
-251991
103726
-162192
-293711
367801
880054
778368
645247
775450
741585
458083
-589880
-454664
-221430
-684431
206614
-745976
-767725
439107
-879529
990062
-742663
489536
133722
406761
641647
76224
468258
-857897
282191
-171221
447258
-791400
521945
-527455
-74383
-332192
771894
-776197
614423
-237159
-438177
977054
-377581
919646
-186611
16839
-992148
90439
-110736
242163
-440014
-493840
-718690
344521
206251
-269916
-254148
-802518
-206632
-214388
-242307
501171
94593
512726
478265
211787
530681
-700074
-893769
-562642
106002
-238313
-187099
36894
782154
-535300
-233106
435652
475947
232075
353305
50698
-107464
252734
-510105
699434
-703394
366958
770968
431660
125426
206525
781933
-581610
262669
373062
85940
-480090
-558439
556982
497432
-36913
101212
-21685
781192
-667005
684492
-137061
-998126
-114701
453238
387364
-299694
-491233
-463072
-88686
566122
957120
637611
-118336
-114841
174160
-117336
-129821
414863
-485183
629436
-445375
-795502
659253
694480
-706449
766931
-880951
470214
367309
89355
-332231
-242079
579300
634366
31113
738270
348988
-890384
-180824
291847
-115567
675497
911189
-254883
-936286
-41468
-634569
480923
-73648
197959
-899931
539520
625707
-909681
887097
-218398
502477
613844
87641
-84539
391695
874375
-682341
-624800
802741
-482383
886734
-968067
-60674
-987399
-127880
463252
-275466
308083
-892451
821666
-698912
-536491
-457738
882083
-506529
-359610
-274428
-67770
570003
916904
-207130
-543754
-122501
-804018
-196404
-848498
755275
-512368
-528950
222473
539680
-74633
659005
128502
-485566
-753660
-735434
955792
774894
184279
-361144
898214
-461076
783725
762633
-162690
-556567
226854
-370388
903693
-811483
932475
-668365
-733785
-863116
948542
-711693
927850
-42390
-697374
486730
-456216
-779730
757918
-836626
317126
337347
-232531
-299381
679694
-373866
-339890
449661
875349
-370550
-634717
-49771
-497939
574967
-843941
941041
-822987
-662852
-891100
-545032
282624
-952839
838776
-368121
-320123
943314
-242074
690637
579082
229081
415072
465943
-363403
362064
956501
-459683
548234
473988
240049
-325903
-428959
240171
867294
435504
-354405
919512
52400
311649
497772
-498951
-683450
840548
-880110
-927027
332924
565553
-817856
545628
-943017
-932730
-71096
480646
-291845
365046
287254
384086
880365
-983470
-269389
-175900
-109557
-951441
-266741
-40079
-83078
-459564
-587379
-334756
75254
-921280
261994
647421
757336
-30421
-479164
709784
-579037
-251492
-155261
-829006
941496
-725451
2853
836232
-620679
49341
-981182
759733
-81267
534838
424399
-766568
-533899
667919
-542594
-350559
655126
857623
-325035
-347406
438989
-554130
979601
538715
-823321
231761
354921
573961
-894941
895173
714700
549820
-40466
-361015
-717304
402033
-620899
-653665
-827557
-835851
-974022
-965542
-408090
-142358
329086
-942313
822626
382538
-719123
-238713
382882
802527
-817802
-356255
-601263
84244
-52881
-544376
-752426
-446558
441338
-538666
-126013
208360
514355
122157
-524841
942425
-155440
185557
694861
-37300
127705
803699
743963
430883
330234
-704410
249662
351303
-507925
-383787
807783
278994
-294534
-443707
-920529
595096
-102126
766370
532267
-730169
362654
-579796
298907
296073
-985379
819522
553845
454872
978579
568343
-577670
436324
728145
-13863
449484
-456317
312584
62427
-660485
-571354
327139
750692
469423
925583
-410931
241367
-109449
-684502
70327
-542662
-955680
-310800
946620
-210217
-136538
-897333
-783422
386328
-494025
-510771
336424
-215950
381199
-155042
-954265
-370949
-41143
-844612
319328
-727043
-969387
945152
102853
617574
127458
682857
-180150
-86730
16757
700318
-730274
715410
290337
-447464
-759286
-759704
-756369
-275411
-788038
-769950
-551921
-314168
945899
146756
-34779
326345
558910
-771644
-618201
-464890
-641580
-887246
496749
-493510
369622
-735224
-304925
-255518
-848991
42478
271181
309680
-496341
-541708
401446
-477251
874803
-13384
-238544
-719141
-260860
165876
-676583
595201
-867053
-316613
-671846
-815965
-814239
-635354
-730909
-273555
266516
342223
101579
-991275
441777
-493798
382878
-538697
340614
-563418
-92743
511672
-81979
293458
314877
-480479
-928754
502551
500173
361369
-139727
419496
696456
832256
-253041
-704694
-315204
788261
-739076
-665037
-343846
-923086
-262632
-399803
504089
-485743
919914
331406
385803
97976
-652315
986561
945049
-667843
-348511
-87123
425689
560866
-503535
764870
-470483
605260
744646
514761
-282216
579878
-363439
-545335
-67639
955202
-653636
-294857
826155
826791
243784
456689
-980328
-212800
459220
210879
-761181
-354209
756349
13062
-486345
-596072
36251
539638
68946
-74601
-199255
-619618
-923508
288560
-173253
-47910
723190
643590
-247203
-365625
-281273
522218
-373584
753392
-681717
79546
-608827
551019
-345429
909509
-980336
-739159
-238878
-535557
574188
603102
-84296
-270819
-586227
-669842
-263263
490187
-758653
-573784
-941245
834076
-156158
507708
942206
936542
-158406
256549
-235593
-140253
335661
863947
-136948
288103
741800
-35745
858750
120877
46550
802110
-166247
-86853
-829515
-817827
-759815
302118
420978
637850
-114115
-110303
268656
652027
-180638
-121223
-326500
-85096
731361
825201
-947424
575398
-608787
363275
979055
-515853
-174809
-208448
202212
-511875
-440862
739362
13342
-315136
627928
-901288
936347
-343918
425175
255781
-648898
63735
-259759
-521602
-667365
168405
742954
-792459
-70248
505480
-456540
-773824
-807615
507
606343
843519
-243923
266872
27938
-589206
652286
762531
-655009
424475
-85015
343303
-265849
-416721
298381
-956221
-877318
495481
126180
652716
401336
-496609
506471
-466059
566274
-23020
-64973
256428
-263068
-611541
991988
-878262
211216
993116
-421379
-730424
543219
69599
-496275
446213
161589
425282
-858525
-880120
467215
655414
667850
351349
-797476
-465444
88515
664934
-563440
-660223
462445
-294250
152373
825449
-209851
-301494
358944
638540
878073
356988
289206
-570694
271452
867089
892513
538984
-298253
-726431
268752
-458751
52210
713050
195102
-782422
-244559
114944
809887
-956094
475350
402254
-937973
-142882
-535898
472732
367699
558057
612518
-968054
-17502
773592
694189
40572
368357
365618
-289109
265308
-669059
-701445
-467341
531517
-480799
816023
277093
308465
240744
-229405
-461830
-505212
323075
724402
189450
-788990
104125
-532501
715579
290411
-720842
-458592
-569302
-204671
372272
-46743
524512
-817410
-662165
-392743
831763
250265
-236427
-552134
799122
-610686
-232118
300245
788092
534905
286072
-183918
133795
820337
-920439
-753144
-166905
395130
-991041
983193
-501145
-824520
-447119
613241
-420771
-897218
-174211
400004
-171748
-382050
101377
868000
-644938
-399304
244607
815285
-17596
-416475
995872
204080
803789
680953
-409555
-625645
444712
291002
321991
513306
987499
-474690
-252882
762941
-990233
-37822
-770665
-499351
-327396
-565264
-633656
-379267
-694674
-641754
313484
-97589
180640
-846732
-818190
-321
959032
-448961
541297
-913429
767135
-738315
-938725
626153
77331
158676
-778176
-166195
-320101
283307
-474091
442012
-801383
-548991
722682
953639
-132936
-315340
-636656
-350563
928980
-202191
-644697
-691741
682734
975141
-706561
-502879
929622
-955933
135383
468230
-950012
-601623
511664
453992
662906
-664199
197680
140324
219027
-896411
-131413
652768
-588632
-920707
8151
-894530
-574779
819463
-97834
-858659
311701
885982
-20004
269985
-989576
29918
817398
-991247
-437815
-288469
439685
-969511
-746760
-240898
482364
-158991
-257521
905861
100210
205996
-446068
-945468
-683789
-320629
-808704
382208
-250258
-985507
-894917
-661823
746317
-777238
657998
-928857
153852
-196036
589257
837352
-509451
26827
-671012
554926
-984373
-303176
-491765
628091
881267
946726
-242890
-534793
155638
-209867
966644
245737
865536
546424
-727936
605736
987209
713970
-241834
-44875
-866758
-877984
-697567
281945
122308
-227291
-879136
591771
177268
991562
-337689
-964798
-1375
-129513
-515223
183234
36059
687654
-408596
757387
10262
-381648
384952
174246
748302
-317511
306048
811294
-978235
-596606
-288661
50616
869997
-573896
359036
93880
-684553
-259428
-456544
-692943
-572146
-595731
223597
493738
-243092
-85579
-987278
523135
-170042
-906661
728238
-464129
-400832
338677
469501
-155840
-542184
-427008
-724089
959017
223278
953316
-23728
192578
-63371
-788544
-123279
-921442
-363232
-77354
423245
-46666
-392137
546989
904694
188296
699336
-704055
-585696
640848
-523419
988197
-558497
784113
-616991
-9096
123652
693284
689750
197472
-812177
840065
576034
-401827
-946389
-370072
-323263
217753
172097
473252
980903
201029
-184967
858644
-185413
-180807
-331889
126499
-383782
352658
-677620
-53596
-159744
683489
-521262
-31860
414982
-891980
133038
-756756
14790
-608945
253140
920468
387564
-199271
-178320
-998817
734453
-882022
171741
177774
-129069
454162
-344941
519573
432906
567102
370715
-564407
-758942
-227181
784176
-766699
-499610
35501
14966
879800
-978944
-21837
-980723
497804
-136647
-590309
-675782
-723029
375379
437648
-290947
-587631
102155
-111391
898618
614550
-305119
-384538
-118796
912711
-644175
-695109
-766421
-827218
-186515
534504
-225252
-7359
462951
417595
-961773
314212
772440
669411
100890
-648300
-650376
154950
-139257
-462812
-458176
391935
-395622
-883936
-974523
-483522
411810
988667
-807414
-418310
-149641
-447603
-91752
923827
130239
-793222
-639032
-564646
198402
532871
216831
647080
-235445
233222
-857402
421906
-947932
515768
-67197
627681
-460119
861459
-563146
917244
640001
-774040
159791
996268
-608145
-477855
-973653
-382187
682307
561816
-967632
-458544
955007
782804
761684
-366826
972127
835343
761734
20151
180498
834582
885131
515610
366645
680547
920535
930459
41214
733092
-32117
697922
-444408
559379
141575
-915516
-474111
-397520
229293
583659
472093
78286
784631
440116
-294655
-141437
-630126
-548668
470986
650149
997998
-937253
-923586
244800
8525
825162
363450
-978015
80809
-850345
522805
361033
615887
-891342
-674358
295559
-661373
937236
-429341
-33293
417398
577716
-783531
710386
127879
-248480
747051
-300287
-85352
748501
322191
-900437
-255128
850513
328237
-115811
836866
-904671
-549617
382825
742104
746362
-273769
-437489
-406385
-942646
459127
169823
-679106
269560
928250
880869
-59260
113933
782481
-18521
-184463
675604
811765
-851910
-712221
654625
-424768
876786
647104
358531
928829
302522
-653730
885712
-817029
-192677
274599
-832169
626742
-799242
-106159
329128
830706
408244
-989247
298531
-387582
420927
82303
213303
610593
255111
-900323
-899994
44947
-304316
80195
351631
-224976
-15721
595946
-874730
849027
794290
65428
702450
229085
286174
-516415
366316
-532748
-536605
289105
30467
597061
-150992
278661
-81354
808260
855044
747716
-72195
-385297
458865
-135110
202460
-257815
-940773
292181
-415273
426583
600265
934663
969746
-685765
700690
110167
-689442
-455911
862189
50598
778979
-686492
-576035
924121
873087
166511
485676
893313
695626
410858
-478007
511542
386637
433299
246614
-651244
106276
714674
825607
-385261
-276848
73595
754773
-197769
57017
-342305
392643
-829843
879206
-167959
-90194
-177389
343953
-398189
-853359
-557168
271863
347872
394421
-510140
-820855
221054
-739843
43390
385011
-811919
-617644
-136654
-111651
914047
-249833
-729255
544498
-729802
132265
-786019
-983680
610009
-756570
-325374
798999
-293904
-331057
-685823
-609461
-219248
595836
-795228
610283
793178
-333968
-832525
-521274
-293346
-12360
-547891
-771971
121417
-667324
358350
867612
-677590
-74213
-343644
907653
29290
992256
-305076
87652
222204
41366
-268962
-605712
-86258
-351833
561998
732168
-191259
-187922
667956
566224
451552
-403958
-874767
85227
-744274
-159731
-816279
30081
-810603
-928357
-467993
-739089
261524
219600
176392
-990522
-448549
-868224
3226
-93621
-589325
-726150
717389
251096
-735368
-813659
-358722
-898523
138639
501922
528961
-56943
-562603
-899227
-12111
-8195
795653
-297517
447731
893631
890167
-198620
381356
614207
300949
60510
-73885
690319
252607
-404430
522767
492424
-771474
12684
430784
407572
-509673
553047
112348
-215276
435199
630364
710808
-913132
-987940
691241
-11578
363059
161260
354328
107970
-4288
-411836
728883
-130137
598664
788016
-112013
620474
603899
6467
-221277
641202
115168
604816
500832
-838355
-202732
467865
200788
972917
-468712
-829855
715694
-898524
-111790
-179160
-540929
-79335
33844
-820563
-843029
-139396
-662337
983400
495170
641919
801753
-61924
-266921
521798
-872970
797187
-28327
-111983
-647808
934888
-938761
-450011
-768071
928647
82152
-945395
831894
153230
-687053
-984928
-833879
851494
743858
-290737
795615
-947315
-428180
542933
-49011
207959
714003
936753
181643
-559125
-809494
-908280
-75050
-225627
649765
763035
3799
301867
464864
-170016
-943302
-948126
795159
956301
-407202
-22028
-762299
322599
228475
720847
313989
-735076
-409537
-386565
-728912
-544128
161508
-732989
-554912
503011
479586
-480966
-473784
563018
-53846
993149
-942980
597678
303256
-845999
773562
109283
838931
-745033
607838
-713728
-447950
-89573
-553811
-160562
427663
657088
458146
578139
84329
225388
-382573
-98638
743525
-964793
-795949
794925
763103
-749497
131812
-607339
787710
640938
521420
-659707
-815935
-350270
-671021
337353
555948
-48640
756023
948560
-474532
633342
854441
-611300
-757408
106869
5840
-599431
-559777
-14339
408491
969419
93819
-29171
-485030
420215
653368
-428386
67597
741346
-158364
-923762
-17905
-201260
-159298
127734
-977402
-55049
-428404
-571544
189534
-674395
-102101
411947
67136
257713
-314909
41418
-854448
-189757
-741341
-727461
584491
409694
991111
597909
53290
928398
279887
-846108
892636
-257290
274056
-932587
-440037
425213
-200199
706929
-631396
-579141
-41065
-995793
714938
642338
-589999
782434
-736350
368853
-993530
-451773
282100
-763694
734974
435383
843031
-297740
221616
171686
-481708
-720130
895316
-942354
85758
-886522
-313321
495202
175872
-403937
632729
-46039
-694070
-470282
430043
791317
-351591
-183341
-493097
20239
-991649
862625
-334200
963999
-255737
-542925
-319818
540671
-454521
207574
-566826
-48107
626662
-285327
-401744
147381
-23274
-414140
-71080
-196995
870249
-65458
-676366
-475486
239906
-366809
-766379
665614
-891138
-383570
153514
-890107
-473475
327152
696033
639223
259354
-799198
126402
197050
459181
954783
-616514
341095
-517342
90986
-659022
855428
-108352
-464051
665398
-351359
947005
336134
-588368
20399
-797332
942928
541539
-196306
-151412
-828982
313210
20426
321091
-107959
-642244
-431691
860191
-314276
-922369
891304
-652491
-272605
-313945
356497
-873146
-175608
322946
-450572
520162
464296
-134718
281614
-316963
848082
313315
-537399
-487767
23654
577528
-989077
-848688
-146096
-807171
-592732
289852
812015
-622686
196614
824869
-860518
-41214
-170049
-112422
954515
-309563
-864336
351090
553473
894975
311835
-716162
75007
-7923
799699
-453161
271577
85521
292860
549393
-466894
606114
-785769
334628
-723026
993743
-21166
-511230
-142443
324583
-982807
787507
649841
856469
573226
-998629
179405
-497586
280615
521390
-192260
-956718
-304151
381831
-452920
164627
-566805
142778
918078
-94884
722080
900751
920578
151796
523045
797571
-821553
208448
601553
-213225
367907
10182
-573613
-400876
518991
-125539
800337
706456
-888106
804168
802762
128328
385985
737208
402816
-61427
-943685
-12604
-906737
128103
895642
96073
505517
541567
-608403
-141960
332761
-233379
140159
-832236
26624
-658766
-141170
-539672
759407
116137
89600
984779
-105506
619619
988216
-577025
603287
589167
-394684
487230
774469
-57315
-98425
-750616
-941472
-3300
-585284
757297
776412
-580422
-712052
-882642
-22104
-929546
275910
265890
642311
-382369
-865302
629238
588132
95093
303171
-147551
554919
26105
-257549
-401615
-872308
-36438
-535290
-105903
927875
562709
-82863
511744
578475
819253
-598226
-89000
-546105
-589858
506216
-415516
-482295
-349190
864075
166493
-915689
317050
-479547
42120
-601999
29650
926804
-679900
-126601
502174
-409643
-45449
-470133
537253
488790
811768
940629
-621997
-486570
-933356
-681995
-739061
372774
-180866
9489
-968240
-545234
-718136
-326514
-258438
326627
-383538
283048
664991
668989
-536739
-774120
873487
129647
-312076
440878
-781963
-509140
9924
-932796
761853
-64189
-642636
895730
945012
827133
228971
337620
-4192
852230
530394
-44625
601811
718859
-342226
-705519
-806394
-981522
392381
-424960
650062
-637944
915890
-556884
-269569
585108
242089
764487
-202830
924777
716756
-254158
64411
-704988
-319202
480369
342499
80332
-117005
-892012
-311646
156043
73788
-36364
-878227
-484409
195750
-560899
975616
-506741
-828842
-116272
646933
-398971
774107
-375440
-487756
-7087
880833
-931044
-498444
206305
-995836
-645328
-850088
-150179
311484
-126030
247205
31557
837540
727652
787891
966513
361508
-485563
-627858
-12161
904792
-169224
-442119
-22014
-902743
-693436
-159425
529626
492176
-735881
-494566
642009
-549932
657572
-433277
-604221
-841461
-653006
554425
993905
-186588
-644457
-35095
22788
548613
-889204
-227506
-167131
637837
947554
742844
507753
475237
923056
420971
641255
-322972
286590
-875123
-308993
-695374
818303
-818395
954284
955571
-583578
-804351
173006
-638115
-728326
-198841
-148324
92903
-448107
-161341
201458
2039
-742368
383934
24770
-24314
224049
661581
-12528
-524963
-230724
-963438
-441891
-897965
284252
652879
-226608
448050
-947250
-631370
-538543
405911
-920327
959650
462887
304187
-557125
189290
-3918
-508099
343748
-294180
-572815
-326487
-897263
195707
-965683
-189839
-181412
883192
706350
139297
612288
923013
-535687
828908
121164
-611808
711980
-979098
547299
785315
-954228
943485
-346041
-495026
885490
531268
853918
-453656
-514776
-566496
-133373
-949267
669208
-68375
170972
214286
195540
749334
377451
-13679
-213935
792555
531926
-445826
838324
340044
640415
965548
-365002
159756
-51813
-445276
217824
-986082
848402
-676665
-112922
-139385
611108
881778
609602
-770402
783624
887785
969276
402157
-719760
-850005
-848762
330117
-513219
21806
-830385
623087
352771
707643
860919
-184237
-555355
256861
-380651
-443375
646742
623832
120932
-395162
387731
383847
-800948
-297965
699420
220514
514605
11580
-172148
-141823
-76436
189021
-439655
-395170
544956
325425
-964784
-906934
-751985
-976367
-352586
-496143
45284
780280
-160488
367305
464801
-533615
-279876
564906
-905013
-70628
-283234
-279994
851529
347080
764856
13950
808234
695368
874495
-828723
-513538
854104
892005
-687326
114625
308674
995957
-768662
-320084
-370005
211631
-224808
534061
270363
-740424
887956
873068
60544
-133622
-157716
-692885
372262
988578
15158
-673550
748294
867021
146158
-55412
891841
226364
-465031
127635
-75849
-4363
668293
321796
366001
-805941
-708839
-163965
846418
-613931
-454688
-958261
684421
304762
-52933
-594199
333467
-266608
538711
-36820
-41184
-391412
9174
24957
54574
674211
576586
823234
361976
-4471
471985
879004
715666
-293090
458858
-397435
804575
-688318
548974
525965
282289
594081
-582903
256493
-566425
214085
929332
668358
-595816
-25504
-901071
-451058
-621332
809400
-717316
-389849
535096
741313
-809751
-844415
499438
-600361
-764171
-64770
-454784
720353
-275008
-583671
49550
972578
285563
672945
24061
-627975
966943
930532
-347742
104045
817694
931326
-210341
991717
-650525
-430750
601673
621340
-811431
-286356
-293022
137034
353824
372074
345751
829196
449219
-371759
-335360
-365467
261565
-514027
-5471
-591863
347496
-676430
-741081
7074
392751
56937
958299
-751850
892176
675627
-794257
601975
661132
609916
60632
-17167
497382
664643
551172
59232
-728527
-555290
201617
-962027
-489203
428032
515746
343643
996473
592504
-466123
-722046
466570
-401657
-475945
-11038
594259
-24865
404705
621030
411325
685307
251199
185691
718791
-615555
213948
144687
224166
-367272
-981310
196164
-996988
987334
-700438
417081
-557695
189204
718572
527121
105316
-167382
770846
248816
-798765
-132370
-702150
825308
-672338
-530643
377901
-100910
-897586
122868
729022
-204950
-757568
-102114
722888
-826415
-359810
-714616
-485219
186599
531736
-503570
-819776
-296899
-972653
-336314
-484798
647209
-832705
90482
168166
-266096
468317
295881
29442
144459
-606368
-886149
216972
-666905
975448
-441952
-739377
187041
-34486
-900076
-434663
-520803
343516
221164
-859078
742870
329356
-682024
-67784
77991
413998
-184489
-851484
342053
-926169
-55038
889444
571211
970368
-89070
-788870
-871668
-925468
405485
939934
-333027
-639119
439715
990359
212765
-482223
647950
148972
-175196
792912
906874
-49191
291191
-913210
877574
924689
954558
609867
-233678
-940616
140440
-674035
724092
-336353
-885151
-945408
439383
-314507
765202
-700613
-545293
762203
-125639
696060
-552423
-965602
-199307
33744
-156441
845479
730165
521122
-374853
536932
-216934
-270956
-125309
374832
230188
-602706
-895967
462098
993645
31575
854983
-289259
-947873
-620274
336202
261162
-195817
205133
-597283
236372
186019
-80582
974431
-381688
-532829
806195
-311964
807911
-406947
-657933
-858308
-426819
141023
-856783
-911258
-368763
-463768
863288
-355586
780817
964713
458078
449370
721004
-66280
-627527
-726965
220865
916509
97264
801043
-79177
576146
418437
211074
553389
575138
-2651
-630589
-399904
-869742
-72708
421548
299645
-59169
994125
478352
940641
273327
832957
-624593
396464
457322
415911
329659
74233
297932
619908
-856041
-648824
-748823
-561164
-990785
-796957
199882
-931704
-993434
-330229
-488783
317680
65284
-804205
-408163
-242083
521074
108653
-534752
-168273
-8992
662991
-827061
-750345
-585910
852112
-874475
99099
-330984
-934908
-231917
904645
-278525
-324005
404027
-890815
758511
-381426
-394648
-654705
-257330
367880
297625
-498601
-956958
-590668
-731284
-766548
-906183
315284
-415935
-420448
778183
114801
-913313
-297107
107181
711263
937991
-684343
-372647
-860118
769851
-607872
856983
665411
393713
-11636
906758
23405
464621
-962758
-815122
-853327
-91371
448188
823794
329688
325537
476532
-184263
-159507
433981
-578169
934135
198178
395388
44964
-435622
684182
306491
-589126
955115
911817
-512655
122703
964922
-409234
431269
-793816
-964973
-708399
692226
794083
583777
56334
369104
973398
-691943
537571
756218
-353449
-363529
941695
873195
111986
-700826
-578462
-851372
-700433
829061
575639
-802397
-665511
-224686
-162532
390844
742456
-266568
-953176
-133539
603425
642398
-251649
-10959
-314838
440106
-322533
346035
276551
860860
-713288
98356
-906051
-993509
606722
663082
-350918
-40795
-950067
865918
-95431
-432106
746081
861070
619238
526306
197202
-928913
-614710
-965124
785506
462389
579166
915248
-878693
391294
626003
745572
-743211
-154577
36731
-442491
759699
271750
-903160
-926140
721407
239679
-934842
760709
557611
-331526
-765943
635654
-376195
135198
103476
753856
-951778
-558485
-230593
221009
-450168
-26335
-810328
-734692
517388
-519819
915683
249029
-809342
-797548
355943
52054
832117
-479729
-947137
-698018
-964409
407592
825274
-988790
-332292
-444796
-996030
509913
400852
-952252
-400026
-204445
246187
793214
-964816
-755604
781814
115296
112619
123699
853282
282811
989531
-184320
912609
-20087
16477
59127
657641
189523
-50752
74712
-679761
-880722
461624
-588657
726260
814684
-437365
388321
46376
145147
-326571
-440687
552564
-42934
15720
333148
-439450
-290650
645296
-805449
436981
-367443
353921
-939204
-781092
-108909
473507
717760
-271428
-339907
117336
710925
668816
-728557
-96041
-320625
-159759
-261430
336441
477111
-913847
373706
-836377
-971506
-433884
-292879
664064
91004
797203
-263010
95316
236121
798726
309286
657031
151661
629913
144231
259525
-545998
355929
-827458
-636565
-73932
-948443
-764632
-794962
-516779
527521
97228
523575
-610171
83302
161103
831661
-245307
-804386
829799
-190535
-696950
347186
69126
805194
-956469
-732406
-228802
80529
-171930
852032
775148
396501
-492259
-173779
-96484
-673980
711512
965115
141517
-373232
-956834
660276
95221
-569393
-269239
119917
-412114
-128745
853256
89247
912136
-775535
-358757
-289122
548078
833010
73317
-121378
965946
-119041
-367727
-810146
-773055
32948
-617917
-884409
-393732
-774898
-804143
-652979
-251303
777564
671837
-945495
718391
905862
-859356
863220
-248968
729163
489452
328758
6397
449268
-884331
-325362
-389625
63104
336248
-627253
757693
-473946
267708
904770
-311890
-612566
-318755
-539988
-126166
-956657
734078
-862989
-814360
826993
-369864
110763
-228297
193049
836887
-218389
-231309
-144433
-892851
-86795
-379567
124679
-292535
-64105
-529093
600668
667578
-963707
-921341
962316
561736
247896
-92814
-985663
512225
-709005
681679
-454107
592593
923716
546180
559123
-175426
-503030
938030
115246
-839032
612165
395470
293780
-62961
-394955
-730476
750568
-172326
-119963
378998
-437052
218242
-891489
367941
231709
306990
-711759
494877
-647816
547612
821268
362495
54223
957243
-81620
685546
-501733
-742702
-514704
985565
-747143
434420
-486651
243100
-982817
286955
201859
-778125
44043
160446
118207
806631
-60436
808992
-241039
129830
-718217
19383
476549
565426
-276999
389888
-940785
838654
192051
-559658
-321745
-140341
-349715
-136948
-187887
573549
434649
-713
-93175
-903400
-120310
-305725
447799
949519
-541207
-220519
-391044
667165
330454
154109
-95701
639322
-870242
-223798
-375535
995942
459982
-911307
895803
662552
904465
-396000
731319
868712
7907
-183507
-352379
620277
97007
-974441
-344426
-278228
994333
735655
-22030
-902034
-740903
76913
525700
-136496
416187
525151
-9288
692528
-869096
408692
-605918
575053
-339199
-268713
986851
-753634
-87716
471719
381153
449336
184347
-752428
-678371
563476
-692294
6847
466671
699516
-287393
444873
396088
-863802
788084
-361091
-738712
830067
798325
356215
147618
739478
126376
-232136
-112002
-151289
68555
-106378
186667
-412028
-177323
-229900
-951716
965371
-10276
-464508
-409993
695698
-475764
658916
-45030
767572
-954743
991384
973521
-65214
-139156
425122
131395
27824
-919508
25293
725021
-737971
-66066
-166751
-664563
473301
-15395
148716
-340588
-652299
906085
-544906
-727920
-692148
546585
742672
105998
159642
-921694
-690252
201521
400737
163191
-856796
-311954
-178034
651070
156744
555948
-535683
369335
505099
571201
-798930
-676190
115294
931814
-669701
-77360
903826
-256224
-185792
-800104
882859
169182
985797
63784
-925972
-456058
71940
-484292
-299084
-764465
47698
446891
533753
-571814
123120
-20950
309763
-191902
584993
357761
251549
736594
145954
380423
-127560
72334
77441
-639886
-684790
-944362
237017
902149
-601622
-281030
668414
-569828
-974243
-591453
559508
204317
-949213
701031
-242822
-390290
150610
-940756
463793
428246
-956311
209966
895072
-421839
-490825
389796
-22288
903614
612032
418988
-876587
-376141
546821
647048
-947330
-46043
427078
-753238
-311913
-531519
217192
747672
606836
-670298
-15574
320837
-62622
560467
570472
-105979
950886
827264
-12900
644425
129754
-563831
-744908
-600622
-727038
-876452
-51141
787972
256186
-766733
965696
-407848
71847
815455
-609768
-615406
143024
-286844
863868
393441
-629394
530979
270380
-744059
-906471
103117
-777077
-168949
856578
-185431
-98260
-928062
55988
-373237
173330
10778
524846
369250
857643
656788
-216380
731052
321889
-267960
-979450
757146
-877819
283494
506975
111067
115516
-78250
-29621
250055
-399480
-98796
187090
303470
-846791
-79514
902518
223390
914028
-383803
255800
917873
924160
635244
-794345
-765665
302074
-799162
651601
20502
-506339
-999180
999591
-473620
-550913
-686377
-328782
741116
-16674
94753
-615423
941592
57123
379384
872893
407060
-860341
56554
-467871
714
824265
763297
192229
48024
750746
367012
754597
-749551
312089
-657850
-399960
-957481
908797
-360212
-173401
-406816
770013
-64151
58697
586086
-788127
662264
-209922
-143560
-695959
263877
-21836
-849624
-362698
612827
626767
-409558
-428495
881941
960398
478127
-3285
-152265
837852
-764628
744416
689506
889351
-552454
-32004
155929
364823
674366
-250903
-409832
-83850
-146634
993220
742050
180008
-579339
914680
140805
-70668
-282440
-327235
-22566
-776018
-160859
-187956
-352769
-475606
137426
862637
524746
-415375
-541841
575208
715134
-126655
515139
44191
-915695
-163229
750021
-557371
157105
547564
-15120
-92744
484543
-52256
-999052
-42623
-250360
58616
-548467
345672
156018
-890044
992106
832981
-258719
-299860
999960
-692867
969925
-402946
506928
-890481
138018
299900
641615
882042
368051
134688
471633
-876975
-836552
-146595
-700122
-741662
-349355
-97260
917841
238788
-763783
61853
-482360
971821
462870
-518818
-315109
802813
-244441
48854
-303055
-995522
-619919
28269
-922415
802781
-144938
93098
895265
404756
-276723
829804
321898
321274
-229839
366779
-962152
-650714
-441474
-531038
-989013
150496
863199
362418
66951
-435133
450800
-43424
-939306
596692
581665
-336564
-577424
-472241
62819
-273279
-443063
-863391
703681
796348
-226159
-284033
884741
-416477
618510
-657699
145308
-499648
-531853
-686356
-206761
-937687
98268
391811
-510211
-329465
75935
590992
153898
-166213
-862384
-925727
260212
275732
-73087
-699367
-713868
399443
-932351
775700
-430369
-575177
-945332
-25582
260983
565204
-178211
917570
154914
880582
27025
-778264
195341
-907604
-118174
-502933
-120330
729335
683152
803781
-180547
-378925
114469
898496
-537817
-712036
260222
395827
-629997
-400698
398518
-834620
792336
923214
-247185
947621
864674
173750
39200
614329
-180870
388573
-237455
-447599
-817630
551713
856233
274730
461763
26661
925423
883845
-883701
113394
-721987
473669
120889
-117548
-655403
-20380
609960
-652283
634834
-510118
-616069
534258
-696352
-239727
-141182
-196734
277291
28388
-815874
722053
-260961
-174290
-311841
-40428
-946551
-707679
-107382
-489755
-933992
-439366
-357379
812556
571076
-623025
-91590
-204221
-653207
83226
-587705
603648
524118
300622
972614
291433
969114
906651
205523
-986748
966162
-447742
925013
641244
-3030
-721232
183068
-443616
613180
19892
-273756
-333523
-791058
650254
-117364
133230
606302
362924
-456625
-51666
478261
107935
-450211
-119772
-663398
745076
-376667
-754958
-8061
647704
210063
518344
719561
895627
653568
-551016
-681239
425220
625912
857692
-80869
-577292
-645269
727145
-759917
437500
690753
-458249
833660
120404
-131677
-549812
-486545
-695180
-419074
-801336
45862
-475910
-437696
541407
-283566
998733
833854
56348
-564163
201709
529394
874774
639205
73780
-305575
937292
-508920
-22230
691770
661918
-863094
998986
-919356
304674
784835
-108445
312392
-807301
18697
-962938
187550
309238
144089
483631
-206139
900132
296064
-564783
-191305
-167782
506123
-595552
-651270
806050
744552
997856
322160
986609
-422214
347884
-120746
761978
148410
361081
-596427
-698448
233883
-229377
626603
819798
-67789
-861305
-665649
-415931
-686496
-295703
983511
-859314
691243
-577029
-159949
-680062
-327827
15009
-288240
998226
904439
394874
-811188
-801838
-15614
213241
-212581
883988
-820111
566897
-84081
225042
-181543
-998573
847324
-934442
-682786
-621496
-510341
-895609
-56185
-426968
348044
-262453
572490
-220356
874124
-134344
273588
770042
-730624
-111288
373337
741416
319157
-77134
132081
-171651
465170
-537100
-879479
-744028
-45375
856458
-741620
-920193
831197
-246275
-721834
-15422
-681253
787044
-945065
309602
590419
-605012
-910681
-991587
-107297
-276794
4095
-67047
58248
-874606
742498
-979061
65154
-955194
-316312
912724
324996
990982
209616
-674089
677284
-616335
115817
-382700
-309033
836416
-540661
19812
233461
203836
327422
-912475
565558
479440
-910807
-55246
10203
515890
-590025
-468897
818151
762479
-41470
588786
-369639
-6896
-517873
-976106
-839758
201487
462657
-840716
-88479
888495
-497365
309079
794167
-926125
496530
995868
-738950
-304909
825197
763659
-369917
-572802
-47690
844147
772339
68179
308493
-561412
-97676
-564643
998901
922653
-152082
786302
240338
-616429
687920
-338814
484222
-79311
-148659
-916356
-821866
-481180
433043
969152
636268
-295705
964369
708362
-37392
130610
509610
-751137
504933
506470
-824101
-11811
-459715
746025
739094
962317
-126710
473350
593142
706240
-495117
-735776
-953400
320004
778037
-65486
913167
-251627
-867628
-536623
94658
768033
122884
-262633
878067
464221
439060
-322418
-260697
317693
-757887
-875256
-943326
772081
509521
-28125
873447
568402
793586
420046
-483134
239180
564598
528482
39192
-77355
272586
-448923
-897524
251323
481555
-264722
540975
-369340
358463
750107
66298
499639
604554
646893
750523
423286
27089
-739288
835754
-481898
9157
652323
369429
-381154
698302
56851
-938077
840642
-138513
-298801
390828
255393
-91219
589675
-864893
-879282
-731989
384115
464598
-508450
-943987
969998
-492039
-995473
-224847
791281
198822
-92028
-597214
632244
-87172
-135236
-365131
961511
-103179
-32755
-711799
-977120
631094
-476545
-892645
-352726
-676658
-379576
-158526
-75828
49139
331956
-743007
174815
971136
603025
32647
-531365
299102
-673870
47372
-314086
-128346
-459269
433177
727098
859921
-42777
257783
-188058
-137494
-945432
-872003
862635
-286627
462919
484887
378966
-745366
-410889
-677844
-465794
-815672
436867
-677298
-366540
-782307
-844893
896316
979757
76780
385564
281885
772794
-898617
455837
-492587
944896
-546743
332304
-107348
979210
-593155
535379
628994
141873
461804
566953
45704
843341
50200
-622477
-820447
228959
879133
-716349
70891
739720
570367
728240
-341916
-677073
282765
-838014
-363075
144453
-884463
768769
39685
-829048
-697973
-740237
913768
294881
552665
544114
-32970
420154
36810
125947
-474464
-345487
696067
681637
-676374
-944391
964482
327297
406402
873340
304990
334147
877078
350605
-839564
-911289
300191
-203775
-139225
321809
-453731
-949482
715388
368201
-182034
115818
-696852
-583375
519432
333482
501007
-935486
677690
544716
62073
878683
593504
-744991
408504
308414
-10352
481687
823266
120805
-482410
-702125
-718480
406938
-200218
-737416
673851
807663
938760
175593
418564
871139
-665956
-45719
-671927
904781
-366150
-927598
-117970
230705
551925
235586
649905
662384
-67427
-117030
-751335
931010
696314
465277
-121113
-437032
-982118
715726
943632
251129
-220418
-116723
301843
795947
-275893
920719
-799076
-204953
615044
-694627
-974659
905040
815049
-955074
14967
766052
-10810
-462484
-470240
868277
897042
-250077
759629
112501
-11932
292298
-395823
-423530
512145
898145
-334744
788444
-579385
456880
-431755
-505699
-278067
-243949
363921
634872
605859
925599
-902332
10635
632462
370138
-275725
72292
268051
-750452
-384493
-310302
166047
468363
343055
320916
-836745
402842
815474
-667239
435998
-236345
-84430
-530025
790961
-76806
650421
-979932
243655
611014
186388
643703
-22660
409326
-194386
859610
-980468
-405377
-143795
288441
-709745
-920424
-600225
-923046
351264
-488553
651155
460137
-816295
95956
471467
-651797
610446
478609
-153249
-439676
-517231
-361027
-197528
362461
-775989
-430164
-164315
495812
227349
437315
257697
920496
421371
483709
429487
839303
-333121
-98753
-399784
-65087
-296823
603910
378169
-22326
71436
826205
-894437
140777
34878
363332
-741654
-297139
373460
-518817
-174166
90521
665040
359042
-434657
418411
763217
-328955
-30251
-445961
-801597
-843160
-260043
650411
-187441
184642
-630185
-573769
-428419
-314446
-137893
-575406
348449
854213
750156
-659001
975300
518810
80663
445739
-578947
46208
835471
-384545
-958781
936159
391211
-85667
-599322
675376
203090
851532
-847207
-670486
-62962
545279
-53363
202082
-960862
173588
-225104
-910258
136928
-262789
-946070
-446900
-273600
-335034
536865
-746164
100886
-7245
-849361
435500
-684381
396623
721399
310907
240093
344021
-139172
109701
191134
-430498
206555
-306025
601742
-167742
828360
-602010
-457323
434556
-163008
-317149
-465025
860531
68862
-412144
-10924
976500
-449090
-803466
12138
839983
-22334
529288
-328518
993855
882113
98874
545064
428715
-985345
597475
35202
9014
-580854
-760825
-650064
464071
-303935
87663
635179
-248780
62623
-502804
125407
-960728
562939
-900079
-761182
104850
557430
579332
-825296
-702205
-54084
643835
390322
-768868
60090
870334
815043
-418630
-373654
894842
176151
-197635
594078
617402
-210951
455074
619163
468025
-663779
-385910
870088
240041
178781
-655137
438472
-957803
-29804
-277718
-497929
998840
499008
-811392
381781
-832688
152079
-300468
788350
370107
400813
-603940
-920684
74104
-686069
434905
902163
661113
992856
-673597
-139664
-672835
19939
-302742
994817
162021
713281
-60735
-359419
-203435
-379396
-226967
-544895
-597607
272090
3824
5610
152840
202126
792347
-368581
-31055
79193
-442453
241118
19918
488807
-335978
913596
-684644
-529951
-619466
-875533
303358
619957
664257
968786
-457645
910265
-390587
658293
-781802
204535
-165369
-667699
-66589
66136
896693
-893120
-124962
-92603
-359828
786272
579667
180490
-206910
194032
-547305
375254
615367
986686
170465
-272556
361225
784245
138142
613107
-163695
-731110
-15508
-261618
404840
69787
633010
973178
-754034
-547182
986176
422021
696377
703802
-476412
754472
-241799
200631
332789
-910626
907355
-16494
-959032
325569
181457
-475734
698860
-583937
-970084
-238678
-501257
520329
499152
151985
686775
841392
219496
-95986
-676018
-670547
529829
-79444
-314032
-38611
282658
-378310
-564188
-852890
-798497
-357907
870578
378726
-467584
-828161
-654649
645010
-764862
-597905
884885
863856
32736
-189090
-216727
-923971
-391540
-480233
88945
192947
269517
-606427
635236
-116798
-723168
765958
68302
241166
-622337
-803632
277741
601135
-461328
-827909
-491670
-558293
637261
-87900
565367
992876
-274057
741391
800440
131064
458926
-277711
-692041
-796245
-680199
494671
-781445
-282736
-670122
895574
-475943
306905
513140
459483
964030
-975553
-433186
-348615
-464078
-733977
307566
-875400
904975
-785906
-341987
446619
-35386
241348
-810840
411520
658918
213578
-791005
420461
-568889
-286043
-339527
598609
152122
188656
-194588
256018
-255635
18088
271547
-589591
19725
-128117
662928
281168
893050
13681
-333302
919251
38963
170743
236474
92510
-857992
-944864
58138
-560019
-300307
260183
-336156
466380
-898375
-461509
-848960
-195385
-494227
86552
-678880
436194
903952
-455441
-435448
764574
12730
199230
315172
-647037
-583734
-791209
-853570
477333
343605
756689
-982326
828676
95518
-438749
-934245
-268577
97084
-60625
428147
168204
-822660
-734355
-715095
-152863
-251310
-148246
985840
-422630
-310336
-726914
-168195
-361291
256519
223975
-936353
729801
564467
-791568
777179
-478795
600176
227663
-826235
948106
-945347
414637
-535264
951025
659878
881618
-602536
-613853
-528345
-510936
-517858
748501
-291889
-59025
408708
-110782
590021
825924
808675
997033
-659057
-594573
-162446
311265
579356
-941405
861103
178378
365036
863848
204385
-551616
-643495
464398
696760
-91084
767144
-712955
-603723
-507825
-604153
206503
244320
794717
-304182
-154631
3324
-174004
463324
-793631
-382284
-815214
196641
-945099
128809
584940
120395
-859664
515920
-622933
732351
677210
-699478
443162
-82710
-501413
247024
910678
168885
-151611
633728
-97068
856802
-8661
-13082
-158701
669843
611981
-352067
710723
101680
256393
164594
147250
997046
-869344
-897295
-636275
614978
-910270
326935
703874
-614720
-63272
-908465
62174
170904
-629848
-405744
30813
840226
-907279
-761608
760880
-224913
-95829
265215
-956780
-818598
923680
217239
831144
534303
-87211
464282
315136
833242
-730241
358375
-488832
-267425
273904
-645881
-294502
-939394
-857750
531051
355575
102124
452062
446480
-146948
-643698
-136637
71385
-900541
-594196
61252
-646344
-834637
395408
731418
266514
345138
-732320
-307697
267880
-203512
333500
969159
774135
164900
1407
-840761
843067
-33393
679170
-732662
424802
136383
939360
795674
574727
231780
-607106
-710738
966403
-715458
-589221
-822364
933372
661093
-228501
940535
-83322
748469
-465479
51791
307623
162216
-274659
-147777
-544419
943590
823171
982845
-776007
-621079
-647013
-603547
626144
490698
-615293
-337897
-280320
711004
-81170
-444279
153625
-572057
-121435
905440
-649684
-659242
-140021
-611139
-148139
-440039
442406
-500503
480373
441867
285341
425972
169514
725705
106135
-677818
739036
-988238
409375
-409603
-962071
-403121
705659
825243
687806
173186
185365
606438
953034
-709523
491693
609753
-134464
904807
103310
-264537
-290607
-735649
-51007
527014
-234630
-788098
-121085
-740792
590659
692145
774847
437133
-466192
-630175
170692
-757730
87773
882675
845608
-953975
593055
-45664
677213
-929140
-823586
-579180
-373219
-400266
-239408
519019
-575281
804383
-215091
122600
-239309
357897
485675
92783
737974
-196494
571761
-741316
-282766
26679
2788
-505861
200894
762582
-390699
-567472
136147
-96825
-160524
-347906
-379932
322471
777528
-596141
705945
-383704
142218
-496014
267258
-178313
196648
-811954
192088
-132718
70525
-282861
167230
-705758
264669
-39399
-114804
-671276
216798
19481
311469
-154292
227048
153398
101951
-50941
312268
-616804
-468984
-362886
-635219
63809
-992974
660383
808726
787353
-12981
349176
-835790
-596837
697698
-218676
361636
402353
802815
-65299
240541
-866210
240535
446654
-987429
-899341
-780746
-575248
41805
294477
-123425
-890491
-102984
-990386
847779
-196995
-182611
988118
-383009
-816140
-96896
-928168
580662
164579
257275
788004
665510
-498011
-278476
449377
-759564
759955
-40037
171844
376824
-889881
-5052
-954245
-406177
109096
-793408
-567113
-404081
-500159
923112
3158
-501225
272637
-63366
854706
-589660
956759
378731
409789
-892064
602524
-196620
652939
-878724
329123
615188
984903
-882956
-120448
-20190
854019
-445794
783699
629415
-998138
-210449
-19131
839029
-768722
457737
284432
360176
-240492
-34161
-741135
-167360
743031
-963153
-518732
811039
371518
114249
438004
-996836
-260058
245836
637393
-341146
-842349
503502
-77443
-339
-563205
-818419
-502975
-62295
997356
-499032
-607655
419106
-750909
-336370
-977333
-539717
623892
-568357
-382870
-484318
-848643
568173
112557
-659092
158129
299986
-356837
807838
665633
334969
-842160
686061
915493
-144196
635909
-913969
-386635
-613068
-305342
-578144
-308778
24958
-192553
-210635
-259185
512300
-104369
-226523
-857691
36185
-201332
410865
-73214
544288
710870
755550
481398
996998
961605
653167
657819
-511547
641768
-826376
836955
-51399
-256152
-838850
179285
-574950
-194867
642635
439180
-312466
-350086
-924805
62393
533906
922110
868788
858135
-210769
-153215
837279
-182393
-49213
-52386
649030
449512
982182
89154
356164
314869
243071
114320
869516
-624707
-631774
-540370
-732529
907753
-954605
-553449
-287009
470622
-319511
-379023
230982
248494
-897824
-357601
257234
670877
104265
201408
-98637
-55698
-28065
-744453
-207143
-930168
-868602
-619745
305958
-405220
-295074
-883050
-2481
-866354
-288084
-818253
-496547
-198958
-389816
403403
-980230
-661029
-200956
-95003
528722
855371
-406077
-247698
566274
383402
-188238
-227853
-345745
-440335
846134
-600659
-952925
-284953
-7313
240305
188371
-638688
-51319
-753434
219278
982876
-461854
961144
712866
272938
917015
781918
259170
311973
680395
-363812
119396
-583285
12343
156780
378136
-260790
761879
704302
-843502
370126
107560
-54736
666231
-622925
866764
-567773
16557
700947
456199
-542626
-472521
-267636
-889124
596071
473287
-240456
10913
597168
-307498
-497991
885716
219900
-781068
901431
-748515
648699
129159
307950
300692
135825
888906
-815558
-452592
84192
-774839
-979140
-104599
221428
888876
242812
470373
-226775
545395
-147718
649080
355574
322001
963102
-37416
-578786
-380833
-516993
923065
-349066
732016
-334243
-361941
-151655
-903197
57394
-916573
976324
-880163
-384023
290858
751311
457980
-275155
827538
-825066
-989634
-495860
953707
-272274
-535079
-235158
-735740
-393203
132625
412064
460954
516378
391310
-428095
265910
391043
422550
-961837
-215269
453036
-323793
-229078
-411318
804227
-636803
61880
-966818
-276453
982308
-646552
-115576
-402024
883151
-803143
-284349
676988
-602015
-801662
-623086
214062
118107
355717
502127
129501
616950
591594
815417
-588084
351123
-464194
-58881
-738991
571778
-904460
610222
-484216
-484488
421751
-41943
302869
107860
724279
74854
261279
882863
821213
776652
-639380
383343
5258
665366
-577354
-9648
876861
955526
-35924
-720873
-545172
497398
-12654
-901753
987216
461893
327744
-983360
535087
292876
174278
-542423
794161
795310
-165826
-418058
-9153
-683479
755541
108762
-398917
-154924
-765928
-924095
873543
-616547
142774
659897
-415273
571375
858134
-941389
-512782
-156876
-591219
890313
896292
-15747
830380
605476
65814
-116891
-477029
-711229
-403130
364192
-722085
-930559
-298723
-867736
60956
937447
-742437
765480
620823
478684
217466
-550871
456042
-43477
-461001
334074
-132199
-41694
-637043
-752174
-121677
593031
-937057
-887884
-922720
-407994
221951
63766
-242049
298503
-706714
-204525
269781
-546537
532835
823953
447050
953603
-40925
-491941
-621108
782487
-324852
-799513
-317346
-74297
679636
-929177
-372072
-292226
685258
-46273
540
551394
-205418
408815
-290936
-95756
391642
597172
-782766
523472
-188451
-882134
519267
507913
-117413
712707
176897
813470
-795114
-575419
843763
786219
422364
-269935
310296
-84544
585855
-74880
-305386
874662
896788
-474838
-198476
-387856
536508
732609
747835
661170
-336808
936438
-516443
-86674
-97471
419361
550370
576629
216639
-610626
353441
-238958
-788673
781896
722693
93983
768652
493365
863466
-564855
-461245
581380
274895
889097
220805
-787581
386311
-150627
732281
-875390
-681134
-521570
-24732
52605
-598932
-681094
351481
557886
550964
-802559
294947
-832543
-401371
-371901
953500
-908691
834257
731469
-680940
-848839
280646
-68731
-673165
-592045
-437745
-350690
-632757
946656
83015
-396773
-349873
-91836
-716022
652507
454067
-144285
-723852
778105
-385805
550293
952258
-329309
787373
516725
612668
-528828
336169
-227656
-483636
215241
282768
-2804
262455
492772
-65292
16448
318604
-18110
604979
-814920
119516
-504535
-622963
350567
67785
-153735
-119973
-378729
7903
121415
-127140
-445357
686507
-868028
780134
992972
-588351
-841048
246741
326991
837004
775673
-215585
-472991
-710047
-767228
-476798
801959
-509994
-788703
742701
926166
-994110
-297444
463100
-945468
559125
531515
-362893
-654503
-431701
-623849
576718
698842
339346
552469
113609
-661266
-267894
-793678
452604
595912
950962
156618
-110179
-98732
-548945
-408784
667729
-20715
715847
744472
-964801
-679972
731034
-189973
-109470
207806
978368
522520
809387
735607
978894
-541554
148520
-263058
-272782
-909104
-749125
-232544
-108636
-769662
-44201
181862
584630
-917053
-565591
715324
991744
936014
-465806
976508
297836
-692215
-835579
132572
-893494
-31694
945022
181390
-946159
751314
426306
613346
76446
215073
792844
-889704
260694
604904
-107354
836078
-512667
-424068
60342
861758
294990
69517
-104459
162481
-233796
565502
90038
-105823
666278
641193
-533437
-68812
849003
-84037
-578792
717528
535251
-655416
97354
915433
460742
-974656
-916830
162479
-845972
219499
432139
759171
709350
694711
508088
-815151
573905
-701362
17702
-98022
324533
-262083
-106293
400273
623630
-693684
-949901
389504
-231674
-799868
811743
64294
90825
-178133
94011
-383827
-129069
-869484
-812484
-578602
-992652
-723907
979007
-267358
-730150
-223785
104134
-887129
-59822
869289
287632
-830312
-867296
-635935
687243
-645636
377192
-792238
188212
-743926
-551367
561765
611756
-571606
258675
-474758
-478216
439982
-345858
738442
71646
543151
301160
-20645
-566721
-218173
864508
-473345
801194
-205591
-742630
-394347
869288
-660876
402562
-878819
192676
-846574
-995880
47101
-156530
2181
448926
-849644
-329240
416475
678532
-497673
-676437
79978
92787
488723
-801377
908337
468932
-115488
422008
256507
-992207
530010
-49413
-694126
495864
-941745
-321611
483677
-922573
697347
612072
-191062
606939
614155
-742151
-826815
319453
-539132
127883
440697
-771583
976737
-517325
-450449
802390
-701278
-879262
68902
-502908
89757
814582
-887456
407818
-670415
976805
717293
-96000
719392
327407
-421524
-200443
215446
-147043
-620218
775383
413378
313228
7542
-236264
501027
-228456
-179758
249033
122485
278151
-278810
846452
-51357
893751
-111971
693631
984300
468121
-773890
820714
837871
410128
572301
332771
834501
-357145
-119251
480088
282250
556008
579519
568921
-68166
698211
956227
-168663
-382977
169947
624330
-957050
520595
958730
981429
-773448
144648
735874
-230191
757812
506860
195420
-700587
209730
531317
878703
805345
-241223
71258
424569
-53496
-772715
539987
632318
-74744
-174996
-74206
-526872
-428144
-401481
231954
-269876
-912879
-892901
-227472
-216184
-405696
676629
-166450
-118082
396040
-222675
-157409
196811
897349
998711
-463529
194552
340826
449247
481613
-457376
-349599
310808
-724547
94812
546846
-462535
755850
385891
936177
314168
-880534
-411864
-828876
334892
744832
842413
-937495
304468
-240313
275572
-773549
-234099
581351
-808650
620561
178185
-750682
98043
-570932
490716
277967
802749
-713548
-223114
746952
-714993
466769
859719
786514
870518
-160364
231451
897466
-953727
-810911
-209301
-490595
60512
-940647
535254
-599758
301546
-300444
609264
-264531
658543
-525
933841
667916
-33615
439366
895122
451297
-493131
-849865
-503475
-150116
-523021
-612887
-383237
12433
-48747
-665965
234415
379000
455862
947194
345762
497482
-703418
-146806
-63457
-401093
626110
832264
-535734
-976458
349525
743094
-851548
126537
-369357
-745562
-790991
-783068
700153
-58090
-190762
-305685
-797634
-62431
-25189
760764
-569058
-684145
263288
164839
381140
954837
-755345
-150318
273680
-167620
-733166
5390
357570
800162
-575840
-909704
198946
887902
30192
996964
47050
801030
-598688
509777
719264
719726
587848
-663683
-588773
-309832
28971
828465
278879
-569829
-206674
-100545
343214
-455663
-308209
882679
31273
931059
-758908
-139586
-755599
320044
345490
572575
872929
-65844
317206
-921745
-84161
426355
183560
460492
-271390
986143
689869
-855521
-872117
-711488
-431719
811798
-523599
-790686
-297198
-466499
-344682
802735
83293
-668251
405118
-231406
766043
-998056
402444
-441220
-235317
639613
801709
149270
-211268
20072
-167536
692359
714753
215891
-696972
-494160
883148
624693
-559163
-236688
673420
-332383
-487514
-895756
-289414
-579917
693288
-142779
4512
14478
-475938
415212
-879171
-510093
71018
-145667
-943522
-651636
-74005
535669
-788153
294229
535767
974639
361775
150758
780523
364468
401201
380130
739890
-475380
-651594
678316
37525
700295
450405
358774
448957
772522
-661726
-618275
359161
3840
-330358
-629467
-277279
-731824
-74251
361198
-557534
-584256
232907
-741779
155291
-725538
24502
11027
403956
-230918
-274859
-689349
-463867
-987549
674377
270183
-937111
-952054
114349
-784482
915749
14535
902083
816381
-937516
758819
-664049
533074
389464
573547
446922
-399452
-641135
-245547
497462
-135654
912804
-528413
331033
-689146
-28787
-454361
925631
902758
-718604
967012
130663
-464489
577409
-976559
-682823
-782752
-745167
348516
-984229
-138035
648063
89300
897759
-797987
-47057
295488
312774
424041
88844
-550012
936485
392260
763319
-780526
218071
-70863
-603698
-203151
-20491
-585930
201731
-882420
204084
792101
934463
786831
-843364
790291
-593061
906989
410440
756154
-223280
-268374
600944
99890
-863459
879429
152540
-620101
-139725
935549
836454
601524
-399025
-222231
-225328
-461347
-224375
-240814
-552085
362834
-221348
-24366
559005
201595
-43028
-301939
-810590
-63398
-788412
-679344
529027
225283
377406
180446
35694
-324711
-806626
974399
-23558
167054
-920146
149656
-356409
-383072
-991419
-490143
-365270
-437170
385351
465768
684934
38779
-769352
515895
805823
-408595
52143
506481
-867293
703000
-733294
-401258
314640
-469583
-530204
165490
798535
-860858
-171821
229825
345930
42254
157869
282140
882393
93082
395080
739483
-430999
687351
-258260
707679
-125170
-117288
-511330
848927
-85629
34877
-868830
894027
-216191
811324
-308027
822750
379333
40755
792330
-105487
766356
-211211
-83369
-221190
385353
306316
4791
-907844
-735564
679900
845985
-748004
-241903
102562
293690
-569162
85855
-833473
777481
-134864
474017
690182
969817
-547558
-388065
-755386
907812
-624345
134274
516006
991368
232985
529434
-296206
-660615
226487
113111
421814
880682
927811
-130772
-367034
839874
-857556
-488100
320563
119522
69106
-929810
-379412
-162021
478395
-865673
80301
888266
982782
7153
-25514
813864
893335
-355442
671348
-644015
-797253
-55074
543740
923829
-658068
-86768
848818
912981
-988386
120577
-455642
61613
-630258
-899286
435003
-381794
-434385
-505197
428723
588268
-113247
-619834
-838586
-450937
678143
955487
-826563
-598856
-623431
-527717
632344
426713
153098
-382182
-438408
282735
-566136
-894490
15457
-285926
270457
680752
239265
503682
-905345
-693082
-845802
-360883
-474351
-337407
-278947
228789
892427
80825
31199
802081
905806
760083
-282365
98086
210115
-143683
-457204
-764684
561299
-78597
268578
672500
-634908
8521
-710150
659282
146836
206493
-199795
600161
946615
352700
-619003
929925
343012
-670517
131400
-407997
-280602
-63134
-666037
-222271
267482
-703790
-591605
19437
-376677
612470
-985934
717411
565078
160915
915977
410213
66353
436102
-120843
31301
-265588
-328608
-466306
114442
-122662
-981920
81944
-108184
330659
-332111
846088
409807
148452
360606
931677
13286
668158
769466
983121
-312275
-448017
-426225
-72738
-171779
33097
-806057
-966822
-503340
-79899
-453838
-252814
985400
14062
665611
-773524
-18633
-327685
-196448
204303
-389371
72997
82834
-997981
379518
597727
59550
964536
838535
-453392
670660
-384847
595210
918359
-313810
519221
-918584
999694
-240911
552314
585414
954423
-49276
-661036
-579269
784215
-694071
3247
-66002
530702
-55038
382709
-431231
854350
-647855
354504
-777908
252441
152706
-849985
-25411
86783
191571
-746128
945344
541025
-154926
-777210
941931
651002
-841780
921361
735964
844988
676875
465499
57641
-461535
245035
-68339
91609
146954
970537
-212977
-470993
698657
664509
711012
-983717
356074
526153
381511
-987797
-705270
-221038
634675
895129
544984
-749333
-977554
-263658
-172378
-749604
288171
674338
-76933
464465
-822137
-773154
-886426
406022
154932
-934655
679401
367137
-409236
899960
810193
-945194
604123
-442005
711749
-521765
-60067
-643926
-53883
52663
-783836
-433361
795359
-985793
481620
396324
-497810
-792294
-478968
120463
-238137
259382
820546
-146323
-784996
-182621
16
581208
-956599
-630516
442491
-147358
-352687
-492022
-678169
-212648
-235163
-628092
-883952
-358690
24322
-717292
-480183
902181
-423128
-949757
140389
496442
-164781
87226
-897771
-737570
-280801
961990
697681
-641487
-70215
-938727
-403932
-580740
826725
-420524
985721
-754428
-614031
-169421
-979646
758230
-631404
860714
730524
836900
-856567
343964
-229403
-502156
9617
736275
-61947
307711
-631847
919971
944874
-51234
-526192
786218
-886118
394475
443936
-476528
576110
350605
-126364
700523
-689627
-962958
-805383
374533
901613
566478
721813
-853857
360063
570017
-731706
611425
57301
708918
-893537
6550
58187
924791
-148862
-460771
-600168
-999822
-430376
-866828
964796
-868653
-235892
23067
-584155
493057
504315
57349
606901
866093
-560630
-286707
-966155
-907435
-939454
-205227
694272
-444429
820849
250625
88418
724565
-445517
-687247
604157
-369140
351552
-180133
291466
-637935
583495
534055
603800
279644
136872
-62874
-990971
17379
-192299
365474
456762
884508
652282
693296
-529400
-879843
667458
283335
-782977
977090
624791
-906739
835346
413063
-251669
-962411
805246
-487565
406592
-936364
-308174
829116
127544
632236
-221777
967830
916510
-569282
844325
-357015
483359
909254
-830478
-942614
-442995
-688230
381510
960106
-689173
-637907
-254649
-369557
811948
-135723
244358
-925179
249176
-789990
839160
-125701
-590459
-488049
993952
590778
753886
-69783
661114
-610815
-945526
-868638
758465
142376
-491317
-4708
-161952
298498
551427
-339091
-867483
382856
794392
-861635
512303
528920
-766347
569997
592424
-473207
-74109
343821
-392461
-419599
481221
71258
614444
-293426
-104949
-109926
-254228
31776
977119
-748678
258256
-160134
972276
-309638
649840
-323076
757620
-854801
-850555
545592
646294
-462844
889984
795901
481782
-725329
293176
511982
-959439
446589
-624954
-772151
-780689
-132565
-36019
-155274
545244
617175
-405038
-522996
74810
734865
695420
74656
468357
772249
-998964
739947
-831847
-33235
615750
143084
88208
-725088
999579
385821
-399836
-53933
-643873
-232445
262487
-82848
-639573
179345
-897645
328289
-661145
713217
764181
-643958
566590
557706
911443
-422771
123030
443351
-16946
-252839
263942
233893
509147
-804560
847800
-725247
-241925
585903
410107
924195
-544043
484748
47293
936261
-969991
-870113
-543585
632701
998511
186947
162182
49187
-146960
220769
-150284
-490418
-367096
-708109
-866064
901033
714250
-615261
-688631
-220131
-67429
-811202
-534880
-601056
970245
410502
927748
-434924
12453
411423
-482277
720456
832263
568787
-978269
-988344
455140
-574810
187534
307440
361926
148902
597314
873034
-731232
564123
717451
-689908
-687684
358595
859989
291464
446639
57265
743545
944311
-300839
-53403
19345
-62730
-24045
448136
-185762
678095
-16188
-943316
-708162
-838899
-781920
-602512
-46825
-208984
-235985
697846
-601714
-315714
447185
289552
-835671
872053
568687
-736283
310465
566555
-544856
807553
-203154
674902
384634
-967142
458305
-553211
843410
-409539
-21570
-405689
873640
-280871
-390238
923675
-523393
-401959
-940264
-111694
361196
683029
-136956
-118125
-936802
600329
-806119
762816
810538
-469887
635979
453633
-194998
978167
-910491
454158
-488148
-788504
776427
-480379
575386
-467195
914651
-475697
849482
-499512
-828687
-373350
882461
859724
308298
-926765
436818
891494
374590
633829
-80656
-818078
89941
-183924
42594
378349
618003
588919
-79905
490624
18282
-681493
-817788
-537437
-826394
477433
528575
-11845
421395
898218
-188995
301587
-362932
-700833
-547887
252347
662855
-160772
387103
225112
336895
-208520
-93912
367664
906198
-497568
970459
-906099
-356938
-757066
-382165
-973307
508700
-796184
737136
177670
481625
-723850
-356113
299427
969333
-371600
492909
-343719
266434
132298
-970032
-693670
-765194
470632
-998645
819229
251260
-12359
263798
743767
-569356
821175
81088
-331422
-819743
-363385
654762
-705939
-237995
201935
724692
861861
-858671
464431
83470
-459288
-828920
916122
-19496
-868119
925465
761308
-633696
423079
-936607
274410
735071
-574671
-105353
-118970
-867991
-829580
-275299
564902
491969
769476
-815398
318643
-235309
92247
929789
615638
-487166
218978
372952
-634209
676419
779579
-745437
-365835
983844
-758102
-9223
867479
501233
-187590
958924
-734149
882534
670756
256574
-332376
-258750
946046
927497
238052
482551
333618
-418184
620346
-976525
-940699
636876
536125
-837236
245738
297951
921248
260350
55010
-533007
-895342
897472
-409032
771501
977752
30022
-693064
759670
-268655
-627545
148471
149623
-680403
-989543
-529798
-369161
-745953
-251367
590980
725412
-517400
-274179
-176618
889603
-92187
-444458
-114817
-682457
-76614
917918
-269262
-682333
678946
-74199
301906
547627
-236052
-695809
-357772
834268
-896390
695266
277947
123325
123142
-450459
-560518
85105
300434
886617
-867371
-513147
-541041
913571
-600100
-241767
-209060
506072
-894922
-74778
931532
-443343
-510708
-736857
273154
397477
48191
-785308
613461
-308719
65826
-483538
-841675
-94277
-369053
-909295
-652872
503498
678971
-208708
356107
63668
-925636
946073
-433920
-748623
-56657
363946
755886
-558907
988013
-122943
291470
-48625
373187
-70616
366897
657308
-447372
591792
-423493
-277329
-265750
367378
648221
693260
404790
-579810
-71798
-596454
365049
-872047
-759977
2468
-616210
-673838
922107
-710669
850710
-827282
-417045
-185923
189734
-855392
445487
3577
482869
-397177
742335
451396
506700
-802868
-460124
36933
-649211
277788
-920132
94905
-292499
715275
-849223
217120
342279
409881
954963
-987600
821553
680853
927713
-745516
471383
329477
-417155
-824688
-955322
53735
428517
294059
-319110
-992361
-152461
-68142
125353
435263
-758301
-887936
442201
-22551
-189502
-471047
766337
-645737
697599
766174
544292
-361692
-424614
130156
-224374
392910
242946
-213147
337569
-917557
870171
161746
75727
928187
252207
-505962
-356349
-402392
293194
-485171
313263
409144
236596
-558867
-14662
-449256
-442158
-377024
466343
11277
-214102
-63568
-590767
743280
-320551
931026
-353854
-224660
-987800
-840095
-719916
959012
788979
-84774
-434675
-544138
415219
-388464
-888993
115049
130124
179806
-712374
659843
836931
-602964
-450520
324852
-814149
912937
113202
481603
-941207
-925305
-537703
335102
772491
354545
-528959
-346684
-386508
525481
-678930
766068
-83564
-137579
-392441
-524104
167409
-846919
682967
-939327
111704
786538
168284
-543976
464551
-292706
480691
-849366
51220
264171
-553529
700951
-616206
-710305
154873
-412387
-471233
554870
459219
823937
-842874
-864980
-963053
-890294
-249422
-142578
-205359
500596
-501289
723361
436051
261192
-787391
266801
361173
-294620
-594246
-679718
-237335
-956511
-702700
905982
977083
766114
-326643
407621
-643606
-228768
871006
-389829
-869822
102117
930180
787214
-123703
-430639
556977
-861327
-106588
708505
933653
127681
-838348
-741838
-442150
-200358
920652
-408983
148756
968861
-620538
789561
-194814
252181
-439717
-68005
479380
-731583
-562291
-366810
493174
225015
403828
149808
120066
-912220
164898
-797174
458571
878666
-229727
-603640
241322
-16321
-860314
-772934
-603525
-338820
-357193
-360299
946169
-519584
566619
-698584
901427
-317359
-582493
923247
351034
182120
-663996
-982373
-51640
602731
-930533
-685315
748662
972831
-517621
374867
551230
-348199
982737
-598174
952756
-835064
-469880
415247
171607
-12164
-740723
763298
788142
441087
942851
-617330
-131273
50198
996344
-37523
504270
754811
-806489
-488888
-244893
-553228
571377
-85808
690900
-710804
-342965
-174497
135621
189891
966133
374023
171016
-252056
805317
957084
-489010
1071
-214037
-513345
531558
341304
567746
462617
-831712
729392
30317
133451
350693
-499370
704544
94783
-980197
262501
-122057
446314
-798163
715314
616765
691639
-715207
887013
292582
313786
-819153
-581420
-81393
-723219
-484676
-378585
258293
79974
323735
913619
944824
-114739
918499
-829960
-493896
-927643
-758339
66760
-198112
-239824
-632070
379312
-254094
905183
147079
-894264
850683
61193
-962362
57726
561803
-145074
505898
595813
219371
-379537
-419326
-383069
-519585
22197
-35149
-697164
515925
-890930
597550
-228203
682141
548072
-434271
604326
-890790
323692
-801917
-277803
-563263
912108
96155
120789
24829
-671860
779633
-634715
158309
-415423
319340
464052
86652
801552
38349
700964
675118
413164
78508
25291
-351762
-147380
-224000
67614
152679
-606602
174856
68708
-518502
188837
-299409
641694
448327
393652
29660
924965
223012
516212
-638370
-325708
-529802
264173
845
176052
821431
876030
-139869
207225
247073
-172402
443483
147459
-786604
-227448
499903
514216
-446481
708746
-902131
927058
-185169
578838
-59580
679025
72299
-395698
-895538
627074
978426
-188024
-700755
29837
-726617
-219245
-523896
-591184
805298
-524104
546748
-475848
631394
766819
-184101
-486770
649231
611382
-410617
534276
-203142
406349
-136220
856294
-340637
231453
-571968
884142
-96182
-558680
-696639
-127395
369503
109814
708887
628201
363728
903220
96402
-556796
672953
494724
-257867
130496
-720764
462524
426708
-638953
-55282
368750
-851029
-595074
-497179
-835202
485431
161972
-997092
943935
-575591
320097
855431
682381
266438
105964
-286957
656389
345050
292254
-922411
-363510
-878291
994030
690001
-424547
265890
-520879
611294
-72177
-946588
-625723
-582232
588032
-507042
-166529
817770
900180
-330993
66726
730715
-902202
-828835
901534
-327643
-984094
-324795
312185
232343
188296
-428507
83402
-373500
603548
-607000
-829809
-72581
785923
383552
282133
-261148
336031
-399758
-232303
908499
-604338
338932
-210605
612351
311248
-108616
-166004
-188501
525948
354868
-386883
-261717
727904
220912
-949691
630369
343006
-68396
-835789
-55798
683549
124334
-144402
579884
-90885
-517343
-553446
-231144
746657
588427
237754
-295663
126526
375600
-750600
847236
-974760
435053
-929931
-127513
-867638
-120297
-654676
-504985
-736837
-752198
-79813
580874
457291
766514
-706487
-474392
-126238
-43577
-155714
-215249
-285974
-463816
-839366
619040
489349
-104525
281842
-345174
-363236
215212
247019
602594
554930
148408
-508258
-929617
324933
421697
308031
656280
512541
31819
-494231
936658
81474
844787
628932
95853
-788388
-800193
-244355
995931
150521
684924
873650
-425119
-639133
-291480
-372211
751346
-926225
-248235
-532664
580457
-996464
754278
211396
-358991
-916576
295704
674814
536376
681029
987626
-637052
-809062
-24604
-687278
-580581
908603
303989
-108831
447123
-560002
-576405
733050
-937688
123735
-930109
-397153
-5583
-736634
358339
-573131
758163
-728073
-677941
-459683
874611
907164
-590912
-133220
930160
24274
-993634
151301
585937
-578522
198384
-20818
645837
-328123
-661830
706903
-17597
825919
584113
657486
-283856
925650
504134
389479
551262
-42600
271979
-466806
-213717
505504
814378
930111
167192
613166
-127785
-222207
-351388
391281
-987078
-394592
584609
-975510
-327924
-514012
-164494
463957
837063
-498661
420857
459982
-761598
-703888
-28850
970885
197374
742522
439831
96494
903971
-412848
81957
466541
-81912
-830068
759439
-887945
201325
416563
-972116
-859727
67387
-997476
-77388
-897355
592723
-21334
463118
-128344
-94751
507080
-281762
665019
-704797
89228
844584
-18737
-412803
-630102
-890334
636537
940731
-711239
-619340
-250315
-537091
-366660
469410
-991856
602964
-70383
173543
-779765
-526036
-576441
256430
424471
348965
-655853
-948199
-244943
567058
-112391
-503337
-924915
-538857
637074
125623
101250
-940190
514284
288503
-838887
-55655
55661
48999
472211
782579
-832583
244215
-722720
-752840
-695716
-886458
118923
-88049
-237662
851922
-401303
53816
860809
-669398
-235850
-371847
-247370
595425
43874
99712
275358
529484
-83743
-800081
-107444
-545430
-355743
-620907
652913
-264528
-406297
73586
863047
787912
711875
959131
-467875
-2001
881455
-811613
358828
693794
-27022
-220107
412365
524470
944258
131978
631329
920779
926643
-707217
-836378
13144
-677901
-699012
221643
-440589
660824
388308
-50362
908958
-282119
34729
-993816
-901566
288153
-364390
389590
524109
886667
-229444
221328
892698
-908584
409297
-633200
823387
354943
-875775
-290896
6584
-912733
870541
686772
-185557
-509332
-725941
-229664
-201441
-6802
761677
-599020
209989
-288764
503965
765412
-301064
-273207
-469903
318159
-295973
601258
757263
458578
-41656
-717672
-264421
-312600
-282336
-154950
-808363
-786071
693683
-1347
658420
-382446
-574427
113057
-624014
-943649
710484
259229
14404
-17655
-16738
765418
715302
-2161
167263
950140
-247962
522163
11328
-428937
167479
-596371
-361503
572874
-330615
785150
223544
-385396
686419
321559
299842
-140968
-676989
9628
-853347
143444
-975270
-178367
-766302
-316831
-646084
-289933
316110
625329
-291036
131955
-177328
621430
368836
-316496
327987
-577613
575899
846093
-185457
-760330
-517506
-918683
-885723
-866921
-913112
-923547
-67580
963391
769184
-314610
876755
993788
779493
684764
81366
40752
202911
916532
155702
-216764
277433
624526
-779732
-877387
-325628
500951
-322671
-148130
-80376
-354438
408758
269031
872187
-312583
5060
910883
812816
-300590
998261
-935932
-671262
305675
-554523
-371908
630896
-656298
832049
197405
302696
-5821
222296
-508651
25555
164936
-201899
453372
328871
-483130
104965
-327873
575227
377415
-983804
562665
-265714
523536
724753
443545
-525611
567461
-591563
-131849
-168308
-248522
-998161
623803
-549359
637055
707353
641240
673065
64910
511703
702792
-474483
986120
839326
913503
-250915
-886891
-390351
637378
638693
367175
611847
106603
926497
774557
-885405
424830
-397270
-772229
585941
-810393
-157461
176930
-372327
-772741
-659000
-856948
995331
-268558
956803
-414001
650889
307486
911221
-580976
-43119
386415
-786156
-964553
461555
-925478
-370806
428133
790294
-806160
-415560
980680
943254
663111
953944
844445
-48351
-828496
-631568
834795
-369256
794878
189570
858820
63058
193557
457999
-614081
423644
956219
511683
521490
716417
121473
380785
501277
342800
88446
638365
-857329
-398367
-467953
993546
-634513
-977470
912891
555675
-639647
740889
-206674
-42038
602156
-552348
-330491
-223425
-644993
417577
-671836
256994
-505961
587159
-357842
965753
-525846
-974828
390337
176187
145126
524809
285336
-376939
128534
516233
-52436
-744641
572566
-526766
-372511
-921633
-235877
-306382
-485037
-522999
110533
-859001
154422
-3294
-753096
-445638
88913
-788750
-525999
-475252
-196855
171676
238326
-703018
-7101
80349
908350
151478
-478081
-504021
852354
272119
-181527
-441543
-234603
789897
913352
-890553
-518133
517502
31731
-735287
-498424
998496
-323245
-463012
755233
348834
-569814
253812
96681
880392
-958872
-763767
697108
420322
-149647
-471194
-307837
-424019
-391797
697855
-482257
438261
-869998
-162605
888650
-752547
-537856
927099
326659
-711164
-105281
748597
617648
-242666
-660999
474813
631491
39743
234973
455842
528925
-168538
-801127
-343433
541244
896923
603294
629269
73249
507564
-70313
-378681
-229452
918172
-334884
-291607
104336
127501
-598798
-429999
396469
-732415
214718
402948
-312218
-217384
-677182
703343
894264
-746817
508359
132894
382049
-862770
-923137
184826
724655
20527
-275606
-344880
762167
-310794
-170475
250125
-277416
-546453
-760365
-365471
-13697
134738
379516
969874
-498599
-522795
375296
817105
-444944
192045
-711321
-961586
548702
-360038
766575
247007
-40130
-400252
487371
-351929
823651
527099
-498023
238269
493330
266677
-782901
-77440
958778
-78367
489206
-280628
-755685
107106
579866
-352731
260251
-460716
-54225
816771
-577064
-810446
935334
-868152
424091
-726597
-922880
745097
-611622
653502
622928
616431
860796
856632
-701777
285772
488004
40048
96803
-545885
-334575
492635
305174
636592
-795309
169611
155326
382822
-959628
252417
280897
868292
691286
-678300
52855
-897994
-500421
505722
-86028
-648402
621536
133811
661169
-870154
-775638
312951
445351
924469
-939465
-673714
447101
-97885
-883142
741307
-331820
307547
-414907
-920697
-843264
699935
529777
-113038
221
-318825
-967133
-513948
146666
-359656
-169173
-534971
-33407
-169447
-365246
-285308
22029
216364
888307
-566273
875742
465744
-951673
846893
14869
-722191
-742764
-853629
352634
650721
814959
-801964
-2293
-692618
-117390
-153467
-608201
842382
-714897
641022
74729
674952
-759726
591001
479242
-933896
262111
-791131
840508
-594667
-132431
-550170
-595282
-588179
-357076
940107
415749
-219581
238124
483903
526050
-412310
-936420
3632
62604
97212
-622737
460177
-64030
-494724
-35723
17020
110088
562701
-274755
-915595
690209
-859971
714940
-76302
-694941
378622
888631
216732
-20552
-532161
599859
-838310
-565769
171095
-897413
-824258
617395
-734430
-991523
325361
-622306
-587038
107695
-71309
163039
-168869
928306
686055
320732
925030
-935355
-46982
-851268
396805
-585294
221786
-377877
-763413
-156315
-822082
881960
-221153
240270
440170
-138730
22170
953877
616662
-925404
-932499
427939
-753233
154855
-620182
-360745
-167486
719812
-892100
180662
475622
-840208
-653657
951886
-228338
730933
-997411
150896
-655687
-692836
-111769
-647495
-191883
459342
403198
-701398
-1280
466557
-783363
-462855
140758
584405
-100129
949633
-742843
-299440
180215
-529992
318053
-113775
407578
-446952
738514
70796
263868
-768000
-921030
-370677
686561
230571
-902712
999888
-19008
596288
537948
-894184
-779890
-516848
-834402
-364860
-611809
425125
283898
442437
-96567
419543
-479886
-926744
220496
-199071
500716
-182694
355164
431462
-614980
-950588
-823482
392765
-408884
-144531
263642
777055
614412
609672
198750
-162332
-267786
-193987
950073
735867
868034
328253
493184
-222161
-315898
-757425
-286805
829380
-397871
99229
-73439
8859
-502461
-367693
-120243
-28845
830996
226117
-364397
480946
126014
428357
279746
-992989
-513454
216806
160597
758954
96862
737889
-439159
-223028
592032
768980
114105
-271440
22705
-517711
-44824
330944
-102354
-819635
-974100
-307754
-679328
604087
-374829
880590
691559
-409114
929959
-151652
-473424
-442306
112245
328477
684491
-118507
908634
-296456
-137250
-185836
-458450
-305030
238521
115013
-466718
262601
-85652
753393
771597
82433
401900
-747401
86072
-511595
-466823
808247
-492281
651323
100561
-204043
161636
-324006
-624625
-618705
-99023
-121115
39887
-923071
-339531
435614
106072
559285
381209
895095
-810656
-708093
527574
-915761
-576687
98283
994636
174496
-378605
-641438
-599811
507897
472379
-51345
-179786
-189347
-70466
-889806
-777916
-599933
577763
-602596
458907
99369
901403
-812278
-831855
784086
-677745
34678
461410
790181
-805915
-945111
-524880
611989
398220
-529365
29647
548250
-800634
608638
-104609
-758891
51508
52052
265384
-308296
903290
-678696
-529623
-787457
-712106
-809095
-981547
-118561
40399
-766888
-231073
861341
-215010
971495
-750963
99495
-253720
663527
-266901
452750
-10994
221874
-903312
112142
-958538
-382004
943378
-765582
234795
734640
-539676
-622324
-72028
-560259
-516202
431924
-351814
435547
-475224
-806379
-895371
357409
-375871
-550649
853547
-123900
492157
49343
-809470
-157628
-361210
860830
281013
-158776
-526806
-543158
371552
-135192
347349
-221587
235045
-278325
633628
285873
80162
-177656
860044
120082
-416875
-788173
283019
-694467
-603727
-814494
879358
610487
-601944
-748989
-626980
-764618
-639067
109319
52132
291245
678464
-804659
824852
-624746
924913
-932153
654888
-526169
457105
-16862
-922550
-657478
174483
-198796
-803108
-10317
706917
-201611
-651408
44574
614214
-302379
-584009
520311
-141839
-22668
-294438
-343571
-293800
-843893
-233031
328328
-495241
650297
546537
-687862
89962
596927
-92267
-833740
-937510
-16835
-231836
643498
-585377
557114
761063
-209454
131438
761655
-548208
260119
-2249
430820
-660536
309640
-290522
-197944
-263777
270377
-913206
-383279
407195
-732788
596652
153805
-19039
-961447
971533
241434
894018
-27251
962851
457748
-47763
-532463
978794
-882573
950785
-736262
203968
71090
626100
-551846
-130269
658936
369256
459930
520434
821922
861708
-368335
848169
-749302
-270377
-158136
-901918
964193
234256
50366
814920
-672209
822538
324826
-566484
-253908
851941
-394463
-411834
702884
9948
40137
-877143
-119383
-663590
685200
-753202
170036
140137
975039
673016
293222
-505315
9997
464131
-526554
621546
-177208
219690
-400606
-187458
-972372
-581422
882612
-208084
-259291
-144876
454444
-250621
-534084
780409
-516661
-62107
531201
-291819
-506125
-749649
-460502
76933
-866508
-370826
757093
-956825
-949813
544890
-281690
56806
839294
24367
724396
580342
-932996
-453804
245014
579669
946745
-17442
-301054
-6922
-491177
490776
-408592
939402
-147391
565384
-628946
375755
-27352
-167693
992422
-532677
729956
438492
-79671
-70629
-999109
121885
-677524
-222871
-989015
883123
699424
221746
191142
-742905
-639112
731937
-469936
822806
-867474
-175869
-36517
-391894
-43995
540741
846159
-424414
556580
609609
426023
801724
-942101
322958
554292
639152
841555
-201517
126441
-898118
47771
698803
-960026
-934708
-756206
-724835
638020
137481
-664897
673645
724536
237871
984298
582795
-143478
848404
-25236
-149973
-30178
812397
799226
-270993
159625
-707826
-858766
-161063
994342
130034
-480563
807944
-858666
895072
79476
-930998
434590
-448483
786316
58354
-510134
484983
12831
-224425
842906
-986571
466563
672475
196266
-862355
-855304
827151
-30634
493162
49694
795040
141587
-612730
148384
642638
335441
-275659
-259163
-457353
104752
668632
496682
109492
-136259
18911
-876792
713264
12712
627221
519122
273195
784842
494576
325590
909308
-127903
-643467
-714944
888837
1236
-404480
986232
696171
428423
951816
-514043
881504
436901
649487
-184020
55754
-796376
346886
-903863
-42842
128548
686353
-103278
-756015
77161
328663
579897
148287
144156
-942138
493769
883106
-482346
166543
291905
-162795
259395
458102
119983
415868
944680
-269297
469989
51217
-453612
214379
634740
895911
267236
-508733
826645
-23691
-548625
-567081
726942
759115
659303
-546335
445265
-880753
-966716
23701
-230727
-29760
297209
-592417
-24150
894161
952516
-807131
-625316
597084
665805
826673
967263
729231
151945
-310855
-488023
-278396
-622282
-357619
-90136
936796
598148
-996968
-453477
332372
-975175
399628
-99684
841691
-847054
198641
-379665
-895328
864666
-771049
474506
198130
-122486
-351033
677143
526677
-56374
-705193
842564
46626
870303
-788490
-521533
-518453
-600098
-615943
716897
513339
-601623
783560
-849356
-492668
-141179
-433027
-399992
-775795
27307
211076
-88863
871882
-591965
-406349
459030
-915680
30625
-765205
761737
-672132
898862
-506163
-356012
-266223
-25299
114162
-281342
486791
-336240
684168
419073
378395
-148843
929845
-507756
829289
-363605
54802
809288
-19016
965449
353376
573441
310437
-346929
-118898
839322
-905655
779063
673815
-892673
-757937
-887554
322191
923010
-60210
260232
33891
-236030
-444848
-498930
-702732
240615
-448494
520089
934889
-217815
-211937
-263826
861692
94439
819466
85860
64512
294876
-748475
-655860
-863479
-110246
43326
2582
288926
-162209
-229518
404242
118768
346110
-531559
-186210
-968907
-375522
313688
-837146
-931397
714113
491940
-241436
-776871
-14916
220701
691735
-918147
-278891
7125
136860
754926
146022
-944599
-338736
951900
151287
357469
338112
-335941
286737
-287760
79124
-92039
334069
711042
70348
-620757
304192
98543
-412530
408249
985109
110938
912856
249078
341881
-243446
60612
915584
908012
-109433
-749267
-222362
-491837
-909317
-66273
-591455
-518944
-713980
823878
226523
117361
-396234
-670641
865273
-603404
860107
802932
-547648
158589
855460
815656
712244
724102
931384
-488756
465262
359782
-709605
-498426
-823005
-219174
430233
-360848
-245965
-648361
388259
733507
820824
-615079
342928
220191
639624
774610
-496289
-399941
-59606
381250
-935337
577749
-520646
25688
722770
-800914
-514528
876219
-785432
-635967
824927
-892109
438119
-552367
527289
222207
747291
183245
245050
-687353
-557526
-888996
999470
783342
182592
197340
-840507
323574
-948164
-509164
-604338
-350939
-159600
822418
-662928
481387
927661
736610
-34542
-658587
827086
-686756
-198271
-209615
832320
800971
385196
595841
902527
-88
-286149
808755
-830499
-849120
328011
149673
817100
7015
479645
-553230
779385
702425
532947
423245
262237
190580
-221999
-168801
-316704
35863
-841761
374512
-192210
-850064
-980340
586831
394440
646819
42053
-612682
487436
-838319
100663
-877361
-445747
542093
-279726
-892562
-474888
389319
-447346
795551
704152
-991498
-533500
-543027
-668864
-382429
-960159
57301
850591
-716046
789541
-169334
448099
-632362
628744
781758
696380
639057
801698
-696362
-638863
-598802
-729190
106406
-318486
-870797
-986651
-664799
-385966
-367772
-437889
-304850
-836115
132415
790894
549620
-201605
-810034
956216
-146578
727892
8985
-553973
-366924
-299825
615588
-652187
-314595
-714229
601793
-5305
974034
-200849
467960
417195
782993
953212
752057
-769814
-222408
-468753
222531
-525259
171839
378036
817916
289522
-519388
-663951
-12852
988441
714454
691705
-693463
-303637
790835
161209
-806001
-367072
-172019
-613892
-94051
963672
-498564
672257
-240726
-977311
-576426
-298412
171217
278125
-940159
-41771
727898
527465
911982
-925501
170637
372188
32318
748396
-438654
225803
-189538
-641210
596790
808491
-495392
-590647
392244
-471551
-618594
875400
-154590
886240
309506
127188
434141
517580
549309
-92643
-815592
118108
-612857
831481
883832
-316159
-700306
-114626
-644149
-56847
-733669
177865
-922775
-5084
907556
-493720
756296
-798287
-562134
657639
459738
251257
915188
-662941
432952
-683487
679613
-58891
345390
550205
-134182
426577
-202809
388374
-832270
-872970
-979403
648396
-80579
145533
-707468
-253386
-419059
-826813
-511824
695136
-629055
689362
-115895
-554372
400971
-916338
-884554
-305345
-448546
960986
-414308
-171044
-621297
770605
909455
99384
-182844
806755
662735
263666
-401915
-719782
-160067
876212
-760689
-801649
509108
683983
14576
202726
208514
-288663
705025
-471113
-398476
296816
980457
-660353
-946634
821522
534454
998926
-891911
-872987
-854585
461325
-829815
-619957
866819
652372
603988
436964
-612290
31280
-9193
207108
-809534
512698
93672
-887141
633321
373072
-84595
536624
105800
914215
86809
-264151
-570342
295993
-495990
-418477
382275
865897
277388
-111840
-125196
-962055
873197
-842010
-53930
864108
874012
947373
-897661
-295662
-62029
-880326
-682299
723191
378437
750387
-948523
-698745
719745
339455
-588984
-771354
-846014
-234165
-976691
284518
512425
376521
630444
201137
-86788
851121
447702
343140
539222
415612
-89875
-331429
502440
294038
-833868
625049
-755653
-482470
-709999
-491051
443647
566765
-365797
-73744
168804
-918498
-628024
587100
498216
-280306
-932574
351509
530799
394713
-736659
429801
-353183
-979385
-269259
190656
878914
950403
818255
-128510
767397
204912
897970
-825537
857221
745530
689277
789146
-390632
596674
732930
-983233
-550228
-364501
165343
697500
108468
-958812
-164064
-882616
-132049
-680640
-4550
-371457
122124
238890
-673697
-994007
251355
637545
575893
300971
846038
429653
-850318
693914
476520
-717389
-465943
636517
-193377
-418576
-120274
-299956
-680841
738906
603996
920404
-690211
-729027
875869
37806
-989865
-559589
950381
733537
-501977
413611
-375915
613556
360128
279043
274339
-821113
-571426
660428
479629
453627
364233
236309
961146
-143992
-10044
336651
861450
54595
-616295
313753
-728870
-196078
663909
-441051
323731
484477
-268324
-295850
756472
377197
674545
-292872
-707693
359251
602636
903598
883021
656115
-815275
-888166
-506326
-157619
-887910
179366
849683
481041
-241803
-808528
-669797
-89183
-165412
875642
-517093
136110
711868
-553735
221976
711114
-170700
-727121
928876
-399094
327891
-736428
705304
373277
922320
-909499
690962
-306692
-268071
-646299
304502
-534404
-296749
331418
-448222
-378748
-986965
482525
-395337
-944029
452640
169113
-858790
-966057
248080
-662681
-185198
465418
-142342
482205
-365318
-562796
-184550
-747955
-858990
-70223
-147256
862656
-235997
-314941
69920
-221457
-302180
-809471
-50453
-236767
752945
938224
751865
-308591
851273
-981202
352633
493076
963951
656154
759427
938023
-175378
495570
718709
165598
6561
-575420
-687973
-179182
-739147
91268
708766
585480
871912
-163030
867110
357596
502592
28761
-261735
-400477
-877588
929400
323517
-536706
-247872
-422207
-99810
-215804
232533
-999060
667509
918171
934783
-888120
194861
-332585
138076
118305
796381
-165270
-929399
-579665
818478
345335
-808266
998795
847765
89633
-874865
-200861
921825
922391
673977
-590408
688249
103788
514757
-737192
153364
-994224
-810865
516960
812896
-571138
615988
879772
-201422
-328997
-394479
813489
611441
-127146
417592
50244
-999802
-218495
841996
549800
795203
528507
787464
965362
-857181
140218
-530266
184300
-58176
-659945
-715473
-233773
922436
794539
805743
596415
-756405
271597
-251182
620889
597547
169139
256028
-946962
-340263
346985
-622419
453231
-839560
-725506
-682942
603861
-7351
280107
-198683
-545534
-251036
-391702
174530
-423160
440134
-274547
-919029
275020
-245014
-780483
-295966
839236
707263
-146600
837550
-476585
227080
764251
349296
-711395
-56375
758355
917117
5575
-912764
823352
24795
98311
175602
-154118
-694745
809687
-373710
-280798
26087
-211694
392959
58130
-322201
394146
-532803
-456572
626763
-293464
463454
454361
-267528
961669
-15702
827823
207872
-587623
191642
872772
-679801
29489
-266721
-928505
795992
791397
300446
-188630
-236741
193332
407829
705454
602704
683686
620558
-933127
-869448
-841796
-569920
-281740
-581981
671147
-855974
-953667
-750528
320301
-847279
219242
-725699
875999
828170
687604
77437
113282
552373
-50280
-448726
-965973
-207261
-567123
496034
-441966
-839371
-62806
-686624
-526637
-414850
808114
-580070
355175
-437629
629189
-253833
855871
-850172
-396599
224777
-292117
727661
351694
506552
928869
-92889
-969974
-212567
-981257
-870532
-261587
752379
463674
58957
-410721
904882
-913042
235286
574326
163624
-979452
991819
-967655
575250
-14197
-783652
-754058
428553
-607077
-307656
973519
-539699
345254
-454624
-455089
206604
-206196
-518234
-721851
287774
-706912
-924301
723214
-947435
960033
-356566
-336932
611758
449343
889696
746739
135923
76459
-14918
154025
849230
664523
-337754
730295
617575
-174034
-437833
832997
-441394
-300470
223628
809120
-887817
-710158
-561242
913634
-659995
231757
456040
549983
-830370
-648345
989584
-30895
638193
208563
383156
892040
-888600
910685
-341130
-42397
-792554
-713746
154515
-490341
91184
156973
53305
-191267
-254870
869850
297548
735152
-676770
-56184
636958
405047
674861
-269459
458584
-471362
5710
-216629
-201142
883725
-232499
222996
-707370
-323608
834180
-56794
442227
642157
421694
324241
-747094
-371663
-780927
872709
998576
413700
571119
672107
447684
494459
675703
990590
620804
-169633
-962735
359897
-546555
-564810
689756
-749130
-882473
537716
-490736
-335740
-280232
-487590
961444
-586492
664433
265496
-716972
-276173
-44474
131538
527890
-232148
953136
-815400
-285575
481737
-473741
-559990
499065
177832
52618
119318
-875845
450744
-747686
-818616
218674
-334188
-61191
697837
885896
717028
463407
286463
-595258
892700
-996896
-265803
423964
-356630
-981125
-999559
-25545
836901
-545162
741168
-539446
81554
-580437
-562008
-942001
105753
-968228
962346
-815578
107835
969721
-322374
57204
937716
-635902
272464
659837
245877
721047
-356790
-272565
344276
-117808
-577702
196794
588507
-169006
975784
970804
382309
-878122
-511957
760900
225047
-234709
-168870
91963
570701
-209401
-114013
449817
561282
256094
-214443
517040
-335116
210496
793385
50826
-410442
-699713
433450
-437126
-171548
-333144
-679200
906483
-899087
761351
-310024
471537
907557
-177286
-182801
253279
-78407
565001
-848391
567029
346615
-796916
623424
-361315
-459115
-19303
266371
638572
725172
-750894
242865
45624
-176449
-950785
-129226
219853
-65054
-319113
-602033
679957
-504800
-189805
23748
-499051
143836
-818668
-962837
362341
-75702
604994
-734522
748437
-685271
-151250
-587147
-688037
-940996
-334344
-247002
-333624
490267
-728119
-11801
906118
-104627
-83510
203093
-453362
-844877
991036
767744
-231900
-143281
953835
383994
28614
-10921
858902
-340001
563591
-345321
721516
-903532
-546521
522143
-649008
-202894
-533139
-4067
-726753
-474001
203695
331517
-313723
600308
443177
-485823
-717288
785220
-238388
-279295
-784324
-63489
838386
588930
774066
-945572
633186
-522184
-548421
-101570
571511
363029
187857
216366
-778011
-575734
-136010
-397652
-547022
915083
-54821
-149575
-243425
24095
33503
-7225
144804
-578409
-870178
-507629
397236
-887747
-28207
840301
-345900
609233
783769
772476
-862521
695492
663951
254294
151914
-760206
299383
-717693
-172471
-447682
69891
479877
-225974
-830718
731866
819424
-805679
696018
-212654
731149
944548
992572
-987776
-533696
-346530
-850140
-382222
916345
242106
-353491
523555
-651081
-211059
979283
-930575
37942
258075
-213471
-188507
379796
-669668
687562
-576642
283544
88177
-122161
183077
714834
-90050
-470660
-863426
-110684
-492832
626969
917436
889000
49105
967712
-636741
-715852
-576852
899956
797378
756165
-235465
-864501
-298746
-348939
-997321
940401
629897
-981552
230163
-664281
948536
551346
80398
-995990
922982
587350
-436754
33135
-66114
-550060
-585239
540419
-557203
-126798
-470938
830349
753428
-91390
898495
-740262
178090
-209607
-796914
448026
397968
322475
-342505
-538731
953260
-139678
-212802
366476
-246815
12048
316193
891908
-199678
905703
-893763
-31703
-129678
-910985
-271725
854815
-367239
228619
-803714
807143
-131892
195381
-383951
-256189
958119
75789
951189
-880899
274518
739832
441265
-612599
-454575
737173
-643470
-992981
-958237
61752
386144
-444834
-964892
-112937
258995
194523
-614933
737124
-768703
631991
-598707
-390265
-512198
354457
591133
-164374
-441210
268984
890160
544729
966905
807161
5138
-528220
500207
791872
691065
960662
544078
-151786
-607932
-9982
-946560
970717
503133
790047
763812
719417
-358382
-443273
488201
-599425
619224
203433
-126301
1833
-169128
395463
947201
-428950
965034
930022
671139
-64196
-51418
-706777
-145441
-412770
-409573
-33948
-521808
-324666
-874177
-801230
783129
-429609
783816
7760
-840060
687350
117610
148128
173903
110307
692686
44347
193058
-116088
350591
-855275
-632073
-469458
26924
-142280
771098
257552
-865820
29086
-132144
877509
-624796
874075
-983894
704705
251134
746998
238099
-403455
-531297
-526019
-162898
-12644
-416348
-901875
-554641
-720041
-609485
172785
332838
259260
790435
-940956
728404
827685
141927
882467
-726191
-118491
337162
-792157
235267
654302
207377
-511916
-979395
-697720
223654
-848212
582643
903236
459201
-339008
268890
548105
-965933
-235900
-525578
268848
523935
-685055
856355
-958627
551138
-421117
246126
226612
744253
-124083
-962328
-403322
559858
811822
-530183
547434
218286
245370
639221
253217
741643
-186575
-593084
516791
154569
855876
422571
818927
-729099
169187
-289876
683624
-713467
530923
-348972
104386
-61940
257612
-627325
586674
661360
-304298
-222589
665388
841532
460617
-947166
-153632
22580
244848
593304
619835
-288438
-449930
-9488
-11647
-946623
-966136
939972
53552
694975
687038
716204
39164
-1280
-568073
78184
-924300
74796
884534
-483279
416602
667138
-6882
662601
907200
-468968
802734
984658
-646654
165903
-825898
303184
-732571
-905149
508188
212912
-979222
-773479
439223
440045
670590
674053
402543
-69003
-414241
215481
-514000
434974
-329121
-856451
-278576
393794
-644337
-100506
694902
268247
665026
499641
-411027
201780
663397
-706022
482879
803362
-86725
579958
-542008
-725751
-83476
954841
-418134
-620857
656877
-27046
96602
-58837
320025
744981
314875
743121
-958729
382057
-798898
-938812
278304
-836664
-787907
744327
293780
75544
-656575
714181
314638
38982
189845
591386
-491217
-974566
-694654
-314746
321146
229951
-81746
-809563
943188
790863
840457
-249350
-152251
-670068
233168
962159
-545074
614681
-786391
542674
107672
-282164
824516
971339
877674
393139
-797356
-978015
499422
-61199
-749203
-142203
68571
-448676
-989613
123990
234393
727707
349052
351974
-764546
-361321
458126
-573826
456142
230659
430320
-13325
-499271
261457
702928
622015
-354166
926675
-317749
77661
-213525
605246
-512847
903797
-829469
117083
962752
785574
-991059
-797784
613487
522922
154405
993630
-344030
-900231
-968127
-801103
-915230
208219
-882121
419985
-177794
-777893
798870
-821712
75777
797036
-78682
-265487
339125
-911883
602857
837556
-565015
302514
974267
-701239
855286
-128127
-917403
-402962
-505596
386504
-613954
310389
-487345
781028
-72154
876239
-496853
-158043
277373
-487465
-536016
726629
-518758
-201840
-866341
-347157
-46311
797133
-494341
69404
53802
-302530
827308
294837
106935
287294
-886803
784093
-180731
35342
-874250
712953
550641
-422638
479543
212464
-793912
-847835
505856
459802
325957
-76107
971594
341500
-678592
-242802
794472
-250467
-299048
18290
231890
141209
-933100
-250905
-382992
-950592
451598
-798183
-801712
45019
408537
110283
-79465
253841
-271115
-621247
567312
751934
-301149
-209665
-357819
-702724
-997511
349416
-156864
-82617
-124299
-421402
6784
662573
-915448
984373
950878
120247
-988009
951566
422528
919212
-203224
243474
430018
-439491
-315665
793190
-940242
-242663
-918423
-128416
399397
859544
-615292
280499
935033
-176244
-485390
-411797
90479
-832521
713077
-816515
-864088
860016
-564816
-271560
-107945
834400
-77158
823134
449205
493002
-231340
786834
20433
-704433
-849445
-684711
-616606
118402
319615
269555
515424
-820581
-350803
-750489
37005
430608
764860
-758124
-39452
-596560
-284995
-578953
-456128
-357976
273566
-710786
665740
-17002
187885
-240613
-169504
741268
839932
-380571
38601
710090
-535213
-414278
794006
-828699
415007
313445
-304983
-502739
75382
-922903
647127
-641174
532606
312312
289478
939353
604881
684765
-861732
302671
77812
543394
653980
849437
-200582
274305
-923133
-799047
93953
-621815
-477343
-832128
-350722
-628011
-95555
-74061
-979798
-29130
915569
-145567
460208
70860
-442124
-922296
674665
663603
651610
-659234
615870
-655586
-385977
699844
715488
477190
-45426
151458
124172
547702
-982181
-830729
766666
-923914
415236
-488907
-518438
294549
63021
40043
-926889
-154531
-696261
892656
841239
826525
450767
-527952
313793
263530
684899
460223
104325
586627
148375
-179433
-511026
431580
-427213
-997477
-73748
689665
123522
72752
533672
-825842
-946506
604276
874220
-594734
-458812
-852960
-311583
578883
-755004
-819799
328588
-566824
-80796
-783230
123783
659733
-297384
982879
363691
240261
773932
-307964
-759460
299318
-271283
582395
-326284
-17091
493815
-726087
-584254
77420
111845
427325
-33896
392236
-467996
-582902
-365822
822843
839955
430929
-355147
668679
954636
-884860
-684026
451702
-628807
-717565
720354
-228054
646460
-522941
-715909
907376
916167
-949707
40390
-640431
523031
801113
-849637
115162
-446978
-10220
-223200
550746
-584263
198221
794329
81812
600447
92741
-310987
24180
395315
860757
834934
546186
-22892
-76413
603725
447308
-736887
411986
-905615
545510
917473
-189171
-323129
197210
-168332
-31519
-715608
845404
120592
-788874
-373994
-484343
869507
869550
229229
-330372
-351836
976051
-175228
-304404
635032
424927
-496053
56270
-773
-898208
397914
978704
-464418
320882
-62227
998887
-562294
-527424
666109
-176047
-640191
176539
752428
-526228
-986810
369869
-859028
-169524
-904542
-530002
-368628
-721322
-485096
760446
-398595
-835403
611011
-757062
54876
-689518
890962
17107
161566
599111
-43494
263923
-360032
-758300
422055
-562584
-56895
-819506
598685
-949218
242389
-572912
-256352
80960
425725
-349598
689537
-399961
-205596
-816925
-262280
307477
-936523
-635973
968053
-300070
-415674
-360437
269582
327696
165822
630589
-807501
390027
850839
-631748
96900
-836852
829813
857722
-422527
359785
-605019
-411598
-260283
-439474
716405
-970354
-768056
4928
160870
366303
915212
497667
-860024
511810
55962
830222
-922882
406327
-626622
835323
602984
-745687
380806
403731
-711005
688312
-821669
285635
-793070
435340
11290
-584104
-872729
699736
-994384
451043
140087
-585738
-656397
382942
-366610
219474
-638600
-536939
99257
-670704
-31921
-338056
-537781
285366
-477461
-787759
672067
239516
227249
296201
-535412
54300
90447
-323059
-23056
701611
944672
197054
147065
882136
108859
776759
-952636
76521
712473
-490964
-216814
897957
-844904
763012
623309
928792
73474
-627260
421787
-1266
-321361
46142
-346501
406416
-909728
-470641
77935
593245
611571
836485
977377
909294
997519
-771499
-643302
466632
-654027
124341
-633877
-892106
-250660
-552229
-218992
-53878
501661
575026
873123
217547
-315311
289606
8058
914118
395002
252146
-601299
-876804
-733652
-934343
450807
-150804
-260880
-464512
-228062
-393256
-905663
-599502
322788
362532
-176647
138478
-793909
-352540
693590
590753
-868040
-254602
899112
662571
998986
436341
-351881
-629399
225554
-126069
691719
-684403
-836445
-424088
372345
224774
860917
-372531
469079
290259
118158
-528880
435381
-483294
837386
680369
507718
-124168
-542357
-276681
417571
-635373
203986
-406294
916431
789770
-104906
-101853
731328
-690534
-669224
-10599
-963271
318444
594575
493893
-883097
710084
692549
-450249
-436094
202465
-34079
192945
-935872
310316
128864
-688753
-845364
309418
-248952
344052
-408142
454537
821747
718795
-42283
-108227
-10350
95835
812937
233741
410955
-671657
726980
-950788
542019
-949784
-62780
880486
-929004
-124502
-644767
-587277
434024
-252213
-668436
-22709
-454551
-165353
-641416
439635
-109800
-144787
743851
-940041
-729684
-180094
-572146
-910677
261322
555852
149842
138790
913458
-561133
400199
-626489
798725
-307245
692002
905529
-311526
-886172
514768
-924366
-770522
932159
296581
841546
-722240
431830
-522012
-402386
537854
-669315
-833695
-812885
853231
734969
-141446
-438882
544371
940686
131365
2579
764243
145236
238110
-818038
-525917
-513479
353423
-971428
644244
-198554
-957148
-705211
656283
415415
-752614
-512624
326406
-973694
-879705
-439353
523471
696022
104181
490512
551481
980950
395521
-414309
26653
-931780
-709840
656646
709649
266961
30988
-791772
-582451
824905
-441959
401914
-75582
-618417
705497
-407333
-227357
-100972
696705
83754
793741
637717
-350218
-605172
-939849
-860781
-909121
-14367
-722647
638700
-307618
812549
263079
193151
-317063
-994355
440194
645268
485636
-626676
803449
-199498
276230
973329
423846
329066
569487
-199346
-459842
897241
958111
779212
23822
415762
96279
-631500
483589
885315
-342977
-370057
604607
33295
-357743
723921
340872
-459378
-485955
-432982
901316
319073
-463558
-724551
-101466
476366
410749
2828
627070
64812
409297
994613
-221261
-479591
73277
422658
574322
925939
463233
486167
-103508
-508128
26003
278759
881365
-808955
-554577
-929197
-596346
-946213
-935631
-662814
-695448
-146974
557758
207193
-117929
457526
-8121
948518
735972
-27757
-932734
-748750
549986
-759536
11527
317228
304460
28630
-595340
-24834
680867
816573
21589
-229340
-271802
80207
401777
-848810
181183
-911862
-824516
378426
197407
268279
-801408
225368
775088
-854789
-581364
665529
896476
-175208
455238
48698
-447626
297664
-733292
-490348
771741
606066
-237
-276445
-376277
650800
717885
-789835
677606
-972216
-962572
485764
-428218
745934
233323
761807
-163365
322582
41164
588080
-177590
650289
551517
826581
-773960
316329
898356
-755172
174315
158560
-982901
-159586
528514
-498241
871966
-283553
-971582
216346
-34914
968794
88283
328915
-475271
-122188
-20940
976667
703115
-760031
-62895
-854080
106655
-173947
676987
-788926
-610104
628113
-89189
373294
-440382
-62289
923129
669904
-437818
289089
438005
-529814
-179662
459527
-883987
181925
-360370
-299000
885802
-440584
-418536
522189
628610
-807565
894596
-479833
766004
954527
-5608
811627
882608
213083
-690530
288502
-690437
-920847
-162384
968202
-827667
-355205
224883
-825095
661514
855690
-887796
-404726
-112625
-100876
675292
896769
429839
503956
-513172
-763184
-184608
-750379
706860
-976367
510132
804541
-119414
-90971
249169
-713048
378329
340101
364315
-818039
101816
-553808
-535984
-62100
769079
751480
-775339
-837946
216274
719401
878002
212026
313146
512022
723335
-337909
565551
-311930
-481927
-805991
-833327
-492657
-59253
690072
-463471
-39593
-140677
348686
994257
104586
512543
411488
-768480
-927369
-750429
-617044
-594103
503872
893264
165727
-899715
990187
-910055
-38557
-746335
-519210
262525
222123
532096
-118974
-154610
-437638
350836
-237608
-207659
-629265
-216183
362889
-683981
853775
447916
187971
798528
-886004
143807
253346
-528481
4200
26169
623410
-23314
-309570
-151649
65724
-588250
784074
-868339
-834182
-833682
915454
541722
987511
-188548
360478
-556470
-103299
125040
362128
-528422
-518584
337193
736692
632106
877967
-586367
-196466
-355070
-519922
-350982
-607353
658825
80905
855683
963732
-935800
443858
507915
-915866
828554
-11350
930176
927027
993908
356473
-271088
962554
652926
983290
642806
-234174
-158539
-32409
-241401
761866
628662
50426
-945725
-760518
332615
-429213
953014
756954
-988068
-524684
-498170
-93844
-976740
720769
-558469
511292
-495788
775183
-235804
448125
-389151
-83683
269311
477925
111277
-49020
688700
-577969
732640
646513
-577507
-473691
-226223
339545
596458
-418945
-633075
617455
-489715
105222
370698
592172
-871142
-207981
595562
241614
820503
250027
-507385
-670795
681817
727125
297176
-175807
121933
-884504
-292295
-483686
915151
-774832
764861
910967
-330772
745478
-571357
-352399
-917219
642267
-502302
-358896
-111067
76766
902596
-24815
401908
759557
557312
691767
317560
262598
154040
649650
706605
950358
351912
849026
-964364
-34387
204888
629821
423646
-661147
323481
985784
817411
938389
761386
-593095
201391
-913158
438329
827689
-502564
-818295
49373
255190
-25927
-74110
292127
-347239
-852438
850881
806066
-399059
-679560
-865247
267854
456195
495858
-917522
-263262
196150
735181
199776
850591
350088
-882256
-42700
689830
566610
-212605
590547
-260902
-590677
-309968
802015
-538828
-221773
377214
-702887
-668564
550622
697279
-97053
256063
-692386
-8743
-157885
2422
528555
-446314
-501330
-500574
-387693
813450
-619820
-248873
-441987
883084
630050
274115
213653
-402194
438481
-458510
-907585
-335436
-519786
794802
-100311
954592
-851336
-145539
924839
149863
-921905
-55795
-439917
-717812
560946
-571543
588215
425899
955214
188985
750157
-435229
-636106
-486302
453416
11597
-498213
-496442
-940370
278742
116690
-138348
-445194
474907
-333735
-571635
-884484
-479238
-21064
-289380
-645149
-58099
321532
-838273
528160
-184480
-604885
676298
-901814
500718
-19296
-971486
291652
-118326
-310786
158749
-880194
-111545
-376251
-194818
466431
896280
-930209
325439
725900
-711622
-847695
709313
334673
-610940
293790
-803474
-303057
958872
428427
255591
758168
-169084
-316188
237875
445261
-261765
549072
-392745
834407
714789
173886
370037
723632
543843
154004
863105
648419
-942655
-536688
876384
134663
-585656
185980
826296
-335936
195334
236173
32729
-132282
-952780
525566
-636497
182947
-19340
112214
233647
71122
-429339
-494723
366010
-261341
-280447
994344
275582
-150613
-34697
-496549
-284790
-786834
-715791
991041
-783290
305388
468327
629679
-224680
-315406
-110203
-756346
612039
332830
-926596
-144909
290057
907233
-221672
-77604
-544969
-102230
-781924
-409752
465060
953681
-729656
-399238
894610
543124
266033
-483903
-689820
-687712
339517
771476
705869
-982660
-727244
-425247
160915
-317169
783290
-851119
3983
-250835
-215450
-464696
258292
182920
477236
-604216
323933
460753
203928
-617990
-678725
957037
-137820
-270482
-728635
-542537
140856
-548145
-311424
49112
-718281
-383765
181451
-487723
295212
-729354
524297
-622807
3117
649321
-725742
258137
-312401
652569
-278874
176777
188862
-16853
-627378
-716483
100120
55420
802711
435418
805455
193193
-791891
-416486
-938002
-266443
594191
-277447
-218879
-884488
388721
-334624
-836350
-537857
-32388
880162
726359
-85809
28612
-541484
624494
92775
977261
-30648
-234825
-409858
922734
-51675
-285980
405532
-500201
-527514
-644398
-153060
-116880
-784195
944713
-111294
352092
-820351
-311248
-914519
860783
226972
-719879
-415032
889687
-930820
-120737
-692878
-744635
943960
109154
-545147
462626
643878
596873
396131
980769
-145963
725580
683809
855341
387377
-823540
983701
929624
47632
705207
29557
-845124
-659060
-987346
-780244
-88610
975019
554807
528452
-368192
-419709
-871490
-743632
-734191
506562
-192187
-934584
809897
759836
964004
31965
-102833
149248
205158
-797234
239031
-948909
883363
165844
-200948
-118242
-135093
102821
-178863
-236056
27070
727342
330460
-311624
-649452
834428
650107
-726865
-131312
931693
565711
148781
882524
-750474
-720153
-775157
-388873
-698283
445333
543022
505019
-514905
-13682
366561
-795096
-771538
52023
-823114
173625
-167006
-887157
-284697
465100
604791
163010
-308598
459185
107455
-378074
-60417
-845405
-791704
578247
-679564
97483
-994710
47268
-632866
326956
-249863
-569454
-647303
-225803
-256815
998042
-650244
-206297
770596
136453
127702
-170649
383066
717553
-756906
508799
-917233
426855
-622469
224204
-812871
-940129
-914286
-265056
66301
-714209
608825
148764
-216119
244643
910027
742386
103940
172599
325098
870694
160320
-671825
-759358
583688
-53077
415718
145892
-505273
311712
856974
485201
11298
-356664
202755
319910
393606
417267
-918123
-305707
-978221
100008
211140
144215
414603
169650
-376092
-281399
-814512
-104669
-505627
598511
449753
811192
282930
244733
539862
-764502
-282511
-344134
-319154
650434
601165
-504720
156275
-957625
-905642
-343518
51333
214090
-192113
-991195
96487
-750422
467079
815373
146660
-551825
-985508
854201
543569
-444586
-111369
529493
-748787
794910
-910742
326445
-378796
516807
-959962
770792
-200971
-285570
-648300
-532722
930773
579362
-973628
-619191
-729734
-325075
-564998
-678755
-101815
-650958
701255
-455802
793449
-191247
558839
434126
-347457
134103
844213
-675425
-165060
10895
660755
-325263
-439649
755899
-483293
-226399
-11045
217543
-903655
367595
-138019
-468407
-470847
-366084
-778688
356609
727234
749874
780736
-996278
-838900
-587627
-725682
541427
-523328
64237
-661142
482074
317290
672729
-663211
-469888
697447
629309
-799488
421387
198490
349878
450488
-362390
-242080
477267
622312
427591
-853311
298534
-909150
921901
668576
687466
353731
-201549
-748464
102629
36567
690729
-131674
974365
-509084
-141076
132312
-393780
-309925
-629191
604361
-536325
478314
-204667
-324930
144357
-534114
-840611
826817
84028
-244024
311724
-433624
580563
-567588
518798
-679951
-384699
460781
-308675
230587
277326
-271963
-814995
839314
-711761
250051
172994
-245237
122890
218073
-919291
951441
-262366
442001
967370
398652
-980484
63984
983281
334466
-163169
375256
260416
731413
270500
-613614
-321851
217149
-264697
114256
728074
-473431
181522
-2715
19341
242395
657355
-783717
670324
176830
-268786
993025
23801
-853986
-53202
593917
-968059
319768
-75932
-28428
-470535
618987
-288923
-230494
554238
447900
-927510
-397951
-1322
538559
-607504
-259160
-125740
868208
-381923
-159680
-473023
165099
584362
-699687
-874913
866029
-875489
-321874
621892
-748444
630775
427929
-2987
539420
172360
712907
740395
413446
-397383
616157
684678
-841934
-921620
-749621
592188
-611774
-680015
-438343
-280326
910896
908289
758331
30174
-200715
490163
316881
749056
372065
-312911
-751924
256259
-898850
-516953
-673458
807338
133262
522752
792860
948987
584938
-908905
-631550
740324
458887
-431326
-456207
-376646
831049
282752
669166
-476744
-588308
925347
786596
422744
-154725
-739811
-65883
578325
-379519
-145692
-988952
-729452
429988
-769487
356205
136468
972290
725513
387913
-291502
453449
-976275
-946024
599497
-985955
-246621
732446
-775396
907879
-973755
123062
296185
-914085
-928383
824624
726186
566889
-830751
-596880
-329478
177876
-115110
-734046
-878326
357283
-980687
-322033
-6707
523506
-309180
-691705
92138
407322
968389
-308651
978557
-131443
-75373
943215
-897250
-687102
-174871
435793
-792739
297443
-733652
-714067
-338571
-400816
524537
433731
-178456
-647490
78634
-949485
989292
172591
294882
262856
-539896
543295
886114
786265
-892977
-127160
840251
-865810
-864356
-776971
101393
415199
550976
-695157
-491439
845558
142817
-746149
266980
360971
152272
675614
150534
-669544
-750504
844698
510878
713732
263475
788628
-990979
943403
237021
-300765
-654344
293929
86029
-976418
-302911
-361149
719751
865416
314878
-9415
-723004
-652045
-58926
976893
347792
-764210
-560601
-826502
-76465
161042
631412
-373793
581709
607366
-713698
-92948
697925
-91431
726869
-789522
668161
-322945
181621
-153192
-500331
-968894
-19905
-236636
-506406
352227
-604894
738507
718023
-157471
614007
256388
791479
488372
794571
946322
-275246
667969
912878
-765276
-676365
129659
365524
-795403
-932336
481193
-684053
711138
-986713
193846
-193581
925779
965542
357815
-983161
-969274
-2359
-760190
149666
-753577
-411383
-704713
486715
531769
860228
-134011
902107
447128
501191
439931
908456
974482
-185732
769951
-186367
727252
963388
-764845
266569
-26638
418599
-319352
710331
-584290
-14512
-176826
-933757
826864
-914302
92272
991112
-433772
-891956
510195
-608250
400563
-539175
956643
-628948
-360176
660209
714556
123444
-554155
330113
-618994
562250
741923
-498844
-865803
-693473
594363
876002
704796
-330361
-394900
11242
-600449
911267
-110510
-429538
859110
472798
653345
247010
-233235
-685835
309482
-978243
193600
917994
-210322
289385
555877
-238749
-203035
-122362
-778452
166556
171963
-624607
930722
-679405
-85179
-128918
-729543
-505063
66747
-195232
-668717
-90589
814927
-676084
-625701
-836822
194729
-471225
408669
960100
-793712
-876393
692744
764898
-573092
-352916
-831418
-734757
-755874
329244
730792
260332
-715612
-657041
-288854
139445
393499
345044
62711
895726
-170857
982675
-217535
745727
872645
532557
-572148
-595173
757523
-643861
227897
749071
-542775
988893
-245764
-779737
-944521
-359453
-854150
-324285
899506
-390470
-323905
-126671
737763
-934515
-627526
506234
-16262
-356832
-929625
-620484
359603
954298
-612680
74989
-898753
-72260
336394
-214937
751950
600971
11303
-137916
-2739
-552808
-572886
835621
631666
667876
-92840
518092
472456
634785
-781856
144273
-601409
-71348
645628
-656785
224165
185774
939462
-38357
162198
35593
347657
-29622
-113704
789446
863218
203147
-767315
614362
-661411
-263294
45378
-197270
28800
304433
527851
-326518
239555
-878996
653279
-480525
295624
-362385
-419949
-905583
628253
502893
311418
-974386
327283
162804
454411
130480
-102331
-116645
-352562
247366
-950030
517527
623263
-634656
409275
668101
-736415
-838650
826622
413067
-94524
400550
136563
-229054
-325315
563406
-598801
663014
-797721
-391533
-710507
741748
336306
441954
-801508
-787329
325340
-39576
-599050
894084
133054
-798098
-452174
-437734
-87747
-837183
-718273
-918384
527549
-766018
-142201
-182311
-976047
-25096
-759744
-918843
103454
538783
-527524
883181
-420329
-884353
528303
457022
976363
84258
-4739
-993279
343628
570532
-243076
-554261
33569
946285
577869
-464916
745191
532603
-786303
-227140
975629
-240922
975226
-694043
428302
374198
588102
728019
-856419
129867
-959793
-622780
545926
623133
248140
564329
-839810
-216373
-773720
747969
-543682
873004
500267
-811875
701138
-795668
929120
278642
908301
936967
859766
-275171
204299
-451905
-289787
-823895
678672
-371291
-774031
-281363
636283
-43797
-482834
96223
-508329
-697782
2966
495619
789650
318680
-349225
-713
-352118
-600242
-839367
849697
-325249
-92881
154364
-983051
-383664
956969
102864
-393176
925012
-679407
-444552
-357557
209024
37867
-525771
577103
817649
-715743
-962924
820657
-801128
-656906
-263130
-396210
374668
-693626
-693785
-846316
-444437
208339
377371
732635
-644855
-938929
592629
197999
588262
-976035
-948301
568678
-521763
560234
-187116
-218356
-803780
-927855
856717
434329
-486877
227581
-481002
-472132
607688
296504
-414607
-241318
955538
-835616
-589561
852622
-452806
-239217
-437490
-925762
-92933
633792
463817
832818
139893
762460
-284123
777542
715394
-990668
203156
198578
-361557
-196921
-970859
-151523
-645160
-317368
2126
-675330
-562047
942197
348043
950199
574178
677691
4400
488571
-79537
-840104
-150115
762469
77245
-598034
-424360
-642213
389498
-318086
245099
822042
978107
-895755
967857
990165
124944
-555231
-775667
-773506
410279
335513
-945886
480837
-72881
51544
339486
-891186
704239
-805395
-673533
280858
667470
607448
709775
45560
326346
140894
-845885
820026
-736052
942103
146314
154783
-78561
995482
416429
-104792
-278803
-183639
679802
-440550
558475
-367150
-625983
375587
-935835
-861191
-378341
525820
261261
767530
-804153
-462784
-359674
353121
951761
-247114
-895105
-87149
283436
-873015
590501
825086
-759172
-248854
835025
485906
-121799
674396
-540108
696274
874221
647292
-740239
-226965
-723677
-33099
-346427
507735
491434
-425429
195317
-70091
-564952
329647
214876
-389698
-488953
209828
-398275
-141989
-274519
684986
556110
935980
992560
302542
-617494
612742
161764
-36702
890875
-496155
-25329
283513
-915637
-604559
949683
353442
-832614
-743961
380844
-726126
-773916
427687
207377
727020
-612686
-968435
-70833
-524913
949663
742699
334857
17882
-196187
-431966
551104
533989
394423
-420178
290126
395756
-461209
-968346
163414
365427
33662
895541
-906926
-491633
593033
670376
-972020
935478
-908863
-466547
-998119
-882629
682849
-846342
720047
-828199
820365
-772789
876427
91798
-132634
-807113
-202188
-179984
384255
734282
730739
-793329
-730364
-834569
-455591
-865666
975907
-285293
721009
-286681
-627223
415836
40204
749666
-690913
-592146
119046
262784
-33096
140368
-796763
-99827
-36353
-630463
801043
-529007
648074
-532095
-1160
-895570
-282079
-761829
908819
82195
872589
-379672
591927
-512714
-191903
890480
390059
-269593
-79537
-971567
617746
529838
-104516
555782
-426713
-737670
623363
22829
-589599
122806
-534087
502880
155879
-978484
159173
-903557
-456914
483045
629006
-471198
-740108
223745
-961563
424427
790648
916418
-787088
548247
-733542
107634
978930
859088
509335
237865
-230793
421802
805243
-769097
-119872
258189
-853889
342891
-929288
-817319
554659
33399
-800313
-638561
3462
-208986
980056
453733
596414
573856
588134
291210
974876
-656863
779190
393100
-540445
427784
-968878
-730962
826796
-271088
345506
741666
561268
570501
-627714
596943
-696681
487094
-484966
774381
361070
-931048
280142
761627
-118846
-932834
283434
-351923
-818709
203516
891362
-919232
-181597
368406
199835
-489197
-990489
-738237
613277
-11950
-963006
-30126
-243600
-653034
-692620
-785779
25446
-145124
930254
-755163
-142731
201120
447705
-942065
-427023
-783880
291656
-608675
-79579
371380
537187
-191973
-530014
-165844
-585396
-70963
320677
600559
-453776
334255
325915
-211060
-670997
742590
264329
375700
411381
370934
-829
663271
-151238
-143567
847305
-32710
-343566
329646
760079
725786
796082
-936984
-442619
285375
-145858
-862668
247668
-528036
-952801
318065
-136020
740561
342943
-151323
76659
-130328
247241
-617576
871660
-240390
151683
-974525
-368162
861575
-473725
832615
-32516
944043
-641498
502241
988097
-301826
-799713
859339
221988
555759
-449999
-477551
-885145
109188
-163119
-282655
-171912
-979638
-863203
228380
303301
-330794
-453379
59346
975295
129044
-952268
-162257
-583410
-567232
655575
319283
19758
982141
-589312
730144
257681
375846
913633
-111346
-134412
-258306
79447
430883
-337380
569303
454976
-96857
592218
726813
464501
743579
-797841
843078
509195
875601
-682845
-688031
-599392
-157332
-903163
732806
882032
938929
88356
-838537
-169771
-837709
-992844
902593
557721
359347
175846
849112
812875
341511
-685792
-274584
-64802
609132
815540
826489
226704
-917481
-893389
-695003
261006
705704
-485283
-510221
229536
452059
-338584
732073
-128466
527706
280124
-400012
851903
739040
-72926
-11353
-210045
-197451
-270048
742718
-518787
901888
-669641
-702911
-335043
374950
-16166
-242113
243138
-361750
-497557
674088
499127
951206
133614
-887471
-290750
-653286
-806958
-93836
443977
-541766
-255645
122851
198255
-723639
-170405
-255466
287320
-925786
-187588
2016
381107
-459730
-234719
-523214
-559342
-791986
-178580
900486
-51734
341334
-786630
-75401
85640
896766
174373
868035
-715617
-40557
584648
-171684
487918
44418
-88486
-938678
-42004
66881
-24749
-496540
794624
-176567
483455
-431500
-379126
-604783
346602
614386
-213900
339709
-150000
153601
-958128
-319066
-588789
-970892
791741
-437132
-134262
134938
-847055
-434862
-548878
606700
-235755
-558537
332347
-271387
693461
-71030
684983
686326
858
567026
664681
444274
970661
341402
-537696
233933
504102
749914
-170034
605574
933114
607581
451142
651786
-752709
144232
-32694
-976788
743817
-372543
892834
-466351
-657863
-982376
950528
-207787
906189
95620
-979293
845972
-911956
-111188
502800
-226013
-725600
537839
258514
-246289
214450
-81813
236773
258721
241123
249926
-753160
43927
-902456
659639
-807731
869991
-906109
467210
-371494
958708
647147
922176
207410
-278365
401435
-879733
-753430
-12474
11858
-39889
119809
481918
-335750
216846
827542
-668245
820391
865550
-488253
731076
-735800
-767994
554259
-380965
-101225
166556
-801305
-572893
-329259
-881906
-378509
-579655
692615
-515638
-354251
469698
449250
-706012
-559154
540710
557401
757935
72166
639058
628950
895887
-439671
-395102
599397
-45081
-1660
-545129
488870
38937
991062
120974
749727
526898
-736619
730900
-437143
-179532
818353
618040
-336894
727396
287676
-749529
-272683
-700690
-5211
219066
-145892
-665934
-228663
-262150
-779470
381253
527721
669557
-550346
518635
172517
795452
945981
117358
574219
637692
-774702
-298634
-197726
835397
-471210
-163678
-436182
-332700
35582
445232
431302
222178
471781
-515688
948927
-932946
-371847
80942
546793
-627686
-352767
-132790
-414526
-298004
546695
-871609
-943778
-283129
621523
84647
104565
832872
389811
-20694
547998
-924612
-220244
-231627
-3960
898669
-656939
462104
224878
-384516
625069
580626
-125723
-942151
201773
-585618
330428
177673
660558
75032
111329
626196
-246031
-367319
210259
672663
187222
469063
-630971
237610
585563
313384
949613
-391589
659469
18583
610802
-420090
406659
579725
483450
-981923
230878
-141283
-985422
248403
996155
252600
-378354
145406
416361
-589306
-981733
-366910
935014
765518
344019
-364884
254477
-840076
988164
521521
-307779
-424381
-809850
757837
-725701
-203985
-697751
358708
-598932
-313005
673908
-941432
615318
-781597
741034
760605
917872
-222654
-276020
922211
-924090
693764
968095
40237
-452970
978723
-65914
28544
-379494
562875
-196728
-483535
-752132
-468565
407844
683294
-286741
610573
-533473
444399
996643
962636
432763
117062
423824
757101
311550
385676
-316135
-717747
-968424
-467020
-195261
-113576
474440
-912552
15051
-84735
-232747
-536360
-734252
-264134
699678
-764119
-651105
979595
-347293
-279447
699991
693351
646230
674966
295148
-587727
-357383
-122379
-80128
95416
366701
-76690
832150
859787
74090
648294
-346636
43722
-785742
-405325
-474752
289765
909724
-87709
213582
-687228
109591
974
375899
816353
826677
139673
79232
-314320
-46278
539899
-991682
995516
-276497
-559415
793856
-231981
-840023
-363745
-789961
-30667
402998
575323
-814186
-630127
984073
-65481
662675
442568
694169
61092
-495192
837713
-321690
192883
-255111
659897
-116144
639045
-925470
419954
-671307
-816664
503595
-67145
-541546
-18871
-455300
-517150
-373108
-293829
813271
-590108
972311
-702285
-123946
983585
337878
938600
724858
-731462
627291
-603639
-710026
-207356
48646
465263
903860
-57883
50126
472392
665844
-987008
-265878
-995104
-435834
-818099
-753494
43984
-832158
47905
-860835
-30337
136759
395114
-720479
-98936
509520
413802
-492495
50781
-827348
986442
-772717
496219
-254745
-31739
657814
959835
378795
-826080
76920
-681381
-283901
914462
127002
-681559
579300
791262
-888796
-694246
422162
-513800
-956668
494301
991158
518244
-914570
-332451
-285281
284221
-299218
-665604
457023
414123
947532
503756
-134849
392867
-201563
33976
383947
-364277
-724220
878914
535221
-850552
-489174
543399
793755
-924003
-60022
638381
-713788
15966
-970359
908351
555882
172676
-118087
67271
-537772
-88315
-297809
35248
859618
-244917
-199140
76177
-415163
-409651
-914644
-957715
-917734
195156
-717622
657186
-378297
452682
32173
863549
559989
-584464
468757
-116235
-203268
893231
-370649
-595556
-159416
30130
-528892
-644025
-260079
449628
-549212
211809
142865
-736273
-221263
-983432
660542
-614649
-181507
-419707
-598737
484084
-738300
73756
-440508
-423982
-522837
549271
433789
-394231
168816
-366507
872593
239481
-296416
-692126
231077
588907
-363353
-483595
-206504
285846
-14474
337834
-63322
-298801
-324609
153065
-7502
-533927
632158
-857216
855227
453846
918838
-78117
939802
238676
973245
711645
-69170
-26149
-542119
-301175
969615
714491
231754
954031
822676
-469687
114889
902525
-349642
814922
493313
-675816
-814955
-550777
37648
-732500
574632
344944
776657
-283347
-653747
542513
-258725
56404
623845
741763
521786
-737848
297331
618762
-394895
791243
-432913
268340
-349485
-617349
715343
880082
-555375
-898734
-579402
406728
346671
313885
698675
437543
-271269
78436
-228661
-207248
-83479
-896562
882501
806169
-410591
785021
-487757
-478427
-855250
825362
-368948
121907
-850737
143107
-760871
-685336
217963
645132
312903
913696
887302
932937
201476
98
-259972
-695492
996111
736434
-779020
572362
827612
-210664
-200607
-568932
-813067
354579
162016
-607742
723461
-866572
-982042
576124
452225
477553
146792
-445580
-842348
-829041
408161
-595033
39520
760426
-164097
309434
-292625
-476827
304970
-653973
-965688
651478
-590041
454269
502251
87691
-779160
839841
81249
-433147
-726434
-891371
885056
541140
-815234
-943683
100979
-304717
178544
843913
952417
951630
-939580
-556797
667907
354389
-360453
-248698
157885
311394
-716625
151040
591352
-394394
-681965
389133
826113
76079
245580
131755
928269
315026
-241577
-601522
176666
699715
843454
-803975
-161334
771457
888367
-447105
372414
860778
901310
-632033
502886
-17972
-321850
-82535
705564
-259569
910801
85782
-36771
-176847
387240
-663955
635175
-955313
398206
258471
121282
-885140
-565386
212907
619015
-892928
-734613
152686
-971744
-922231
-476638
-394177
194313
-56392
-105616
-616324
-139408
-830850
620829
316626
518502
-156657
-714783
599525
-458649
-260766
315869
-806641
890924
-802699
470671
865170
8215
255931
-905801
-478566
-779970
-648312
-560277
859563
497588
-253291
-983858
91889
825110
206866
-715668
-956528
-845387
-663433
-478749
55027
-66244
-237473
-848011
-805318
918872
-308770
-177099
947603
-611777
99548
-329795
-337889
-467307
736295
-190638
-14979
-66278
777368
-190390
-572074
296140
-51872
553004
-938792
676436
-777502
13321
-265271
-816396
992924
954041
-33983
-957164
231511
288398
-465364
-670432
841573
123818
-497677
-526580
-525178
136641
-899568
-655558
-638294
336382
279730
-879226
214260
692392
-195956
-338286
-242300
836757
855781
-784926
663525
786525
813739
280334
379785
833041
731612
-260745
-134507
-382646
629882
610290
183069
-251652
754300
-624489
217344
677770
703357
-568681
388799
279464
650720
39030
-698842
-890837
-468106
-586991
913158
56647
-209343
92925
864934
668662
495560
939268
256317
-2738
695927
-290010
8238
512658
-804943
-299999
280800
907435
-784593
-353117
83480
-305629
-246791
-214666
526120
-133237
640457
293693
-86938
-135947
449459
606989
-298454
169109
-462392
-694346
880082
851941
-231192
315944
993039
584910
-835851
-491544
601885
101646
-668440
958249
-709388
-898389
-684931
-467762
-614658
-819872
-171320
982474
-255617
630734
-551349
325690
691984
97966
-368251
-545661
-535874
772873
970074
555891
300400
426466
-466648
188397
51887
-396656
-966447
-889932
-223583
296440
600523
-501464
-116511
-572672
-740463
-883800
138187
-711857
-158849
-563130
-262186
-216819
-600581
-195215
-931728
736937
-874472
-795096
-370252
-943394
-590711
-616507
-93582
-331850
-607005
528219
-562128
647050
808764
-214890
769503
391682
-434490
258259
-783612
534707
-595162
-145141
-661968
-462749
962407
483377
-870730
846986
589178
495204
260979
14975
-597505
491028
324556
-900198
-543697
-464753
-762781
-331560
-681062
68768
-644122
467179
-825367
522521
-551229
878304
-977786
-16666
239714
-396985
-196917
-457433
-993767
-267592
427952
-895288
139412
103908
-298744
677264
84937
-324804
-711303
-224876
-398067
-51908
847493
343447
488046
-872133
122120
847005
-392304
-258618
75030
665951
-252313
-948568
-598377
970900
-290787
-404816
-943790
-676361
751327
800643
874918
337107
511952
215831
-189746
221470
-848221
-580072
573340
-322507
31802
-571664
617718
393709
-276852
412470
-709370
190727
-682830
-929699
570113
-871785
-256374
248178
-447904
218959
-928621
-66370
745136
40701
-654323
771841
834678
-571188
174856
-437418
362647
294658
214227
-328806
-978827
-724999
695639
729176
-18848
-153452
-819099
-750625
-208915
694164
774166
-774535
322259
-53187
540969
-166862
709280
-598682
125158
-272706
-81314
-751417
-309631
825797
-825294
-381526
-1294
611000
-265899
-460097
670965
185882
487425
665842
-73096
-498956
-72940
863946
259453
-453761
910972
355635
884819
725481
652270
974427
-781619
-522084
-429801
-73052
-128563
-760319
-574032
-463963
-785177
987677
-631436
634694
398823
-773618
-378234
404109
-955869
-990158
785692
183762
562863
-470445
696550
762702
-877531
781287
468516
-585303
281933
-169286
-33032
256827
-725130
152682
697500
980825
725226
-716936
-410015
-224859
799399
534098
-993137
388326
-684467
-562694
922250
-158010
284099
-862523
838463
763947
264495
78783
15060
802892
258427
753607
434431
-378191
359751
-716361
-356440
66437
617639
610665
-8773
-924023
729992
748787
-872145
-437117
820813
483692
367111
659538
-19285
837781
824351
309106
390425
412075
-696026
881695
183158
165041
551138
-717094
215621
-580462
-602752
538891
-225377
-819292
538070
-200693
-807351
4765
358479
642720
-335404
-960686
-272088
827402
-489555
-914805
-138797
432507
531878
980630
898961
885610
997134
568969
515376
291395
163771
-894714
-916742
-693233
277739
-525411
681795
-765404
-740367
340473
595482
589290
123491
-701079
303205
-63892
-656797
-519125
796752
-789757
135123
-264838
-686615
679293
887743
-830446
-511388
698159
-862320
-207817
-919428
489686
584930
-133532
482108
-641724
429963
563099
265192
280468
861118
-614826
-79584
577830
-2624
-673919
144406
-270091
-530519
682569
-131675
-509583
-615262
579595
686487
-380621
-806497
151955
232919
-767915
239966
769725
-830073
970926
-260833
241791
-585552
-978781
274456
387878
-435590
46270
-678700
945188
197362
-460946
-652181
-418364
-101435
-533499
-68561
-338180
196007
-483774
-916357
602458
121683
251576
156596
-625506
-334928
602781
249723
-581058
479768
312324
-209263
-654718
-591915
819228
602894
-945370
224794
886673
-448822
-353378
-385301
209812
-386217
-306834
651192
-556186
-852562
372040
-331544
-653889
-205403
-575526
-673332
-334291
133241
74604
567568
-965598
131447
-847178
231694
818019
141760
-998083
513320
-947090
150587
-757440
-909380
344076
316440
560229
713336
462591
96502
681652
-177950
-332033
-759379
-221035
-462513
-675178
-282940
-762960
-379193
771088
-843726
-190080
-71936
229387
-52162
468544
949206
-641685
702026
-742895
926688
871223
-710214
49511
-497981
-340043
-795047
-102063
-439974
-200431
-555576
88102
262787
-387119
-800358
749869
116751
-448233
-916725
380695
-123922
-924081
-748314
763294
255753
46483
505843
-351000
-583543
-213428
-965848
-125238
-884335
-243862
960383
644782
-30852
-798629
-26141
25824
864150
-617682
591182
261050
592700
740604
-853918
353536
896013
-714517
-576519
862208
-48341
714838
-732432
-761950
959449
170169
394744
-209348
729441
295951
893663
-382471
-317649
-139948
-255935
363025
-101024
942313
-725813
-500112
-248526
425784
111444
-93002
806826
-634345
-148506
-353869
349425
636684
750150
373862
-832707
446903
528083
-8520
-599528
639802
931934
299128
726943
135115
-773241
994884
420322
370417
-759832
-735617
-393207
806301
717969
-28023
-276857
50137
-385267
-591967
628314
516204
-377793
27092
237899
-222417
-953248
-755152
-783408
-156978
-397287
-149746
778785
-328414
138058
-692429
-584058
405862
353929
-180554
115563
-765922
508195
186685
-728502
-87369
686030
711564
-682997
872055
-635554
-713870
717255
642906
517128
578547
336813
-876419
-800795
-276903
-63954
318560
989624
-645048
703336
-235704
-855231
-870246
773290
432118
836434
-517442
-428354
141197
784976
185821
821922
-349449
-686644
781793
202912
-859298
-405614
-672725
969884
304178
443992
513019
643001
252590
-153300
703632
-28656
-988135
648247
732335
-901918
917854
863173
-141992
-614108
-851798
934822
76006
-434484
-573955
-16131
841613
-821904
674885
269879
-869510
342170
468354
251310
-845613
432640
-83428
715742
-977369
-107746
832820
597308
-696080
631838
-377490
-163
-668642
-138791
-930358
859391
-857200
89400
-457662
-615528
182418
-758767
-987572
693408
405817
305611
695148
-409487
162799
954826
-113382
-536739
-621220
231026
-821935
306686
-240284
-215201
421707
166251
695952
746729
863555
3008
532477
640314
197238
-168370
-567572
-776633
-155352
645769
141073
86251
268369
842118
-235634
-896675
-791480
864674
523596
-144147
-554617
-521679
445392
-594842
-249572
-647812
-117411
-826346
73293
460435
341745
-289083
262549
787167
308444
536213
235671
664801
-973563
-175428
-41618
546896
-155344
-899647
586235
-379757
51738
50519
-482680
-61173
209291
-43566
549277
289391
617084
-592308
925132
-412397
570842
-604564
3430
410301
-324420
-265380
28041
323184
109194
128266
715135
-543294
668988
226683
934436
202180
-63052
603249
85982
-158573
91252
-171046
-264996
113769
-736968
-229856
-650514
993806
566732
-247117
-765825
-953357
-669133
252216
-417327
329946
-332638
94093
288853
16497
-883199
-179922
-766547
114678
373112
-36440
27573
530310
643581
62312
-226104
-555390
517125
-675026
545020
-461054
-948922
623696
-945491
638079
-880908
769661
928663
-16491
861417
885413
167730
66281
898596
-2975
-491441
-882327
825338
80159
-129032
-938042
890508
251416
801348
854263
-612753
-79692
224558
45213
-395376
-773337
-644044
959567
-618865
-766990
970192
-915418
324612
389287
-716557
317485
543150
362735
-45057
263652
736879
338869
250279
79757
-444074
-639435
579353
678012
-805245
-252083
-837043
139931
-530437
369315
-923064
-330965
-11640
844645
-429765
889452
-677359
100720
-790703
161490
-869787
-355852
755065
-803573
-688182
434663
-635171
-890376
-466789
-468533
-709381
-776842
-339295
692394
483963
31493
837415
-348446
-815379
-314573
950425
-520167
939511
-691291
-423370
230779
-624070
-339662
-115784
-689535
-919416
173667
795447
468979
21203
180184
-206745
188048
468366
789108
931517
315123
982503
713531
59311
-38501
-671876
-265290
715625
-890343
560507
252233
993633
-10247
-406767
-595731
-48439
793125
-95664
111717
-812466
845423
70274
-287243
-501458
-228874
-880548
623980
-753407
-378126
164025
629986
787752
350037
-200610
-645596
-530392
-363018
231173
717531
-803389
586761
-978556
34211
896472
-362617
-623383
-134255
4139
-683752
-330103
780639
527917
-628500
945983
-673485
-102527
452544
-608232
-264068
-941211
-108534
72365
-422978
-526070
799444
-801209
-826498
-973180
-43801
-167932
-213206
881445
703137
445386
944744
913471
-306664
-476463
-638889
-327002
-801658
677649
-550539
-203667
-264776
-892429
-27131
260749
801391
-126452
-33533
-409652
378573
-758535
545936
881386
-806143
2982
-259680
-554752
2889
352112
907865
-735786
756987
-71508
-414950
-347521
6323
563882
887035
694405
752616
-790570
-511480
-255619
282614
772454
504706
771576
571819
-180034
253950
36374
-180898
-851994
-422883
-48853
803053
963089
334196
838245
682885
51305
-777142
-716935
-312550
175154
-737440
100856
7390
621649
-402830
115570
753848
-898705
-718719
645491
-988630
-357755
-95688
-376728
-318646
349394
-338251
-979757
144607
675241
-115668
327152
-22919
-997796
953532
-273738
-336710
849010
-771452
127486
522940
-235260
-869121
734853
-89033
264681
366255
-71701
-81557
561352
781542
-914020
904052
-482754
632231
-710505
-715779
-520436
-343387
-877249
528812
64310
-439624
29106
-93171
-614924
-111111
191199
268173
651489
-520801
402786
-74235
204590
574073
377777
-417947
-48591
-109770
293934
-686748
776955
-999581
627546
192195
102378
909918
977183
959055
-313463
410449
83596
76079
-926233
-751691
-493291
890581
-833497
-221599
935790
844426
107938
-95270
-785003
-266497
-7186
427993
-112390
271852
-481206
-431672
561771
-151487
496692
746836
-945890
196714
828611
1834
-371720
475194
-787510
108633
-534018
356419
-962373
46152
-494216
-792407
295302
832475
-757629
-675022
82292
432307
-427223
-72866
-246288
-174903
453961
139237
-838481
732443
573117
151057
-691515
-652277
-162757
962836
-807686
-336285
36719
-776894
860045
408743
-380052
-858772
159071
261393
880803
546922
-823950
-631729
-65313
996265
-761652
-696006
-831822
-717284
-351813
564478
683860
-779713
-478261
887645
268983
545304
-262594
475486
-374125
-922446
-87618
-795698
224852
690902
-824629
311886
-156766
-8205
-784904
923852
-612852
-710345
-161075
849129
-402692
-309577
691927
159206
248268
944964
26312
-27921
969445
634072
-202818
37814
-700937
-245429
462812
463797
-570884
-671249
-782011
146398
589220
-911092
105426
19314
-606723
266809
733636
765611
-131161
860481
-901441
855580
778474
-956555
832966
626289
649828
-440395
917996
-132995
318934
240918
248914
597283
-285241
-39199
-122971
862930
-739710
-459661
403688
90401
-386546
470655
-56558
-148611
214173
-830157
263958
-670827
-954090
403468
155753
-442849
-565030
202278
794110
-105246
-468248
-360606
-644196
823252
869769
-501710
-78146
-836762
179106
894787
23131
771660
322951
706109
644707
798839
417873
-866498
57453
378786
581390
909834
-705943
989546
579311
163448
721904
-347158
-733784
433568
-730862
-488274
-922017
-314832
-879779
942745
-733268
313321
-646252
705727
172492
870215
-546584
506297
530760
812264
739781
-949810
962365
-507090
324596
-789562
770128
-797036
149807
-987161
461117
-438107
-598776
-997307
882668
-123231
661492
375965
-887860
802770
987286
-362550
993377
353732
-443854
-550675
-362396
-843320
204616
-125217
-635314
-723991
-619109
-34523
55105
-101722
-281365
744621
-139974
599727
380988
251072
-962536
-128252
92777
872899
-991057
-869287
-223821
-754702
-733233
-714694
401718
568180
360684
-141087
-530360
-641981
852728
154085
-897232
-362445
-625775
-683905
311708
-500817
-65392
-330130
-697914
453736
-692821
749064
834639
-90492
-359663
-48188
699966
579786
-644255
248960
566273
983012
-356462
-149866
876871
492454
574856
-145858
-792329
-155206
350248
-810727
-670982
581280
-388730
285962
662235
-487371
349023
-284977
-830082
637475
308116
254818
434190
963355
976569
-155154
156770
-766798
-224524
-609436
-849877
828388
939
-914158
457375
-934977
503407
-406909
880359
499292
527998
-138865
340645
-359307
-993528
97703
552444
-682669
-15675
933887
860579
-891923
-578936
578465
-915680
-461362
286845
-624484
-245550
-963345
-557326
894352
-452057
-668297
-215341
-358439
954990
-150319
-567257
961152
940461
-407447
-587846
-762640
-537336
244873
647981
-973090
-382844
760079
786867
228696
-815888
796956
99068
-645083
12499
952964
362515
-122060
-270615
-412239
883872
-264657
-322565
-201187
236989
458860
374192
534586
24280
125261
40413
-241542
-49614
-213179
768009
-126333
192562
977492
7136
-492183
-889662
217804
-881435
-886353
938657
886419
883408
-12216
-608798
-753192
-904438
-604678
648342
-28829
-325288
-523077
20352
690804
35189
34914
-739902
541780
-447177
-282751
-674046
366642
-914723
-743060
592396
-146884
944409
875563
-626611
896699
367202
-190119
373876
-811000
995623
317251
758882
-631522
714059
593901
-946254
710713
-429870
442077
347137
792333
-648606
549222
589309
-782915
776660
-32668
525715
-854155
609148
409968
-575888
-399818
-554355
-654089
281310
-647037
712861
-363454
-148700
-727252
-930187
966762
-217484
-323545
-426792
-633321
459234
502282
-530803
-966858
49994
-876196
-172646
639562
518839
-755799
-31735
877108
18636
562937
45315
717175
-766997
730908
-23068
-708426
-715592
-266708
-859643
111855
-90800
409544
-893315
-190639
632540
685243
-704274
39322
727465
948119
-848479
-191693
486045
-721008
830788
722638
455724
239881
-427487
487308
-457804
-751117
329153
-741506
-229603
-329524
-88546
906450
404390
-622530
-354206
-123881
-302824
723194
337708
785909
218306
326401
347514
-824647
662084
239105
-867318
-103853
-747032
832103
163068
-195217
-405731
-46343
385676
-352448
346633
-481427
-805187
-514435
-760228
627765
-859171
278779
98311
486562
744394
-225797
-455061
-482774
64234
-208930
754691
-24203
-423947
-545615
-722855
-973388
591263
113850
870962
704517
-829711
727770
115861
540702
-41413
-420259
885943
-165745
-435251
620910
41822
-149784
-270612
-323872
-207279
-232747
-34535
495677
-189913
-569101
-846582
-826681
91255
857443
131906
-609017
612341
309618
-933583
507355
899161
641016
-614931
870602
434984
353192
240090
-600094
699748
-580807
876158
-72798
-379471
914960
-301392
796520
787914
622539
-792988
-735405
352058
771759
-326353
695990
-704646
10079
-212885
126132
157935
-135796
-318264
146151
854484
-243899
-103329
446691
-308700
-360048
-9760
810362
-986623
-696296
641913
-184996
219571
-562315
-510014
-77759
-387588
878752
-520731
400115
44627
-241944
-871583
-122355
-553335
554534
439833
158183
-381027
712022
767915
-739023
647606
-554184
-316949
713230
457461
477858
472296
516574
-4995
-539020
605831
-106762
561784
937987
-892427
400581
382233
638434
179966
-354319
-134361
-382343
806423
-195281
408180
303704
601973
-83076
-15045
-635796
-138312
-262354
553774
-499162
780544
-855345
-559376
-563066
910419
528149
5344
-38567
542107
430187
-635068
-586247
-253468
-372860
10558
36945
-594182
-64671
-818317
656496
440868
710523
-588392
-561658
849721
-674441
81935
-542529
643337
678237
-925638
-611284
-316345
369324
548844
-262625
-801391
281459
490352
748203
-986025
-516599
-456021
589110
-460898
643103
-530311
-884967
488768
-815168
528167
-308783
-619353
375278
-30855
625591
-574066
-127598
-821368
775399
-837328
990934
922237
-644636
116261
-720714
470991
892836
880691
991531
-590761
-939649
-195367
-112853
-603871
-769359
507645
582530
-705780
685385
992657
58273
170754
-468656
572465
112945
-919129
391109
-587030
914220
-883768
678252
735610
-23790
904888
295364
727891
-214557
-242353
853567
-565675
268566
634343
-74482
-401665
298391
47398
107183
-524679
386027
-295056
-454956
-794705
972786
121341
227230
-302035
405027
-155002
-963489
33022
334834
-159921
-977343
350634
-288537
-346093
-895880
696040
-443741
-888618
634019
-323430
556289
-449204
-342023
-64538
694898
-898223
367030
-177311
571053
-362030
-333288
-624491
32069
981018
237581
-179536
-548048
-288662
377729
302382
-219929
145909
426014
-956843
274863
990680
-829918
999939
194319
-686813
-781368
822151
-110187
-744277
460490
92747
-409151
294527
-396554
-306675
949311
16567
-2824
-677505
-334846
-228303
-997382
952147
-171570
957916
-789669
116828
265712
-117270
-154337
214095
626552
483499
-305967
-10063
601378
-932594
460438
-288348
-725165
-945325
-603986
-931310
-10400
-946349
279261
-863350
656220
564524
-842813
965057
-744987
-564438
-799770
-218631
-32309
-826303
-603200
-999115
-826881
-825742
-578933
507904
-663687
-398757
833314
-516255
-414882
128538
227039
122552
-616862
521126
331634
-501455
-302647
-746164
-934075
-676512
259059
284091
892883
909999
-175274
585089
-156795
916938
-936573
-883863
-90540
-523541
-903179
992895
-738057
-574935
-466210
334517
736141
-656286
175835
-447506
473253
694537
-558885
-29552
-574057
674925
903778
-743879
799654
-541639
264625
-102716
760252
763541
140707
289296
-224303
-256474
259955
-152915
142312
-504996
459756
-378309
-579553
-326603
297162
-934907
131078
-884692
-450514
-776683
-652560
752402
162390
61249
890314
-428617
921209
-411425
-187925
454099
247576
-531403
-110567
590940
-823033
-963827
264710
459890
493145
528809
-327209
634579
99421
-89446
732518
376932
426630
-561359
-785155
450828
-367380
832982
-186352
52737
-208167
336532
210501
228325
-263677
408546
649608
518373
404775
955101
462347
539386
-631904
925190
267095
925175
-943080
-701653
-985836
-470094
100549
575389
733452
343255
-437585
493290
233619
440129
-825797
-958505
-306169
-47444
192796
550527
888213
911065
-694636
-235330
581078
-920042
138647
661195
-35628
109148
-346775
-427799
105395
-306610
-918980
-757595
366912
281965
-967830
-163707
-946723
10810
517687
721986
-892408
549917
449313
-936686
-551361
-973089
401898
-422148
839756
101421
311857
655771
-920023
124272
-823702
-431177
-19229
-834983
-408085
-896781
-533114
551689
467730
-122571
476984
-556934
339578
675929
950551
944214
-525832
-364271
-900316
-101877
-307488
668569
-486433
902008
-330041
-622072
-999083
898369
-555992
134715
-715535
-531114
-319588
-33582
-174640
562701
110937
-646466
-735601
-860445
-332826
878548
-999218
-246655
462068
-945219
320709
-479157
-985451
454396
216041
-210873
-8676
-356748
-429720
642064
-118080
827663
795920
-417567
-668183
196940
-904326
-484417
160609
-418320
658169
844436
-435257
-768804
241936
-481281
383603
329509
133812
-434187
663597
107739
498751
225287
421315
753598
-116399
-102110
-369544
-883673
748210
-465784
818238
797686
-290023
501747
-811098
-785528
265979
524354
349773
-684369
20783
658513
-628189
948444
619581
450664
500576
-172557
-684656
-128077
21862
-568474
-26476
879821
-616285
865773
-701404
772671
696758
365418
-946648
921489
-708398
-129734
765598
650107
165419
120381
890872
576420
-571797
740252
946519
-292506
-525676
919138
322149
-870099
-200062
-78559
-995311
-906318
-140659
-449723
560655
-983105
971995
-133345
-664598
-49358
558027
-832035
909868
737861
510197
-988498
165081
-220543
-697280
-883043
942747
-200427
681985
-283843
69055
717961
-969944
17977
866981
-538717
249767
686121
-882718
-751438
-774792
-695077
951179
714057
-189836
515174
302329
260204
-325882
222978
-537590
87862
-503674
298538
-957433
75988
-373899
-880970
-430930
682298
950788
34026
202697
-740249
-80737
-566765
381797
131623
435806
-649095
-134670
933698
36469
5836
-165974
-639292
745331
750199
364572
-296524
237245
291835
-739459
315426
-672540
-257112
-606526
-825841
97360
-562042
688009
-458018
-314498
875681
-37065
-559492
-761913
966326
-342019
-430913
-503254
660896
109251
906309
630531
508701
-634450
471196
-817708
-256769
-530698
180342
915654
219197
-424173
800366
136159
564043
365787
236543
324234
-305242
160347
-676224
-558319
-424827
-22427
387795
-435295
443704
-19064
-26456
998214
586054
-80246
107045
237868
757292
399646
450930
-451198
-1266
-899492
979960
-328781
445122
970554
-838071
-174164
-724677
-974222
-682269
-653739
542252
315713
-385618
674965
636457
733325
660124
-298258
-87522
295748
501287
-379917
887733
595244
-824009
-904962
604183
547281
648069
239495
-931246
622566
-83586
321534
-602529
-888768
88836
964381
328640
-405845
987742
-57663
732352
-102431
155528
-111840
-335315
-396246
881862
13066
583895
-425252
137275
569503
-638034
256567
201022
-527186
905769
-939828
383202
74286
120789
-408520
-124059
-988477
-484724
-680131
-612746
-184717
-577459
-85674
973686
213534
605830
992905
-517008
-909854
963054
-83875
562503
-42255
261554
-820496
-427376
112362
654942
-166185
-514483
676265
-185300
502630
623829
-678170
377983
-739330
-636997
-364302
-532576
51071
-147766
-948705
-905513
-727104
661949
891539
-55209
-143928
-766540
-370646
-197587
438324
-815399
-516894
-244128
-654816
-361302
-937985
171004
-598897
618960
661263
-162557
784108
-67396
832996
-421741
-815205
834251
335685
-948229
602564
-704254
-800956
-179614
-776381
173917
586307
-961696
134057
825184
102679
-822772
-570435
-937770
-992346
-174020
-635463
-220362
88078
-683746
472608
728078
469381
704895
-962887
93133
691623
773976
-578239
-796713
691744
730855
-980270
-963882
861992
-308509
-505668
336930
959580
-706448
90018
-533500
569508
-672504
583982
589359
684976
-527444
398818
-3189
360946
-444065
817063
530750
-909795
-67101
643476
788005
-935521
807638
-24277
341025
209188
-778469
682599
898448
-338853
958141
303579
-837100
681895
480594
425384
45957
-351701
-772253
857072
-19946
-868262
-710062
-646205
-576825
572777
-942805
-671381
759318
413539
994661
897044
-584397
280998
841039
459255
-292346
390117
165036
770717
-96707
-236050
265313
411404
-109132
176180
180932
662934
56656
529072
-60501
125419
820316
-63765
779827
999764
998009
-106814
298728
134720
-243
118316
-785530
512840
-387029
-475024
456610
106275
-473658
469054
-44518
238292
-984371
-901486
699964
627856
-272889
364699
-993921
-463058
186822
-111229
-929023
-541120
919643
-101706
19151
-824415
641891
-478003
-244437
-487411
835622
462221
-344696
910009
-69919
241814
-373690
-400672
-808967
-660694
-471814
565569
56306
-270672
-280434
86173
-867346
-381515
-434887
-708938
77006
479802
-383830
155211
903880
640073
-933306
513849
-503531
878102
485110
-870410
512571
-252487
-919766
994106
447122
951626
686635
314992
645709
687270
735890
548621
815126
279916
-890543
-434113
-167140
-510703
-959572
-552702
243549
-665612
347344
778353
306605
-46989
-77253
-145860
-970003
723630
-914949
272597
-4148
86829
196792
-538042
-874804
922048
-931953
-305774
317438
136696
277953
-710327
491824
-643422
-990173
411934
515588
-400013
-791990
-183848
-853896
24726
-106421
69751
-449398
869515
468446
878801
823696
100268
-805424
-19861
-495258
-458705
873018
567706
-466970
935179
598315
-926339
-459337
420322
85148
-746297
724688
7899
701281
369668
-550161
136259
-160785
51364
-997842
-571806
-802864
-287245
349386
-498300
-74751
-681103
-255162
-697987
-583036
-493146
262614
478157
-71246
-549454
767820
974895
700554
353850
-770299
205087
-112483
503110
-710074
160050
865419
-828927
-465280
-999000
-430261
372789
327278
463734
705570
-630047
-92283
679444
217047
678908
-66149
867643
-267355
60881
-922479
407370
834007
-248519
-460532
-459286
855366
313039
766186
830855
-77089
-649976
339695
636614
-483586
795059
-230864
393365
347521
879409
445058
-518866
457708
-419832
851059
-988117
-716440
-662638
484580
886747
-431248
482601
-391789
308261
567853
-147624
406553
358659
319615
597959
245371
557469
787265
859641
-633109
-919519
619594
237369
319497
297704
463804
-557565
-103071
-877161
794268
-785312
-314362
125230
959568
146330
170485
-525357
-61237
15191
-202771
-354019
-98797
-951033
-218641
860016
891232
462580
-428347
745770
-144993
337142
-704218
-854851
-348847
505946
-421448
-646031
-422425
264846
-197698
135446
-87598
-635981
471015
-337110
107344
-675572
21656
146035
661666
366902
866933
-293777
-743099
-485305
683211
-274425
-300771
-310116
-749131
-417872
-629469
192659
-826366
239281
-364467
188973
54516
241512
-838665
-339518
151774
-123512
-903734
-892454
462512
531407
368201
-834303
938279
-561648
-940605
-533355
-406519
213207
732891
284436
202825
986544
974903
-965950
-691494
502488
-897903
-331151
262361
884342
-85344
352632
-495460
-338329
-321475
73014
-424976
-502660
-448530
-135679
-248023
-503836
-365951
852248
-366098
-402340
46527
303591
-738429
503037
840920
-40679
934887
-42485
-443729
-936975
-47592
138102
686054
-882719
-509375
-457790
464853
166197
-746950
837732
306528
-791625
-286585
-367221
-706571
-950796
690549
-708360
-369260
-988184
-324280
-807483
-24776
797194
564369
419676
439584
80684
438797
-220590
-255843
-242340
990428
-778468
-381201
-793360
-589107
-292676
-17426
141785
360022
-393673
310516
44284
196746
260486
-950895
-190401
823205
-302662
625394
-261948
-203466
-346862
327329
-605762
182518
-237601
670891
941777
979583
332942
-952420
-354954
557453
-102466
-82093
563461
-432188
-826427
950681
937015
-35792
359676
87634
-769781
321712
123674
-996462
794682
-542821
-257605
-635937
-387188
-674022
-590237
-309527
565267
-170458
-900022
-185285
-525491
-393291
825522
319549
717191
904887
-586954
-109612
-317089
-74192
-830307
140088
108543
-872372
-784966
-85882
523400
-836490
662361
-961163
-666466
-110903
-244024
230301
-860575
491022
14289
688681
-989661
683112
342589
-405429
666450
-147464
706102
-201094
802014
679083
-926907
242674
-845650
621772
358170
915930
-534380
984947
162665
109740
183558
-4606
354553
-386190
-440214
824464
-14371
508823
951998
292383
806584
859695
786721
-550055
-847306
-186461
-405454
764069
-743243
-512496
-804496
268968
605119
945656
784714
36084
-48597
-527903
386476
-826886
-845101
-863596
-50433
-938626
-43176
331459
109626
-979274
344054
685886
-581467
407148
-940508
817778
835966
-702447
-512350
-611492
-518411
745979
710375
-296799
30409
824199
-331443
-937381
-342722
327967
-821172
-696119
-181831
314849
537220
970432
396710
-619626
-887997
717771
-712897
494622
814074
-428239
637589
264573
967259
-82842
-477724
218281
997900
-989360
-759211
-284874
-872718
-541973
-18340
554802
42739
-997037
-62612
130082
581463
-412679
-911972
29304
-923566
367133
-33114
-772346
13647
143370
225691
9363
954697
-789280
-698804
-820868
293022
95874
343285
-511090
-469846
-470448
-502852
178739
-450472
973367
-380000
317972
-294145
588749
-773793
545066
804932
-504265
883187
673560
895367
-948835
579270
-418410
-228488
726009
-585444
-882211
-405686
-726983
-747400
-213222
400457
576616
-310403
-413645
-336992
712914
-45219
653709
34767
-892279
41064
266983
349032
535421
-624722
187282
-19335
535229
63346
-358157
-422055
-378695
300095
-439413
864252
-830029
-865177
629469
-22936
-84675
100633
-622274
-255911
-425792
554145
578442
-884787
-450933
-444691
-494486
-116702
597361
249900
-509144
-456167
274288
820120
-146349
-29025
954233
-8172
-136147
339546
688791
471042
400744
8571
-873207
500694
314195
-586810
345428
-189356
641032
-402998
329069
610227
294562
460814
443900
493299
-989440
276408
356079
-831337
169673
-125838
902407
740110
-895229
-824131
664071
-99205
643750
-470863
900523
-969788
-568724
-29447
-695501
795370
456090
219021
-266206
999788
638108
-186751
992468
555692
520187
411802
91327
225267
189949
-522415
-485946
596326
489336
942104
860657
-420289
899702
-490723
-716915
663538
788358
-998554
-486063
436867
580212
442180
-22256
-156204
-865099
848868
303650
-795086
-206181
766754
-751390
-992035
908342
-710210
-877315
-912828
-229446
963623
201476
507387
-857063
374385
670256
222313
-356474
144569
-559437
-330280
-611723
-616044
-803654
-26997
761109
260367
216689
626747
-532332
-661178
582589
-351599
-583795
400576
600410
-21083
-734486
49675
-927862
847461
290070
-102940
43470
-20364
209724
-810650
967151
-728449
-431272
-238571
39312
140488
277710
776124
-447766
538245
-377721
-796343
-759480
-444263
197821
258574
-179611
842073
877026
491756
224892
-412164
-266736
107598
-139764
-264441
907662
152523
-949671
-334032
-525512
-470652
-71930
-736698
337369
-820763
-742595
953858
747925
77167
45253
-662605
-255616
106515
-538216
-154798
-655536
-766168
-984798
624262
-433954
293557
-224317
252552
978586
124565
364621
-409562
984604
-209359
199327
-257945
284206
143659
847348
535509
-106615
-702390
958869
-577051
-812615
-195621
-621319
258944
-827501
951838
150840
81220
-817579
546838
-696123
-689761
-425064
198747
-944835
-714688
-9934
400500
-249413
62742
-769327
-490331
312113
128261
-949549
743292
-677064
725156
985302
-368939
559509
813734
116121
-454496
971104
847918
86022
-466252
-64309
719875
-478999
867256
-286340
-240662
38035
753561
420340
-877039
357451
-978198
187334
41223
-522461
-26534
932076
-141692
110823
-701593
179618
977606
337872
175020
-41624
353994
46268
-617543
-69917
-199678
658247
690519
339543
716796
-684312
-950613
90665
-951653
-827632
469309
587303
-499275
-878375
-735061
593541
-211106
413917
813919
92121
-143403
969742
-306488
-251075
110483
-38886
950820
-196884
658032
-145400
800617
-636462
-805238
995254
727108
708824
-289000
321821
-28254
846576
209091
-869583
513728
379377
961382
-717471
-450508
-860608
580315
-924416
-200197
-499107
-68786
826172
454258
-249513
546260
-866871
959233
694655
-965537
88050
343734
629287
-282797
48146
-543313
654991
701053
138925
-187809
-110632
-389315
711661
-699302
-392047
943827
296624
67413
546282
-465496
-247198
-896597
-551243
-719989
930112
-750214
531241
-431753
832453
164288
744090
550334
758478
432260
-388278
128962
485860
956885
-549441
58086
116247
321006
-273804
656008
-783116
168950
322756
-24102
482762
217235
336985
980036
373571
-290037
421866
-153861
559356
-466019
-552031
-134861
807266
-509237
-550286
837614
-818776
-750058
-267145
319254
-355984
40864
-137787
222446
559008
-995171
-712785
-722371
-161352
235684
543761
432971
-2974
-778692
-117767
-841131
-877842
-60677
-780848
-210685
676427
-761216
67848
-725838
-574608
-276892
-293779
867872
331244
-471214
778713
-395303
367252
54431
-734885
160982
520
-806792
-557747
926044
-968661
346155
499546
-432197
684640
-368526
159236
-39805
415329
952323
-267331
430994
666474
123188
90182
-365533
-677672
955111
-907587
504405
904807
626165
363393
620456
982174
-148849
521679
999909
-994750
806258
-802250
-968475
-300035
637896
166937
982255
-211691
-524092
140416
-149951
174456
-42871
999789
688791
-511113
331206
-854974
-806440
-721466
-648885
533687
-514795
860874
946131
861630
-359603
-296876
406616
873390
581645
429365
707412
709407
645479
11563
81890
-442479
-39180
825569
-829802
-12764
827950
177862
-861609
119427
-451286
412589
180735
-306577
410440
464152
555566
-663190
-713247
-838776
-496033
-586899
-797843
13566
26127
-925128
-507464
667585
-160421
471745
492537
438165
151991
327299
224723
710147
-711718
24036
947072
-706300
-448254
-410787
-826674
134426
424111
-463783
323922
-753694
-335581
133248
-983140
535245
872650
-242521
922076
288910
-186566
35964
-856729
181592
480100
734582
-393336
535346
200214
32729
659272
-646788
-297633
243343
-181235
-137095
-345771
-514047
352453
749941
267232
192942
-410793
-939465
-756280
-569367
206045
-720450
-14402
-571844
179801
-585271
780204
696384
167027
530524
132014
391953
-863360
-921671
874439
185896
-952218
-758272
-589678
-19930
-775313
666377
943026
762693
-243809
-386123
-17800
992130
158723
288588
81465
108406
111704
316572
868607
552162
-862083
352634
802229
883098
-808486
257098
-826334
-996692
736737
-692672
120049
-636044
376255
179107
-819561
305782
801143
991614
585268
367638
424758
486302
-717751
317266
227114
-838183
874922
-303461
-662220
744902
-67950
-56171
-204847
-99148
728212
-687709
-618017
64686
-317217
-588880
918181
170721
-434232
-131324
-557909
-298802
-544365
981831
-895493
-873317
526359
-726193
-230610
302890
410861
863788
-315531
698947
558745
788211
-894140
-582628
-707907
-411140
-760293
566078
-245609
-948767
882768
-590086
-955555
114741
-263249
918324
-987541
-587777
-778665
446742
493389
922858
-394474
-664441
-423996
195136
-606341
-63647
-182971
-98137
754680
-445330
-420948
-12559
-754011
10493
-272997
743121
928977
831863
-875165
782231
-435733
349096
446427
-687676
-135171
472304
-686665
716677
-809718
453459
-884903
87452
223955
-110068
70866
-140649
-571648
466039
-818851
876409
459289
-825158
18721
660410
522410
-398872
-701766
-737017
-65461
359046
-670944
-142087
614224
696064
-541774
438833
-191571
-104958
-880314
-987828
-898020
184618
-618745
438547
140960
467056
-89916
-694239
-723025
966374
134739
5378
-398706
231971
4396
-138652
-348090
-196891
-535468
-257900
461459
-421089
-925209
-611966
-878961
-585744
751635
-760063
380628
128273
-390565
760024
-34467
658223
-229634
71302
-795840
58218
654503
-187377
220133
785849
-273796
-65631
-725929
258250
33207
-774544
919687
843544
95497
-750466
684525
528223
524089
367267
-207042
16593
522883
132058
487939
-653050
954136
120441
45936
577870
601826
-17821
679319
-593914
-49140
-197742
840672
820465
-444605
-375556
-537327
-532521
-319881
-34683
-989089
-851256
865489
791272
698442
-693571
-118514
227641
-599892
-18951
687668
62888
-27504
381863
869210
-537417
-989101
18683
-778571
-926668
969987
-320073
-243537
-462127
123681
-557383
-93046
-842340
-519157
113222
-549813
-664841
-10793
-996469
99175
513028
505601
361215
-479240
984449
-164275
-675759
963679
537860
151967
51526
657424
983670
161337
-46507
-179441
-478457
-959153
877939
-173433
-507896
-751341
935624
-922827
-154090
-668868
-546017
-766006
798833
698093
825494
-588400
713015
219612
173212
-611696
-648423
-270113
976440
-167092
937384
291675
99583
330659
516482
-819445
-830136
-924845
-925242
416214
-604050
-352857
-583991
-501937
-627307
579609
-414982
-30187
-796779
-605178
-83358
-898516
-590764
-22827
896691
16899
-695069
-49148
-675567
-810172
-958602
-437600
-712841
-710578
229413
654377
414277
-123757
362798
-205999
13116
104793
-775114
519707
180963
579351
822370
588424
-263361
-163502
34520
723186
820343
491098
841608
-515171
-254165
520026
195487
-103857
-117968
975635
-657827
-976804
288047
241577
11242
887452
-972111
-399248
613291
382616
51758
80570
-585772
345929
860110
858266
-863059
-810952
872635
394546
-111880
89705
-782059
-204239
-451953
216216
183546
-248640
930253
812714
220687
642183
-235982
-750109
170515
-871962
151414
466865
172606
894595
-630153
-352844
831344
-295767
-365439
-120382
933605
-908106
-607024
310749
-483767
-573685
-462080
564817
-750154
-807611
-379785
-60928
-141510
-687326
869666
-951239
-856819
-84020
-348518
-130850
289842
-864294
-170629
-328402
-983594
-272198
129106
127519
677652
-347869
703701
-710592
-685314
755498
-218834
23811
-1003
-202769
-452507
-885885
-909024
-290327
790137
-623322
-201676
-823980
-883263
178480
950240
358905
-5991
-315416
-684554
230465
-473510
-836357
256911
729226
-40801
4260
715340
-100668
459471
870891
290271
583300
3101
367278
-785271
740732
-64344
464018
55930
-324404
-434912
294445
991601
493052
-910825
829616
-472330
725384
-338477
872278
58759
-234689
244323
-902908
418585
-195929
500461
147989
561822
572603
-603312
431616
939846
-613267
-999437
762707
67962
-446635
580226
945096
953460
738560
-412692
-164488
-20996
-927733
-543242
-926721
-384750
-830722
-68255
-686323
-505364
-51142
-235256
705137
-184724
354709
932355
273227
-535284
514424
485068
-823929
598546
-924919
-471320
272495
753051
-215905
-526035
481617
773542
-162762
-216280
987090
232349
-984673
494534
958366
-153596
-460451
248277
-717261
-664162
152856
-860977
-105632
-429366
-809317
794417
-228130
567825
900073
757320
-71654
-445925
584185
-462184
839633
563658
-661660
-893846
975407
-383854
-461990
765706
-47921
29510
407883
-599063
590651
291681
-512851
315364
-997753
624816
605514
-497587
160494
904974
168988
-347313
184226
-204676
-788840
366550
95098
183819
578935
-114237
-935565
959630
295635
-932353
524203
-718073
-430822
-591154
-917583
896100
955442
363104
613890
906200
-904960
-750855
867393
-314018
308269
562008
-668777
386754
-585231
124256
-233069
-393561
581456
-604603
-722804
-257475
-311724
672690
399422
886531
543082
-160684
85095
-70893
871573
150282
-430790
-896177
-592791
-429723
-497676
-613237
-572462
-928524
719276
230699
-493204
363669
-936064
-713006
-473893
657471
265431
650002
-560274
464110
-47086
280277
-362775
-411907
-615885
-348870
-656459
401190
750696
496273
163397
-418900
-130012
-194520
-56808
275075
494288
-965108
-300212
43647
990980
-840460
664388
-580961
575614
479597
-804165
799511
-621864
-106204
-685422
-652331
-523921
-878847
958513
-414323
-171454
862238
-138421
-136451
-73185
-460285
-686149
-769894
-419139
721426
-639468
-601522
232136
-332449
14015
676606
-704178
891200
935662
-194474
87431
-879778
641652
-361737
-991587
568799
-234907
75856
210521
-712892
165846
148931
102716
-828117
934917
-88534
-679512
-648608
-577218
857902
284548
620174
98301
374720
868986
297855
133872
-449859
454583
-862645
821587
242445
-970714
-782183
-54217
324637
-884529
-388868
468888
726794
202822
-245108
252563
231061
281244
-140201
-88011
819465
-951079
168232
-902963
858944
-373018
-647386
-155595
746360
-417123
680448
-491535
258180
567828
-634166
877710
-840679
9119
981260
805162
-369184
420984
-597455
-428012
-279822
651388
-476130
321125
836604
-883211
-784120
-888839
-962471
-197963
583000
-96515
-915557
406797
-143790
-869151
-163303
-950558
-66
-657944
-793686
-780057
152757
-291563
256041
36856
397193
-544402
969580
-517784
227746
634570
766019
-818472
-314743
152813
-784832
729714
-170853
770321
735536
400118
635665
119998
954894
-631823
9999
-457514
-471053
32968
-689103
-570396
-715362
-471025
-786710
-514785
-881030
899719
867318
27332
-769279
542390
-232865
500359
-389125
161592
39114
-288487
361980
803053
911705
219784
578485
-168119
767082
-276177
-413869
569714
-643329
-1442
-741010
-715890
-216104
-269132
-564284
-272192
-626886
-262035
-888477
482944
18898
592200
-990378
775116
-328464
-875357
-157127
-855827
-968207
-822063
-86626
723275
-582349
927933
-186786
954219
605877
-732442
377511
124221
-189736
-545616
-19472
-506747
-699754
798839
-748224
471059
348956
36927
-629777
530391
771457
-515578
733339
-812139
615424
483439
-996708
-32681
458975
-726810
505669
-910856
-556014
-256303
148562
859964
-780289
-228817
638456
-608369
757504
313235
352780
-863879
214580
446834
-182602
-846528
-150228
914783
-76857
5521
517420
-21300
532177
517573
861660
51398
505342
-564051
-338497
-835169
542569
-528762
223547
470451
-9184
150926
-505332
586597
-55819
514502
423333
-840811
619136
-231284
-703979
373008
676974
453686
-199377
-202641
642280
-448295
876369
-365534
-683312
-847320
-109234
-864655
71201
332412
505990
-569569
-784281
40224
-169703
-929366
540556
757691
-672555
394478
598823
407988
-669773
722173
139431
131120
336622
137725
-525327
371871
-301712
534453
58839
-138669
-853721
-620549
-954517
471606
-890907
-722804
696782
572660
82911
977043
722157
-483593
-232708
867880
-340019
-925411
942311
-208936
685014
815780
-297049
862189
37052
924746
126398
160881
346477
246923
243207
650213
325016
283367
253343
-204892
-440362
-155110
450712
613914
-373754
-316259
704490
968325
-15904
940079
-180918
-484538
-823783
234855
-657505
18551
850408
-597790
448932
749445
14102
-517860
300392
617049
-765752
-30048
-241283
-10108
-637927
615038
-158718
-263421
716339
-932482
-563911
960884
418418
885356
242926
859244
93200
291403
577565
195957
-184974
57791
867995
-989817
-698242
-319271
37170
-8968
-41853
-673124
903950
581853
657004
237929
19441
-256773
847284
-811581
810932
-426316
650039
-451928
974335
-322537
-590162
441001
-375279
424797
-844079
421571
-195950
266698
749756
606417
-691876
767171
248870
-868690
-87006
-107464
-773883
486257
-49510
653428
118763
-172942
-606917
-709912
451620
234305
145222
-708420
-288228
-318453
-522741
-276757
495131
-788150
731202
-28261
-803217
-544642
299436
-903374
-68465
-708141
-185492
-97349
47369
-833463
888351
-159131
-819590
606108
846850
-498202
-364168
804383
506676
437928
152341
-721035
16190
-838007
-286760
846687
-542201
442552
-655031
-659291
855690
558033
208165
-874584
574967
915390
-153406
-86965
-574503
-859843
285831
-207055
-49350
-598264
-784398
107784
-447698
-958097
779390
516449
942287
-356895
882539
245111
-832603
359647
521481
891398
126926
-88601
-288230
78576
-993079
349865
826595
890337
562207
-401524
-551212
315321
-892460
73945
687970
-18006
-602276
257682
175337
-93132
994153
-361661
16616
679051
-260122
526115
884805
-330382
-201956
247290
95877
-753378
798679
503202
617150
-219889
478661
737898
632332
-261960
277293
-281404
413857
-164279
-175099
280792
-658102
592540
-541005
-954458
432333
68263
157073
628687
-537281
-505368
194563
-340400
226433
792965
-135394
-199006
692069
-936442
520025
403796
-897711
-535589
786404
899936
408707
449148
84328
-830349
-46251
935889
-256036
-767547
-301334
924858
-230086
-887633
253508
723869
378775
-704384
-924587
970539
742728
933751
-570552
-918258
-368532
890428
-723162
178164
-424943
-822991
-570158
802808
514267
-943379
412720
-963347
-404047
469278
681881
-507162
-394004
-441926
-760998
960820
609360
136254
-417299
933713
-19250
-406272
821776
516857
-396066
241131
154260
3896
-779051
837959
88137
39688
-102104
-205329
998294
-275605
817483
342573
-6914
-585762
228739
378394
-347902
927486
583748
297645
-224843
227458
979816
411839
26550
715383
376134
-193030
941493
292473
780403
-742709
-11531
510719
-397379
195998
945088
-68299
789721
788116
-464954
453333
-172019
891842
255750
-869015
-709408
135950
340548
130803
-68739
776117
-615985
-46525
-106035
-596227
988829
-358453
296629
-666982
-803649
-464431
767750
689412
501967
68110
846674
-285437
887561
-553049
747265
-494000
-47983
471143
386214
-572916
-471503
-726231
-945524
-779753
-586755
735786
-449891
799685
-335406
265680
178307
-841796
917357
-238835
-64570
381770
159674
-205210
654240
-55456
-651435
419059
517362
954426
16821
442750
-836354
55412
201318
-871435
255421
-979041
-758007
862964
232581
883092
-722032
-250131
931588
-44283
-441170
-520620
-324225
748599
-792020
818437
443255
-418432
-936511
924423
-282901
-60774
708865
567943
221053
-615050
926151
294054
-233813
256620
-249690
157293
-28129
-94780
-927126
985064
349267
693620
-353859
63582
152110
-222788
698919
343264
-26211
975321
-939750
-827545
573782
-332999
865017
432714
-629721
713975
-949652
-536056
613810
365996
124448
596581
995848
-486217
-821091
-481262
-502053
668659
-464550
715390
-530293
812945
649144
-936748
-621625
339787
981988
827170
766522
-275048
736741
-95118
504200
-682039
-646698
-594580
-704270
140949
14523
-959876
762286
227977
611386
-487991
121727
-873961
448847
-337108
-297668
696764
-210348
-811152
-258356
-757942
791836
824708
178351
755954
72934
841274
145281
-249187
-358148
533288
811741
639928
498614
-376192
-692811
-731024
-588954
917362
-692567
-426289
864770
-162006
-107191
-361473
952048
288099
165798
-900844
610526
-214280
-573186
-980454
-407248
-244112
-713303
-629099
-59353
540045
-95205
862536
699928
35676
-351843
297743
148065
663555
-431191
-599030
-39122
733695
841346
97645
679142
-812723
554718
620671
255694
956785
-46586
-467454
-20566
703035
-836546
832344
-239455
-122133
968394
606849
982176
-317219
310798
-689110
404146
505978
107998
-5373
473650
292698
-800541
-663390
-982178
-220925
-494250
570257
-283087
-210120
589545
778356
484892
597665
-694898
47387
297521
585836
780367
-456939
-174926
-654366
-903962
581788
218358
-875113
830961
692488
355414
454616
-625727
-829521
180612
738856
539368
-624342
780603
-262679
527597
642098
11362
-128101
-96738
-139461
875597
137230
-975071
-98246
319172
-708872
286403
-711653
-60870
437338
488720
-391197
-331382
349304
-830710
344922
124737
-290609
-494127
1419
138241
81037
-186323
-141312
-868378
-984131
-3245
-183861
-16131
-146082
-342021
-403564
-330460
867845
587918
330081
-255523
-252536
766003
-695976
743459
743438
741518
521537
-856692
-52135
-206669
-201933
858230
-625172
413004
184767
526350
-541336
-169901
10001
544232
-959491
689376
223390
-544950
-831115
895861
203406
-247813
20300
-197234
604352
-873975
-832545
266331
111823
746789
588553
886729
-885560
601294
-694368
848908
-627971
817384
-541367
440855
630912
-343033
-943215
-566539
682522
-169573
-788202
812282
-26420
-195181
-203709
299176
-215250
-432915
-162537
237356
101254
693171
-528810
262566
-274802
-727259
-990803
-551297
-68033
185376
983053
115167
-215386
-222401
-322766
-849140
200068
69946
-665538
-628110
-200583
350334
-460063
-204266
-991136
998378
-373104
573952
-190578
-772999
-674206
-832370
598075
684109
138120
-84670
-705230
-653221
548342
-206143
734581
527188
539612
-677151
-658943
573010
431737
585961
594847
746929
353657
169199
-163231
926602
-236676
127679
21355
-839903
-200333
126066
655989
-809826
-487086
-873208
-258015
-385713
-708996
-895973
-981762
-356890
569357
-672570
-348161
686916
270114
979502
804034
-938447
304817
979257
-557779
292745
-496532
704003
-358644
-287295
-796668
-131994
66140
-553873
29432
-373176
546484
-584066
739993
590433
-522205
-38852
-580578
-813933
585904
45327
-937101
409675
-25590
276519
145307
-932772
286464
-112397
-242786
-673007
760562
-371512
682723
-963087
-99169
-529550
975227
632182
869900
-356339
-45474
419913
838200
262340
-689218
-601576
-826808
-330151
714754
253967
-377430
358302
738145
-360228
298960
423619
929431
-166865
185489
-273533
62536
-963222
-131342
862438
-415963
940605
-30455
-116216
749713
573049
-575961
421239
568666
-745015
896110
-847877
368215
-388417
-117486
-875654
-102307
-808189
-56976
-610079
833936
-30950
-192931
647853
-349073
-642110
470730
189112
167251
-349117
-226781
47747
-665487
-449302
326729
779639
71425
-151106
447037
484595
431820
-338703
-225514
143342
842586
-929066
369617
-210690
639430
165085
469702
-425104
689041
787831
-341588
-950056
230511
125458
-329651
-71313
-459973
-28429
434361
-923627
988788
-535207
976680
-239988
-595216
635773
414996
-640476
-576775
971052
-360160
-674595
694223
231174
-63368
796622
-239993
370140
566861
-626705
-448488
-273045
186868
-865424
142751
-947941
91480
-23308
-445814
-988115
-416427
971343
186519
466911
524446
478214
-731032
-347112
-572747
624699
310921
533946
-772338
-983915
-946395
33463
519008
563092
-456365
886000
-276683
778375
453732
206763
-839651
-362299
601291
779765
-55106
803990
-648515
-381790
50298
-913274
-39312
459080
583512
224104
756156
404067
-873456
-691812
217757
-378517
-842342
553183
622903
-948231
-349464
-410500
-887200
396232
-743566
-638023
949668
203940
379992
23291
-679338
-883095
127151
912917
-955276
-489789
-186461
-215867
939293
88135
-606289
287578
-918274
974874
686427
533749
-626928
422537
-606068
-175109
-790892
588112
-264166
-57338
-4749
349382
-200101
254506
-806132
4303
-501247
-432499
621847
-931894
-446598
-112318
640658
507454
206040
-190063
-400712
-303052
540550
-392878
837949
55623
-172193
363959
-284154
517736
986793
90397
150832
-181247
86122
856709
55740
703268
-802956
502063
-801202
-792435
479076
-428478
831840
-817331
979884
331866
82889
-797756
-291903
163664
-585781
90368
-654975
-869267
-996813
-859231
-857308
381843
-272954
638372
843948
332785
-446719
724928
-808456
619731
570403
962474
-313511
-560744
558122
-318025
-715818
-824250
504838
178548
961226
344315
-954930
992233
-682732
595199
183252
-662689
930587
-12208
277352
-293577
-835542
-453331
-255097
856851
306193
719172
878862
969373
-659057
-299049
-795767
879036
628901
802710
-250822
880126
378362
-117314
-194681
489565
-819266
379694
-403160
100748
-709411
342350
295151
440826
712502
-738791
217795
-463294
689490
-516598
-906839
-641403
771970
985023
-963481
-819920
-678301
-392084
482363
-687415
-301828
186796
-571520
950236
155788
-149165
203835
-545110
987611
276728
-121298
-644305
594637
-779569
17751
-876234
-57598
183273
-134442
-295986
862779
-519722
65032
-321881
439907
-235977
107196
431147
61298
199761
-630298
-205252
-828304
165274
-128554
997447
881079
186596
510025
883769
964874
303668
-761358
-722062
-552375
355469
-326404
-743629
-875478
-804974
-724305
129948
796438
12237
-218949
-300046
798345
766215
468061
552709
-477625
-929717
192919
967576
357815
362521
-447012
-310189
-895540
-693963
-246708
-741441
-784397
307263
557521
-609565
-801025
-374008
-149010
-568369
-735228
-916806
-176269
629308
719075
-389915
-17639
-209194
-185386
933632
-492486
556468
-666551
810167
16079
-331114
-146622
513849
303819
-342538
979921
-341664
649983
588538
361597
921654
718952
228163
-423417
109632
864961
-984408
837882
-131421
917546
242176
630133
-161100
-876057
202839
348580
-524415
428334
-427276
-366725
180005
-122893
-151563
745133
156494
-47841
-537372
-808371
783305
145160
-32477
20343
231859
-227521
894041
-20021
1496
817407
-271783
-102549
369117
-125691
40392
-158760
-729856
-231141
-284222
-283423
431497
-957531
262011
-215287
738745
442419
-929254
776663
-268804
-721148
-970397
-370236
-196659
-436323
61888
-283040
-58527
860148
-434937
995382
813758
275797
-523696
117033
587542
783395
-943477
-575276
-319479
778973
-861420
-455924
-102232
-774196
-264954
811402
463414
-128078
212463
254978
54515
639138
-577688
-895162
-534497
-277361
-201881
-6277
-737621
281799
-690638
473856
-306175
-850155
755513
-464145
314860
675030
-512647
-409902
-288299
270759
599832
796868
571179
812784
233575
471190
-902910
811283
857239
-821560
-499015
-386171
190429
313754
43978
831212
-475492
209459
902399
827846
-945800
-657176
-360863
784720
44233
283787
-204442
742661
122568
813993
867383
-904529
702437
-30483
-254319
-702390
495379
-570356
-115568
99585
-739290
-622873
-278783
-912100
-126817
710839
219702
-260050
-210500
-351516
382790
-881270
-463266
-124747
670894
-319191
992723
-925001
-880482
-54199
376226
-740790
187400
-710685
-583528
912831
258455
-62718
106026
-628771
-894471
703182
629108
82196
236627
-791780
-402425
-661680
-902475
-133097
716124
325622
-48967
-781108
403192
798396
66408
467285
658336
-805607
245745
-446993
75633
-550708
-981873
-457697
484715
-454380
40061
655094
-554580
562334
440385
346767
-112468
115497
-319855
-983712
794452
415999
-447223
-209017
355435
-332868
651670
-694409
-139823
679557
-780835
-642942
-716638
557020
-158093
847045
-417664
928005
-746367
429954
608375
-427599
-133264
561726
718405
-856333
-895260
-633370
634958
-982037
284399
392865
729734
119883
-203061
775083
-408948
746370
-987646
2810
-942963
-636120
-565745
-58688
-626227
-56713
939608
804006
329741
-493288
-257540
-396401
-754811
674078
267446
721230
597366
-476580
-999420
-250119
-560245
927753
575155
820791
-895735
-243193
648760
-835223
426340
-593688
-855877
-445293
717149
-727723
-428571
-848499
762798
-114099
-277218
-813749
769137
-419965
468272
-750129
5920
-651097
-139296
-577950
-475811
34758
-679726
917458
-311671
773989
22150
-951067
513212
-326232
228615
30686
507165
43115
-450410
-611136
-596142
428752
67509
-459348
894681
897625
129870
813261
-575056
-372989
-913063
-85367
-540302
563267
-459217
-115580
168356
937887
-363002
-864305
424775
763001
-43560
-970940
-619626
-590228
14682
772426
-454393
282126
190638
-314890
50528
3149
-846246
285518
668571
-651188
730320
83826
-792383
-149436
199256
555225
175130
383038
-702868
264436
769069
-622031
660378
-702166
-724201
-451483
-990253
-810238
-278558
789395
-307964
670423
-505630
809552
-482677
522015
420003
-686620
-14588
608966
998789
244320
136117
-281116
-998030
202815
-658415
796089
-735824
-349926
856773
-406672
-250060
-236770
-690365
-474676
-406968
-645170
969044
-444623
440500
675615
-926466
538968
-116768
928414
-998385
68439
-222475
-822937
-527447
-760647
-836585
-234082
-283185
-6406
921080
977249
787057
627262
-189333
-372764
-34276
-913308
885610
332574
-14712
-330774
929621
216919
-786231
117380
-501233
-72896
668884
894269
827818
-220580
-801655
-505024
-353468
158506
-475224
-713076
-657935
215854
23785
360540
467638
-945178
-443259
-785580
515904
-838353
-881268
-740829
-88764
355151
967492
867805
737698
730387
113617
-339713
-987656
896127
-378407
43666
542825
730658
380796
-295744
865250
-880259
-3651
887833
-123565
37590
-776560
970204
949609
53724
-230461
29057
-918257
570975
903963
997312
890729
864407
-427801
-88462
927502
-952964
-203140
210820
730737
262836
656665
-895344
-411983
156019
300993
905517
184551
-715919
190233
307081
432674
992980
-730238
412930
-10154
-482945
-97076
-88067
468725
285579
-767630
625294
234444
611025
114135
-774415
429377
21709
-418911
611602
172990
327060
-566089
-275508
-1283
-820694
-897973
-764421
868743
809166
-21675
-976835
-256992
-650224
165429
-866955
-523306
227671
-742857
506295
505377
397328
836043
556190
984626
323653
395494
-664140
-441121
684465
514586
318517
734190
-660930
121129
562875
846539
174855
49707
384036
-270615
269987
-838417
747129
-912105
-394061
477016
-41013
-827009
-246597
-107174
-335981
220399
-868542
-516591
-98244
342955
-838721
697296
-7738
262432
-627734
297254
677382
650748
-279318
-598336
413135
572348
386494
-915136
-928203
-917401
376343
-24987
-638664
-993453
-602289
330059
266084
566765
413140
-866823
-705321
349578
451321
35027
262564
344363
-397399
-589028
307460
126768
640487
-691823
230675
283095
745262
-628472
-558022
-754179
-133378
-537919
751198
264635
593613
278962
680834
667114
639320
14257
-615759
-148774
-247125
-948429
827342
-132239
968939
403088
39921
797388
241598
506439
-984760
438959
21978
749818
549058
-110966
422662
718223
-387053
802394
46549
207995
746984
-140042
-273088
501478
396310
813305
130794
166895
-101515
65120
625425
498331
-841127
14990
-994654
-885646
-157133
628085
712574
133248
-503853
-92581
916888
-426294
683958
-57493
248705
-912666
-534099
-247999
914417
462323
-876710
-338847
87389
645050
241865
-907106
66952
864780
-380957
588016
-517685
-730588
861081
-417270
425868
985086
-561655
166196
368271
618910
-433659
-577580
984387
-75994
727310
-319062
872865
-278673
652907
-624022
-241312
-206161
451495
-342722
377567
-602485
652057
81838
-494201
-757486
-406855
243109
-856459
-654855
872515
-121553
-510940
-264006
-279197
-451091
-719181
-22688
-423038
-221383
-471822
-80172
291071
-799559
605169
-222494
-795406
10867
586721
843215
-199815
941442
-505996
-145093
-431817
259302
-373276
-182823
445130
591983
812134
-93916
-66521
-463887
-634864
-843954
-334277
98132
911951
399186
540630
-638445
396765
331943
645604
-989309
-537006
-771053
933972
666140
-443921
-709507
-386191
827779
351863
-386854
988291
-732282
-183580
466235
-210037
-45225
-953525
533814
513118
447156
729175
-445245
940466
-103051
-594542
-143383
856426
-500468
-353516
437553
187340
-956807
118684
-633290
228173
312270
-655571
-361109
-107892
-657344
519281
945609
-454348
-763107
-568547
685875
-460176
-573045
178565
390429
209868
-215514
370362
197845
362656
-157976
148732
-282225
924327
44480
-128487
560037
-324259
644056
248098
184351
-37593
-539515
-628188
-56568
578043
-490254
145546
719304
-785733
-346477
-369766
86902
522162
-9220
-52926
622853
-53185
584398
21823
767486
843474
891688
141341
-219106
-545215
-69015
-340743
-723093
-72661
-42389
851658
669081
970491
501507
707843
248292
844135
-159079
154740
593633
-399794
-741606
480411
462285
395483
-97240
422415
393045
-786521
709828
317617
242452
242471
457903
741284
-879608
-799770
971582
-487583
-529979
-875716
209210
-927733
703059
-658740
-40574
-815654
614095
752525
792371
-90174
-125025
-310384
-896692
789754
-109423
-548856
-174259
370458
476182
-495396
-101723
-426781
307139
727252
-68286
-245780
902046
-569111
-667268
-725454
535919
451771
120481
-696660
382997
-127609
-408373
-410271
-247252
596883
922834
-559886
195037
42244
764650
-910934
-302157
168234
977349
324783
827539
-608781
521568
-549319
-415692
994617
-928290
-773708
88328
89106
873137
53079
-473854
-921027
-770714
-290724
665524
584954
117289
997974
-393865
-103279
-103258
-730514
-297772
247370
182100
-554222
-246077
-317604
615996
416852
924710
-764092
-787156
-308108
491739
761076
604007
590371
265772
-376353
234556
419654
-414150
859876
-743254
-281764
-399408
-110581
-162246
441062
988339
696282
-375187
555291
-503217
946049
755448
639964
615173
-223855
549033
-150893
-821271
75438
-665080
756210
364124
433180
693773
-101354
638423
322514
-821231
-20018
639501
-456890
189623
670654
797402
-812361
522454
164448
886411
-744942
605528
-41082
148492
153521
-50088
-536754
-740455
234276
658129
-953308
-136831
526314
551036
723506
-746787
-347676
505406
346261
200686
648442
-438104
-267630
889336
633247
-57170
-660352
119719
-445007
155609
607218
286814
-807083
-795671
610315
-376527
106858
-393698
686151
-145537
427587
-78942
-405071
22027
877562
-972402
-66259
-762144
-51828
-330434
-173484
-859258
-576003
795825
409382
957004
388188
-95351
839429
-130373
-623749
-966219
-417683
429060
516080
17057
-477744
-735733
826481
541594
-254212
-762188
-404050
947958
-781279
-616237
965650
721560
-169380
-489908
609781
50347
953273
3857
-361419
31375
582951
-688495
-76840
795265
112492
-795115
298161
481915
-508810
-572446
-825483
-314851
-290155
-958622
-62285
759190
778242
-255501
-852890
295864
-632737
-175584
610272
604230
914508
948423
861081
-321579
-164042
-722397
438494
-824542
-58978
231281
825974
537276
37040
-320865
19371
425103
101011
959793
395161
593588
-374946
-944085
-672516
628016
782478
-387928
684167
888942
-599761
757282
-398454
-229669
170933
487318
-468570
-25831
-192117
282175
-249341
950607
-554110
-753025
-587451
104502
33439
825131
-142025
-317469
-289767
708292
-840716
109103
-641654
392852
-203115
241144
431066
-421403
509202
-851425
-314185
61537
461198
-505211
675547
118256
-473302
-601868
136333
690801
612577
727711
-57281
578596
261959
394631
-77941
-866713
-865099
-545253
-474453
389280
-262003
891718
-757009
326022
-675621
-501756
-121894
430333
-911322
849844
-159092
-41443
-742765
-653721
-837440
-225411
464712
-278922
684435
348124
-654236
-909006
761424
-454964
-319707
-626817
-957855
992903
145010
-200823
-208154
580532
-117253
985791
58936
-940538
-724490
-959207
69478
218371
880988
225699
-151997
-264191
142954
-882044
-109865
803038
934179
-594740
-622545
874572
-120654
291692
885619
642154
857985
-427761
61481
-946082
-544251
-638694
294741
-575704
324318
-348690
490022
262700
-861380
-983595
838415
-771668
-715448
-206511
246758
864437
850469
-781356
942577
97821
-553350
289616
-775825
863056
-163222
186699
-738547
-558906
-850390
-781519
-489722
-882590
-57715
36400
166990
778545
-272545
-712298
-983093
381229
-624695
373276
-768590
-213021
964548
172208
627508
99204
-253519
-3026
-30716
257029
158621
16460
-868903
493895
738116
-518328
-505708
521543
30051
347777
-45914
924851
-626772
319517
-877421
-775036
875172
16464
-310895
740030
-490334
876965
519150
-626522
839945
627772
397090
460991
334354
659306
-861227
369953
896241
891577
968474
289237
608973
333195
-595363
-975563
-673293
845502
847656
939624
-911660
-355996
-510269
-241837
734804
-853539
19362
118365
929126
-991145
-241209
931495
743623
480812
126386
323272
-252481
-750282
538540
367308
468803
-332365
-482535
-420429
-286364
339082
-411643
376960
153440
921278
-42795
-325488
430323
347201
391731
-85922
863804
3236
-713385
-526602
778454
-13409
-544746
-344052
-53944
927693
275905
704260
933724
291784
28806
-506125
-465067
883370
625749
-992724
-511019
687147
-279640
831246
420413
-304185
663068
-12740
226268
-579973
757249
985844
-35955
-32859
-323880
308667
413631
-660636
736230
-889545
-128224
-867492
116959
-20621
-147521
322998
-371501
-317549
182674
901548
-828614
883129
-821794
-946465
-288882
501338
-148450
630659
-520853
-368766
597974
857951
-485295
368534
235688
-759300
552745
937441
778473
-685132
900755
-752295
-848696
-836569
-905709
-554294
-598456
-300964
-496697
758238
393288
913285
-405060
-135352
-402100
683526
833544
958616
-246488
212070
210652
-262377
-384773
-906114
577022
-266900
730378
-964654
-381071
-307428
395900
861208
307559
-664935
389240
49316
-177407
-59153
725905
-478722
-892580
-843354
270914
-577643
-200233
-785
-692954
-513281
-571791
-168184
-521111
848820
-571889
-972879
-820527
-954826
-368383
-999115
458188
580490
561148
871363
833707
-911454
-635521
-96517
-850996
545816
503642
218972
842097
501270
789313
522151
679392
-965734
-481110
552657
-850236
986659
970434
328030
-41575
299631
970994
373546
576722
-924705
-739846
-582839
143962
-967924
493565
600300
514971
204790
-613954
932931
-262600
-260134
-668734
31190
866019
-796064
-571072
748240
101791
482547
-57424
-956633
30877
-967825
997875
-11260
-289941
-738326
480543
828791
582090
-183729
-226694
-54465
-816784
383556
726406
-620706
-622418
-449718
-667305
516798
-295991
-163297
615403
-786657
840725
214040
608136
693274
347151
453852
-225816
16201
-846353
957914
824013
96745
445181
643176
-391586
-788869
-836054
962531
-46634
763177
94443
-810948
664715
-455009
181126
-298483
993000
522825
33965
-830301
728942
-221116
748785
713467
-225989
-332281
830618
819720
330128
830053
-604618
309576
-534268
761121
-658085
-461845
948793
114404
369014
-544030
498060
518058
240024
783955
-960154
702988
-578951
-604856
924257
217528
201557
996535
-470650
-15457
197192
432317
256413
-547761
-835976
-278838
-979079
981843
340984
95339
-421208
-688139
-459646
959029
157930
969569
-738106
649869
401454
-560344
-237433
-765236
-422683
60449
-452413
268068
-844019
91865
-341455
-280363
-232202
-999779
-360553
-123281
306330
198533
887119
-492149
-134711
-751471
637189
-309640
700284
517776
78622
102425
-956076
-105015
-887654
-723189
-509526
64668
-727932
166268
289833
-480628
-796112
-695063
294723
-416139
91616
440362
-442934
-445405
-413574
-567397
-174317
-329035
-553564
-993402
-362484
-124646
898309
-356798
358239
-677967
-804859
-402355
-774917
10277
783102
573898
414208
662411
-608059
947400
531045
-126629
54554
-641657
817783
-4958
-510436
-657879
-527370
-502358
297350
-659460
718425
-855496
513717
-698683
579606
317746
-774332
156743
-357145
-16135
-654182
406453
-8546
-254028
-973288
489330
673724
-261800
-916957
-398357
-991229
-269883
885520
88686
-451823
817751
827384
-301867
495994
-663059
-633098
-492100
-194298
-593298
-39433
-26368
-832905
129963
499098
-159138
639950
-917816
-779885
-325736
-695294
414804
-730375
-551272
-25125
-127808
-126654
-633940
-15740
-213443
-330958
618784
11642
-383842
-677172
83822
-515434
182505
-115817
-568143
950529
652017
828274
-858410
-467212
-925611
-993921
196644
-686256
-760083
885549
-613272
-118093
841371
316270
712202
946525
-980568
-98427
970379
928509
-508753
625820
199397
44113
-549459
-89670
557370
-596527
134340
-37246
-365161
584460
-260764
970862
299580
609625
-127381
-362619
874988
-549342
252481
720872
-754069
-267619
-822668
-729522
770965
211118
403758
-592262
470848
908532
411354
788688
55038
-561804
-127428
949736
31928
789822
49388
182407
-336729
-70501
-150213
914011
-801948
736032
-48193
-760327
519392
309750
-473174
379183
-222140
-190399
562739
289551
-855590
-562417
86749
-300746
883876
131223
-322382
579990
102814
-52708
-232167
-351765
-968584
684320
600930
-45445
-22562
6201
23366
-32233
-843456
656570
-100658
-908120
-588782
979796
-669165
-823745
7060
394008
-956895
-771458
789208
-136039
279204
894304
-412322
-492450
-691692
454787
-672916
-591385
865688
531082
-394243
-189245
-811420
132838
239408
38760
524629
148621
-743570
477555
-231116
313672
-140796
-13372
-992146
8877
-439712
348372
-370572
145069
-771449
-180719
-343992
-805465
-707605
-104150
-220032
725775
-950352
-212882
-178569
743679
293134
-27184
412007
337968
52815
911029
-772142
-326252
575356
-321023
-941426
119801
-856263
-29990
674296
583533
-355558
819817
-552042
-739636
22235
-453460
775618
-964211
819685
-253788
152559
-412937
-993179
-777166
398246
841550
45281
-433130
238867
-974412
-89940
-775814
-217438
-895463
251595
783984
-904026
625892
651038
937682
339290
906804
876620
575683
-898827
507818
-226763
137651
-611967
936350
646945
-802893
41013
-477534
962221
-532272
-258066
-65176
918716
-180987
853577
-141963
815282
-772254
-967686
-974048
326648
186576
449355
957324
457596
691698
633020
667940
149708
983079
-989475
-306265
-451013
-412058
-183669
-451564
867742
-656656
785548
442199
-926133
96797
-912184
-259018
286354
737085
-552792
-240961
-652132
-82962
-615352
252653
-373765
-237281
943257
346061
951988
342833
77047
-571283
-477825
14182
410413
297750
570009
743688
-54930
-391803
-795441
292034
152451
118149
27703
-481347
-626578
-221507
107022
473073
77831
38593
-859490
-149563
-835368
216417
-948935
460710
-432630
978687
-795463
74592
554249
-924225
236983
177903
-885206
-379152
859337
-57225
931626
181516
273165
-429827
173734
162535
-19062
-628028
-59820
-764633
633054
-541960
-261586
-474245
-678743
941719
-550726
243940
550966
-347527
-10651
395168
-290717
362261
-174568
14898
-58531
-860363
-301002
584105
-616807
915990
612594
377690
196025
106694
260155
-848780
343728
-750359
-506444
221443
396106
-271927
469678
-23179
-31318
380900
644020
-470251
213878
635521
467056
-215253
-662612
294016
-372006
-711443
345400
-635033
-62881
-901030
-983871
38139
-723479
-509667
-759727
512443
878326
-248732
890712
675077
-695486
771019
-527351
839982
-218341
-291246
741662
750029
614056
342365
658375
712123
957471
-58234
-505197
-181756
267019
-78088
-847917
-355663
-36606
364321
516947
544493
-125521
503059
511384
774662
-318801
140959
-104384
-508959
-141967
-736155
137598
-836550
718037
885449
332101
-102830
-378926
549614
162030
800955
-5623
-656506
425445
370420
502568
5220
-187587
122586
-19525
-105638
-75472
490897
-11628
492106
549524
689934
-501606
246245
-585587
889654
122663
116149
67256
897864
-252949
-401796
329599
-620
336899
813985
942449
-469643
-593207
477394
-571896
-46200
426717
-462032
754640
-759101
895610
-72544
294224
-425122
-448716
721336
254413
-818078
-65188
-404548
-690026
-536964
322355
556851
-820898
-966282
-333842
15153
207150
554523
-572103
397673
-643133
872897
663874
-6820
765587
902034
73768
-370544
883960
355143
151436
-31506
968002
-335259
-230075
-887196
-336845
911735
-651050
-932529
598094
-796982
767846
-281397
440043
-52118
170342
-424063
-946614
-176899
537604
956418
-364826
-322259
-163757
372963
471341
-218945
-680880
-109223
872289
-666178
-649127
731384
-724375
-550760
-675323
412406
85448
-947415
-433607
-715540
-898658
302141
-22392
-155814
-811568
-477811
704678
618760
92619
270102
533420
675519
49480
-940383
133466
455981
874138
535132
-837066
605241
-316507
-419536
-146612
-351645
772611
-261693
118855
744290
608384
652801
-380405
673228
-575793
-613362
-775929
93526
230635
299195
766061
874039
683056
-978722
-897104
769586
837794
-772572
576373
147802
-769028
299134
-532988
-125181
418293
-130738
-758564
50676
-63322
951496
269789
-237735
625201
-123232
-517369
270384
-841869
-13482
-158499
-704393
164998
258233
733838
396690
286420
3696
435570
914105
743767
390533
-498615
-22175
935123
140411
-410511
42704
181816
-674271
-228784
973887
697413
781352
85517
-20016
343521
502985
732481
-801575
825146
-895686
62793
-275899
808506
-660004
-832791
-18192
3360
-427891
133089
796897
397063
43750
400186
864555
918272
721960
-114691
-417121
702249
96148
203262
505313
-801073
-632379
-946586
-25741
-356359
-541737
148489
-308618
476461
-881003
118477
38135
89316
-696894
-954080
-873083
554930
698354
-982841
-434699
-213385
-499680
-527294
9222
-827047
306320
-289683
-28911
121043
470831
-932332
-869297
105329
945696
-542492
154870
729261
-983804
237880
4521
617825
710164
-449863
435807
-927727
-353171
186477
527033
-191604
-358716
273031
328742
-909176
-632166
-985779
762775
801359
-55123
378127
106140
-517657
78349
485747
665845
-400598
116007
884340
117303
672789
286852
755584
-632089
310998
788071
8359
-24092
-904557
273405
-803399
661384
577244
-365791
54447
649311
15078
-609491
156360
-796815
631324
21161
-351218
969875
-38078
783014
-233754
298660
-791604
-557004
150163
211309
-501131
470643
-679769
515029
-753570
800973
-256348
562204
426845
-622130
219514
-823924
871451
-530899
633001
274765
510719
-612179
455773
-163534
-170450
-650207
-545099
-647889
315919
-137445
529949
230886
338958
171174
-823236
-945180
-269824
-636685
762490
607616
-110890
-424049
-666287
-545598
507655
-123723
-824595
245383
-316239
733479
-446758
300356
-796600
-924713
-686542
188083
-19785
575196
-485815
252763
65662
-574597
952715
596876
-583380
-948079
-643611
-951967
202522
-361839
-243577
313440
77219
-124110
381144
-824152
-140723
755520
-584716
913095
-3266
-351975
707015
-619220
-23366
-861604
-295342
835869
322027
-261184
116917
260477
448074
413720
-13438
948281
165598
96375
843720
-315139
278684
907035
537579
-729192
732295
674662
241522
-472073
488698
712951
-204849
915875
650866
-170242
610254
322373
494038
-86376
-212614
155864
159104
-618863
68611
963897
-537362
-667660
-310540
982258
268161
710948
-610186
-601153
-198559
-418240
716616
393905
59068
-560465
392146
640230
-451175
373041
-953129
-737093
36889
390478
-652489
-980778
972545
-947127
-551127
990383
372510
926307
605427
-443022
700635
356052
909097
-4772
92862
-679578
965129
610160
299420
-617416
-707868
926787
-461743
801524
387874
-653953
386562
-937928
-905759
247891
-941360
-509625
-917162
457294
-755234
-886370
771888
529755
-120514
-531067
212445
-102851
-305103
797852
541914
523282
-868613
957332
-828689
862030
699893
959814
30620
150456
992296
-579958
212146
526653
-745066
-912375
785021
973737
-140525
510091
504036
-667707
-751933
-652308
-606730
-813864
-141892
572804
451341
363227
-217754
549582
-959737
226422
500182
-556288
982618
779964
-27862
-326918
-118691
-534085
21189
-384024
294290
80844
-845544
-523180
695005
-768111
390654
-12210
-787042
-258334
206286
62946
263176
-212905
-76132
219259
633397
-299521
-27115
133682
-154858
-386048
105371
-332179
951910
838528
-968672
725508
975996
893844
-106952
271641
516439
640514
124211
-682
312888
-626508
-224703
582972
-556988
719615
430451
779574
-185513
379583
-255754
-374734
198543
34459
680202
734891
-476978
868285
750154
-661006
229211
-125354
-250639
-954733
254085
971753
-797816
-339605
683151
429727
-590788
358029
677839
402593
410075
-808543
181383
-456690
-481009
-519438
-323639
-263454
274802
-274634
-811199
-74603
235119
-824702
631374
-476276
456696
308128
-759302
341041
690007
854588
542857
-63773
-868398
426196
2529
468044
772618
-115347
515210
654436
465451
-635687
-242618
-575418
-351133
132257
338512
236651
923620
-105623
578384
-494659
616102
940151
-339935
-988141
897883
-580753
609294
21189
580772
692401
8927
357290
-546288
924570
643331
217720
-253700
718396
795465
-246470
934846
-279723
-192850
-581286
-9486
-615806
-39582
-743280
-806593
767108
-141972
-95901
-91681
783174
22625
-880818
946693
921470
610771
401946
761818
-729479
28894
534866
228519
-718850
181101
-678146
-761863
477708
689565
-356014
497496
526840
261198
228292
-203365
162644
-185423
902585
-453550
-892597
-441104
-189398
291438
859177
-355957
-610336
882107
-968634
328261
264264
556915
-583586
-382331
716421
-175192
20510
872807
-868449
122140
871732
-596301
25349
-533196
-563281
702772
-372660
-540527
596076
228263
-421410
-594063
938504
-161354
-385918
886299
-972696
847631
-388448
754938
820899
164097
-522742
-305404
385738
992492
-423283
832865
-268575
53813
717012
-414883
753126
-437141
349636
-169071
-418902
803027
199565
-956329
-381413
928386
872320
-967257
294360
-120632
850566
364444
874340
985804
-346530
-584048
-422305
513262
-271812
706699
470405
751653
941283
775669
991258
355682
117631
159597
-89032
-703704
62377
732777
211843
-372658
-844437
-111810
-158761
-945601
241125
539727
946180
732433
171077
366693
-771245
-833806
502197
-661437
-392641
697049
-588734
206754
-347763
74188
350912
-981339
735628
957421
8243
-246233
942225
-833097
-725161
622033
817280
-542802
313485
18075
-398971
401052
429917
-70123
-60573
34210
523638
-996178
-412956
750996
925125
71220
68916
-56349
352824
-103103
-663507
-493712
297821
-479339
884464
65474
559130
-529713
-542610
740889
812327
50006
425434
37416
626315
-746537
874310
-910862
116599
424047
965192
-600778
-857
672477
64059
117292
-623020
96470
-190683
-401498
-544004
-433795
-375641
-492024
625638
145774
-55677
-133373
-912028
938566
-383118
-486341
-748249
353093
788989
329014
726801
-628955
479311
663768
242904
342161
535700
-714847
762444
-635250
-814055
-109874
802519
-109613
21153
-18773
-775122
-353407
-280249
115635
63555
-850732
-883203
-417648
800378
7994
-591813
-626470
-798703
706470
245243
37759
710230
471451
-236696
988975
441766
36705
145954
10536
-916984
568590
87239
865882
193357
894577
-424974
-636677
-330362
377059
-936230
914072
822012
616114
972118
269580
-281305
-769546
-526698
913475
-857138
251265
-46423
-979451
-375726
-487464
521077
781427
-348007
902236
-625506
-772529
-163895
281420
-894034
626264
-786105
-576773
289904
-621694
493431
-121670
-640521
250742
174583
89078
-192232
-963752
-712288
32568
-214078
-275463
-553090
-819306
763752
-757069
55237
23868
491463
562263
-384937
874699
853541
245233
946461
415646
-782129
-165660
-968553
600176
516855
-976765
-687219
-950068
942548
-596724
-8144
852432
-926908
-117497
-255035
-153176
-476419
-550933
-921536
-103885
119083
663273
197386
71178
-696796
882022
-385862
397316
-382164
683533
-61371
-729520
756858
-787098
47597
937737
-495683
8832
540426
-635935
-889373
380688
-99042
-71853
-298
-335674
788362
-497157
223859
-308870
-754697
-616225
820502
241991
544356
328612
-567514
180640
-8035
734739
-565076
-771366
-19061
-14450
-492661
74418
-276022
84930
-586076
159026
-452727
402463
-44999
887934
-654788
78849
-621838
256727
15409
-4042
299901
-188283
-774280
-720352
584302
340330
-455449
249153
-814682
-225077
-300528
504319
-501204
147793
-755053
786122
504587
-310790
653069
-529274
341815
123324
-963520
380193
-367983
-601
352673
966468
-154446
-525574
-922342
877716
922909
97617
590630
-337974
927803
-793989
-411833
-524260
-244561
769663
-430718
355853
-219142
2357
-841342
738871
40120
-388699
-116829
-332480
-153989
900760
345898
-897937
26257
693755
-293655
214924
376606
129266
877116
-871110
382286
992205
-395389
-876094
320494
-962290
5973
387385
-376033
-271641
965787
260308
-47336
-457644
450308
660634
780570
-759277
960152
-437534
860523
50409
-189631
-947915
-669727
-184472
728031
-625270
70286
-496765
-146562
568366
525399
-883818
-211152
-463754
915792
91870
-78896
700252
-768157
435536
-389158
410532
-147248
865732
-777000
-322170
-22076
376180
-308073
791519
-83053
5930
-430280
47483
-228079
-177204
-165013
9657
-773010
604813
-762354
-609892
660447
472099
-799938
-903065
570600
-998592
850483
-440590
776661
571210
-953857
-531642
-936822
79831
831125
-6247
681910
-229573
683874
-441959
-613596
554175
-671839
482047
-157059
825703
-990746
-702654
261658
-405021
246833
-184709
117943
-839439
-803073
-909592
-230934
261165
981011
724974
-408675
904266
167490
-467098
-10141
-18493
93491
377010
-405095
-413353
-51009
-3726
-212616
735310
-556988
562130
51728
886999
-918440
463598
-751377
317022
-566262
248861
456109
-641697
-422813
166932
583737
-521000
-72893
129369
-660156
-868343
-125519
112412
672895
479365
954228
-355349
936620
-588403
-507147
351830
-792756
-677739
291347
198738
-50032
630160
700010
355252
315860
-790423
350107
-381378
-400066
117738
188431
45693
-855009
443214
-753747
316974
-446194
401982
-143546
572331
91476
-882512
-401861
903263
763692
-543548
-729838
90589
-31220
-986178
-82652
354456
-683233
-707740
-129955
787312
-42625
977958
-469760
-390563
416101
223833
-286768
-702271
157220
113081
430694
749985
292180
-406242
-487155
-250900
916349
-86619
-910093
-373512
-778572
-161579
214842
949703
-289320
-495646
-436789
-332258
-953003
-779786
-280321
-281172
689657
-463508
631026
853989
-838751
-367674
736663
953725
-478257
210697
201797
-818014
157523
-803416
759241
-586781
762280
577368
993597
-595204
-785091
317481
518167
72572
-964037
717580
930075
102194
-418425
817795
589623
-894467
-720766
-354700
818892
694895
900354
-531523
994011
263366
695950
-161619
588987
265405
-175779
-513573
-331048
206737
-315405
-335114
648588
-827646
-472777
97975
303083
-61310
-261461
990643
375300
44226
709344
-89519
-472751
157505
983091
84985
352657
129614
-769173
468517
911488
868089
-666948
-965536
684949
-29054
803672
-559446
682717
622393
-619257
-127431
-4384
23769
657387
265913
469705
118604
-546776
977104
-624486
844397
444391
-997279
112226
499193
189145
-860637
482254
-692908
-180220
-341133
859074
-953832
-183507
815350
-32968
-610375
299573
-692839
-770200
-141313
-289108
-713006
-160258
855473
457044
-806879
-453021
-367413
615030
-728561
973772
-543209
372275
912431
914926
-136938
-721792
-489377
857576
711220
-643497
-673853
292122
228210
-328283
-148042
-305085
578305
412365
1244
390391
60472
92102
746702
-877683
-141424
98356
116078
795757
805986
674100
687572
-720468
424657
-918849
-100332
238085
378446
-84409
-862045
-939265
-8556
751163
283473
-721346
-583706
478166
-142709
468178
909688
49165
574622
879053
-947501
-139409
-610865
-263293
57071
-82676
-649338
-149594
-155964
493468
-612007
107277
384754
-648249
553015
-909705
-219524
130836
-799247
-806850
-791519
-837511
775316
931986
541531
-111503
173533
718625
654126
-584032
-593761
-181441
521461
959485
111377
531671
-441312
-902007
385589
-896611
76953
-158789
-447906
-164
40209
662450
79309
852054
981185
-678026
756116
-934846
332298
-96057
-595010
-186151
972614
515676
-615276
-133600
17797
296456
-587181
-496771
-680743
-164876
874617
156038
234009
-180830
582304
-866438
-139768
419698
631
113460
-367158
110505
613868
-425299
-386739
481078
-148126
276801
-620230
-452401
-125008
301103
880974
987176
511820
878796
-110686
-685279
377785
906978
54518
748984
-782582
219215
-167342
-328113
-39616
410500
768549
952046
473940
94915
62412
11914
-969768
-272588
-261989
829807
131676
-778471
450695
-701987
219711
210179
-958095
575374
118728
-188273
-372240
-267575
507446
31865
-514952
971174
664207
646519
-401554
-641287
773709
364022
-629976
733942
113695
-295455
283577
784713
-56452
416103
-970231
-524045
-129462
756317
-836181
-973312
921441
-154852
-826060
-969765
-783626
-478582
540816
-757742
-267559
-965275
57252
-507791
145322
496056
362821
705954
400178
-254820
928363
227730
-123517
-69206
-627589
-149204
-533266
-929176
-518029
448407
480757
255186
-57788
967478
-366881
585069
-875251
-87073
342176
-267738
-267301
111224
730010
326319
-849785
-704523
924933
-676011
493390
-808378
-453555
576703
639521
-922638
516824
-68425
917477
-533611
930181
863689
-693134
189259
-225128
288769
644413
-340236
155538
936241
58723
-423764
-105634
-530564
631467
538375
-596658
416779
770037
-595330
358947
668900
953959
-985225
-460977
698197
176685
-852707
-494295
-878247
274769
429287
-825023
545818
359949
-826108
310507
-515221
816149
-645921
-347866
-818125
396900
-625756
199033
-951892
-521822
851012
-873363
820179
768428
62706
470255
-941017
370270
-969373
-426484
874532
-730020
-597139
-354850
849003
815411
-931428
332398
-333341
289863
26302
-681028
-850267
882782
-202196
995965
-730777
-819437
265273
-956687
-758173
583704
-176931
610112
-210167
571409
-594242
-75564
-305911
318697
-593160
-875790
-991557
-617348
-531485
445613
622301
-522840
347004
560784
-657797
-857785
686105
562737
-125352
-332946
-16632
-830217
-38989
-935165
664401
-194811
-958838
585636
322435
282279
-905862
525484
-47405
808144
-1445
967508
-287763
441397
119272
885358
310125
-387953
-212461
843874
-381150
687409
-960350
513649
-812006
353579
-833074
239626
-248182
150212
-411073
-246299
234986
-755289
-619518
-276007
-589137
-158235
-777073
-427816
-392477
430867
-667277
-736244
-585630
-404456
352751
869015
-445012
183606
820577
536990
-726869
179972
-93180
803570
-901222
-206098
594481
-155381
271091
-807151
269270
751834
27264
-444759
84255
-690260
175264
521232
194150
350612
165084
-995999
-435375
86060
827684
329380
-702695
-143261
140375
-530229
-335703
19374
429090
903465
747755
579074
957185
-105424
-983358
-553975
-593446
835561
28434
131265
-134741
-389029
-1523
766962
873816
-791491
302577
-823058
-739443
627577
-1420
-695106
-19195
364290
221988
9451
-564329
-319955
178780
792576
238505
104745
974146
-745996
847504
606693
354537
-612824
-270751
-27657
469633
-879437
-525288
-301506
-319218
713100
-835946
929200
-836083
-168800
-316281
899550
-788670
-587134
890709
-522172
-423026
942914
-312291
641026
-621320
-681532
-952695
624291
-941818
-227415
-314307
277865
941706
56783
-289975
-109159
-735425
957116
978035
-815069
-248631
-371286
-8645
-732056
-116019
982863
-63910
-737545
-338200
252539
179309
-928495
389182
-951394
-583695
-754024
559299
293505
-77223
876578
481413
-934817
-884035
-537292
245290
536588
289125
-197630
712086
240178
185949
-271801
-24374
-288499
-8440
-708369
785229
-783976
-130888
193769
250887
98064
-267031
-422595
52639
415782
-813903
166336
-385687
-829895
-168570
-794110
361777
-74006
-614173
281278
339563
511427
992991
-230935
411178
-852090
-604119
-54820
717047
-215670
-192388
-122647
236673
777287
804882
694363
-599096
-403967
-358009
647181
-249975
-201095
-857392
399185
929479
-685360
491223
297784
566191
-211325
386013
-978843
538932
82187
-301514
-905324
690526
-62896
-596299
656905
895717
161792
736946
-111804
222056
-357911
219227
594126
-244720
-161081
192471
-752811
-817611
-697502
923840
-70279
-218012
-923635
450557
464522
771251
491242
-291528
-754771
-6519
596672
-360323
938212
-640481
-97042
77133
921506
954357
-864331
-425382
34671
896698
952241
108465
830691
-341366
409092
372787
-199930
-685336
-901450
741023
-312361
-241043
338499
863913
270493
-644571
871058
737972
-64995
-763666
-310155
273837
403312
-983442
-889074
-411238
-772052
846257
-716980
-267314
-646349
-547529
21717
-846941
520354
861263
748673
-925944
725658
-642971
20498
612133
-78731
157187
-258661
414196
-835747
-264677
-154378
192490
-759657
-714638
-33923
577672
114230
19040
782639
-136308
-467694
148847
-120290
-51294
764287
252447
-791396
-947832
783507
-398237
-65641
-972986
179858
31953
-269346
-291278
942630
148138
-204010
-833250
527025
399763
-789752
-34045
291555
16034
756288
575663
-642341
627154
-250189
-358643
431990
905431
335865
-130586
-221320
-675252
280701
-920488
-565825
843360
-688038
-776354
124739
465681
-617872
841400
474318
-507985
195328
-176705
212894
-918862
908609
-752749
-152852
751071
-407744
874499
-606676
482335
-747655
-569433
-739792
700503
-962080
804579
-880903
-633062
709708
-552526
619867
-841916
360689
-482497
-828582
971098
483514
-508915
-806052
-598030
731834
961317
307298
-444406
-982554
466921
-990617
936686
938768
-712767
468508
336181
-168255
327044
529047
-826754
813296
496219
147681
596307
529722
536487
-578935
629537
106014
-350558
-596214
113803
591799
-580685
976068
841965
83194
740761
-973159
-31488
701036
759874
342305
647190
987502
-435905
-357554
-479948
635715
537412
692991
-99609
672562
360496
-496179
-199841
926561
-548112
-59798
687966
-618040
181678
-806206
426978
87483
-306930
-531901
337526
-374624
-772862
-158151
-132155
862365
-26466
947254
913177
-642099
-312954
-811850
-726260
839553
-943320
-961987
-291019
-159434
-567647
-711740
-821158
365366
604203
474779
-560216
580712
-668993
138569
-308163
-658838
106018
-532635
891501
117226
-645623
391608
-225126
240803
-495023
604351
-246160
-995531
-286417
770219
-315650
-290168
489224
-351411
50673
-177248
-916456
485593
453946
-648162
564568
-230044
35085
497322
-259553
714726
985883
37354
-736878
439015
-605606
869728
-922306
790533
-353448
-873243
-911919
-444301
-222793
-663480
260365
996963
-952039
934630
-145249
403726
48328
-479389
121162
-538754
642373
-537193
379869
-595561
-142456
-388567
653153
470847
-229850
-412739
815914
-291452
322991
506276
370765
-514874
-652197
-77080
-226704
565847
-443117
184145
-911605
-573742
24338
-949471
150377
936515
-412764
-150972
821104
-397378
-592386
-857467
383171
750893
-296210
13223
-202080
-660169
-562913
761039
383751
-751960
-153283
-379549
-926948
-997007
-286069
-770232
439597
-194940
12444
-809746
150765
-809657
-313969
616638
784113
394614
472073
-794637
974758
-263456
873344
844371
277949
989473
98160
-500317
233800
-572794
-506770
236446
-923969
-194870
-845805
103463
-989907
-3346
-353974
-353340
404062
-307315
-406430
-347070
-968956
-544081
60865
716582
-177610
-35642
-888291
-923496
-539230
-586298
26388
793373
972099
-473600
-529824
-751501
-534954
536584
135151
5414
-940855
-832889
189587
-821627
-756008
636383
-3905
-829247
-247698
-134575
508341
884101
-200544
812060
-560840
656391
59318
277651
629168
-517215
-307016
167000
660872
314422
-961165
-244324
-990061
515137
-991999
-285016
-16749
215116
-973819
-476019
373251
-927523
987692
592254
-655584
-720684
-849694
644822
250656
-93846
-399986
-307105
-773740
-341248
162206
-637496
-885881
-776356
-302628
560697
130918
-925336
-315891
888176
-328352
735916
-650376
-958678
115434
497336
301634
-906859
969504
-617505
-151577
-541583
555869
342026
412606
339357
425870
738336
-758405
276083
785186
127183
569392
-834292
-36235
315627
-636474
-936096
334821
-846429
-652484
307791
131400
237725
-791062
587077
-215504
-199143
800615
354726
970474
522058
913368
-185438
53483
381952
689566
33022
-259143
-904691
87288
-473420
347552
-890890
937425
580251
-544438
484815
-799550
274733
4894
-688105
-96364
-69261
-197646
-938521
161442
905437
-444161
725827
-848876
418157
306578
180383
612550
644272
-695277
-73522
124475
582966
502545
-275423
915202
732679
946789
494139
203026
929922
244682
-944158
638991
152729
-131763
295235
15220
773487
615329
-275060
-114781
-280390
620131
582813
598244
-551569
10843
243342
83667
-363532
-728956
-657972
2637
392490
-236051
377770
761825
-656680
-465386
-482552
113249
-437510
808255
875450
951240
-778247
774925
-228784
112637
400760
418226
781888
707385
-985053
-710999
546807
750649
-224510
245773
-901966
433851
984594
-301649
-227417
-960200
-154195
392369
514444
728598
896014
254609
-320552
530303
891956
-335608
146128
732868
567523
129851
-424334
840582
914565
14803
230022
305467
-68499
-65259
-245197
-554307
248007
-155712
655835
-893128
845817
-245952
632643
-179752
-555943
127575
-515423
-841233
-590304
-106793
299904
822482
731110
419300
952640
92823
250169
-420907
-671139
936455
280768
426387
-767493
-438322
-141774
-585421
-815363
157474
-822842
307968
350761
599456
-522456
40668
404731
432523
-767068
776542
104756
134264
770557
-189549
-973889
-608383
851123
345861
-695981
-589670
64973
-906190
175767
634349
-926651
-641207
-29730
-524144
4242
792106
235001
-861657
-239167
908576
78892
-42906
-796749
897573
-4154
928906
-91603
-752709
-395926
496482
-733698
693424
991586
-394658
-551494
228005
192129
863524
-614151
325506
715455
-628786
514270
609397
409756
-546653
-908757
-191237
6724
-4252
-692970
-917172
-183714
-676878
-255932
-774845
-972647
308392
344060
-396837
45923
484388
-537503
240762
723595
-92383
-738421
-585557
693271
-684940
273737
117718
-596550
636373
-55859
226704
-811435
365765
753765
291127
-245293
-292926
-201263
-187583
-656505
-392985
-649790
629121
-976547
673377
569862
859657
-330563
81656
730265
675008
-810712
-913640
61283
264261
-854202
-902073
-982171
508008
-237888
690383
983263
-801484
189380
-754323
942140
57411
-309124
-674688
529059
94328
192364
-737767
-436952
580897
615245
870896
695421
188830
478904
733770
421757
-393066
-922483
203459
-250835
354714
903572
932473
-876329
340302
-604713
408852
-705306
80663
-984165
15590
425759
518925
386601
-734664
-400021
-229570
-165623
-39071
-407535
319695
33684
539030
-826923
430070
-851290
-658580
-968003
-668457
-173939
-169087
148090
470149
36881
-467538
829689
-202002
742895
-837992
-387819
-367658
56741
-563425
-228887
-771145
637067
8626
-236914
169270
-155660
-680726
-300621
152159
638736
-711285
-585666
3757
-859290
834551
-136734
202361
-627506
323845
289024
-771757
-307375
8659
636338
-771846
-521055
-281693
-847776
-411185
31159
-80180
-602985
-592242
-852209
-872197
104713
-199722
-967872
-920353
847425
646757
-746522
-849938
-936370
26978
699284
679720
926817
-981889
-129078
784740
-424382
65406
424150
869982
-298623
-544619
-660060
7926
890735
623018
176744
180103
-614465
-4215
-233369
818453
-81205
-723238
-507124
731274
857741
-359153
147481
778816
751540
499355
-468549
178594
-807419
-528042
-989233
843197
273333
309298
10044
-18806
-318643
990221
563366
759790
-91651
-803765
-797353
-808747
160281
78182
-733959
-907394
-364262
-949476
-633608
724549
-917365
861065
103075
153201
551380
283151
319850
-93924
515221
43716
-63765
681390
152872
-485629
627356
315846
640461
-691503
512121
-74131
501477
690368
-722246
-937343
752732
-109525
-405922
896059
941987
-445932
137643
539995
868968
-62423
-709675
911649
-463103
-169154
497185
-155067
-419295
283271
-901053
-653554
690748
533737
-324674
-685710
764412
639593
-348043
-795175
-998425
476610
923803
118750
676757
205432
527393
-331200
-519776
-726922
572568
423323
231208
909377
515828
303061
813004
716626
714787
-385181
-847709
-500169
-213346
781269
-69229
455967
-774430
-959173
-505024
-453213
794413
-209927
595488
735597
692399
-87850
-745798
-696325
758755
145819
529084
632101
558591
-687896
-926058
550740
35105
-37927
-566342
-930170
393597
-328635
-844872
-95408
-793095
810287
893907
-770096
404139
454288
-186171
993703
338913
250408
-409381
190026
-304376
-736339
320986
-484315
-633574
151741
-440682
-276945
889911
586266
650662
-968679
766006
377021
291127
219987
-105709
419326
4717
-498474
741768
-759074
817019
-79760
510862
331102
-806132
-390928
-721453
-521806
183303
58158
639632
-334066
-882211
-834208
-666685
963774
-29417
-678025
956589
-839619
-953688
-412502
110264
-915868
575891
-286373
-563971
-842990
736533
-638476
316282
-774864
-628088
-958471
-618383
558006
-272445
410170
402019
-730864
-346897
-981358
-195913
-40051
845554
583267
-843854
613429
254869
-661683
-431823
862255
284281
-445789
-726801
-223805
6399
-174069
736997
529790
918120
141976
869033
441148
926137
533402
120549
-876530
-731182
855471
21926
-350385
-84788
-71089
-737546
461173
-414834
749928
22708
-172123
-616013
89139
117402
430414
-159094
904794
427308
28914
-346633
315112
188807
519289
16639
457174
324553
664734
-833564
966359
-636986
-752083
498946
768913
-876222
885910
387671
-763464
606846
884475
573289
840361
-302722
673513
-175453
734768
-6941
535411
-666616
-863802
6079
-432055
163791
-872217
-343862
-381180
-521766
998773
716237
741889
-159684
-968274
842718
-843652
669767
-898670
5968
931497
-604862
413647
-740806
157182
9879
4374
894576
-541323
320053
-467600
-955139
-561199
602431
-518524
-305114
669864
-897787
522446
-544394
-91407
826259
-653330
-895283
-220553
-879422
71527
714268
-277821
-54062
321819
-329261
453330
713621
650966
622696
523622
523112
490734
-725608
-808751
-972945
-548728
-995068
-312188
-26085
-251528
-750995
-242530
-271798
993766
501475
-635363
-584313
-416920
957753
434407
-722811
70468
-200385
702026
-288663
347818
-487719
-963615
-164538
-384891
-385201
480597
385396
832464
617710
580352
-221074
-595537
653028
-540367
-371184
191167
708091
170028
-80241
-226136
358375
484014
477166
82607
-919035
-347569
-341655
236014
268682
-655962
280335
-936671
575761
-525109
-745432
-307415
147549
681027
658278
-705105
-442231
452733
654708
-249484
465669
480035
-627324
675197
21802
731544
251601
855431
194954
625859
247623
839770
-441318
-444524
-247854
529337
464206
-289079
715292
252823
-656959
668402
-307933
464321
475512
857818
-540818
-914009
-327571
152214
140898
-243650
-101092
759031
-360049
-593820
11425
-128074
-654806
906168
-541857
-121677
721365
898525
759893
944295
569688
979076
522912
-803306
-28757
625747
99541
979973
-156982
403578
-434441
-709070
590343
270290
108120
425516
-477882
-407655
702542
-669564
951731
495118
-298089
-696630
458566
-914157
85684
-942896
-817334
-911004
-307154
108837
-921590
555488
165439
905634
-860070
-823371
483462
873466
-912139
234299
968
34664
513933
205626
316170
307034
-17879
-755071
-764601
656664
164096
854311
-366126
-864419
-886694
218224
356170
-968806
176902
939801
-150860
-357167
-790557
763226
-579435
171655
-337434
693142
-293490
-729636
732245
453012
-606599
-503763
-379763
565033
-78244
88075
-639210
953378
-20987
-294686
490687
-704063
778711
-929106
-555682
594810
955139
178939
429685
-541244
898820
-75217
768319
-16898
229776
-771217
113710
-454091
-319932
-522155
252217
-403232
981605
-66553
-341009
-924558
-577722
-981601
787197
996245
-244766
274452
418503
-843687
627784
29397
-218693
871590
-437858
830839
-595907
209748
114720
-588904
121223
754902
-450445
176647
-534435
-572124
-797916
446813
-234544
-491835
-496689
-725179
41921
70210
-953015
-323031
10225
-899684
430834
-533464
422469
543939
126651
-583050
-621613
136032
991461
-804786
-67929
5050
-572404
439119
-860788
-407369
-489068
176524
795726
158241
620196
-838986
-703612
-283767
795493
542525
-818008
-800877
491326
-160088
155981
-712657
-185893
975295
248962
-330555
390260
124657
-218981
-554026
-687694
-837143
815820
-691996
-179963
-377812
467027
760738
421498
-846952
344117
687394
-210145
-287458
-380661
-880442
-805416
-415468
894862
-719304
-162697
382846
-401106
230101
766215
80384
994181
-569645
-417529
-915897
-758986
585703
-327041
-26701
890060
-526866
219031
785892
887453
-333708
-123628
-516226
-256400
628020
877395
877248
-360305
-534278
509372
718121
-861407
874013
-900099
645513
-871204
685754
565778
-58832
-841629
-732021
-673833
-215089
283074
834089
308845
-478974
31442
707750
337355
-59949
852111
-584674
49169
-445628
340041
399948
746315
-43903
-722511
179625
435519
261947
51274
101352
-539215
-71185
-230711
-745712
-82351
-885808
-664565
190522
645570
-371079
466038
695037
482282
-220328
694550
779291
636685
987026
236267
-278011
472383
478657
697755
-444200
-663280
380200
886194
-959631
-684906
-893535
-37165
-79032
611602
160759
335961
938504
-790759
68991
291408
-139114
861643
375136
-903670
-183247
-474423
-197510
-364192
-7145
85836
-922947
944676
515597
865728
312635
-207097
-210727
-974268
585195
156562
-589909
-267262
563483
-504593
-596513
-285196
566699
-467214
-335291
-219082
265105
868768
-760184
-387327
608626
-714602
247477
-578105
990059
-160708
-246604
-754260
542574
382840
867183
-56395
-830769
-522242
-823284
159002
-384997
915964
-392708
10800
607534
-427486
-416562
623145
-186119
-198368
-967156
-674171
-91284
-378745
-839574
4452
-409353
308515
415318
-487989
-297718
-987861
-10904
-158096
219609
820647
491099
-421604
215172
-445223
-581163
-759987
-171007
706908
190621
116000
211650
-26456
-807219
-749165
-217976
-798598
531645
817692
815122
-409587
752075
-365220
-871541
393911
-129454
481997
-644642
626810
968610
-124218
-650535
-554997
-410117
-245488
590471
249043
-64887
966334
929247
-700140
320883
-371441
-752945
-542042
955755
850692
-967559
-356922
721010
576558
-316997
-221440
-894830
-882227
653767
14852
464255
916155
651655
725685
-148208
474815
-484091
-680880
-493794
-979729
290158
654339
594109
820125
-790224
392692
-732906
411372
-765077
697534
-873877
684455
146802
-78359
-714136
811869
620014
-328158
-380091
2355
742632
-804540
-581901
52274
-874783
630331
679894
607517
-54456
491814
-862351
-19797
190303
-823300
-644967
-91883
-531693
74925
-317517
-966589
561799
-791786
-887954
790305
654584
91159
-149768
486
-731774
279175
498792
-21450
-907128
-834831
982043
-54474
273361
-140637
-533945
56247
129915
-481178
-673794
991536
-497942
-116293
-486136
-392895
-691003
468273
164948
55378
120578
-2953
-864150
493103
498979
-31935
-11609
861211
-548161
237376
664658
-969930
-625198
346488
-799475
-108439
-682200
-203177
324716
-689123
-487828
960432
870117
-268527
-636375
368699
335452
232203
409294
370911
-584815
141218
-737662
633558
749875
604382
-331140
-574178
244124
-576724
370065
-810139
-569094
-519851
210790
470298
-348302
-427673
-291386
-350094
706707
-377914
-802574
-411575
403088
379920
656649
782696
-506026
877532
361948
-376502
623862
397743
-314839
152284
299962
887137
-1936
-480324
-251736
478808
120121
210895
-156274
436666
-339207
-725537
524054
799049
-957565
291084
457813
-828300
372056
-424185
521649
-919403
269233
669150
271103
404103
369617
-535681
-424
135162
-120892
-457161
969886
778238
4286
-482454
45045
713451
65853
-435240
469688
-10624
-341180
-542083
-898263
-942435
521926
-444315
-566929
-577769
954392
86195
-459210
-185761
546651
-239908
-42768
932602
297355
629386
-324137
-953758
-872859
725232
-89867
-200347
-194072
-139051
700707
543757
268416
393206
111267
977909
-753934
-433673
-861273
-494627
408555
861763
-320825
544985
810442
39731
-949166
928825
926860
729720
31058
812155
416357
935162
552637
928115
-337159
695153
533060
-20677
698184
-665307
-797606
-738833
-23550
429867
-932729
-972020
18228
-753056
568003
86004
-867967
-95579
-436404
683266
974729
983763
105623
-424897
-985422
565568
-707298
-197716
-735788
-288318
742814
-32438
427175
58809
4412
352817
566833
-999816
459275
-514019
838320
634417
855415
-345180
-979784
268207
601551
751686
-179221
815890
491874
29732
856606
-448711
900344
542021
-14700
728016
931447
-147083
-743341
617795
-522373
-634111
-290958
-18535
-847508
423852
-791297
-42346
-827262
-59480
928535
367300
-422021
-878585
-983945
-74424
-851792
887484
-198525
744436
-792031
22039
408199
790867
424459
170355
-28315
-427069
756095
314958
-202284
-233473
197765
-159695
6691
-409993
-425816
-695149
360044
945440
-366736
460559
-469293
-274978
760655
-822490
133558
-168502
-515652
-327401
-752147
-534374
-682172
43007
422482
-860202
36744
-451611
53523
565415
-588738
-853819
227988
-44681
-132552
-200887
487868
-988744
-292440
380093
-53556
289032
148350
-14362
602685
-486093
-854417
-979970
356446
-479297
-573289
-447852
207401
-513963
-4044
-748024
-396829
-930615
-445587
789920
-499478
-732591
-305796
-435335
758950
146929
-222090
-440300
-528868
909762
649309
234440
-883685
-391216
-988687
-470463
550871
322047
-865937
-598539
-203590
-134144
-705682
-420867
-753699
264490
484048
203142
-75736
584576
887552
44026
-524925
256818
805496
-220106
-959905
-647824
732155
-956989
-278448
-268853
298055
391831
202755
335019
-539133
-152413
-227681
761875
-106409
282230
624951
-894398
-12163
-502910
322637
-157784
-958884
-500696
676673
38324
-828093
-521108
-173425
589905
226610
357100
883368
381752
-280654
-441259
549424
169622
-351059
590921
-815363
440635
380081
534138
839477
-144142
-664871
230837
-381138
-592983
-534974
503072
487910
-504326
-252119
-440615
325344
-835021
112331
280210
504246
935824
-712950
415367
410765
-616295
-541072
-163162
85997
800914
575397
454474
475543
-94762
-280168
71716
610733
408116
410582
-741842
612572
-892182
-564025
-335296
706383
-142696
-368434
40778
-173716
573302
-475199
-676540
-280348
986175
677305
-713338
-512132
-479371
729099
-408457
-414839
326496
-751081
-771802
268690
182059
725618
-139044
-690228
-350604
386803
-942545
492505
-27563
245119
-177073
821192
-123186
-327869
919799
-250298
699934
-341021
-743768
807069
569917
373488
140758
-307052
917350
-339608
-150973
-133189
185496
958009
-117229
-157228
597278
973038
-105826
240467
-552728
369685
986233
532819
32320
719240
270757
-506604
317601
712726
32860
-936186
-423659
-301835
-496615
-474210
416129
-343098
-580890
-415791
170537
-74605
-176954
125046
-503131
421006
-439942
30539
896846
-981634
593416
-783143
212668
969924
758350
529644
-859542
296853
-922364
119812
-718359
-490277
761627
901414
-537372
-851056
839303
663878
-715249
726962
-984050
385168
-41581
-627174
-980230
416755
244504
-715796
-131796
-205499
-746579
-105904
-384038
-618983
936817
346173
-371739
958758
-144700
184326
-565161
-750851
-850948
-117629
-915873
918205
613934
-784531
-397498
-899397
458242
-484145
-495382
-934303
882101
-290617
-832109
578073
-591728
394107
-948505
-243228
197934
219276
746828
-131918
727090
-162014
-394501
70835
787920
956894
-138651
-692430
910078
-438878
-263541
370740
469417
679716
375390
-599162
-916579
786507
-655892
475144
-122207
729497
370457
-220596
14934
-110565
-4367
-564978
-704010
-672513
-544613
-888877
-620850
281572
658267
839712
-727136
497224
-573860
328719
696387
-328327
837115
384378
-125264
-389790
-253292
772217
498962
909543
818284
-15688
92051
357223
-40647
-207139
296130
-182824
711922
-326289
217515
735357
-14322
837939
918309
-11635
-233854
974094
-484593
-49971
-165127
737440
-179486
597862
-882684
-904889
251196
94989
-557697
598436
397814
-916971
-88175
165997
-318826
-949628
867468
997041
170821
-127722
435493
37071
798982
339481
352253
-438528
-912137
354616
297776
760321
868706
543473
-921486
139536
-103413
-34263
-181223
-837183
639690
-909684
996428
687085
-957490
-22971
-569624
528325
593736
-605225
13895
482609
651707
-478897
685433
288268
467363
16701
-288783
-432548
-854143
-485817
565871
201170
392020
585421
612132
-115030
-705191
439669
699186
-589170
-86601
970926
855265
282181
-705994
-877111
-913743
-589347
849423
934327
-484451
-434652
475125
490548
121322
147366
-415976
138142
-912395
-60819
-436714
-487778
-604162
-9299
306881
-459316
-120676
998422
-896424
-466546
-137395
-584955
-161949
521666
953883
817872
-196806
-343050
-165219
173087
-428710
-98810
343810
268089
-292217
808279
256263
-128243
86035
964567
-886172
-598716
992993
-578235
-374486
934538
440414
799664
-113777
817713
-1895
318097
-268557
521980
-808202
-847631
-829110
226958
406977
-765008
-705468
784881
833570
668592
492569
892195
774637
950392
-360306
599141
258113
-465271
158305
-206849
-396689
693709
781907
-696550
855062
178588
173947
-314935
-424739
78418
855199
95456
957843
214073
400234
427604
575760
27870
-354941
83810
-569449
377224
548512
622410
-925533
-567863
-168545
498259
468049
-16247
-511553
-626877
269948
-782074
-355945
-566654
-875224
344718
4425
-186216
114769
624999
127101
-30742
730821
-745722
-527128
355306
-415808
-49994
-752222
37898
289856
-200847
661280
115899
201930
558086
-742123
-352612
-439916
-2828
-517610
-540339
-900993
-809615
59628
557377
-662462
-11390
827038
-103855
641586
551001
259372
283835
-701443
-530278
418663
-459929
-286465
142592
-323921
698271
-350036
-924011
-170213
797137
830036
386339
-370103
715312
49880
-30163
-569342
794167
-898303
-204072
-810689
-358466
276899
667259
688200
-170601
-849713
-884608
-732380
-865157
-727842
269797
919866
909340
750203
-856475
-593480
630084
-653703
-656883
721577
210570
-145599
18221
854005
-341179
539039
514624
4942
726032
-477214
287835
779695
-610256
173670
-608059
142849
-721830
-832180
675421
771304
414139
-145503
-868696
638726
301670
509877
545576
968120
702420
355336
116373
932072
-787322
-47562
928740
-905735
149776
-952023
-306924
854603
937171
-359714
-4154
748874
-588421
285274
852475
-713653
-290000
-541672
730223
718000
-466419
-929673
-465060
-856495
207757
655008
425638
-301963
-117658
299655
-659337
526153
-558850
488750
-331505
-552955
-973077
951942
-416096
493248
-887915
669006
413467
733000
230002
160213
-913574
-335126
-570119
-796418
512294
453305
-460791
-801108
-716380
95713
947108
652608
-384612
112674
-4795
-865782
531184
415759
827213
-675265
130130
932572
-241240
-519116
460460
999017
-27289
859305
373494
243033
-394107
845198
225643
-603156
-293862
307170
442791
355996
54293
-861649
207809
-595245
-948066
-631594
383807
604154
-104163
396990
-514890
693999
31899
-645690
427719
-745476
834908
-836814
512572
-901062
315103
-935567
-653346
-787849
482450
665571
-150183
893371
-661166
-552429
-217151
858922
-982542
-764387
-818319
-842382
865259
274745
-961301
-879126
-432947
-696591
113698
-572303
773257
-912893
-205857
516552
-194760
-859570
-585509
-863268
-1417
729189
-49780
556869
886163
694480
633091
308531
562943
-407679
191324
1880
-973011
-190103
309662
591200
-603649
130548
-811299
-64024
-12272
-46122
807062
512875
661888
820318
490550
-288065
-937762
-18970
-109322
3802
-551020
615125
-147456
900102
567940
518340
568001
-628405
590519
143499
850678
393017
845964
-871875
886695
596541
875781
-312665
852225
-955690
-992817
-617193
-489402
-638412
909632
-721104
477540
-323711
893009
-739430
-974635
-869555
559022
867999
876964
131043
-827804
38844
-941061
570453
-857232
396111
-369149
693739
563879
853180
451427
-245047
-870261
-757704
351235
311750
94625
-887463
744302
-87047
55431
-797736
170293
107154
-103440
731134
616694
-259840
898536
-508542
61971
853979
152993
729284
-352906
-778692
582887
847027
-877399
666216
152154
907739
259996
61796
-140658
-864853
383965
467845
-412360
-401213
-901749
-614972
303464
-878228
-326792
-129466
-484412
542598
-470201
-635611
-287502
962278
860045
552315
175159
-547929
-93904
147364
-440618
687650
-987634
141089
-177942
-618409
-254062
-150219
315611
338369
-103268
-365760
-122543
-991846
925047
272561
129114
-989927
-954222
678744
-157514
-420915
-421662
-196508
943298
669542
-813533
287925
300667
-613815
-591328
867842
-912574
205586
416716
386235
985725
-12151
362258
791575
369094
-670713
737789
-148463
175488
-232926
41238
727373
-922253
-288146
901635
-419837
-494953
-977919
-923944
-141676
366222
-663701
-916908
-779995
-393489
472262
23604
-262594
-532840
755408
509931
-239378
-356518
-465602
939143
935237
-845548
-194449
-400365
941495
739366
-625737
-836136
559336
303040
-321033
410822
862388
-566578
-681621
526105
259266
740496
-750270
-887862
-634997
731389
832379
-109490
88821
72446
-48980
-592958
-82013
494712
-381158
-253882
-349707
763800
-549334
771134
-960006
966188
-387964
-414462
882959
699424
-873704
-923686
473258
475869
113942
-496256
-16617
-639204
658137
-939618
915094
83183
510850
-84317
514892
-722593
-785574
996276
-99796
-323659
980902
146121
201577
-371774
-961826
-376632
-266551
-143598
983541
995049
-673452
425794
887295
114606
18025
751950
-166836
-481546
-502520
-428728
-51064
442443
-232125
-299936
-414928
-199502
-279559
-861656
404070
885767
247344
-868842
-308696
-876069
905664
-812329
-241212
-850807
-476044
850025
817911
199173
939485
-136699
-728870
458632
51009
-2899
163519
-831130
895337
356273
762524
314088
-541411
-977544
239112
-18657
-841593
721656
-701096
132240
-662052
-428345
612730
922979
-69891
-474847
710405
-842460
-516354
-242717
-49159
-595084
-308830
-465417
-397657
924196
-555429
-217354
-656113
-31941
832978
722889
-917555
283731
-389583
-374170
-561695
-883850
-479607
844376
662650
-262376
209180
302215
809205
-25517
-477471
493259
301353
427149
560760
693456
76312
-899462
-992992
427996
281656
-501338
250891
-345847
-589779
919827
577134
968734
-225818
-146492
133115
742122
783985
340492
-900625
-523946
-394463
910308
-951028
982828
635116
-42171
-203837
-204646
974381
-140517
778143
821669
-116762
-744217
953300
-916119
-11959
935714
-90300
544691
838871
370640
449540
633369
-607461
952370
-678804
615190
594271
-203607
-804889
-495826
371052
619389
-138333
-862515
-943547
-191710
-939661
264792
-835366
48158
129067
297155
-554673
763083
-732357
-967303
-847214
829788
588085
933376
-268931
-158926
-731678
523441
-752428
140448
-576950
638668
34136
686250
883154
145372
349237
710497
-656315
-371733
843259
570662
23454
701635
629434
925378
590537
511664
-796315
574190
-307777
-760107
-659404
-771263
356879
-331163
-356863
156312
-72641
-900855
-805684
484371
-286146
-585166
-804827
511763
-200321
-919811
428547
949274
-89223
-472342
-676976
-707027
-790625
-170236
-504118
41734
-673816
835812
268484
152894
-277387
667014
149762
105217
619414
-140412
704281
351720
651944
-688316
-193006
-770497
303438
-266511
-683396
-175595
-975972
601203
49861
346845
-68364
-474078
-679036
-185066
930952
540462
759628
151562
-358297
-154873
-43975
624897
8796
52641
-637451
743824
-225054
-504278
617077
-139420
-288678
-874347
122552
339578
-165801
-809792
-973670
-930324
778085
375571
-809509
128652
-513629
765035
756431
-107761
-810270
-289257
612258
-701231
-275454
311217
-988522
-197848
783087
260931
443132
-529135
-335426
23283
-886030
-730552
800397
607820
51418
-443075
172870
766173
444990
126447
-730374
35040
851046
-348071
-104154
463943
273450
-698416
733990
932295
-59365
-172950
-160689
-43319
-411133
372936
571925
21623
-164166
-396777
587101
-398380
-223664
-385724
603947
363357
29604
-609347
-930718
-196866
145549
-198963
-921605
-935297
779475
-912627
38085
702979
-382479
582995
126644
-703434
787327
411281
-355709
-265796
497128
375135
159143
-696290
-431857
-667746
-819135
-408265
203220
-914765
525041
-257965
-636407
-236242
-486085
203632
-69329
143671
-618801
81499
921654
-722896
-193057
101682
-80144
646768
-835397
-186660
157483
54438
176039
-633798
-313525
212027
-93204
82920
606960
-173335
965757
38963
859824
-651251
-56163
258489
-896593
373717
199545
-231122
-880809
422670
600728
-833260
316306
-462892
231750
342864
-670057
-728125
883321
86168
-253658
-240625
79997
413914
-113790
74240
-400307
-802691
332400
799771
-275841
-357283
-692531
-382226
-587812
169699
512088
234096
-718690
-812746
35741
85019
-749499
-987382
-211725
-190339
-348687
-296778
-427953
584472
-575800
686647
770021
-892146
-236657
847468
441741
786438
-683784
848879
252910
-269737
-235431
370979
-672636
743159
-692754
-180974
-617162
-454248
473233
-962806
374342
912383
174095
-594096
851385
704475
813893
-492064
-686796
-468793
-572565
564432
611454
-553170
589275
103462
694223
186222
776159
452760
275110
-256076
-697478
-636330
275940
-185031
678021
-919258
-841313
-267896
624805
467118
-774545
-82067
296305
777989
526649
396237
-197242
-491568
857206
-629687
-623843
884378
-68243
906049
-362223
128766
-797996
879089
365430
-706375
956063
-157068
436951
-864048
-316339
399775
573526
-641488
-629435
751210
-803474
-551352
-914850
36741
-391596
-174153
362147
-164209
-674931
603338
-349959
454824
-867662
866242
-131056
-559755
887467
-396801
-600389
865240
-64713
739845
-163442
-86416
-854978
-928798
602705
841940
-769633
-624624
-981398
-438141
148183
-617543
714917
-258508
990309
642209
708054
-123767
148553
20565
-240438
127314
646062
-595950
-414388
-915385
-170127
619557
30201
-411386
-134664
309629
715174
-592038
357220
-410999
409019
199572
-430233
-401331
847558
-742139
-855134
-618939
-545624
257523
277730
-560624
-653609
-322608
-17780
598049
545504
-599289
472833
-421065
-187642
-22348
423196
118807
510288
487301
-525464
522947
197392
-974148
24860
-45352
-330767
234921
353163
-386147
-781307
193048
466564
840082
748534
-10410
498655
481592
-5483
-433252
-310831
184048
869524
395813
-496579
-907209
-123555
-469571
-401334
-690102
53144
-773911
-677935
713412
-472768
-167388
278194
295203
-99907
-31454
81615
772981
-242993
-196154
-2808
-728185
572948
-772131
-451971
962416
-983263
538022
-598019
-511381
785393
-268276
66443
169424
17280
85366
703531
866065
488543
-652493
-542443
-525870
200961
-914063
86720
-639002
-406436
570727
-778040
-837185
-621675
-680550
-177122
-312308
-239959
898653
-728758
447529
860393
627166
-58662
-59607
-752331
424048
-816
186215
181624
-888408
-795365
78758
-148034
772109
83027
291792
807028
262926
786005
74168
-780236
43219
28943
254532
52084
580455
637895
-39399
-536161
264425
968631
-161781
535334
-781581
-423092
-117149
-700569
-27062
-570339
673637
-122479
-158295
-465307
-786640
700102
460925
993339
-349116
171379
291930
-847475
-283925
688357
-948287
598985
-2861
-248467
-765563
-836437
-122747
246069
582802
-370633
-358107
672659
-115373
-46619
213794
514619
217968
453290
-788363
-476373
-719058
183809
199002
-708918
-736032
608430
465350
655416
-136696
915491
-4305
516205
748877
-495158
-221028
-774246
293749
278000
-998608
-815719
-905120
-788583
425774
254342
163711
676810
48741
593488
617212
-676624
-77217
306539
691960
950515
369087
244379
272788
39446
-500104
-972143
-37850
273230
-33348
698980
48091
326964
143097
795787
258766
980941
697673
-84475
649835
-718643
88671
-281610
810365
-477095
977244
-718780
827090
-353161
-321285
-168831
366991
-200424
258595
512597
-114538
284593
500144
-435510
962683
-750207
-50830
-453323
-563893
-866219
-731
-112951
-354835
75233
-188258
-10433
-953408
-500943
-874858
-221368
-829258
-116964
26500
659273
-228213
-531523
162545
504179
-16983
-959667
-853731
-332583
-257255
-475099
-149542
847896
-769285
-724673
675619
-560075
-586449
-652449
759272
105648
-669586
-498753
350643
82446
-211605
-397189
-933898
654082
-614748
145816
-770312
397406
59926
303221
303009
-226608
944287
-438491
135228
-681109
921129
-346561
-949897
-415974
-463341
-367737
185800
-264573
-342740
-577967
-794397
-641959
670441
-848134
-847058
279151
190555
-712992
44611
16940
854995
-856942
89803
-417590
-959667
796524
412843
-110261
378754
61371
-614925
-476291
-927631
756606
313748
14830
-331
-27228
198508
376568
-751581
-298330
141295
27058
-500066
430156
783838
76611
266053
-896393
-446420
932502
213512
-846800
139037
131310
73818
-700809
-646831
-141436
110069
20741
268883
-789493
-177477
666783
-525618
-211231
-439254
696888
-449541
735970
642280
-172517
-475578
-764623
250334
-406510
94662
197164
766838
-206520
-199105
-650936
-421126
954957
277705
843240
768176
179212
57961
-854215
738690
-173068
271869
903234
94978
-374988
-637844
-515511
484051
-952726
832446
-76856
476755
-575968
635499
-538154
916562
-748776
-573206
-586510
-523972
175747
609888
-338505
-44533
-33469
865638
-882802
367667
530390
46022
820037
664001
-627082
-951556
185939
499746
-323835
112008
518254
5220
-539375
174422
-620934
8524
-655628
83854
952948
-148581
-33335
208797
66131
-182631
-511350
-832794
206338
-443757
527415
84251
688737
714359
-517857
43557
-867337
-576992
363038
778674
-529030
257625
954897
-217468
103247
363093
128706
322393
-866934
-334169
88290
-769551
-600966
620875
-423128
-771881
425615
323875
713807
840278
-5872
-133592
-106933
194816
-629732
-407678
-21061
2293
-787684
-722498
-882392
-284781
917909
467304
-392212
-279177
-892815
578151
-479366
-178391
-517676
-271452
74031
426991
-58067
365389
-149238
-49122
194398
867876
-532172
-585323
-823517
449112
376845
219426
-609571
277449
432459
431399
-470262
-531279
-132141
-802675
789677
180835
-386848
400321
411031
-323048
-546824
-778013
-457867
288816
849447
-511458
105737
-438672
-864436
-963407
558842
22679
-784656
-827039
331471
-630611
295056
737386
58623
-113937
72588
-513266
560826
967087
897573
300964
-565627
-137208
-567293
-326837
234881
-896066
646183
-407145
197304
-658762
980399
-660911
-585786
797853
87061
355275
-202898
614019
464599
-264823
229401
353909
-885220
-825534
945056
-601108
653990
239741
493753
-182974
710301
408434
10267
440530
-322773
762645
-954222
-32176
448128
-980858
667055
470953
-342334
800629
864593
456440
-489240
132590
661781
-323085
-421637
220219
-999743
998537
667347
599090
-420250
-293904
899599
304121
-105603
763545
-903783
-651522
-309550
-180165
309484
364769
-520019
-122339
820578
-789688
797109
-605850
-49123
-401013
-677615
391809
-978284
891745
721884
-993829
443357
-397570
170773
979675
-707045
788423
117273
-944598
-686130
931968
-347297
263274
446702
629268
385629
84850
687960
-882726
682308
-224655
45753
845490
579095
-463255
253308
-764505
799973
-35130
-824974
799457
-81706
189312
207544
104462
974921
575224
-532755
-735740
797350
125729
-458182
-679067
-839561
-393028
906020
498880
960401
-808939
-6531
206389
-889749
-887831
-597880
-219755
-445359
-780141
145043
-30054
135147
93037
-622521
-194000
-384291
-80401
-895115
271753
-447989
272386
-434391
624297
-863754
-10813
-557796
612770
810146
983586
-768233
319922
76823
-383217
-896582
-995900
-971512
-809683
694400
-197801
-275300
932828
-775012
829342
716345
723668
298629
636194
-681720
137656
96071
973028
-293854
-241025
932061
908716
723101
820044
313989
948685
-842582
104631
-972207
343591
-408738
-272408
-139259
-268241
645040
352404
636091
-237214
-124076
549424
983939
398496
996939
-418632
-506701
-477379
-648190
242048
564880
315426
454216
859208
-685941
766014
862352
132229
-813488
-207525
457167
-937404
808563
-95476
541806
97160
-359975
-420454
-402262
-632812
463083
-219739
411321
-479141
63620
-242396
-512191
-870467
-105655
-692278
395004
65227
894810
-736998
-92194
614106
-9923
162183
50604
-955425
-622963
236109
745850
-13886
-463073
906590
34907
726826
926611
678434
-319383
168447
946811
359214
-473878
-533450
529067
273427
-171019
922936
-901464
-197197
-298915
74534
516279
658486
-405263
-572707
261340
339641
-726038
-474966
-999247
947617
-631674
-157659
743444
-734787
295753
-453067
99581
57535
-596375
-365325
-298686
417179
-960548
-46389
-621211
308932
-250695
-150525
-239188
-284712
-645402
-381336
536222
624581
-180523
-779796
-892016
350535
819101
-129191
-779720
102448
-494964
-891557
-213110
946085
410471
830217
400766
-591006
248109
-316886
-219983
-767125
12844
-946580
-535414
178862
-416299
435736
-43447
258018
24678
-293833
-427536
-682660
191919
-603124
937258
-867748
183629
771775
-346190
-44851
-193559
-797298
271068
-402351
450081
-453844
-786208
-494053
829364
-126244
-27751
682746
416067
-663219
-316979
-808707
-482152
334366
19120
-745369
688476
818101
-586917
-394751
-681180
-350611
-827489
-627111
483343
-852669
566571
-498277
555335
740073
47665
625279
462962
600363
80016
-922861
217895
-526774
717233
-779963
-565638
-598701
540936
-467123
21817
-830919
803333
724217
913877
968742
-656944
257336
806023
-433782
-922197
711738
-483461
768523
706878
3548
-530412
-986340
243516
-379003
801050
-378633
-426107
805403
894707
-800018
956962
-335284
-10142
-6429
-517787
548179
817175
-917791
-351287
343387
242565
402404
-373692
-21515
-767886
-297203
-422767
-451692
819345
-531890
-938471
173563
-802239
121257
586609
105223
-650238
196485
358245
-222795
518845
527189
-849753
890533
6744
-937656
883358
-66857
-907317
-70188
41028
-304215
360762
-19492
-995695
-277911
955787
2971
-663940
489815
-694732
302337
-398161
227358
-792187
-426898
-574133
-562141
897817
-393148
-324693
-734389
806723
4514
-787793
-329195
914455
184616
-643183
-900088
444673
-923148
329476
-618338
-629081
35904
754596
202127
-490747
541276
-897826
-419089
10294
378886
-632120
-561136
635184
-401987
132966
-73156
593725
624797
291240
-413928
-600207
-287812
250993
652597
438295
-511228
293774
823417
-342971
-455037
-672117
62974
-971561
861645
465642
-248268
-744830
-280136
-961958
-842035
-730146
-882782
406137
109467
581950
457385
-631515
227876
-590163
-901193
-875283
453405
686874
-410184
-328313
885440
896340
999866
55218
-211074
983724
137081
-355523
-596304
313458
835436
-312384
210330
-234962
-977739
386897
-749776
175708
-831425
520120
216064
256451
-969408
-871150
-543143
-30013
-54579
-563594
-308672
-960063
574010
-490764
372067
557529
-561389
-64051
150258
-940973
-637009
786379
992208
755948
-438552
-609055
317037
-788770
-311631
-26145
-274797
-651932
309301
502118
-484207
86895
-809820
690196
978659
300517
-365003
-792286
-187837
754049
769964
-467690
-942455
337394
-1106
452594
-640939
-7791
-153234
-562296
-506649
-830456
-686029
848543
392866
-544306
970972
394104
-760393
-937267
568927
-523024
684241
339077
-124898
671057
814709
-662390
949096
736293
977284
-418030
-166259
649244
386431
-619208
-461470
-202204
45926
-33974
-282681
783164
326780
-920641
306631
520819
672470
-323338
-627526
15270
-645336
816194
262743
-917640
691819
236385
-297946
814621
970211
854707
-99008
-227896
-654401
-325082
911316
693102
-951652
-113923
-94143
306493
112873
749008
-869265
922379
-768289
-555076
-419270
-983332
739578
-499143
816627
-551482
-534267
915069
-780725
-666399
-951600
403431
-376850
-82591
-172783
-986809
63803
-908616
726786
856845
346372
-147939
164276
332708
-786320
782431
379024
-921908
615710
533934
-642308
714395
122702
16466
-980626
-240822
701820
-708308
6495
923413
-159293
-743363
-141129
52595
-688467
-891999
364599
-303443
-514615
-590032
181111
413892
754245
895852
-25234
-314195
820193
-279449
-568296
491410
-819184
186188
862131
522928
587936
-948771
164386
-991420
295476
820349
473408
-171964
-144875
137848
936997
824405
301472
119708
-17553
-574112
413589
82487
-642980
-603479
580456
-368153
-407927
33720
-396304
-648308
743416
-270910
-606304
932175
-511481
-712037
-86405
-320472
734605
675547
-619581
-791554
162008
372938
-567238
582914
-25654
4249
440778
-22815
589057
-60857
147267
-59424
-623373
197433
852049
-79620
908365
429640
292224
-652253
643050
-872889
-785946
-743867
776662
421368
-621025
-394544
-168688
-769754
-601764
453839
776633
-526764
561320
561450
-838690
241095
673937
557788
331182
-444052
-934100
-15339
-64645
-172216
465966
-193843
522052
132849
514078
432428
685840
497789
-235753
-58695
765932
-60524
-768109
217687
-387891
736580
-669060
964081
-321026
25453
-519713
-107768
-507972
-997578
483447
-146909
609741
-251643
-834041
377494
-457655
916511
-947529
454384
-235050
-991959
-4409
-54861
-827444
938689
-622254
-202976
506400
938874
608359
679165
417966
817200
-82524
-298735
-277691
354506
362818
-975666
937775
-493634
618233
-745160
85317
743515
-776116
310016
-551431
469278
30658
461744
60632
970026
164494
992111
-118767
472658
558138
296617
-782198
23177
956961
-775772
-826780
305724
705749
393537
246329
-317718
-463454
-289597
-819052
-998674
397345
952358
-539909
717507
-888832
-361744
397633
-407377
692411
199017
-269070
-815175
-968986
-15805
180328
-733163
-859964
-634870
-511690
-764645
-914066
623520
339488
-206474
256081
214539
285305
218942
-378129
-420787
421818
655931
778177
-454554
56363
-786231
-94008
393831
-958791
826490
-782024
-747907
840275
256963
685087
-315622
-723677
-393856
-23935
-37113
-959965
619674
-986164
-453728
235659
755418
601700
283889
484365
-352081
600972
800659
-226358
43709
995988
522201
-857534
159929
180061
-847014
-725989
119801
239141
808993
285912
-490417
604034
-831446
-33469
397307
-271267
-362428
881353
-697474
-755307
-713427
-759964
628857
-701068
-915381
710246
-58259
31685
-234353
-449269
437520
815809
430246
-855181
470547
688235
-542562
832104
-441101
838248
589255
-664334
84595
-855776
-528108
-857167
627311
-929448
358828
-848148
552435
775011
794907
694857
-752125
-593301
-327799
-403026
302672
-567722
191657
-515923
-404140
-480874
928140
-936092
631301
-295186
930604
-403414
-947977
-99786
-72102
-380376
-981764
713049
-905083
-371108
-185795
4064
-151838
434718
-779972
234759
-148959
680990
389985
48839
-164779
-470038
-874999
989506
-813602
-583961
135563
922089
374597
693071
220934
64420
-432970
-942736
-126126
752195
864090
-938770
975971
-961218
-118468
942864
-176764
-464482
-91032
910272
145055
686216
-443834
103170
683002
473472
886883
564453
616441
632104
-398366
-808640
979154
-217816
-421187
833063
16237
643797
276735
-409382
-109909
945912
164994
-710188
-390864
626686
-33207
472822
529370
-313702
-784822
73488
-538524
-596879
-978005
209847
-539260
-324734
-792403
345205
-668622
706381
-937481
-360932
151820
-9956
857729
-782341
222970
-922863
333279
-745741
-176943
-530136
-424148
-271575
778437
-850727
945566
-176094
-838627
-655067
29715
855206
813939
664532
-629859
243485
-35351
180213
-4161
217891
-243689
675820
-824591
554641
-469763
687656
610739
-899252
-955292
-371047
142300
-956146
853022
-592373
288977
895200
840160
764724
300123
549358
-152906
598250
126509
279334
911815
825126
339028
-127716
954643
218939
152731
722647
-248369
-84627
-255743
960289
-401081
328736
623536
259009
948715
422607
432881
-498007
846970
-67427
-12591
222681
-35619
-816021
-187210
896092
-961341
962570
230722
-231847
911567
-4071
325550
-500887
377056
779724
519322
-332042
-672863
961378
-191096
-211797
326627
-626695
-822445
735328
930407
-156438
188889
756121
-404730
861706
-489031
828266
801048
-107056
121557
-687912
124715
179140
-788913
105373
-711157
552966
-891253
659708
301687
-96934
874192
826012
-837711
885832
660152
-75917
-971607
-84998
776627
222866
-386153
874394
535064
-137716
473431
-242884
-447089
-685424
29042
-302508
-353458
218539
953513
883469
184904
884475
-857282
-630551
221189
-623335
-808946
-909704
937757
349683
-553748
97012
439300
242201
-946343
-10245
147769
2091
909558
-770129
218838
-420911
671222
-710623
165411
-835695
-457061
-342070
205797
-383250
491947
448703
520960
-717264
-28156
660028
339523
-665243
901476
-392129
13848
345594
277139
860712
772471
-77526
-554038
459455
-227607
-976357
375504
-965915
853452
-524774
-673874
-470219
991691
797073
584371
554720
-32591
52943
272966
-220806
881131
991129
48408
454672
-70350
-617594
-196103
-135669
-424740
-42212
-728426
198161
623443
339173
639494
872967
-514863
797058
299133
252588
517674
754239
19084
-355832
-241281
-990420
614876
15915
-911728
378477
427109
-804390
-952979
89650
-350298
631709
-593616
52673
-915233
672951
925679
-442005
-420617
-324452
804436
685392
156719
344955
570599
-469871
-322989
-310748
241948
-198052
123005
-103682
-322094
127013
905638
743559
-399815
689406
-240351
120358
-361725
438098
-588003
901512
-208971
236473
-533264
-533354
-41604
-328125
-327826
664918
198837
458611
391953
-411688
-109541
-674353
-348633
-6056
533682
-179658
-687054
-435552
-266035
-826622
-558038
630230
148811
-393183
-176790
-392096
-676856
169402
-631125
-377058
-824622
407117
-532201
-938286
-760801
-874023
431211
105281
-355947
-176583
937688
721185
960274
553486
207998
-542639
746382
-416490
-574439
-791784
-952096
664113
858344
942534
-193341
512587
633646
379921
733911
96642
993604
-865141
-246701
-410257
588761
-609242
-239065
-725787
-882550
-620166
-125386
-946358
703317
34859
194736
-838157
152090
165302
-576054
-359661
980328
120130
-951563
-380262
758249
755432
762122
-841526
395119
699398
-407965
925690
175492
650542
455238
120789
948980
581632
-256900
-30836
249941
-556600
45202
902476
-478537
-593410
630642
693022
-378302
515620
289911
237105
440133
932908
-212871
-286201
-725416
509570
839247
65194
-234830
-502684
46022
201591
-493921
485958
407338
225648
853641
496578
-381788
-715591
-520008
456814
-134368
270370
876673
484909
-193369
-903759
-737312
-645422
31511
-654501
-578367
735474
258723
-911262
-576901
-657284
626097
279563
723755
652795
322192
-973119
614344
-14751
45011
-394379
210373
490024
-769975
237806
148813
-560328
224768
127494
970894
533046
-202009
352260
-101523
809705
294637
-394390
501861
-775917
844513
-540217
-163619
-549938
-68477
202094
-157211
886567
-260386
-404542
604686
371480
-274083
304725
-917305
87898
462990
-297372
89397
-3502
-598604
478537
348224
-391702
-884282
218415
-787384
-466604
160083
-564766
-2051
-500976
-61750
-420195
-893656
-901927
564213
583317
283572
-650032
61865
-993934
-964380
357460
-805547
-704678
-817625
-664917
-854512
745201
-325888
-422062
-869974
234147
-865981
-292808
527659
214264
-948880
-653825
-901662
-680878
433676
-249535
-501146
618119
183743
795310
304729
514377
-908743
573369
-688714
225186
-376754
663320
453501
941008
-346693
54800
-427772
-978756
213860
-265118
137186
934100
343784
577260
-291305
209770
-320209
-23407
-204558
-216210
96041
-430472
838611
356587
793852
-545708
105378
-14181
-581435
-533724
925439
866316
224061
-59516
-771336
-903990
899297
-965058
-377055
704924
-153537
-165798
-460581
593947
-222647
-963815
57719
582613
-492427
530371
-102837
-526232
-732082
-327163
-551477
378123
-55511
-913979
148720
640383
847788
-34018
-493396
100198
-587579
-620976
329385
979410
896459
-218199
920134
-121487
250183
-743116
-582586
-320063
-918260
-578407
356389
-183852
-904916
191623
536091
856052
-428229
-728064
898201
850202
-540786
-44912
248099
751930
-60801
-110385
619572
-112917
-382055
-70632
510921
830169
663967
-62099
-551898
-268941
27692
-930090
-910470
961597
-983215
-730423
959128
825938
992552
494664
416933
-834930
-81590
-19810
837454
857056
-741924
-915717
804375
740516
-946060
960592
483191
450398
375349
685714
-886450
575378
296417
-677570
-519682
-763066
-676907
588469
-404637
-746836
-407561
-812628
-574491
445320
-732468
-526763
602043
478297
-924285
312062
722556
-995562
-197364
-418868
-836011
464847
950715
271106
-512748
-993829
846177
960802
-981776
303046
67371
552777
737866
-406622
891264
-915284
138033
-799270
-891586
958047
-432345
898886
-872769
-226843
536095
880976
-544219
-536411
412854
112836
-615752
780651
-277123
813394
-715523
-83736
-972651
63685
626569
-748523
-318040
-951568
-355981
-587471
718576
320698
223821
617457
-796376
452895
-779784
202335
-23350
102629
-97284
-889785
999354
-16314
606658
957551
504213
348632
-272309
225233
389819
-744938
419128
-526889
484648
486726
400450
-927890
-378030
411149
82686
235685
-438315
234290
-929154
-102381
-451311
-912542
-111880
-126188
30114
-841700
-397062
105569
412162
756801
-958833
-549072
56531
373658
-171406
454204
14822
-99883
565342
58273
455332
-52501
384346
600977
812201
-614897
-533641
-251827
514098
508753
-541383
3765
-770749
-374636
540344
386729
-491742
733456
-256115
458471
-287971
-549466
910394
-749162
855304
529278
843914
-161540
-436767
402232
240557
40747
-832501
864978
532619
-801880
-853854
830631
525818
-463853
-515345
-730246
-285159
-780334
889845
347716
89123
481997
-348239
-888252
-939373
-937980
299579
13596
974646
569415
-190377
-924241
-93479
31457
-896960
550294
-13545
426544
-360293
-165443
759709
-535430
-619810
757962
389171
-954507
-459360
800788
-469366
60546
-139480
395239
-815117
418959
-449298
-715545
524353
324814
273283
-807801
788744
-958909
735458
845438
-671409
-137127
806768
-788877
62577
-106213
634914
-641755
486810
385216
-63928
-619154
-494233
852305
-190776
-721864
190881
-807936
832890
804765
-468913
71756
-488352
533088
902385
-9600
-421905
-539369
594851
824038
-130278
-309617
626188
540653
-748073
-668091
-682595
485044
543326
505020
-199922
-863622
-520552
296410
-467890
382217
-221386
-33260
175207
615687
981854
-271446
-786833
475372
915514
-703500
-225279
84536
-345114
-876150
-284412
296667
-714931
-982519
-645182
-69413
-457787
370911
706974
951268
-979641
745773
-504825
502109
476402
838402
-157623
178526
658074
-556923
-639922
77562
528441
-63523
722648
56037
265155
-398118
53421
678078
20184
192271
-803704
2058
293378
-447831
-619191
-514890
896206
-931409
-511610
-855647
90331
-838876
616181
-543323
-732735
324555
-944272
171600
-580411
488644
757125
483368
-114266
149420
760608
-182480
-193900
-124996
882503
10841
263321
-816246
329452
-843555
-481427
-819855
-776080
-611376
-982962
689942
212898
-186714
503200
-64429
-160678
641143
823315
89091
964265
-778958
892612
-91138
847224
-228446
41613
-829211
756489
-423163
585981
-759084
-155546
-104637
7144
-458248
789677
540787
-50313
550896
422881
-481748
-208501
-694336
-636846
139085
463810
674824
-602763
435010
-145707
453904
-719676
-593432
674529
694052
-459623
320933
-517308
-682415
904233
-371075
342259
-237435
220932
-56816
-358746
255899
561271
580602
885279
555751
-264900
-279941
727794
372607
545388
748530
339756
180328
513996
-668757
816981
-392305
-398115
249250
-393229
246801
-16066
147878
647338
-706971
760544
662743
760878
-168695
-882560
-339763
200484
632707
851466
964230
-885907
-50994
802793
347840
-898642
883812
-796925
-347423
-372537
-278686
-528682
-752006
442301
-666750
-688512
-857411
-581382
483446
-586784
627890
816052
-940016
580588
-598637
164081
630865
-767766
864460
-99003
857072
48562
-725315
-487938
794615
93476
715747
-802963
501121
977213
745371
-523363
100031
126838
-583038
897762
394100
347435
-882858
903708
112352
-908271
48282
-665684
733309
-368280
-219482
162672
351598
14825
-747805
-748472
819904
190966
23030
-397792
199173
914180
810359
-649916
-503869
151328
675036
787694
860421
979108
355459
-457488
965469
-570376
614547
-152390
147982
-268256
821543
-522569
454028
335602
975983
-174866
463250
490854
-538103
-839043
-374104
-358657
200918
57165
-732943
-526590
-962212
-13447
-733862
648919
-804452
-111356
-118393
-395968
136609
-475593
-569642
970656
635823
395104
-27268
112753
50134
-865339
734854
-949781
63001
559993
-142263
-883353
-901200
964029
-342260
-936706
751266
420183
-398856
654278
108444
737577
-127849
309222
741927
-873705
-406352
810244
901633
-358615
-194935
-850722
-134038
321662
292532
493267
-941628
-552469
768087
-296779
430784
423539
620630
320559
-149620
949468
983185
305720
-442844
-471245
422919
189058
-756915
341590
93552
794532
-346789
298739
141815
-760519
-279077
-176242
692243
-598756
-260179
233470
850010
-396596
-158790
-509603
-137920
-348272
262880
69394
676376
-964172
814199
317417
623669
699311
218373
-92698
-514766
-919766
-34336
394607
165701
616243
-590108
-999848
-414316
129866
843066
685477
-462466
-126732
-338145
622724
505470
-198135
-962690
-891227
552607
237748
277088
219829
-150707
494660
29609
872295
-70593
51691
-364616
-771287
162497
819935
-243948
-935567
-605606
-5810
-707596
-288254
-925777
603432
-213471
-880277
813814
539778
289838
243703
-464870
237959
-771617
-133194
809894
-715717
81405
-163123
758383
-104376
-885045
-937180
948156
703224
-545893
-254269
-482672
-833831
-3377
-475598
-298321
129865
-772134
615299
655518
-915021
-489161
-597164
-527774
993621
-664798
-830882
-514494
997763
969852
856440
-242547
-394058
-288000
-622044
-887721
-27371
442444
807045
573460
399095
-191671
-187971
130253
-402122
636844
165000
70366
-471914
-585227
795347
97040
-583791
856147
-963712
-775178
-768849
527364
-639363
-727610
265953
-78623
218360
-555395
-165571
375695
103645
-917689
128075
740287
-732886
653927
656999
955367
812553
-504089
580320
609441
838139
-929111
359558
486937
440469
-527036
-539870
-706126
346864
849392
-206622
689492
530166
624964
856730
334312
910884
-781385
698688
677285
312145
560250
837539
-418121
-726542
822558
-491704
790470
-932005
-961559
673054
415122
-760114
228181
-466712
-381817
-909510
-50029
703868
-896078
880941
-923380
-712481
-963697
430547
287933
287564
-771311
-873146
-307959
-395605
229544
407687
93555
-785563
126885
875020
-786071
-657948
-595537
-855872
-181924
819359
146043
908914
-396079
-963403
21763
-814064
341282
114882
864061
-182142
744274
715418
801317
27460
-467273
-931973
-91563
209473
-787830
637447
-461844
-376276
-796280
459832
379056
266717
554960
-929472
-866850
556684
-626272
-464532
442887
-781026
-198276
999365
-666446
483472
-960075
585986
-218413
-551225
107642
-935437
209331
370130
-683920
-407442
260710
-973739
220084
132888
-885559
533686
78672
-980116
-186843
-366926
-281200
342006
-456871
527726
-499555
869223
240584
-775671
905584
-26846
-293718
-807807
672574
-344352
-394854
527722
-558228
669537
272485
107373
447454
-921709
21824
-408060
-541291
-901756
-665492
210404
934362
332494
176018
950001
-850978
575151
783026
342282
-83138
329362
-993799
-506437
722422
201540
-889810
-294071
871784
-973114
229925
-211086
475474
-995509
-305442
437097
825630
683217
-576904
-569321
-398441
-930014
-336521
-365147
856768
493393
880771
-84223
-106881
309730
-476771
131057
-456345
-370115
514667
-660434
-385511
831406
-713829
115735
107519
-498430
-547623
568555
-407416
-437184
625244
-637504
-574273
543665
870800
501562
-304997
-709575
60752
-734055
-493633
158630
-769955
-688113
882466
-522810
-687452
-739889
698032
516648
369141
-859207
198220
991316
819656
-89767
-41257
-424070
-277337
423528
-168586
-861544
786025
-451941
-244322
393760
271060
-54374
-55241
615565
127771
566188
-406602
-693151
-982739
-300908
848712
481886
-212784
454450
-84768
97855
669177
-131819
-514934
-463906
520918
-755319
558390
-514554
-739984
724585
669723
-857967
-496762
268602
134842
-930652
753542
883458
-778087
590558
-108411
806221
362443
792776
-269096
-107814
-896246
-828369
53278
119523
-423859
961806
-318539
64089
-454768
284896
-788411
648887
875677
751241
-698516
-390031
-70902
603057
-518052
83334
-610922
927745
-884784
-459510
-325685
-361518
111101
952535
-896247
718595
-920042
722704
663355
-234928
-818216
462879
376025
518097
-946671
213507
-22686
-309988
850097
342182
544792
776257
296239
-957947
776476
-434317
-7235
-999159
-627548
-169228
290142
-78206
109401
55160
639653
114737
90402
-679115
303534
-409849
600159
-514238
-141298
265114
-580340
988423
85031
375712
-876176
743946
159537
114880
-520487
107495
-884452
-214235
471082
-676245
-688018
498715
900468
535926
-140855
-337789
11651
651532
-809801
394370
-624655
-348391
-434265
-125863
-932450
-743151
137027
-548942
-982351
189345
-335920
-997159
476009
382241
-642597
-762314
-605954
-957103
564347
-17474
-786903
400231
-575495
-404111
-90946
-5502
759900
-224104
-161017
-963301
-95080
-18089
980741
87213
-88049
-232347
-13160
-458857
479081
646212
135287
446773
-46446
69719
546835
-662505
622158
124692
-823297
788275
-239080
574637
-540813
75409
875089
626460
511375
464654
204217
-369562
-800917
-750137
-216968
-74141
-570601
-120829
-179396
710545
-241388
452014
-942266
162207
621367
-461047
507754
814006
140701
-865914
-942808
469139
695955
993193
-122672
-654201
-930016
875339
-754163
968154
41050
125312
-71219
935280
346272
629209
393884
-409492
92600
-993170
-414754
444912
-345235
24517
175009
-196963
-297850
718331
60634
821594
-554709
-735961
196336
124948
543166
-996833
462477
-858644
-589480
727948
-248263
366106
-479623
541747
742781
-459623
-329721
-661438
283961
841577
25928
-432354
-336315
326350
560766
-969726
589797
321718
-853450
-357123
-707598
542528
360254
-952504
200127
-716560
-636743
-57392
-773782
244228
812946
-233705
33768
389864
250607
788674
-309917
368555
668886
778635
99292
77369
443885
573622
433253
203220
132565
424048
-745765
-112004
312403
-822773
-275437
337578
755616
-407762
-692128
-286458
135009
741568
789105
949222
-722342
-975157
110170
-814016
-270768
587931
49788
-58604
516213
-831112
474714
518850
-418782
692095
-590497
-443096
-113694
-216527
371878
-151808
387548
-299618
-499469
-670240
-394433
564933
-614781
-14113
-572493
558128
-944086
-323750
161422
-834437
913575
-296718
486923
10854
754692
63921
439013
87193
-180210
920253
-122546
-65267
620723
252301
251718
-989383
231476
993979
-256394
-821828
802527
661122
-381625
-644502
-280535
937074
762657
-317081
-221608
407658
329330
-898749
-423136
-870688
758445
473397
-314514
-4579
802116
451341
-717082
688923
47798
-742217
129770
-858453
398226
-220065
-803848
226032
419592
-698827
395652
-972606
221295
-33725
-736425
35014
174250
-535970
568726
600199
-942600
127584
494922
432304
-340854
-485850
-518530
527740
-691084
-866074
197404
394191
-974161
528591
-21434
-162962
863572
761022
-566429
-673212
95139
-754257
436409
-13162
-423689
334049
11129
-191901
-386146
707962
-923205
913726
-807810
527441
951323
719483
465412
-804974
287578
360383
-585382
524056
73371
-62757
-305635
-453328
125545
-657543
-764630
-574965
-371467
245465
455078
-394522
-626692
668104
-41206
58502
644570
665916
-252373
-48621
853901
563453
-979038
-842278
-499104
537365
96843
-495515
741998
-894201
268205
475102
233469
506157
437663
-922929
11846
325360
-542046
-116566
-987272
-252307
-922059
-286765
-25345
-859799
589481
-267749
368621
597411
586928
-98576
-513729
743114
933903
669609
-616680
497027
-852323
282120
-690855
796993
-465993
610261
291168
850812
-574524
-253900
990673
-195365
626741
146846
-338379
-694712
-586873
288435
328182
-359959
17839
246009
-787512
-164650
513200
766702
907374
316455
-956712
-470197
181710
-422105
-307366
567344
-169398
457481
940595
-627514
-397026
-340809
-114053
-131951
-596150
-26286
-267337
-149176
662607
477452
921787
746139
434091
390939
837713
610351
-892452
-283926
-857157
-686967
783414
-297919
-747889
701586
-456568
865877
-829934
-402145
-642577
-334667
755245
585776
-160360
-807031
-863792
970829
643662
-614559
-405294
-349475
751945
-498084
801958
-427091
-142549
2358
512862
602591
-564634
657171
-761502
-844096
738086
483224
610654
457293
718121
610990
-329600
-410345
684603
-235451
870366
988467
194127
356522
-153841
770282
-969522
-28071
242445
-108448
-650078
348223
903771
-812278
991610
-495835
544448
-9201
508427
-554813
-618540
144933
-51993
534112
-430949
-826713
-846294
103672
628784
112816
-922903
608363
-269115
913189
24897
-266697
277491
-293339
-816884
-508561
-569265
792079
94806
266962
352420
-996332
-232921
-134422
-851868
628721
716953
11555
719822
617452
165678
808798
-762606
934415
-346575
684981
-504073
-169924
745733
-659048
957454
629630
-112537
-575109
845907
77893
-922915
248459
204634
-373938
105261
-710331
-425292
801536
-722845
688012
794816
-785939
-189133
730794
-691489
616541
-424693
156467
-960553
-134397
-716872
681609
278120
909734
-221938
138770
-82748
-512732
-156456
-882286
770409
402386
229525
99955
-802484
-7298
317832
-667391
622226
660052
330954
332725
548531
690562
-887234
648631
163591
53175
-453401
-696878
496402
-611002
-416349
-194008
-965938
-15166
78386
347074
-423936
-435254
583930
993255
-998501
442746
-770209
-563392
965611
822531
656286
-478728
969734
-929553
-344569
669420
772933
-851064
-11149
-857556
444335
-259838
204503
-88094
-693432
-942126
-701015
-914636
39968
-616841
654438
303732
286707
-76149
-561291
-86925
-751291
-641363
-16609
759203
338799
641634
480379
-683465
-215613
683685
-247812
-446378
147918
362654
623890
-662435
-498297
-21824
-595603
863208
223504
999392
893254
-321343
-509105
31754
219765
900882
-347105
943235
111168
-663142
927819
7628
-615479
860092
268862
243989
-900420
-648454
250551
664796
-433972
169004
-498855
-726521
772628
-696333
693100
-44614
-186316
463540
-204894
522001
-835495
456668
72755
-500756
-626434
162499
703377
-18765
-29038
-655908
165222
643038
628095
-200204
-458040
137982
-769488
528360
995999
409965
-162106
-163537
-230646
-387183
122781
249578
457575
650419
380873
-887831
287373
-257174
-579064
979400
-526363
428894
240622
-933354
-874312
59529
802003
-229147
145205
64969
704984
-832775
448074
546981
993067
-450938
188962
967992
294083
-277742
762776
95381
-197911
103811
-279073
34360
817303
-51909
-845479
-659571
-919265
580329
247434
-465060
-990998
560320
-395281
-263892
835411
-966505
811331
65601
687579
623229
-180720
4455
545540
-88321
-267037
301629
-481822
-690288
-420857
817765
817754
-513667
-789244
-480827
-118686
784909
-547500
-230475
-88516
-62715
-48921
-111015
-77045
316572
-715399
-823046
-499375
967250
34783
-969693
-816176
246597
659134
-441210
-711009
-892372
244598
-973104
884175
119390
-18783
-204292
-233186
447681
244646
478928
-669268
-231469
224800
-972657
463818
-615713
-890125
-453888
-578406
157856
384580
136133
315359
733995
-439182
143467
-494934
328022
-98899
-665602
718367
556536
-138504
180394
294965
-356761
482086
-870024
-206637
495448
-416019
557716
-515198
-82151
-445282
-25789
380942
-757763
-946092
564121
403318
-673548
174741
-682367
273150
766973
-450639
-575516
416232
715946
690226
693576
756568
559455
961582
572718
582744
114447
-177759
866415
-889497
-420817
-431640
-155676
-577432
-879706
-35652
815954
-227107
-825270
924919
516708
-311210
400763
45226
-59357
-849263
-578770
-386382
131750
899641
-823422
-42023
284428
-132597
-164056
-527332
-922354
986420
-516357
558828
-761069
1097
-691275
440459
754318
-641333
-480440
-397343
-562577
792913
899915
239322
-815663
-122324
-908469
151020
-923445
-730689
145749
-899653
372113
703145
-253845
687367
611773
-253567
650270
665804
965897
-776806
772527
684902
103105
-77434
67290
-868675
-626497
197376
-283777
8011
764921
-260535
-891926
821818
-606185
576539
574213
-866097
-969798
-836591
336953
-651333
-98837
793436
-398066
833224
-872744
937049
-13936
-548130
-732531
-24106
-528918
575686
480935
-788297
959822
-829263
-999172
178143
970754
31439
-359036
-353177
621787
705323
-280626
262389
736852
235290
-543267
-492943
445037
-389489
-775132
-680587
-202429
-527244
955406
162996
-603905
914925
-321764
-780517
-236117
414464
-876563
315480
-738388
-95747
-767042
-53224
-496970
956258
-980677
-284051
-461202
79842
993880
195928
-5571
-98737
-442643
541507
554995
-101002
990605
-926562
613354
819131
-22784
-176131
-436793
999030
576255
472905
823292
563792
-181371
38564
-589851
821493
267388
579740
995223
625325
-757702
704579
-813933
-146334
-580274
327371
250311
980761
-622124
744578
229140
599336
413902
-317471
757439
-286294
599947
-287600
214112
419712
-346665
-151753
-178614
-142461
664791
-12689
326989
375726
-24950
807385
-327601
-400544
-340709
722898
199252
-100295
295715
517829
-515964
814521
931695
-433818
229931
749229
-627535
535940
-486054
883024
-633014
119597
-838095
-154289
-255928
-26764
767692
870362
234193
500299
-600408
-531393
865186
-126194
296843
-154172
28478
-928539
722430
63629
686057
408344
94709
675810
765668
337221
-783585
298111
128628
-717171
304501
-141541
879645
781083
471064
197699
544946
300714
-652242
251439
560379
-628270
-239292
-563467
880369
990430
415367
360597
449464
350085
19393
453367
-474761
-636776
303580
417217
580667
-452076
446113
789013
60715
-872883
-286924
450032
163174
644691
801691
-966160
728723
-809131
-221541
426275
-134635
-826004
-863900
300277
98954
-874053
-234197
-624969
-942180
555287
-320366
309170
-408052
-533280
-481585
-770221
46296
-76031
-454169
-957833
-63304
49497
-696417
190083
-850828
195405
-823057
-565784
115214
898222
-571773
512989
-373514
100309
111276
-98056
-101552
-184975
-922288
34528
551690
-47126
-280269
-35948
746480
167435
-931849
-672886
-726545
-246806
850159
-539320
838354
975741
42635
679244
-454454
-556803
985635
-523669
-511641
-846005
-806712
735805
147656
-534305
-682815
802734
614401
-60589
-459080
-517894
224679
229767
-976668
-773268
-390003
122514
-948941
-842524
630614
-379522
127294
814287
365211
619440
-93354
567107
-600350
580796
-521034
718868
578218
872451
427628
926563
-297128
748995
-194467
152788
49714
-120362
-315378
-390953
116886
475468
336156
-768894
-81288
220800
720979
577731
288213
435903
391953
-709867
-150799
201180
-652798
-214715
177179
34175
-56308
-890243
567463
601529
-146187
-12798
503434
-8017
-307326
431312
-631472
446593
-886688
2030
860759
52602
-482216
-535843
-493707
-175555
933295
510896
-181756
423141
-774889
129361
450155
-203423
-891560
628528
410379
257217
508244
63380
840161
122962
955510
488309
-239993
-622132
-852532
-648137
558013
-423942
-912324
-764293
-107900
-40845
-782691
-269840
840956
-470830
294676
371414
-363921
-206242
584000
-846020
-691596
569565
935894
-696997
-338604
473707
-31876
-145691
936624
467722
-533004
787349
-327607
-760347
-560680
979801
-744419
883913
302836
309245
555757
721548
-370445
-941744
-516524
973877
830794
-637027
-710292
145225
871046
-722089
685984
-544920
198705
35589
381986
-970760
-355079
83793
693691
-634470
343858
-555171
344003
256001
722324
-25021
982972
-354064
-550117
-68256
791044
870717
708930
-766226
972022
-89178
813950
-514072
-821309
-854075
-60497
186064
-681339
892385
795357
393714
-967726
-709682
55166
28130
438007
645074
-371528
38853
703794
625103
891430
-989348
-843610
-106114
153909
899170
112871
-260960
210121
244500
127279
-757324
901692
-282493
-279448
-273482
-400318
-309382
-435442
722094
-139225
-968575
-181655
-787575
-793192
-364981
-397944
605907
33600
-953124
-820908
-441451
-391520
64715
417696
667061
494782
436849
739606
-816110
64579
46036
-474947
659029
94969
-881455
79747
-582965
847065
52464
-627294
95120
544751
-343261
228363
-671450
-425783
-169238
-924179
-264075
-249021
67245
-807502
707724
-145727
76680
676717
147780
-430921
470430
-472079
636101
596249
-826607
-253413
604576
-415125
-114713
-970193
-404192
439151
-758204
8796
638274
-436907
898053
-273580
667606
-343213
501371
-174643
376677
-464356
-205597
769569
-365820
-40373
-354362
-747129
122695
-173447
792668
-362657
-539662
480390
535139
382034
-302255
232337
134225
-248120
373113
-715690
628776
826908
-317409
-775764
251500
-877090
-643411
-871999
70950
-707761
-808056
-852521
564058
122891
-539355
-540931
684110
-578717
-564666
-964217
-571754
647058
-187190
723033
-215041
385565
-579850
216542
-617696
873165
-353786
242511
209962
-923778
-591085
-805248
930019
-532751
-494817
485026
462918
239149
-714850
-858694
-251995
-364975
50654
275344
-209320
964929
-401414
-642324
804056
-956826
-362355
492641
162165
-663839
-912138
310778
466158
-523376
352951
625354
374752
83718
180940
850845
-450189
-292801
-796304
234117
-392999
-347773
406332
-414182
-682001
319804
-624042
90927
-142465
-235961
461938
-96622
-786834
-151640
198552
897218
-394734
739616
-10364
603123
-473333
510532
-908356
226321
-314376
-856818
10367
37584
-142160
843608
-95127
496539
457662
217608
158109
-767888
804745
-254138
-291737
503608
-552699
733736
366012
-21692
-65043
647803
308568
-418308
275335
-871613
-496082
231013
227416
273912
-368398
-625929
123434
-336572
-473515
-409246
-941506
167145
-48207
-465768
734308
-84441
-211596
-853795
-170785
-683546
111103
-42826
-103378
518132
184168
-658220
149400
-896606
-538051
416100
-732599
626768
-346356
128269
-995853
404643
-30903
547874
852034
-925241
775991
257629
-452823
-754072
-807311
-576427
975593
883746
-290958
750687
-97720
-465421
-523503
-4591
-56599
742728
772722
-706152
561973
745568
-628824
-985370
280498
451763
-308186
-472949
553854
-27176
638122
576735
175714
700593
826317
-432978
-500926
563373
-524502
829993
-53801
-976826
719317
97582
-38671
-821149
900835
-63339
-233916
101475
301482
670327
-198019
-557169
-203529
-642085
-912607
-745782
-283187
-35069
298342
515696
-928688
-729429
-295852
-444696
147807
-277336
478735
50948
-657471
-513937
887362
721092
888475
-314803
-125524
-725424
-202059
447924
874174
-502480
894385
-212547
-913342
-949143
-425639
732864
-472053
-218989
601580
-386202
163286
-758464
333556
832591
893235
579904
-328105
660307
488533
281341
-670691
583090
-681060
-206875
802245
877221
991974
-725653
8279
-803986
-127277
-965264
577233
-972841
449104
-896215
227834
-259511
-415707
361980
-283486
387322
960305
923417
471256
461972
685456
-330345
-335683
-35570
-629657
924016
523139
-293315
-168338
-363199
-636631
-259748
179124
102554
-767062
337959
815039
-327847
-6941
926547
934094
334283
433064
350517
-547954
-386943
654398
847815
533223
-343046
231985
-608732
-73384
-958484
-832695
-136877
247230
88228
-34628
990438
-372675
-682572
-138273
-802487
-802708
-223030
359114
620460
265213
-750286
228591
-609647
-515588
-543277
728920
-801358
131174
647830
-693754
-266007
4967
-41657
-299564
-801530
-147042
356836
-375544
30773
33533
-398954
397246
-368065
-874459
-904852
-458408
-240377
270271
340923
-441007
-192272
737295
-93994
434046
945575
508090
-268824
483652
459743
175552
-788423
765914
-818437
-421849
-703516
-414073
-31181
718348
-521949
852240
336712
-262983
26654
10079
916984
-550200
-98539
101271
-968792
-367475
-382366
-969627
-95747
-853697
603413
441863
544301
311541
-909768
-18746
-751458
-938490
-443083
723599
56822
822244
-119908
246101
353026
175849
-873251
-594944
415706
-240820
323797
-126744
559289
-251365
-605060
-442159
-710250
819300
947810
790176
-246364
-946363
196035
-63355
-588898
806066
334929
804682
-486854
470671
758854
287755
-627950
-394198
847263
311517
415250
532726
-240467
821481
246429
-592382
-816748
-195956
351281
881707
-171581
-978975
-810314
619115
911355
959948
-227054
-221691
-992491
-667041
810098
574362
197612
694081
411480
-820975
975022
416093
342229
-622188
763925
-550185
-277698
568184
-673404
186739
-36521
18814
199039
-63849
457645
901530
482372
-770298
30431
7178
-445391
201217
738382
-723460
758946
481461
-968289
331981
-101685
402107
630802
144340
829851
-762237
147612
244996
-372999
-712633
-503858
-646515
306428
-118258
-82749
-630929
-808309
330689
382638
-572413
294839
-225527
482222
598693
-762555
-729404
204176
-736868
-338635
-851421
-311615
435049
-918702
857773
-444011
164909
-259405
-275072
-126149
-816682
243015
207055
-433381
245015
-210229
22933
545650
908127
936231
-78414
-428830
368497
537598
743464
-953031
8381
274841
737087
620479
-725435
837695
-950557
245017
-79450
-598464
656466
-274939
488260
651047
867525
379009
-396214
207607
-129055
-392001
662645
-178838
934977
535934
966122
-947732
-401744
-35557
819659
-609697
-487381
-641095
-861428
-109581
425692
955781
-746829
-909049
-892973
336451
639185
596627
277619
-232932
-374487
-17874
596876
-468334
219150
-345739
-784848
-750251
-461534
-864142
-19618
-750018
636426
-385069
32752
673750
-892695
659345
-37962
981243
454033
943890
-259453
-841552
-739807
776196
996905
698905
-445275
429881
477590
907882
259479
-732736
-73580
-596169
-866522
278881
227917
706004
-200765
-948767
334046
-535546
63268
-241794
-828049
-568338
247500
-447600
740184
561911
-211232
7174
-834634
955695
-923
267135
-998845
823785
40325
239324
100604
-261834
68445
-802642
578323
-889947
727901
937098
219662
634999
-524286
-817072
426806
189058
237567
220626
258968
783412
613750
354670
627241
28578
-120734
-634250
-595943
363006
827694
-74291
403090
667745
-837279
-880473
147901
-870453
-397322
-676515
519398
176011
-46409
427828
-363207
-971602
-465424
99177
412424
-580376
-859311
-78208
-451761
266109
-933795
67286
806466
-608225
690021
83721
-569048
468166
723115
-242038
634034
-2058
-92647
810861
559010
547337
687885
768709
316740
-388083
719595
-599576
-972051
929445
128771
-978077
-282543
728892
-769958
-86254
-493293
238348
861183
897678
-147969
-342248
-485070
905438
-294942
902534
78410
-956200
-266310
-114891
-565959
783455
481945
-173955
522318
119682
-768518
-638677
-208112
590709
58053
-113392
-910756
252522
-440929
-950280
232425
471463
585098
-770873
711674
582067
-234667
-942462
-994325
594942
815587
-321158
-405519
395810
64971
221573
409442
-895461
653370
-656869
-377371
-98552
266413
-135958
-945426
481197
-241103
776406
-643385
-670520
-492388
282244
362014
-956667
-290730
62587
43350
998898
-294679
270705
563897
987929
374752
745742
109863
145058
-377921
751997
607671
-320628
438930
450489
-594824
975486
96329
-331113
-849051
958203
847567
679298
83705
345452
642276
-966181
-141269
500901
528167
539801
-426886
147974
-497911
476760
-416287
-180353
-703908
166845
894235
-311917
-201891
-974480
-592657
-733254
-945400
246782
-939722
595905
816292
173882
451403
-655039
303497
168373
-941651
-529447
-767900
-926331
-645721
-65341
-245074
709363
-696111
-484610
92262
252894
-342648
470277
-499953
750537
967041
294837
505885
-30112
-579905
277226
243665
919501
-291934
291206
570882
774257
998417
996791
-890749
-320665
230458
229872
-298122
629852
632442
198901
704519
512544
431968
836720
902744
-866135
174301
-932218
434230
-441725
-116110
-574782
919620
-840444
-139657
881991
-396991
162554
-100701
-753858
-23744
-151086
-248935
-726638
223009
-442555
-287616
-676554
195050
746778
-189836
-800338
-347159
450010
-264489
-451260
-799109
86645
-81789
804176
-775512
-786099
903410
-936219
388540
252471
-564153
-385653
-824029
-668233
532775
748636
140885
417751
-290700
-31032
-340888
-818621
-167337
-828094
810318
508346
-772247
-500039
-30826
25022
858516
88273
-595375
-212681
132975
-194492
-490900
-214114
-265686
837868
-110241
-698530
123687
128600
-191245
-286970
-331486
-656063
240985
866547
747522
594700
-650939
-345965
-783777
-318475
-334014
611212
583054
-817631
-90601
944234
-461452
166824
-811456
621053
-726449
-836453
-468446
42512
-368963
-540995
21423
15530
434168
418522
-146472
531762
408619
-457828
-235933
-109911
-855382
-984002
-574216
21238
757155
-543231
-25047
-797703
997380
-412462
-939863
-273139
48887
687237
-989693
-780158
264721
-789145
-144011
-147599
966274
-608686
621774
-569563
966907
-895187
-625771
315596
-212349
-254039
440194
467363
-933258
515944
-166451
310486
378864
-829139
860305
-188638
-16429
996209
-256658
-971902
-442042
-137349
409169
-595967
-356456
230344
448593
653198
491511
419342
-248435
459523
865811
-663612
-537875
-721793
751389
760937
7096
664444
214897
-644733
-105864
142893
-85437
730017
312156
-730021
-37147
514555
795786
-99810
63093
862130
431258
-86070
715183
55999
-51794
714767
-877968
610394
-214999
322584
563835
-772999
-944344
944907
222080
355983
246252
-449260
129039
-773172
954455
-748074
-209247
-408435
876784
-790836
380196
-405842
-568272
-644467
-952424
142533
-87091
19592
323968
233895
141823
507736
-567496
54240
899144
140533
827259
-548398
-332559
938422
-113072
-831130
159027
747581
-617063
-66459
257729
354906
200167
-298169
566739
766573
101804
533030
756637
226046
461402
51728
910213
482233
-506987
-508087
905034
948022
-429628
-96682
-341930
283167
269363
-220882
508716
592816
-272515
-99808
98114
291117
-709888
-650051
440893
782524
121037
272953
-684988
358137
-193244
-939258
164655
-926309
427714
-785962
-822000
-699885
490481
21739
441679
480289
-693196
-259325
914603
-832968
-920379
-532956
817851
183191
943977
-53170
-200795
379303
-793982
-868123
-952242
76935
624525
15850
-824263
844998
499682
-514100
-865771
-563733
-599933
833094
-376348
490450
156906
983090
622168
881847
-223137
999745
532490
-319226
137069
781331
731929
-201782
-715687
741554
-491421
-752587
581489
-749511
-590605
761349
940659
-935340
-678107
519232
685743
658866
-423658
57294
-676271
-375652
-472941
267204
-30050
-334564
445109
482491
26430
-283800
-308596
-352149
966874
-373123
-901672
559562
22408
-165108
333304
409125
203252
736528
-908503
-668970
487550
-761383
-995071
659888
403133
132204
582250
74057
143517
-59201
223588
-649420
-327020
-649801
-552931
425799
-138688
315181
232424
-577
-791199
512070
97031
-516820
-505905
-787447
-473491
-926064
322289
-584816
-207901
-85042
988467
82879
444427
334831
281098
-11089
-246605
755742
979847
-320273
342005
-281724
819624
637462
524133
349222
-935839
-269421
153308
374576
852397
-848174
-1195
-921599
-473296
-633352
287364
-146603
318560
129743
580876
-647922
-370639
-42352
660342
-984854
-511173
-411096
250026
115335
-910320
514938
-445603
923159
153480
-617299
257119
13188
-81534
34692
-219417
-807033
-301175
372453
-507961
340740
365775
-307974
323529
31825
-33588
917646
-970295
-831553
385421
-784613
57016
-340526
452284
-368486
226260
534114
-463806
427693
-258334
319080
12644
934165
-809465
-872235
-168188
-98427
-152147
-24171
-9213
792622
-800550
-62767
390722
-339291
885354
263069
766675
35918
-796700
-529167
252852
-423810
462585
502791
-534904
903457
-436482
760790
-556122
-432421
-930375
-120501
-600883
-714953
94128
-601260
-388194
724494
-466478
423660
-653754
434196
-913792
-538775
-668465
-495932
-557881
-537657
708524
852659
-377805
-7000
119732
-410089
464517
911598
411870
-586894
-102199
-869493
147282
-917470
560509
-53317
514794
-353373
-749893
24688
-527618
-216847
346953
-504643
-597146
-891150
627753
-776
548079
-401359
-190905
974298
-107705
440756
-794707
-503237
-157080
-406061
-402663
-246628
-497198
853580
559878
-602388
79735
-580234
124203
234901
994421
-993584
899219
934346
174521
403586
387529
729968
825341
-74270
-431113
-838934
45386
-988490
-31239
-88369
820381
-488668
571777
-3030
774999
71761
72757
-721134
-335263
-639879
492047
-862459
-649544
466850
222332
363871
983494
-274222
-523487
-184975
55282
776178
-344403
-9210
-697788
361700
476849
-227422
586185
740822
-593083
288624
-14885
985548
649316
-520864
-725879
709699
67903
-84006
912474
131403
-244467
-967193
225878
880129
817329
440615
-922695
-160804
202876
-378369
813856
482947
213886
-368250
-270082
819231
-824971
316740
424547
316824
414479
926543
157991
394164
785966
-457013
604866
361932
314130
-958744
983165
-60868
632133
673645
-878906
-700179
586143
196007
89046
-625190
-674344
350621
140886
-364991
944606
-801871
31437
-239410
-333789
-614947
-406931
-322846
436151
42735
89597
211876
-79724
-804846
-632826
-316114
406018
-934671
669247
178769
311432
-17418
898391
-551330
-22193
-897691
-376096
545460
469255
618797
581514
-710319
-763933
833320
-99450
973954
449862
507684
949121
-229670
905680
-198290
-348155
956161
-992619
-742116
-717822
353406
-849661
851961
-720178
-702890
-288661
156703
-180696
991508
855819
399406
612076
-308411
595470
630615
-195039
-155196
607017
326974
-451319
194861
-776907
382463
474323
-887574
-603630
-134197
221398
462707
-352746
89276
-527851
-110579
-404764
56420
-410351
436729
-972381
-603706
-701749
-469879
-343476
797085
-571259
-472462
787595
9174
931505
679438
211223
-483258
108629
-837082
789804
436517
-428351
-172465
-529478
817422
791368
463467
914430
536028
108009
282698
882590
-931946
518195
509208
-515936
248685
-610714
-523196
-990281
586508
-211778
-457961
-493297
501449
-23998
-657682
46311
526139
-147689
812828
273811
-46863
814426
930165
-382976
-239012
247833
-674852
721378
627445
-602420
-145026
-754844
750101
55158
-185271
865465
-227146
-253668
-603512
-385240
219491
-662142
233292
-519504
-673641
270890
425041
-442459
7470
-254921
-377170
-898601
157705
-243157
164559
817796
638114
-199649
-428055
-960324
-706502
401736
566910
-134810
297312
-242724
364354
359406
177587
-774119
877946
805429
-604434
290365
771187
-786
-284040
-266352
-151790
419883
-543025
-679938
256965
-57486
-135655
829069
796187
-838469
804797
261302
546746
-239043
499389
-827409
664506
702924
704215
-197785
564115
-46552
212814
467635
-695146
-316053
-224945
104487
364093
359120
926334
-634553
-103907
364505
-180161
48668
-286926
769542
-59904
-533768
-758910
-757442
-189281
982721
16030
-239809
-359878
-30394
-351644
214303
812052
904399
-676586
254128
950890
218974
694851
838984
40534
181330
913667
-27233
464345
656183
67376
-998543
-611882
400501
-337387
-487094
-814973
-38805
-320047
-233273
-624688
-446254
15963
-248013
72996
346171
-317938
-993116
919925
-856624
-115168
-250016
787144
337358
-518938
-740495
-66209
867964
599100
-869538
759544
645177
965159
550594
931138
-415895
916874
24418
-894326
-704184
819542
61636
92150
-878792
468033
187199
351241
-640514
214819
-914725
723881
-720785
-944453
-421311
-351035
-240105
807736
13077
518782
-771345
-913058
275087
791579
-691595
-704163
-398344
779108
-414997
326156
-351572
82603
325300
-545206
336864
-3182
-650909
-653124
-145732
-12148
-365757
-766086
521473
-764149
411429
-37851
178371
999523
351727
62725
269546
-355504
167784
-778758
309191
336410
-480715
-201679
-533787
771454
171762
933579
932615
177915
867051
-507431
783415
704814
473140
-806596
679180
-679558
264606
505270
-20012
77577
555617
-472486
522827
989948
-262904
-242063
708938
267179
-174568
-70054
-251315
780983
782893
919509
-974218
569364
624475
618500
778616
206954
930411
-845945
728064
2237
206468
-366761
814432
942737
675917
-311483
37727
346028
-141041
-780448
-901166
13175
-338539
92330
885827
-56736
957824
-538236
-892657
898091
323773
-259815
-442218
26123
-651975
151673
814845
-402381
344832
583369
967800
-342572
-286522
321178
-606451
-88601
297827
670502
-256876
-899989
-857173
-319688
178046
-289525
-951651
173658
-790358
683698
332591
999270
-415931
121835
-835657
573740
579545
-663099
918169
-730478
-890149
-541497
414860
90705
405251
-205112
-674730
-469761
949112
9292
62225
-757331
-526361
40357
965493
406108
-765277
-424706
-663261
402761
-322371
300540
889201
-510154
-575304
858861
401919
730528
-430364
-488945
-546076
292728
-250128
976457
657444
445846
708079
732988
-920980
223291
243777
879926
668331
803024
126479
49683
370851
465162
102156
656650
751959
-435131
140662
-652839
751105
-600716
-473839
959617
882083
-812788
-22147
208615
417072
588861
-757995
605254
-967977
-906242
295987
663645
-397040
997018
967861
987366
-824903
687827
-65124
-915319
504263
963416
436632
-574664
38612
-609297
-645790
-947032
425194
-214544
781128
-37554
-82735
-156377
507774
-584719
248500
534706
-406884
-345352
964128
-428643
832245
372440
168858
561661
280973
344615
-870772
633356
-863991
133206
-377599
-836948
580547
750703
365199
57616
26984
-502067
306768
-499378
730359
-247724
260858
684163
-485702
175173
-221764
-211689
622585
-257237
-117011
70850
905144
-423817
-467262
767906
-303516
189341
822626
-652033
-776817
-908629
845430
-453525
194177
-656372
363919
571664
365162
130148
935121
-719196
-813570
-834626
-927246
-154114
-237848
223199
-494369
-592518
-383814
-253747
-673001
68636
-86728
718693
-725158
449494
2967
750770
-374548
612256
459810
-147446
14038
-359332
741163
-482814
817076
737854
-543673
-200436
-680181
-630145
590047
458070
-294187
-383318
462064
-306216
318008
-869262
455773
797896
-385417
180997
326257
186656
800314
-994516
-822305
956846
-445399
-707530
862512
-375826
-69751
277249
744169
362024
313241
-213959
596941
879148
-231264
-167317
-890951
966797
280993
-255958
476002
-425653
19218
873111
-366029
-124894
-743040
-765626
-651555
495695
452459
911407
937982
-799215
103048
398025
611836
-70761
-511601
622397
-735620
-812401
315843
-14340
45618
669066
-375492
5914
-559209
631254
174420
-156694
-57609
-718692
516921
338400
909133
921894
-565583
307739
596025
47361
516381
256411
659177
985666
-487583
166971
-196011
559753
-81748
326099
-938545
-221156
568796
-608645
304850
719736
-638115
-494965
-149628
-828891
-18965
11306
49524
-301342
-814313
261064
-161029
-554957
886766
632360
-400349
587316
-340596
346328
-121072
172726
-177459
-649345
-968957
-612025
-8976
365690
-614808
-344848
423171
411339
393982
711666
-500998
355373
-878509
171100
554086
-943731
-550627
154094
168210
436777
-349989
653968
530521
-626208
-498846
-325983
165261
676059
-405273
598044
-571849
192787
190998
-803358
-89390
-859802
-762027
830893
702863
833250
-724878
334598
392811
-401901
758858
-81715
220225
-320326
395101
-156099
600126
552279
555057
-728530
851436
-390508
91743
341860
-706831
397741
360947
592868
-975930
423415
-530406
-420584
-542185
-164626
-596435
480283
-300819
103010
759314
967787
-384083
341355
-3461
-337347
-697621
895593
445083
232578
-698913
-538482
458931
843097
75419
-100633
-532323
-109017
741978
412768
458251
-513297
-586461
59293
-65910
-323100
415031
19145
563843
559662
86748
202855
816471
-336679
-430955
-28565
386072
-504727
639085
333929
-997554
-33556
850035
-252073
983270
-59672
-963142
699274
393782
652023
-442745
190832
-259272
-880141
600026
-647573
-729774
956338
-816298
-94448
560532
-666140
708279
793227
610463
-753858
942897
175482
-344195
408627
757295
-502860
436465
914373
-110640
526111
-474160
-444215
-237913
-733379
-136633
658296
808368
543174
-382947
-593450
137716
-293105
-528089
117567
301061
781780
26007
200610
128728
996349
-343334
-933992
-842255
-354934
-429812
-153016
654004
-311589
-278243
-705421
996904
703192
-282379
-396249
500151
-352153
-833726
-948920
-553784
-180799
-853131
974088
330526
483759
545295
-126793
716944
526578
481901
-478974
28261
-239406
-822898
-228925
-796056
926960
-157551
858081
-911786
786038
-145837
-360624
582673
-308911
-714959
587840
261887
-693217
-455834
-269251
-980612
-443956
407351
-882122
639472
-579397
453707
-703660
-767635
753036
-151632
-692286
796569
415425
-7142
579739
-984260
628237
-412102
636349
-826005
-990392
-909827
164938
549851
-166261
477628
-280467
-545986
-595526
982805
552613
888650
195115
944558
765472
-93815
-368306
-9193
-188786
-512553
593595
-547140
140263
92730
634382
420872
-618387
-505750
474572
-519166
340525
3930
-969379
-858230
-835
803
25037
812753
575531
637546
-386904
-288035
407664
-460631
-739209
-469222
-254579
-446903
862664
-138892
-539066
-891683
-745064
729929
-861455
-140428
297752
647466
-382646
261453
-375210
995371
-963874
714959
673373
30830
-549206
-666870
-64282
-641398
-658286
790212
875281
-17127
-194285
561054
268934
423001
701051
151339
-480911
777879
608596
166791
984903
-238169
841990
90275
-503167
107449
763608
103083
809986
499510
-111410
-948234
-971689
-298340
-897474
-403871
688712
-499954
-728998
-188970
-623713
233593
-107580
71758
-700748
-784850
900147
-633424
819880
-135662
-209279
-147322
187287
-389814
184164
192389
-14111
-910830
-782177
873193
582303
-633416
-785131
508607
-441969
-183406
87650
948900
774989
-801845
298561
278307
106585
-253557
203015
-725507
513280
-576995
-367429
416749
-830428
526199
-627028
63329
-583443
-175443
-989270
968832
529136
-952819
494175
727706
435491
898531
151493
-717060
-463619
520725
348999
367924
-963304
-233903
546925
-313797
474002
271951
-345537
260769
837891
-935077
687393
-451826
815476
-730007
-250720
-762680
-333031
459371
359090
747374
337363
286012
348736
969126
-478556
-930920
18718
-988150
-351087
-642602
-613295
-492633
904938
-73846
-644204
91868
-773244
355042
-152573
-906539
808985
864235
-966095
-488389
631562
449236
-377901
173253
-17924
-966685
504343
903459
974944
-260230
622559
-733850
-403331
-182279
-259766
-790947
-191530
-101133
716480
-391353
967556
94375
909345
333030
-757286
84438
-746504
-580360
241791
41933
-366460
27346
137631
19698
-560085
-74208
766833
960941
593132
-717550
-247173
-523395
63706
350819
134743
864323
-883556
107275
-522130
238639
508280
-176309
767104
-773957
-891198
-690199
382373
282114
-906287
-345360
-346948
-236235
30849
-113654
-240483
27238
-737356
714962
-192694
98994
361035
638228
-354214
726355
775587
844940
52343
-985274
-847370
-914301
5941
664433
-858596
491393
-748569
343707
-570402
-951793
-495054
369350
723309
136295
-416085
-138412
-13751
-763067
234247
25911
870596
-806343
-355642
762671
243608
-617909
-292825
-519234
694996
-630316
977495
-300924
-465295
-973704
-216421
-912985
-280917
-298152
453563
539343
896979
-320291
479446
-809093
-164208
18828
688464
-131557
105133
161623
855478
-820694
-962032
183891
-861858
-611928
137075
455571
299597
666241
659648
311892
328417
477981
-179637
299922
849007
-841071
206356
787406
455449
508522
-255653
396205
-36939
-566037
-567978
761679
-212765
-989192
-631141
579614
-468871
-52175
128498
-176277
-4175
763726
-50921
347946
-214808
-104858
302898
59682
813035
-727779
-247043
616871
-715806
847683
-105874
964287
594268
-394840
-824128
-106938
893680
-722796
-931434
-538032
-225869
327967
132554
762969
-144158
-350425
-530279
-438966
-694977
-919044
-74080
209491
590534
-221201
694407
716284
40564
-281621
-106115
324642
-966349
-731240
879819
630315
-962108
579955
89789
-965171
818948
844569
827057
-279206
729654
-393838
751027
900614
350957
572824
22407
-733374
100081
-659685
644879
11732
-831896
458569
605195
-57498
829679
-685743
-947485
-391773
208836
169085
725436
867113
-603314
740735
-45851
742386
-366425
613831
846490
-743672
492356
119992
-26669
204474
-112517
-867142
519226
209113
483991
472516
-404645
149771
450455
-269622
568097
-941891
-932716
750126
-200737
449512
957813
-331979
-57238
-33263
864766
708460
-455803
-137842
133261
-816851
337033
515054
-603803
-246486
705794
-519813
995849
729575
-199950
666235
533231
-55102
-731055
109412
905998
-499272
-163538
522862
-8494
-758643
-261615
-869129
26582
301801
-361509
-420044
233580
563898
503194
534304
-15213
404228
970474
-53006
-670177
-859798
-327242
-905826
-209159
-411950
432772
780733
-838744
-188726
-101466
-872256
162995
-655582
-587308
750056
-143358
-825801
150973
-922916
-463134
-815095
106111
453940
-81512
-758666
751507
879697
-251831
321533
-685795
-245167
72638
-283858
-842722
952545
-121823
-266595
489013
144787
213465
-258406
480762
-558407
929267
574603
965213
-185621
818494
-176297
53969
-186071
-331129
-327398
-65852
-850945
-459474
-558619
296249
-640455
-911769
671236
-936074
-172578
748613
81552
734924
-263729
-747550
-454383
-204481
-357215
938348
-973581
-562069
304337
153408
-355719
566323
651757
466187
-232102
853293
-214616
869819
933464
504836
-711897
371517
-742111
-682233
729119
636501
318305
260390
582592
-456717
707090
280896
-626800
-29289
-589038
-591432
-730383
938690
680156
-71624
-474217
-673591
-559961
-472720
740352
-896862
-748941
-236032
694879
90978
453578
-708215
-560830
679743
-575119
-63952
805868
174144
317988
-991349
-718099
-262163
-490817
442429
-666592
-564766
-104714
275808
-614439
721376
-459611
167758
-209384
-526404
-75737
-80204
-873723
538200
-494643
880541
-44961
117515
-961773
-266955
179643
351845
396523
489599
-462128
-901432
-346275
896575
-902886
977882
-557472
922190
622267
895875
839924
-365752
-628949
-535522
500059
-107700
780548
-814509
-138017
311012
-172612
34505
-69372
336626
-491506
-952103
910967
390418
-270387
975096
619709
281410
962429
-715401
576401
-654444
151862
40341
-851491
842257
-516005
762811
-248797
-416900
-107530
930911
-594930
-264436
510890
-560091
-981644
-12191
371910
326298
609473
21663
338594
-154726
306238
-485448
41025
-674105
-402696
466383
387847
-713672
-102799
160141
567748
-844214
-157064
468680
324064
897448
-431795
174823
-520658
-680714
-15002
161520
36876
-49572
-174121
-166707
-686884
316079
-688894
-900919
-998038
-239316
554299
697086
439941
238115
-490246
-766938
143473
168310
400613
896373
-932709
-756650
-116001
367089
-843895
-3212
-182082
-573661
-91747
492006
-498081
-924131
-722140
-940411
-246853
-906652
-748511
653273
-826047
678612
-918330
-101103
-358549
-168349
830072
-685368
-934987
-815642
444218
877586
777413
113737
-476750
262095
-531949
911668
105291
245810
470297
580970
-898168
-245135
-655256
-871068
-952988
-495509
-638576
-931020
-103191
449316
421561
890342
-635429
548362
-484553
-174059
-894990
532805
-26182
-445177
851912
-290506
486746
-587933
926198
-144366
917809
-339425
-706428
405157
-450043
925201
895907
954716
-271400
953105
480130
-497580
247652
251753
883020
550919
-898453
78447
-773536
738751
-68878
592906
557185
-479790
52031
243351
654181
957727
-124625
-278155
-167747
-260477
182772
142038
185090
856469
773779
-135548
-925981
-876772
-280281
361352
628680
791449
488610
-687285
-857498
-487784
-402191
-571449
911113
355435
-614588
126724
-727261
959233
-98654
359236
490360
-697598
-835213
-490623
-485896
-172907
-864837
-524820
363314
972083
-515723
472974
-806524
603508
865075
-61830
-570082
-639727
932759
550711
189936
-860363
-274392
987798
398585
-383269
115281
216101
-71331
720081
699869
-198557
-355293
-236711
395436
-417304
-993594
-537782
-348459
-778895
-851386
354577
905591
53280
741018
-291058
-918069
32391
434430
-247625
-227028
568092
-298148
-646998
-29560
-314674
-442356
-184287
-718403
-257739
935982
-979625
621436
-87899
255853
573619
930361
-488467
641887
336989
-527751
123277
-921112
562151
251123
438148
567821
934900
-615661
17638
-615647
-392113
235056
366573
228414
332577
-66816
235197
537735
-501339
107520
-824512
-729580
582557
-736020
979956
-827681
-107324
-291145
108270
564714
-826589
530629
-81154
-105550
-718215
-721823
-505311
-436506
-102113
-651423
87349
486570
-733321
-198256
-582088
-819408
458871
-876796
-50327
-219
-48720
950507
899046
566113
-287465
778957
-773822
205020
97815
390057
875083
-701478
981270
554024
-270390
-509380
680721
-849804
124021
-269266
-540973
211944
-784488
-452822
-235234
-895402
813630
742100
114569
230712
46411
160229
-948287
-608471
-997233
217723
65130
-619300
-537066
-34140
-422035
-193113
-568308
167061
532669
360130
-353908
-886268
-600964
-920982
490038
-930834
-668054
632271
386593
-42403
-998736
-465592
-417961
-367127
408916
-418510
507310
-523915
-586934
-60639
-958323
893525
-44130
-929797
-683226
-99700
-41600
-778987
194924
-822638
964953
850366
718751
248175
511432
-930688
34640
652057
449997
-326298
-308495
-672363
256568
194042
877890
-486147
-430983
-604505
-670817
-677873
-591503
261660
-478000
-259212
490417
-562303
915084
-84085
853089
320987
6153
427391
-571769
890968
-727594
455922
824520
-787293
-939240
229033
507146
-707671
955592
-187094
-628138
938877
-776357
-628984
-15697
826883
-421410
-173561
-374995
401170
124507
973123
162966
-934767
-76433
836453
316884
-964452
-539960
-36534
-613060
-689715
981666
492944
-965800
-240946
696542
-264628
464824
984063
-253073
-70060
439917
-483977
70455
-211042
-746448
908484
-977911
550795
92318
108011
675302
303067
-194612
286620
-243864
393711
-675165
-198947
-290922
-884924
-93953
68031
-154205
314461
-741587
863596
-959826
-957280
728017
220114
-548604
-958217
702538
-832462
-459275
-687836
-986120
-783980
-846470
277174
786778
-507690
656720
-471701
-590894
462673
-614065
458437
826426
-470755
813169
307187
464963
-743972
-737107
-811708
-566995
221825
-752990
-449727
549370
799363
-423593
-491439
-556332
-82340
-402596
229534
587651
126579
-407127
552966
406993
-255969
236453
-289285
-1633
-863599
-849028
-772592
214074
45091
-391474
-368433
725552
442446
587612
-726891
-590100
242133
-20868
-530230
-764259
936052
-712846
-237892
101361
-332670
-292313
897262
-428140
274557
113038
-676575
-907457
444440
462969
994928
641800
-548363
839374
365645
-174812
-104170
50341
-162514
274288
887151
727616
-2730
793834
81966
-83737
513172
822230
-337839
-896381
-359759
166531
-158745
296575
795646
591980
-84058
-484360
259740
447939
386020
45919
-175226
-490162
760476
487293
852713
-234627
467777
-426880
404142
579592
630288
-32425
492404
-262281
644619
229304
176648
-396955
377394
591308
572465
251834
-721295
483857
-133923
620902
-603593
650629
-563591
678160
-710041
-816031
-321597
818820
384696
-817473
-693274
116073
689940
357967
329006
833541
248142
583769
300576
-755500
345073
797048
931408
215919
131272
498633
439852
-208507
8738
552270
-870872
560477
343748
428328
-360320
-455551
670748
360785
-38448
-159695
733144
-946514
484502
-614480
-61788
-562117
976871
-814683
251379
292105
-464210
777862
145233
802571
-280946
775477
-130738
-770625
-154112
601099
899016
-141715
-508928
926175
-73872
-298740
-78694
723291
953013
-384514
120375
854008
841322
397535
-576407
-580307
-934919
-235105
582386
204096
34914
754070
594358
-768830
-631180
-161565
536565
882604
42812
-694730
-912002
-958934
231432
696298
-412285
951712
607611
42694
-320054
-965110
-438630
-568502
-175357
-108197
242951
-88483
-757233
-169127
-902459
887892
484818
-764111
-136498
-786619
-138640
877629
46812
-951136
808886
225373
263628
-88104
-376982
365681
-472932
-859360
-109886
-21631
171779
-895519
-82893
-926692
564340
-58309
-783839
115363
339871
-969708
-404930
-543427
816936
-972518
175456
725119
-457089
-397916
69850
-184449
48416
700408
-431268
738248
-901819
833674
-865785
221231
66819
732620
373444
-992186
96141
-89277
35943
746138
-856741
-697036
591213
-946884
-327247
226849
139534
939344
573475
874669
502268
-850250
-753770
527668
125510
-841311
264409
-310293
213204
-340913
-179026
906339
-317992
728043
-326385
-481870
-932736
595635
-236515
-936751
-649651
-940951
658941
685487
-289341
639907
-707382
-426497
-40374
411011
224429
-939471
-725967
823983
-593650
300
-932311
-378635
-118553
-569384
33913
758909
468506
375758
60702
-714655
-396373
642605
796779
-372674
-279178
-825946
-893581
83476
324602
750027
965208
-396579
460213
101362
-634070
-420233
-155209
-200877
236469
-6081
498994
373957
-106462
-652564
569368
-301161
-348232
-680650
-563646
-510884
802826
-388016
709056
498682
-640555
-838212
628334
-761354
204164
732464
106525
-194755
914115
-331579
-843604
-293921
957158
-966623
-423185
698645
530038
-781118
-285321
-712872
818802
450880
-168496
118315
752870
576131
-824400
-185896
-652758
986605
-428744
578863
810311
876381
-509808
-802560
-771927
-191257
803634
-231785
627991
788727
-2327
485961
750399
713034
-35779
-351561
-742225
7698
-322858
-250822
-227462
208128
-473638
-663593
798303
-753261
281445
674470
-781804
-209461
516121
-45197
-947937
851361
263362
94429
-395947
355789
-611502
-856982
969078
-226450
-851407
403869
982067
271676
-625203
-847656
976011
562529
790260
-12010
128130
165931
-554491
635424
557117
-51879
259635
-540135
-694813
-143523
-141043
-915792
552860
684994
778661
624948
958713
592956
-645719
-439897
934022
-473214
-749529
-514482
-593520
402254
554934
-140710
631375
-873757
-774107
326680
-441612
435570
-419851
-840396
220754
-668595
-564883
38749
338032
-66965
-690260
811180
592745
-339988
374288
567649
-360560
565979
83055
-641967
-659410
-577781
452556
-273417
278867
-976323
-715222
990254
340258
256318
984138
-818822
-48200
88258
-177011
780476
-361543
-805521
-57260
-639991
-511993
348980
-190381
-782492
-449742
750211
609515
-726533
-575541
56277
950001
-753615
-639935
-414292
727420
-786494
876764
327931
-40651
927163
-236247
358401
784632
105577
-689653
-512802
206121
-683952
142971
-642714
-82562
875509
-129215
62041
827959
408345
-359642
816988
536441
59343
961137
-759331
342764
271568
-122721
207640
-518053
-774817
250714
886552
835365
-591159
-152350
-358553
-277371
241679
-335505
-412102
-209298
-423417
-756927
34541
-99509
-46092
-478272
-134320
260997
170417
262763
528285
-793891
-57432
-456970
878030
216309
-655633
-213863
-690657
160278
-171722
-893255
-840757
-804509
39938
578650
-179371
-959379
634758
175865
-62407
650997
-715864
480446
190179
851101
823882
-666226
898479
-48821
-223640
240989
650358
-886390
769297
-876247
-68440
262858
572265
-252489
-700179
652578
316286
-867067
854050
825828
804862
-596064
871211
-918041
373139
-926468
-34944
69931
-511519
503883
-173462
320868
-875754
-445810
213183
-959559
-894810
-628536
185968
-228424
-872942
735798
-428491
-544231
-814710
-805388
-542925
-17572
-883671
-23632
-434345
130416
379947
-63888
406365
94345
961167
739267
949519
-168239
968772
224936
962060
614712
747443
824336
-579028
39868
598763
-44008
-604334
-488770
-866270
-375439
-383283
206365
-433543
-526636
-315787
682054
-443542
-349455
403606
-225901
-450220
257120
-84298
-171046
802191
34176
877181
973364
933476
-544890
231927
-534966
16605
179770
-157897
357388
519446
44885
-958724
284626
-366158
867452
217311
-49767
395036
-189596
264626
-936355
-194024
613678
724156
-548460
212870
-385829
141038
807144
772226
-36469
653520
531938
566990
796083
348222
-704610
968495
344918
367228
218256
185835
-986402
-709924
-238554
-695308
922820
578307
-868609
212023
-284535
-385121
-498219
-115512
-324805
716705
-383902
482673
-964522
-950196
936892
-125057
440823
-962009
-665936
-647658
-422050
-764454
25127
-689196
101789
858252
-292202
901252
992226
343690
-393793
-920929
-927152
493725
755262
-930289
-25250
718685
-355141
82563
-781087
766840
535989
967589
-803667
-960829
496191
661201
-777566
-691298
-449164
193243
-39353
-364540
-465491
-754986
-70809
-982017
510334
969054
-162415
60115
-402333
-510316
332983
-70869
-973658
306822
-643943
-608441
-943344
-342952
-958632
849410
439879
-838360
850469
-921769
738468
294596
829943
212579
287328
539496
831609
-145103
-969174
-640926
-135172
159534
-580386
-817441
-746678
-610947
806441
286967
-2340
221401
443155
885212
-892150
47779
-337408
809812
-114816
-51073
142356
294168
979192
316305
918989
263721
154869
-250950
351517
-582808
585871
305125
-386866
148513
127325
976926
657829
-593767
-505317
-168689
-908962
-123492
610659
-267992
-571621
-612583
-242632
-840482
-570212
893717
-105580
-916048
647597
-745013
136678
643686
-586422
401161
-412648
-72644
-308365
-301941
-917112
284591
-516848
-385891
916646
-13487
143412
389284
-505765
-868467
-532200
-338309
511948
-91153
-797695
-717249
-573876
-721774
-463134
-985662
-702589
260455
868520
643902
-363020
-374787
-981901
-207632
-772719
-228292
915672
973316
435403
-669669
448907
435180
495877
649682
357388
490951
-852956
-304107
-43361
-11753
-185271
801520
461959
64129
254136
-966874
-788916
-330531
885324
-403164
-174332
429248
-797570
-348992
138536
-648486
366287
384291
439381
998874
-547910
-520438
25968
455207
-683260
-944627
868988
426669
907386
-451684
571951
550337
737662
-760902
993467
696761
-281105
179425
871778
-257816
-993620
66875
-237278
-171849
-850852
-442838
429793
276688
-999138
-677077
364417
-324218
-118260
-246494
-377480
240242
-29663
-649772
655038
-531662
-123989
-814996
527310
-596634
-658081
-621913
-504061
867951
-672039
313978
-198128
-261085
-340472
-805476
-372324
-557049
816474
112301
230049
-450288
-477846
248089
925071
691666
69982
261235
-336013
-249354
393859
-535047
351568
-875187
-596704
940402
-51715
637560
-964362
-155829
373962
887192
296423
-763335
406156
436936
232553
639954
168878
577918
114825
256673
626859
-865777
680633
841073
-192246
982298
501775
-259616
-457960
171857
328660
974754
541604
788026
-58005
694636
791620
819706
730517
826642
496231
260063
137393
820797
884604
-306421
-387802
-625157
-336781
207262
583243
156159
-85006
-245650
353770
-568882
984586
357820
777485
584045
566292
289269
-764414
277913
-178856
806530
278445
302283
977497
-363701
56503
730808
-177624
972037
-104004
96266
281642
821537
260360
-757300
899093
619771
-970292
708109
981051
-405868
777690
-305994
963524
642081
910865
-31315
69962
348907
350108
-976269
550822
-473540
-32545
-564506
956692
-519578
805455
-890123
-596182
152815
-158199
-483674
-22211
-883344
57042
421668
344401
620138
-134637
793821
-131481
155066
-126317
-310844
72537
743303
-789090
365920
920786
311210
-98305
648865
-234569
624337
100425
-595114
-345679
-881957
320466
89409
-475838
-284581
-815720
-31507
380048
-556363
150437
-382096
-751051
695070
377518
-229724
-735116
157818
-315004
-616671
-308923
396142
271442
701421
-121638
129117
549184
257667
810470
921410
-769645
-756711
486704
-431091
-541161
-368938
812215
941213
430412
308494
754331
813460
590203
-318272
-742286
-253703
388357
415080
190471
487395
-324661
-28396
400885
987459
-967657
-791664
-29664
-688770
-137926
-732955
528440
-658115
133192
-774682
-695056
257357
129660
-80333
-371357
-322910
-560968
938175
657324
15356
747657
-558341
-652617
-618516
-797784
-562882
-75285
585472
-21660
905463
-916666
-322700
842615
988928
-614676
-479332
-368451
-136283
-588597
-837117
-582887
-532172
-603380
-881824
-479194
209568
-555240
-740120
-997778
881285
-793155
-726482
-94474
486790
957472
-805074
-368849
-773100
487280
148844
-86285
28979
-947801
794957
908903
99284
-213239
614005
118797
-671108
115714
311555
279768
665899
-717507
-84231
762292
315114
-413533
127706
-726339
-435635
934934
290992
-610409
475846
38289
-321717
-239219
87957
594678
620854
-753236
-181421
837608
61319
464857
814098
-454588
-838970
-884061
-378291
-970855
-363251
422231
857957
-87923
907543
30371
-755814
884465
926832
-53576
-57551
265910
976391
554771
-543317
925815
-457488
744002
143240
818185
6234
-641856
-192382
-285816
52595
-176872
-823898
-744968
-95132
-801765
-396329
531814
-412746
338276
172069
-783124
-670841
868547
18495
863974
-796339
-71533
711926
459929
-942312
843431
-258261
927918
-233827
-287091
995246
-581514
562460
-415486
81700
-444773
-991535
-550000
450456
763179
-538042
-231653
-381344
494297
885631
-435742
201214
-336580
-765911
365857
-704998
-105434
-629475
226748
785904
567220
-34677
-83620
-368702
-833914
593064
-532734
128896
941164
-846919
-411965
153059
-295325
615717
474845
710434
-671327
702459
-361712
-415405
110965
655481
-874096
-444164
-957263
-24201
247537
850291
-344410
-156317
-462263
-524021
828129
-444825
755821
-394910
-58696
324988
671538
583500
705806
394961
445642
166748
653140
-736845
-570207
117911
186813
-6238
-891357
721735
-282477
312359
265120
-611205
939850
-128463
853255
-66321
740647
-864750
-83108
733979
196823
-834128
772162
-104767
355433
898438
-560500
511230
-854636
-425493
-602256
-638516
-196039
-639223
843397
313076
632598
548946
625565
615346
111605
-987131
-244281
-371079
127779
-887218
-806859
-731109
-330761
466678
327887
-815903
824601
251145
-300484
-528806
294691
-944346
-305434
856970
733191
884745
-292042
723645
-780640
-64824
-327952
-654096
-829693
471076
639473
-609746
-309427
-146636
937613
-361396
-753770
-408938
-582994
-263357
-703306
-280657
-687750
820159
-153808
918749
-410809
970581
-149216
30232
-324021
488315
73202
-294194
-836012
-348792
934078
-803179
-213911
-338882
477488
-317586
-410735
789530
-33991
-631757
-714952
-342874
-801439
472358
-299456
26545
-812450
177778
638133
313576
-800253
-135983
-455707
-261364
-998710
842220
963642
1700
-525861
-508270
-905505
496055
502676
-336920
227048
940919
911938
403827
687142
609218
-283917
1780
634732
-335128
-836774
711758
-23256
458309
959719
754375
-85965
-339086
6313
-304376
-16144
859731
745324
-466807
-899413
-617862
912552
564116
653626
-37025
918726
-423717
-374936
-414323
265552
124143
-666443
489991
-157905
267444
595113
-463589
-665014
-292395
-651803
-598288
378137
-121409
-310063
51782
-28232
141320
920436
-944527
-467068
131606
-729815
-747589
-824528
-25177
582080
-890917
-459841
-80501
883274
957435
-495064
-162915
740504
16830
-371653
-696692
305961
-638979
-582232
-925834
-1245
-456222
46851
182629
858866
-63317
874586
203999
421599
-17969
-612870
-958459
6528
-205536
-642431
-579433
416155
36331
-962011
-958292
-33898
527251
-727403
-699177
-237355
-77498
-5947
71050
109978
226690
-983467
-781704
684417
-920244
885997
596480
697658
539171
602603
592983
661927
814262
-503430
824513
787239
-878424
-41770
644594
-18669
806440
-704328
-674185
166326
-82676
-711603
-359490
610104
-6455
72283
97804
192926
-473897
-122531
274148
-946137
-865025
634045
339512
938593
-908281
643777
-992541
-670076
377890
522119
468097
-547615
-268556
536835
-682391
-969124
-900392
-88614
-360455
457151
956628
-789917
83819
-500855
221169
90290
321258
842692
-238806
-168745
779031
127660
-546633
606980
-696514
-552125
478103
618825
705528
-75590
536336
-862978
999307
296972
988810
200591
115152
93453
235300
305523
-472136
901364
703116
47785
250901
76000
449254
-340296
-307054
-223822
725498
-625708
-717566
-341738
47068
444130
103424
-393056
573711
-697407
297230
60052
-341472
-751043
-967054
-972895
944910
593731
296956
75635
-847435
355710
-535323
-770869
629301
513709
559112
830840
-250003
-357565
54940
496090
-104016
508658
172199
293282
400262
-295013
-79403
181921
-344224
547082
-134023
68802
64085
671906
955473
967809
-129925
-97337
-319170
-759047
-85397
-313013
839398
875420
841162
-401184
910434
-85742
-754640
-437523
-914964
-469833
-621268
-826847
108237
-307373
632827
899981
-743315
-904161
-456360
-283952
-65820
-369458
153969
-119529
964425
-327614
-194773
-452185
72467
490472
173096
-589862
-851114
245439
773905
98051
-417605
-651981
-989102
81990
827636
-66884
-170114
671648
-780594
78296
-4272
974430
-354061
-143065
-521068
-953463
-420836
851585
-457629
-579086
895247
-658473
407746
-240650
-433418
918304
-657687
541647
-201733
461627
462486
585029
807242
483403
977378
331157
830854
121925
-488045
922702
-542867
959313
-559067
960530
307660
837645
22185
-248441
-988123
-468202
-160422
215443
-593079
-947057
-368086
407735
-821811
-785623
866311
152435
350737
850438
51187
-429505
-236284
155923
-112624
52274
74753
627280
-598011
699950
843641
280048
439335
575251
-873576
294144
-517552
787411
-213449
426671
-445849
-337400
-755376
-231050
-69124
-117822
-397850
23723
483254
-664620
294270
691070
639545
258638
897650
-435738
-869639
-718849
420775
-17950
331952
90636
-999946
-89527
-532018
-920990
-253277
-408092
454227
80593
346937
272706
-851902
-905512
-964187
-969456
247717
-536603
573212
652780
164347
35584
84099
182611
176424
578858
414990
546385
-130920
643907
-652647
-47
-780747
-806557
201955
-113812
-996010
548722
-613468
-675782
775072
168573
-614038
236111
223608
-551853
505014
-680233
-746884
-206239
58636
-658535
-536324
335559
122344
-853323
-110608
-735350
389041
-454452
201555
466798
862801
-549702
398972
-115303
-959028
878393
445024
-971066
282602
-228190
306584
-13114
879016
494489
-301717
529186
-99696
355162
-22760
519966
29120
-890966
-749031
-909528
685216
386318
328786
509960
698017
218262
-121720
748872
-786088
-42987
828098
401856
124012
689932
-815962
-196280
18295
263324
-402080
535648
-447176
-819910
-558280
397291
-346761
686494
-534389
-126220
-403975
-935571
914273
326155
-916836
-415328
-311938
-823431
-372251
947483
117508
-872290
699130
21508
699039
779315
321810
-204250
-355317
-327974
-933789
-911014
261257
-94247
-572531
238877
688096
754978
800297
776601
-981196
582491
-387671
-559273
255078
-99397
227116
-306727
-905775
-139351
830400
248519
-860271
-348946
131269
698753
632153
-676888
-744417
868890
-882242
55828
-217338
-156578
429202
-205777
-922202
-899133
957384
70023
-689862
-118818
-369743
955658
-33649
-758957
889576
-996620
-971998
-781370
-201516
-254086
241382
436659
-713741
-923640
427666
-208875
-99951
556849
-926193
120209
218087
-463147
373467
969108
918835
-210901
967970
-459274
594274
421365
-933489
429907
214526
-570120
-53075
-768376
737124
744117
-815311
-14694
-430733
-344190
-840594
-783216
-826728
-818846
108545
-34474
422034
562974
203355
981714
-564588
-166953
405228
-959388
785646
271222
370348
-95374
-898557
85518
-974213
-257097
-480530
480936
-224710
849896
-729645
-484536
-252879
-852619
5833
33029
-648633
568379
-218143
45179
-719938
-701381
-399716
-370087
302876
824519
-826073
432465
-443072
560583
427956
774058
-129885
594567
-389973
-343427
158508
-515125
204855
-467799
74006
-155228
215890
846002
-243994
938601
-731396
-64333
-315176
-491745
862450
284510
-630740
-895482
-935968
-999029
283821
318657
-564237
858492
-203632
-880323
-802374
-795263
945590
-453102
414787
264638
610201
989295
-709845
-903954
985452
-643816
922117
865811
-971801
-488773
171419
928165
-341725
-342452
947780
-284828
-890847
645225
227012
-668261
427981
-462759
129847
-107177
-412215
-194494
-290652
26243
-845444
-51671
-524420
-348187
-545785
714053
-678430
-464564
220691
586891
-335644
-537183
-487774
35451
166583
-313769
787300
949440
-679048
858167
121335
-671348
533993
927321
-673907
-777280
224570
-594267
-927475
928931
-726105
291488
-161415
-251735
720406
42360
-272966
-250194
691069
672919
281378
-634661
679760
-608902
-33384
-168755
928166
627976
974833
202150
-578987
-692907
125083
-119300
592489
-512452
-285870
-574016
-921254
492676
52286
379921
934810
-143825
-405102
309377
-581539
-514828
724222
-735968
398631
406900
312341
428730
411243
226180
-255775
934978
46592
734920
-206281
-742582
-445563
-940704
-160531
441797
-47491
298835
-45338
860329
-929430
-857843
-81885
-45552
-857860
314006
-151186
-407694
422308
-846624
858695
-476462
-395128
584548
-480013
-507569
-430783
253092
681302
393131
516872
-277609
284144
-999505
-282040
381093
89104
-344902
-188142
-795814
11340
-262840
815798
-724214
-554253
-99190
-640718
-421753
-790375
-364585
381492
-463048
-584104
335086
-640290
995329
-547988
-813329
94239
-86318
682323
-208818
6502
-210456
-516482
913997
-477970
-240394
-32606
-718738
-591830
239880
-11601
651460
466330
592572
-533440
-926402
64506
-604416
877560
713632
564952
356309
-294460
729533
997852
369737
-245525
906669
-614423
-751928
-793412
-980255
-111448
173742
315496
-780366
704533
-328395
341567
-225991
-506543
-505305
590282
801490
-995494
-671090
-357306
-366688
325670
21558
-96097
22402
-880140
-199925
-781451
-201867
613567
674471
308915
-72705
-997221
607805
399568
-723529
789951
-684161
256574
-327926
505792
784183
324170
624269
800970
-631633
410936
-852718
787311
500518
363823
969892
736103
-84998
-17818
-607432
280567
-433179
-226953
-868165
-541741
390266
-963383
-483660
-480833
-271495
-798565
498864
-174867
-543349
978367
-291840
126459
-752869
-501349
-56522
88835
758609
-405680
978852
-245095
344031
962299
298218
165186
-513652
194727
42237
-667528
748541
-950640
283226
-56759
-471964
954482
146532
203381
881475
876918
542284
-162151
-321380
486682
349939
-735483
-712395
-547938
194294
-465142
-165003
211889
934612
182667
-221954
512757
606212
513852
971656
-488366
300733
-786290
921831
-464501
736575
291527
696275
-474917
734314
360138
-158086
-902913
-950907
-517434
497814
790528
53487
-418092
497121
358652
-193491
-571180
260471
-943285
-856525
-142877
-451495
-224946
226745
519183
104340
-112184
-239450
-341183
858167
-627786
952428
-564260
605643
-68413
-143765
94095
-880914
253645
975463
337966
294746
773279
3061
-849392
-190559
562715
909557
-652775
979337
585277
811133
-711844
633381
774208
595863
-166556
-116613
-947617
-959832
117514
974506
-758083
-636688
487924
-361281
-717645
-519368
322310
975884
865495
868220
296864
41541
-769795
-534494
601467
988831
-738152
-286561
-629868
-768720
-582464
-430142
472334
263338
933721
-742181
-711304
456526
-957793
921228
34103
984188
-499392
-778840
922348
-949471
53575
-465921
-615139
-3461
-393830
-890421
673675
698692
-670321
-768855
965480
-876189
-855684
758202
312489
-252431
-72948
168655
-714186
267491
-649445
271854
358493
909856
399088
510987
298464
737816
989974
-577020
-629607
597739
-174437
888945
-808944
72531
33390
-639647
-832537
-317730
-780569
9962
6815
732871
-386194
321666
372104
-570490
863353
-399969
-421740
-691041
82430
-204342
-332861
700996
-421550
374967
-755276
-411950
-276355
-278707
-583924
382310
93584
494649
-3941
543164
877510
-335960
-73435
-938498
-477678
-540386
589508
323674
73618
847501
456846
982687
-684070
328963
345197
-893636
627498
18042
766540
-355035
-368064
-371614
696327
-21002
663546
-328409
-307054
-148777
279011
823779
472440
-323870
-775381
-120082
737007
-352761
285761
307468
-977581
-288762
-147244
277311
-594484
621971
-394403
592197
-192990
723474
444945
-277821
-804129
-507826
25291
-681356
-498421
389989
959180
-397563
623587
888414
-365819
-618707
102003
351170
-158718
110727
-708240
-114739
-155021
521170
-187630
-745253
-985121
206661
-31288
16108
-13490
-427181
-183338
445505
-233296
-100430
-803721
985635
399472
736420
3242
631625
-345916
-277421
504384
958268
590268
168244
-654364
-468788
-75038
160703
360171
688761
939657
-660066
-405393
-267803
589685
-122177
-148705
-461511
-551742
-380112
-851462
-717064
-770361
685604
-272389
-140855
335306
139003
-140086
-565187
-654298
-961961
-792295
151274
940947
108670
-698865
-834852
-471272
-589345
-814248
499055
703828
-230973
-574737
435924
-604564
317055
431818
57502
172081
-357765
-263078
-160831
122468
-524788
899409
-674292
176911
-934720
770130
72033
-651599
-936345
602084
-559033
-304522
-29051
174054
-163832
903399
-727470
166784
-178842
568913
-337883
-798063
653058
-321057
521133
-650350
263932
-83818
-484400
560914
158965
-444919
393169
-536012
-281665
-402782
-716148
-307389
-739902
618239
-300201
-674180
-148043
320182
360518
938731
-952224
43821
770229
293498
918901
-830177
-378663
344878
619906
345021
46981
162342
340953
269818
-951964
-292768
689098
-335083
43051
131990
152402
766578
857796
-60824
486077
-607764
-369263
-13495
-850385
82248
653109
212531
-329398
-712339
-797802
253947
777677
62924
-130568
-188150
-948530
-2349
-610764
109030
-509304
-755358
936764
182040
-774387
-340917
435644
-892967
-95498
235935
774381
-749767
428667
640267
8057
-551807
272260
698529
-338938
-181151
755481
882719
-956359
-627173
229637
-437189
-776805
260992
-261648
42539
623793
-843254
-126290
348904
438909
647430
70697
-777956
60285
100073
-299751
71808
958979
699192
-974018
-171926
-126722
-338122
-221536
562065
-890815
717363
-528627
-670786
-360587
911152
-368976
727204
-12484
-113517
-344264
-119507
-980265
-372837
-653268
-996931
957376
-933253
-733437
684770
-677309
51486
-360245
-559917
-318414
-671470
800810
333032
41595
830925
-433237
432055
773872
-221131
253797
120341
-308451
441578
-753169
365213
-734961
127937
622072
807116
-562051
-29169
-512194
272661
233445
-696963
-102115
265134
-471469
-532579
-662400
860492
956223
170458
469427
84867
506722
863874
-860912
-859648
826617
-24240
133257
-83027
103734
-520461
-779241
-176375
376319
443736
-675789
-797446
931233
919926
853367
805674
-221045
-386633
-892511
-853975
439112
619809
587512
671389
-518026
452384
-698166
-57032
813734
-675560
269149
995358
918607
-558688
453436
-711446
466587
923242
-275155
416073
196146
-980952
-478206
473930
394321
18248
-494573
-169806
546340
-757075
-884751
478885
-206884
281269
480690
535931
985558
397511
458251
-442243
583494
109564
642323
607736
305965
-35364
-296084
892056
998318
-109374
733182
865225
-837552
903858
646538
-526426
834138
-373309
841402
944353
870584
-990925
-5519
743127
321040
-618102
929522
-74355
326167
334423
220996
-180758
-646030
-119642
78050
779035
-149130
-296867
537572
969886
111811
-812943
-96679
301444
320371
-94157
-867168
338752
171159
66989
-202871
142713
385689
69569
418803
987970
443905
655653
976644
550640
-731073
475485
245083
-969058
370355
614197
575996
-164014
837387
266136
822074
380787
289461
-424757
876573
75808
135657
524896
-123768
-302069
-558799
64683
189620
-324981
-870735
425435
-927271
532982
-588052
79145
-996524
-919414
-229722
-114948
904451
615090
16375
-715944
-841790
-48591
567485
458461
-893988
561819
128822
461165
953828
-599398
-826061
384930
-672082
59499
722697
559537
504019
286974
622782
148872
-346066
-453328
311813
494002
-772582
853059
-415269
-180691
669261
-297475
-124234
-934942
883940
-762208
-590499
526670
-531101
-714340
-847477
304275
178857
552763
289761
888289
499769
-389810
234977
937581
502661
403461
-450941
196289
-210373
-743572
487342
-460610
420256
-651496
-133263
-573153
-737926
722962
-529031
-192369
-91426
-871043
97126
-581268
560788
-920476
-29297
-633415
106275
112335
-471719
768703
-982749
-532622
220109
-243690
-117761
-270076
78049
-775973
544878
-873895
295070
-5925
-519329
267351
737493
187815
573875
-530351
744685
55358
499727
81238
777470
-709469
-613333
708056
-880753
231436
414190
-559868
-403131
-642534
978593
-476888
-873457
-425162
751128
957450
388872
777576
832566
-811295
703103
41353
406445
124900
4445
-34737
560937
853355
72591
706550
665709
-800864
900964
-296330
-745769
172754
808843
-903677
40255
-873195
-85437
-195595
-317821
-249587
623042
-608378
855053
628689
378624
151524
976120
-893777
149479
-688100
-470800
-926155
165922
-556999
-948847
-934265
478169
733560
62263
-994590
-746801
670107
660634
-317960
-284837
248860
-354430
623610
-201826
-521162
-242330
-887073
-885624
-758308
764949
-582875
-780788
217084
609432
102412
-177633
-411677
-636057
684844
978588
899715
-47973
-300253
911398
-834520
258547
-223321
-117691
806629
-200509
-779485
590140
-559581
-665751
-211495
177218
-166422
-511798
871160
-363072
-947272
-847159
-380404
-67386
149259
440388
-406786
205055
812695
871426
154536
561435
-977238
836949
814710
-268356
264940
475589
349181
2886
660811
-827107
-307272
969650
661761
82951
818546
-717393
-753094
646256
-560940
-130349
-792103
-853910
-649164
95421
-40087
-720324
805523
-110955
-472505
-650668
276519
94701
-325819
-167526
259446
761500
75523
477047
-730290
415887
-921212
-71232
-171417
390472
503990
-300485
-137031
-443773
-198206
-986708
384115
-134747
783031
142225
-666587
541727
-695519
-919271
558708
-509453
328818
525229
-194972
-430255
748800
-650661
-498466
23356
591578
-873221
386497
-583003
784042
911136
-841412
438654
-145183
-720231
-47606
-392022
-5412
919439
-622271
323089
-578885
244135
453051
-189785
-998128
-393982
798074
134386
-48222
980609
41829
371919
309857
98175
-921293
-892838
969035
-85386
995980
-497535
405723
376068
-598059
881383
870062
-695083
317278
-479368
-21215
561160
-410607
281254
25260
765116
720064
-453743
-343336
378071
826431
-997936
-732949
243044
-230536
27993
-238825
-782372
793017
-440874
-817095
531034
-247566
-496944
999565
332456
-674790
33249
-454021
15729
512139
900142
847709
348743
-419829
-176015
999947
599291
-987866
-742929
34549
191717
388523
743877
-730337
720017
710440
-986998
-280011
-434032
-949466
-217710
486294
-514679
-476834
588654
625679
417173
-516574
262627
-956130
-742045
-4050
490111
-342535
-316846
-177309
213250
-317071
-158542
-86041
491099
543220
-827843
305575
-644625
-779229
-613403
25155
548107
65863
-813432
747936
-158865
-570262
821277
686703
8685
132940
916410
-968668
238016
211192
42006
175327
-577598
162299
-506850
-445021
738755
-230197
-32984
-862527
592748
-107017
-506975
-736993
-351991
-525106
34362
780879
-182968
110686
508922
781444
447829
319563
135558
394157
453714
586635
371880
293547
-99225
-387944
-148711
-883100
903754
942031
22066
181420
969094
47224
-698585
364255
-547680
-186338
786672
941105
-758971
471731
478682
386101
-817649
-83520
599855
349942
619261
-832344
577195
-267010
53346
-629728
361841
25513
-161890
-168890
973013
-549825
109745
-545021
-784732
660173
183720
-836972
505065
-658482
-653435
-329802
-989615
507154
-922194
-965517
-35318
226570
-316188
379573
506658
328969
-617704
729484
-587937
-258310
-330752
785234
-330402
-225737
189909
422417
-58351
-511733
-927358
488363
-991101
644690
-148934
653789
-823096
562691
857649
758313
-450988
142328
412742
290823
276340
-693446
140590
-132308
753329
-380350
-303546
892857
-595738
707431
-331659
-593473
-711637
-56421
808793
388307
26143
-757379
293130
283503
657887
-236829
-985480
-564459
216247
46667
-188533
-620791
-247763
466382
383515
-722776
763126
555432
8300
24895
-845691
-71181
959469
633187
587770
-372395
604165
-695745
324842
819962
902214
924758
660846
-365775
-290310
371690
-241697
-491994
494653
-354183
-447764
-692245
419484
947866
-554223
-903342
-367271
649319
-761419
596851
363234
393901
-443412
867650
420095
-39113
-961863
788203
293410
493623
347073
819511
-903587
-121477
-250818
711914
482194
988758
-599145
748504
982700
928843
-989510
551126
-470879
416886
72058
265839
965946
541145
914700
344540
91853
-259978
-468641
-302260
-547636
-612208
-641972
-634259
952697
548818
46798
-645062
-821131
-175480
-426143
-280268
521004
786392
-919802
299529
211454
-16940
423026
-108074
-800965
-912710
958513
103145
-877258
30394
652741
736861
-632017
-685101
-239839
-388329
-732160
-370856
-879758
84391
-969445
-646420
747315
-631470
959097
753727
866839
-432831
-889099
69192
-782573
-948022
413745
-10168
473491
123266
285006
472227
-320878
-931457
171471
151432
363345
959940
-288729
-376835
50796
-534956
642039
934902
684614
-180226
-328136
-829208
-790059
342068
190813
-40855
518414
-71314
514440
302031
546997
-613195
-659766
-415619
-504207
9982
-145501
290045
-93168
914448
360250
-137566
300099
810829
-759465
-509420
144370
152437
-828839
796269
-695766
-800070
560389
-373996
639775
868810
327848
338576
507688
-254186
-808580
837500
-8177
905168
-774811
-223185
984020
-83626
-845757
656901
-61937
95885
926154
-706982
-360609
492947
-360423
-846330
-666489
-361792
438684
-846844
966488
42725
576418
877573
465129
-259483
-279856
101397
-692258
-238348
-605139
606758
983006
569329
982324
-605969
241476
928044
919277
-668809
-47648
101690
-769846
831519
-948649
513682
-520189
667062
108075
266462
-141247
467640
-173420
625671
-22696
-61376
346494
-271537
50330
772701
96053
-656040
-652812
87257
627281
-93802
-67942
980400
241483
521603
-717448
277958
347336
440763
472882
-536169
-620039
-718855
-648018
110349
233002
-993846
344002
-313215
6766
183463
-809197
-381790
991791
216510
985554
-991804
486746
121787
452643
260723
-238873
-132525
944615
880790
189241
-669937
987927
-170099
771694
-731078
-947313
49459
10024
973191
699666
59195
-760823
-830200
-835217
-692612
232877
-13919
570295
280417
251536
-708186
729115
517866
442549
643135
-592123
497981
197994
-601128
159345
372226
-571304
-809817
-224863
-63763
990437
-549044
-959877
217839
-742412
-208001
77861
-363305
159672
-609250
-562930
-896864
868264
496277
-878891
-751622
-124385
-891240
168756
566737
939012
360088
885304
883819
-780170
886469
-879695
-665053
317011
88923
-437562
990282
-582148
-996910
-849350
327585
440352
379591
-258855
-468664
-471243
762430
362860
-869553
504761
-561685
576886
178600
450802
877305
-756651
139079
-919363
-344188
-504172
477992
-960433
520423
341938
-172727
-846164
797931
-40532
151558
-866286
-546798
-681606
-267557
923440
41046
121097
-784148
-802706
-992991
5901
-829276
-508241
538927
-606941
-769696
-882545
-208683
-560530
-443397
58617
869676
747649
-537296
663427
-190377
396505
-263451
-509392
338816
-524718
446292
951763
974185
-41714
475312
472327
294273
499824
320602
-540898
359131
-746393
-17167
-673499
244691
405612
83552
-657298
-615971
316863
678204
289253
-92311
-125379
-772773
959062
-932005
494811
467671
358553
726156
841697
-835765
846354
999603
33824
998372
16487
328232
-795652
132301
155719
63350
-597623
335673
97113
442944
751232
-936843
-524808
426373
634479
147262
-213609
-339893
-129019
-884876
-479640
11211
-524039
340153
683867
-624393
870503
367444
-84866
-454687
754351
889464
945985
775459
744754
-488907
-255408
698171
956766
-460157
633048
-724872
703948
-299748
-573805
499375
-418686
382572
285274
-613438
-889898
243265
450849
-948446
-323600
445264
192608
543837
765243
973606
181614
98813
892347
-815905
182465
-895028
-660950
-485130
-333013
155865
109777
-676182
456946
-180530
181255
-84080
321049
-814243
888668
721310
31086
792830
767094
444695
-293586
854365
907351
139548
851888
268720
-202414
-904573
910888
-660233
-605529
100326
899387
-145318
-798239
-27909
587506
398773
776176
-529267
647632
-428657
653229
-802310
796981
-655768
961996
-150985
991915
-797171
438307
164121
739092
-929171
244859
507486
50002
-216456
-125890
970000
-189652
227457
106802
263219
-344531
-729125
626924
-281243
5739
-675233
-315780
-782830
-460881
756236
-88684
-725765
-895774
-707270
-646867
-836643
-602932
637913
906098
304209
-140216
884723
967925
-564617
549830
-155776
267667
-238921
519990
-700038
-787205
-516670
57016
716120
-930300
-265639
711570
698144
273912
-945993
345833
487699
298569
720358
646763
678432
600880
163957
714858
366825
-298022
805253
855128
942189
926854
40695
-296707
582478
993161
-617381
-556882
-385696
913394
-627070
88690
-877512
520513
824246
-605149
539803
35504
-408830
-807445
891851
868427
-151411
212723
-515493
639420
-549545
937593
-807675
634239
913338
-625462
504758
-898403
314270
-350407
-91246
-872137
676438
-875018
482806
-486580
348182
630891
763271
-957129
872130
-154791
-471542
474421
812926
-8337
688731
858585
970874
81566
-243891
17398
498307
783062
-278172
537718
192838
258413
-472917
-605798
-829564
216065
-800119
372238
281949
1801
20448
946307
-918296
-285519
867643
-115947
-123981
-416703
909105
582561
-403917
-760106
-554197
357344
-145273
-792645
-241532
590052
483024
-156336
529318
-239625
-481309
-267756
-267279
685
809191
-76634
-973783
-871283
-837587
439017
385834
-26962
-333012
-959221
653741
-428670
74472
524305
-34118
-977423
938032
-227907
-577296
-51947
-164205
247143
233887
-462034
777506
-499541
-3035
824208
-511137
-257356
-343920
-530966
-407715
83171
816418
-231555
806826
553013
873544
-945118
755853
-144822
106678
971417
672199
-464499
-936659
-260346
-78180
360472
-886067
112342
665629
-289380
-718477
-219643
867351
-502332
229011
-892911
-327975
-688901
984268
-752094
67920
165866
-321996
146420
712417
-158657
-664653
-118095
72232
-320906
-689818
73325
569421
514830
330742
-748145
849728
600061
26587
-324304
217530
329522
-220492
-264228
391103
-762124
240008
63451
78540
-948273
-484096
404153
-387574
360395
-260628
433212
16324
621996
755925
955357
826700
-862318
-283377
-967622
-778910
550233
10266
-268887
-43550
-994770
184782
503764
-779929
385410
785728
282044
851975
-526255
926054
-470016
309183
942590
-546646
568777
-483471
-396547
-721258
720522
-21583
-806796
-258695
285757
46580
683945
-924033
-671830
434211
77357
-278917
-619101
935466
-107793
667327
38394
768019
165894
689392
-366092
337026
-482324
200008
-742995
775884
432367
-892417
-867575
-795714
-448603
-445167
-849518
977898
-709774
-675232
484130
428840
2913
842058
-208501
-410559
395064
19091
-246552
-732463
-147582
-599107
-414986
27306
-759354
608028
544602
186389
-563673
-451270
-852924
73447
509898
647294
689660
333427
-711850
-165241
-515510
-298710
350034
-52189
-318283
105272
-121513
366409
754006
570841
-933890
-65376
-728866
993175
754893
-487942
61597
-18531
-37254
124424
395455
-83713
-71273
282681
-782791
-265298
28189
760606
415326
393142
-3411
-612311
-85122
-203159
716726
871503
-500789
201594
62516
-50775
325767
406394
-570409
-329506
885735
944106
-606385
571255
551664
-429406
336240
-33897
172829
923301
848612
-805701
519097
-894574
-415520
761257
609055
542458
383529
666254
272707
612621
-179714
361088
-531077
-705393
200615
-737953
65458
323590
907116
394803
-368056
-948050
-89309
-646969
-96340
-519311
-211392
110550
-36579
-163883
-434791
-68309
15093
481172
13622
404937
-214017
210918
-60799
837674
878378
35215
113046
-450800
882665
-950614
864461
831574
-559685
-651818
-383752
-380399
75494
-757555
-560743
-754797
-771199
-890369
740288
27527
-663242
266119
545425
322508
256000
879318
-798620
403614
591941
412903
-424992
418693
-79629
-24907
991458
684612
263750
100168
365187
-179043
-134873
399975
-643701
507185
200167
648572
-632859
-674414
272836
546915
-224160
-595496
136216
-466824
259085
10652
716825
957516
647498
926889
-983795
161238
717463
26490
421684
697006
844135
-608646
823641
990262
122427
-968132
-968540
-264877
-140537
23490
-562854
442974
572175
-609801
332592
162273
-271688
821314
-329436
778741
-217749
593348
-53562
14841
719486
-659123
-783024
990071
-629179
952645
652681
231836
746780
-246066
16618
115068
493012
743718
-954043
997032
405106
-865364
433522
-116882
190826
-872705
827846
177912
-650849
-23792
-975961
-116000
29275
-834783
88011
-851254
938457
572487
-219918
-245519
-491730
805521
-686711
544836
-541788
-411502
363666
-58138
-542301
-953293
882918
971211
-963153
-958578
621245
-645595
-667753
-689525
867725
780787
-533152
167614
-430790
605255
-612467
-35945
537899
436116
607414
-420401
607040
111198
450241
691499
-781176
-787057
569404
-662825
5773
-531478
-567614
867470
449921
-512354
914032
-322290
329703
154931
-278835
-513
-256532
277873
-923584
-458486
-23232
809033
-686068
-931394
949270
538837
714750
-643763
87349
449127
901863
-585191
23880
213190
-656545
-539705
729115
874282
-210276
631353
-471500
531234
-97764
538112
-114406
-194110
920495
-502049
-173977
-558557
109618
-363470
847203
-880787
228133
890655
-379010
729402
967625
453355
728740
271244
992158
693685
545652
732750
-857183
-213842
-259578
922373
936123
348369
948858
617178
-110457
-469969
-996289
452167
-863757
780961
-895347
509036
922005
-18899
-393572
-560455
-989076
609277
-542343
519924
-557419
-598818
449737
273533
-971882
-577216
-923199
-695892
-421645
-168398
778269
257754
524298
-976139
722208
-117189
47852
-782800
471964
724963
661232
777075
-957180
-160467
-769630
-998704
-500219
95575
-917010
-828642
531695
99713
946539
-379306
40551
-503980
-906712
-652141
-469615
-319167
337099
971006
242829
932219
-694940
-79916
991909
-16675
-805891
-398892
243401
866354
608930
-818593
-206175
27283
-832220
509660
790313
-229093
978334
965339
-86347
774995
756206
955475
-897531
711294
-784420
-143764
732513
-308853
635657
566559
578968
810144
-470669
-269822
-394442
-774305
506262
-498754
-650495
915281
478590
-600420
639745
-950220
-313285
-434806
167463
-321816
-951315
928881
96880
55287
-882948
-476483
387594
-50113
398124
-748809
-903874
-774211
954278
-364501
514259
-380379
116539
155452
-166823
714964
-297485
425542
399679
487069
119356
471362
-175446
692505
-821780
-109151
-236042
423771
-337710
378740
-585940
-597312
437856
-116782
535936
-565658
-927656
-698202
-533949
-804808
18367
21118
354493
-125480
-155572
320287
-811114
-441854
-183211
934941
863360
-599251
-365087
212209
17771
-717772
-814560
-652269
-106427
-910492
-761277
-15424
11607
-584814
514409
61086
-703412
-424353
397905
-194604
-393245
501731
42861
262956
-934614
874872
918084
244707
-310127
208909
-765642
-275098
-40250
-342694
-33152
-216956
661470
748548
-71271
296447
-275724
126696
90021
368736
633928
251218
944450
-291216
525790
-102679
-366813
133566
428828
500173
-100574
-888949
880846
923976
850851
-54711
41118
923409
118558
-522522
633582
-378026
599575
-966274
648986
475726
-881494
-416427
800644
-70174
235413
957908
-100960
-601563
415104
689443
-795478
948076
-931927
587291
-630734
-473936
-346523
694
759308
-230826
605832
493093
-344067
-646400
-36002
775961
-61333
597076
-858308
-136263
-748631
-756659
487532
-520613
832847
192415
216036
654444
-302472
428327
-188473
-452960
583501
258942
711607
900273
844150
667500
529377
348618
-170302
-208716
566735
878991
-324293
-241977
567814
649674
-222134
-187831
-21873
-975054
236639
-431812
-766601
713402
43752
123763
-79535
182168
-540436
-900819
913095
361426
29697
351514
471716
908932
-703987
-779519
-187498
-548197
-752085
311153
147533
671308
324937
-53572
815041
676234
-819812
138156
402515
-393523
-775796
725047
-637814
489674
-334052
341881
710245
-306967
970705
-475979
956604
-121613
826019
-828876
-305474
213862
727785
931262
248513
-109365
-387054
456537
-558037
-471491
-887116
-990875
595879
434307
938236
-658023
-246897
494207
-832941
-663554
-475219
-865408
-523620
913227
-746810
-282678
-457378
841199
-524723
-269718
-38924
-14285
135434
858116
688590
863689
-568652
-62762
-229383
342998
-401596
667698
-833440
425585
-486605
814948
199623
-108117
186797
-364102
-91546
469941
-891418
446484
-196027
728972
-707112
639134
28999
-84354
-769420
781366
450710
638667
225542
-803075
206894
955428
-377747
326708
-621788
327218
267662
93643
525066
-638606
863437
339109
159252
725142
-988588
-309171
383407
419664
-725690
475713
338441
-727186
-408739
-916899
325783
-537249
33843
851417
487833
494478
269605
-890398
-703954
367212
95510
-343637
65623
402658
134631
434035
590258
-890273
-529117
142907
-746757
-338774
280787
480031
758128
650035
-249150
176824
951719
81721
-79065
-957904
883229
-998831
385982
873222
662640
624954
594550
130906
-643607
-907043
-48071
657330
335555
-524981
-291964
766982
-97461
592047
-807040
-493642
-255484
-626188
287177
-375098
629481
49975
-101035
-492321
322455
660425
-724638
-220573
-679048
-968331
289648
289636
126586
-986270
504865
-936831
370551
-534270
-293869
-271453
-424720
415439
45980
-542478
217358
-726664
-246999
649611
-998331
-533272
231913
541569
238152
731287
393954
278189
662769
-930678
399357
288079
-357965
353433
345478
-859153
599002
636290
557879
582581
112881
128568
603401
460933
902582
-235849
-428852
188084
-589321
838862
140941
-899993
475827
-501143
536687
45445
319453
116406
717929
-328606
505901
931351
-646504
-227693
-687329
-787479
641546
409428
-620729
-765946
-416068
346939
-748360
85437
-507046
-930644
494222
819866
635316
794210
-44325
-855830
-7954
-480787
-980541
-554023
597161
344504
992760
-671898
658438
727648
-368695
376171
-329324
619851
141223
216352
-583998
680455
-534635
974000
-694366
276532
130728
-131592
698506
259245
223965
-643928
-481598
495914
890452
-101471
-498137
511382
100779
-404873
-459298
-891647
-787568
843623
-344296
121628
689217
233524
-927126
-143633
-310672
-579783
-724179
995598
228220
950257
-679460
873147
435676
-140177
-965454
-288735
-968754
-722690
-174107
-291665
-251738
739816
-56266
-672714
-810828
-878240
677857
-496163
566409
164620
311393
-295921
-730828
859290
-111381
75807
-250160
42071
-180469
91238
477163
-805983
398175
112396
-35767
774883
-499374
-769310
-424681
-511879
367052
-124335
-965204
953521
560508
-265071
482591
356065
-791238
368215
-882222
-616218
95609
-917583
-506016
-777943
-484075
701463
-102205
-345496
-373338
-531166
199154
-976225
149948
750620
676780
225527
979431
562684
562976
532019
-269865
-931405
230516
-123219
522446
816061
976193
820632
532400
-421316
-787033
-867434
-499705
227786
359574
229711
-434843
705136
-892976
-989311
79959
564681
-379576
-446990
745053
614493
569625
-77363
625048
236776
508924
-651610
992833
324271
680883
-48785
15140
69741
722688
417361
661935
-26621
-848455
-14502
913227
-209856
-167274
8625
-347987
262058
597465
451128
-626298
539880
571778
696096
901749
-573433
-251713
762674
-992933
85179
-271303
827155
-218235
-624677
745734
914903
829924
525317
-629725
144169
316246
-590697
321929
847870
34181
337786
6877
-60830
226256
112496
557634
291738
191084
-144714
658271
21427
-682903
-128730
759228
304577
502213
410112
954608
-623761
144600
-795506
282575
333978
-617807
110006
-103920
-712575
-327789
-467459
264740
-17082
-148393
-290902
826396
-183125
937193
-707055
770670
-493867
-181719
-638996
-808398
-780074
798027
313135
-626345
-215519
4268
-622847
-916630
-129578
-435073
-644761
-111160
794040
118117
467391
-600619
791667
97303
320469
-351833
-486968
-6950
-753074
777557
-467857
-443384
401019
284255
700117
866709
-682857
543369
-953177
456039
-697887
645226
-435180
-370051
131395
-849114
-882229
-183088
-574033
-656839
-144701
-25285
-423649
-632897
-529915
-633446
33923
-223651
546971
-328706
423421
-286311
-975222
190772
189905
291915
-452344
-584981
247748
-848769
254467
668498
-691595
169706
-67725
-736710
-615948
-263582
186320
921647
944152
715472
473458
-99261
-124484
-161669
806955
774036
-982761
-164100
-893066
811722
-713124
-58687
379129
-231152
-842809
542970
300186
-81680
-712122
-253757
-332012
-119562
-741435
-322624
185966
141812
895072
-243232
-394666
395209
-423094
441202
326252
-850276
672421
-182403
-98025
275084
409996
-118655
-971469
-740603
-29033
488273
260923
186075
841106
-478841
25766
657334
464335
-625744
-504084
-269243
-114892
158435
770700
877254
848336
-534311
-282005
-522737
-188921
569851
349494
-40124
-325444
-957989
-44393
-78748
-815840
453692
182868
127830
751780
184514
-875465
246422
20546
-755009
-189057
-33825
-556419
624556
683302
818528
-995546
963678
977647
-791769
323285
-611092
-581641
-290082
-956240
522509
922933
828947
664049
934658
-765340
-602807
142748
202470
52503
920149
421543
-215960
458079
759194
235021
-973796
-669340
928251
869300
-972774
206791
-915259
40233
578007
-751936
-398295
-801597
-558754
613713
-715005
40869
-682478
-622773
740131
-463424
-900595
601148
-651894
946362
211248
-741892
579845
88831
402627
492369
233630
323422
120693
-389956
77835
-791443
-596947
-668803
695529
225114
677428
-515670
769053
850939
-163218
697584
-966901
421438
-661661
-265847
-84069
-166018
468570
395237
733049
-855455
497205
639291
-666604
666585
-695695
-116458
-291162
549223
-720923
251450
689342
906439
727216
-961168
252759
476857
-25095
936572
35438
869912
-242077
132020
-715373
-902913
575554
-304267
973330
-561911
-600053
-892115
-713260
752679
-76016
-235493
204175
655352
371441
155088
288553
639240
-764371
746281
-15670
217210
-570600
951660
13772
638302
847462
-192356
694011
-825040
-498568
178839
-11433
-809034
-973435
-250065
-238145
477641
-906390
961629
823232
298783
204009
-531371
287369
-484646
947077
-618094
-379191
-333784
383189
771545
636285
-798213
-796527
485275
-85748
475044
-513140
486938
913442
-941634
-174805
-218834
24854
-419109
-215
577452
859607
-173493
-526538
535831
330749
566732
537184
333363
-435851
-641997
-592925
61672
-178403
-55428
-325665
-459970
-76760
758785
-316261
-275348
-908954
92019
567555
-440178
-337485
-90035
-833042
-591223
-169727
-301560
-337794
-365013
977434
710250
934146
78181
320397
860848
-439979
635169
429626
-285720
-532657
-190023
-319923
480183
-60137
26806
-298623
26497
156977
351038
-560938
-410315
85575
679109
439809
16736
117457
487133
777266
-635409
-297928
5337
952196
-923498
641906
349913
-987826
-54904
-80291
317021
111536
-588598
892610
858982
-509947
961128
-122471
735525
990724
678013
-707451
-627092
287290
-717824
678406
-532941
461361
459406
-401981
-229115
176385
403875
-893202
910321
-316620
-210812
253075
963085
-122165
-885783
-932557
77496
444798
947206
411300
-643745
271803
-737863
67335
98935
600353
-493975
510573
-760908
-221726
365069
-136782
-871213
713360
425167
765695
-513020
336548
605457
-202262
453529
-333704
-820597
232168
-210070
993243
-744209
-991766
26894
376002
617926
228861
629720
-79035
-921584
410430
716612
256411
351036
-234963
-183407
301131
-836566
962833
41828
639134
850956
47460
-774956
601226
101024
109828
145231
-214126
150115
293910
-529127
2626
-507399
646173
850511
-707391
-678745
-893115
-239915
-9165
156433
-930447
-391363
-387775
-735570
-276303
-682801
-344249
777460
-785725
-913979
-584057
604020
414642
637037
327627
-90556
591242
-100162
521526
-624117
362704
2681
966525
788766
-357928
207104
-747728
-712028
-777695
-889510
675987
-642713
-374847
920927
-106111
308280
739412
-160277
-416159
780533
769496
-431583
842412
-776768
-329619
168069
500117
560682
-157647
62894
352497
-32718
-56122
-409111
911651
-617841
-173492
697267
94031
795089
600578
879144
-617720
-802863
792596
557950
51806
108819
-22777
734324
-401097
-769882
930154
399766
66202
612141
-957512
667970
571392
196727
-914661
426089
-433236
260219
460526
-158264
-384965
742843
-518409
-393322
736111
-347380
164422
-653230
732624
204397
409982
-350058
472532
303411
-68458
-749716
-984881
891312
981029
-569240
618158
-841577
-578071
-772736
-160470
191384
672108
-13828
879980
265125
149307
-219030
727173
-617251
953059
-557563
-294786
-389321
827135
-269863
-956748
-869489
26531
268145
542233
-89644
-859558
24896
512159
180095
-340713
95714
-39314
-491707
-931497
412556
-533053
-786775
997301
735956
-984047
944689
417898
-527536
955291
47703
-960488
-461524
-790563
-719885
184663
550755
-756706
-277301
-232206
666134
13715
-699762
229198
701708
6864
-307148
375889
195151
202407
-370212
400622
-56228
277729
866501
903551
156779
238261
618552
-284345
-346834
811225
-22569
938187
160569
-382200
-981029
409062
-828740
28008
751008
-388243
-984686
-438051
109760
-557226
754475
-16792
572454
-287651
-371955
192206
-536333
631784
408077
341223
-540192
-93757
194724
386085
-397272
154725
-793472
-227921
629368
462229
-407853
-575424
565786
-888923
-208567
128653
-534104
121405
-823568
843277
-891904
719599
-449582
943584
-541492
-846226
23563
174988
-912442
70866
66179
522841
227577
14223
-674471
-161579
-246965
691050
-13084
-405764
126371
20111
582358
740219
-309924
-924979
482686
-273487
801599
-984079
-904898
-630120
-336242
991212
825037
249257
-340141
-999129
602069
141953
-259735
-993440
918771
-496648
457294
-563941
-434535
993097
112637
-67885
-139879
-46820
702229
1413
970339
-267658
-936585
-177399
510851
780198
-424661
755489
709972
305894
-363539
61788
301017
656990
-586867
-1041
248588
-914785
-168799
-460243
487058
-888805
319971
-948600
273710
854930
-779026
-14199
-231309
-138278
380396
926041
154395
679802
-513616
-460068
-345105
752928
72130
658382
431152
257578
730669
406870
-946665
718776
624015
-299954
-7548
395858
-379827
-726016
-174054
320119
-723270
854253
-724851
-629338
-853040
576915
922863
-463579
128295
-203117
426306
239741
606891
-801211
-283992
-735324
18510
-395383
248512
100651
925531
-608822
-177198
-976884
-968809
608424
533000
-812017
-96121
171562
-239941
-463428
748868
-192438
-115938
-814554
-568671
10218
806445
226537
-158384
-521683
633317
-572449
830858
716256
-718438
-576457
-942722
-906550
287426
-747579
199629
338322
920650
-139051
-326868
604407
-485029
619383
327107
680998
-880627
-89767
2963
-422445
696937
799819
-887825
395561
979366
102964
574667
674465
-462815
-573768
51472
716131
-402744
818314
-66425
-156033
11282
-284360
-931692
306158
999646
-13258
-763139
560064
145207
699001
-259595
-809113
-525801
779932
755613
181044
-384829
15237
-9216
-787184
864629
-959523
-445301
935468
649965
288661
692193
925092
-995915
667116
-75812
849048
482509
641973
976224
-671514
-307367
443257
-824870
-320088
-528329
258316
148864
-796584
-133118
-177006
485513
884015
604530
-381883
500810
7032
396545
-473719
448198
-990776
-141881
-850759
-787606
-717237
504288
-789536
-876840
274240
-752377
688900
-695433
227879
303516
-710525
-471638
744557
-110670
609410
-657357
-82640
-4809
547337
54394
15835
-249193
-690297
-233115
912067
514234
-417343
33124
-121488
693912
553822
75056
-503086
-719930
-834639
97560
-841148
-719889
749836
-623998
383201
-927752
905907
-190982
-774957
-522784
-441015
-951839
549337
-989895
541579
-902051
367745
-936483
-730526
969677
-51219
-235520
882787
753675
875216
-466848
-801004
-809043
479706
-29312
514833
218815
838240
-32561
589449
-899485
-795886
-726044
934754
-557477
665691
-761626
-822070
295130
82256
40038
-244048
-666379
487618
341743
234201
-269121
-380910
-562338
-656866
-431409
-873644
172766
827844
557200
-239892
397054
420584
-759928
189625
120491
-778398
263362
389646
494725
-232775
-783305
-489031
-850327
558671
113345
-529481
51257
-598284
-645078
868496
-845426
937833
868957
-57687
286580
544045
472831
283805
322402
-847413
-459447
-146574
-579985
517524
-466384
561722
797243
643936
-634772
-244442
654349
-52967
952291
259214
-866919
-415010
657786
-856145
273178
739844
993231
-53830
205520
-899637
378389
958068
556436
388405
-841899
-31327
506162
889787
-971959
862986
559184
-397500
-1480
-181934
495335
355172
-430186
838641
-529178
-47574
440823
-583978
-397880
110608
-30965
-261979
-582252
87054
386669
-147189
454079
-42576
162125
-630818
-746791
843350
-634044
477912
400284
-330979
15334
341385
-944989
-168537
389686
-439785
198515
-295768
638668
-297547
-897325
785834
-552101
714750
-286764
971565
829515
-754583
-798002
941707
627612
169394
-4200
592327
-481770
81245
-173535
681751
-503759
368698
843200
-837360
-127675
276529
-545282
-118364
-602202
-783922
864945
173283
-272217
934648
-781872
263244
399380
-381065
154529
-156039
-820637
679786
914407
-557765
-126133
-561784
824870
-252871
173095
595602
65145
-997992
447612
-608591
-927814
-562224
-185606
-305460
741165
-232960
-942457
-365920
358151
380824
378553
32544
-226709
877510
-483676
-847834
128175
67606
140312
-843186
34842
-490112
-364383
744465
-352142
-566156
-868727
-15849
-9467
-350658
861047
-404206
-185443
-411436
837882
-184394
795756
-99605
804770
-194951
668452
725089
-642704
-968200
-861244
-263357
-666710
834840
-323362
-533701
-506387
938274
432509
-701819
-987785
-600975
-979975
541586
677220
-766074
2861
407911
438326
871363
549209
605034
-904191
305817
169942
-526919
24242
969991
791068
256983
-271405
-187709
909051
-67931
-211321
577114
-944961
-468088
711763
932637
-646145
120212
-697687
790415
59654
-429753
-587929
585325
62954
617386
-498270
682041
741490
-172256
136177
673894
470395
-344637
877020
487141
290508
685318
-183445
604336
-783347
-463365
-350520
-588677
-335309
-324967
980432
-116938
-80681
-830644
-993185
876489
-776133
-933213
977418
-794634
-664522
457753
515857
800423
-306127
27862
-950723
-106851
994274
-314194
38915
637633
506396
-193033
-752192
18318
173817
-789250
520839
-611229
-144499
-362330
808961
-356699
-58231
81247
276581
-167411
-221311
-543713
838871
-891687
-442293
328421
-481688
574251
-606495
510254
767893
-10503
297104
-753591
-684193
-285825
-640072
-241473
-591258
968922
-834912
-383857
118970
-760571
682362
780887
751925
-700413
674240
-375708
872898
633672
-615515
-56576
344318
526218
952590
-40516
629494
-766493
397483
-99410
-426606
-249200
470633
271182
-918151
-123485
-61532
870233
791017
-146009
904065
764428
811684
696760
682053
565193
-258198
917394
522432
132787
167091
356466
-756431
-675592
-731894
-426990
-818166
102750
-11624
-914040
701184
-820026
-258462
59623
-519815
-195422
-449570
80212
458607
620508
-669651
467801
962588
455183
-347993
-480742
778389
538921
-981795
-271307
167161
217096
-932658
-509735
-55221
349113
-130016
-16237
-702497
505893
-869165
948651
-154339
-84701
295881
-398950
394721
-65034
445488
379872
434516
-708842
718355
-458042
-65308
-471239
190767
-808673
208797
-493282
277979
692508
-940976
556733
940878
384306
329496
563174
-992015
480312
-377405
-389435
-109154
242097
120761
720691
372316
-32797
-817732
16542
-596178
-908247
697274
37359
902389
508076
905121
-112768
-231424
-514648
613460
323990
-5614
-382613
269580
-780916
941657
623810
-491277
-481878
581486
-393241
684568
596440
-822589
-82884
600762
-598760
322809
-747122
-68213
-225514
439178
387307
567823
-534534
-737599
52414
96717
895450
780293
26588
440329
-280802
903756
-70605
-413431
-83515
913702
77096
747860
-811006
748487
708341
980784
-755784
-772380
49670
181053
-969331
330481
339074
-693025
853500
993202
622357
-585193
-483796
281587
-286513
-714664
-422110
464535
70102
498965
557333
527831
80895
232192
-645642
-609006
-151612
504119
-208750
-252346
463029
-401817
892784
-216042
-689283
396853
333347
-680415
-130233
382229
-225270
172442
-938675
-237216
791033
912937
-109655
-909046
864655
432316
176105
-606912
-735587
-646031
-721201
251883
-978114
70226
632850
505230
-437914
-998441
-675498
-193676
567664
746208
-378618
793519
106946
-67389
-985680
551441
-387346
-692672
-284110
550700
306438
-925552
-599309
747866
-606451
521434
702201
304379
-421165
-797988
-157417
962472
562554
-878066
-856419
-556960
-675118
864669
-340994
426794
-619893
639372
387677
-106127
452492
549229
-601193
-128836
982630
-825125
108796
190635
220367
-928678
995118
-645274
470231
863875
-646095
610816
-312720
-932840
-369934
788530
845305
-487777
98570
-823560
169783
-645732
305417
-712042
-759620
32238
-460706
767085
835934
-908337
-463462
747123
499463
251983
164831
48351
-691167
846279
295838
811795
389421
-257928
-45653
-333953
-322200
746523
-485179
-900331
-184749
-774532
987653
-638426
-179258
-435259
-830778
-38039
115160
-252049
888520
-718781
627898
573689
-375761
849463
-844872
392133
593590
345683
793461
-256642
-587493
-147800
-70456
655819
-552573
319172
-924294
-80867
309236
491223
555211
731820
881312
135101
700020
924632
976743
672686
-565158
-396013
720746
499329
433441
-979498
-450247
-512738
752768
-510686
-494332
-583253
-327956
-210103
948476
-697346
-989192
-240361
-850498
-986527
592962
-560124
570764
791913
531838
-779014
-680996
-773366
892908
-61230
-760158
737077
-723657
-29208
947363
202935
500881
503936
-576308
-528708
469277
771938
87085
86889
101108
-655451
714887
-9453
866569
358488
717802
-997511
978746
318744
-686321
-250006
251061
-245245
-171877
258477
-232385
-826470
-929340
986872
454453
-131046
-464452
-1817
-637780
591598
701069
795447
-817690
-974805
-851756
-244287
195529
639274
-467221
941383
772181
452505
-880622
-133627
-260493
164809
36469
139244
-363459
120771
97600
615155
-422785
-281009
567114
174153
318264
36276
-100861
-771622
-445364
-859665
556585
214728
-470490
582343
-393666
-761576
-446888
-417563
804493
515057
-100869
59624
699701
-598256
-759226
-810131
43306
-71324
360498
-355144
164602
-982530
-730732
344128
703604
-219783
-948846
978830
-499851
342016
779041
477026
42052
-195356
769402
54718
284335
276830
659227
-301744
960968
-199234
-721701
811622
459004
-990400
998645
-722110
474799
318825
-798298
426529
586644
126419
959938
-975981
-160592
-208378
-824784
-250142
-987914
90246
931542
-715206
-333146
-22006
-579594
475215
708206
430049
-198186
675738
-15408
-856639
106020
136711
860741
-509221
-977044
569787
-229175
836538
-26543
692793
323314
593234
158154
-856476
-774655
-989246
-565821
921054
322450
308205
949710
951777
-133507
-107149
-105531
594270
728527
567386
-922046
544842
263186
-47166
-31694
-214170
-275569
-890796
-790441
133842
-882299
-951933
-719905
-184329
50231
-735436
874218
-211981
-543605
-523207
664271
-853265
-830532
822065
365713
-377290
551061
559443
-538267
668368
528077
383550
-220035
567301
15443
-47467
-778048
456086
-35096
640227
-911548
965552
406991
-191379
-188280
-469832
-298164
-316822
69191
-9021
-84932
331122
-958495
-697456
-117415
-249060
941818
-854096
-773715
-252001
-618010
-896796
430932
-767355
503623
-882812
184245
582047
879550
42363
49697
-939009
217417
-745824
-708262
430899
-944292
915671
907390
-383075
-130433
-101621
-655598
863779
897199
198590
-104954
401954
567439
-395230
-988065
-400307
715896
-64162
148314
-645156
940678
-796881
697836
-883442
-204568
704057
-745528
-321682
468856
-693496
870687
-564769
736654
588348
99078
876444
-709537
-966192
-342588
774821
-360694
789320
530977
720462
519404
-939593
772863
-814017
770393
-313476
-181241
-860467
-52776
-356883
645563
871773
-284100
204312
152210
-896885
-427338
-134839
-377641
-29805
-613669
755453
79
-339673
-979053
356564
812055
260584
7188
-948503
-205112
4617
-170319
422050
344771
842216
-28689
-927824
-764177
-181230
432919
710186
-280564
639783
-708204
608514
744449
-106911
-364148
-953535
-135415
-80714
167704
-792202
66499
-206121
291640
-986434
-354470
-584047
-25066
485809
654675
690285
-820717
-110088
-494342
-869441
148035
53822
-277485
122985
228434
343793
-918938
-324351
-18795
329608
831370
499684
-490350
-215540
161200
-769767
321891
-990968
546098
-40111
138087
705148
-453569
-216780
-754497
-194719
118225
-823572
-983574
-96336
399385
-125190
-334210
-851216
-882993
356825
-984707
273528
566573
-451523
-845257
-751897
-813729
-321675
-377758
-752080
467854
275598
839274
-593748
895513
-32047
-868351
203978
-689386
-8387
-294657
346885
380642
865913
-337557
160653
673977
-365848
-801984
-933935
-114229
504403
415295
-942382
-774814
741247
-359536
-78258
949091
870893
-683897
675031
-505533
-182418
137405
-751514
48434
562951
-908963
331305
672610
-808930
-850331
-293617
25138
-698804
-518463
83018
894555
-995014
698736
-748982
224483
-466966
610149
-643845
53936
-23088
529604
230428
-664410
-627217
757335
-988212
25496
-461181
-242413
-284112
480295
-300463
-745365
593556
-273132
485588
615035
296225
449782
-965534
491679
711897
49843
247681
294428
29399
-715247
-560435
14302
471516
-142476
-113312
88059
980644
-426894
953104
474806
880180
260078
248715
107372
-213147
971480
-436300
-150037
-983437
567219
581863
645804
350658
934736
654361
127716
723694
944395
-548382
-237130
479338
983845
810374
330153
92139
-804967
-656769
395089
-41584
991254
586270
-417407
-613524
809252
-972461
-991492
430928
-583570
-299486
967240
730591
-302778
-629772
-540916
-175280
5467
520958
-641534
-773514
-884453
-867797
-332929
-706921
367847
-924847
147761
-310153
185818
-271649
776506
356886
-970919
-69922
956542
863363
883894
74694
224673
-104074
1240
-899324
-413290
-168196
23785
-607894
320708
495150
413446
286480
896559
-996767
-377301
262272
796070
940172
-894308
-407331
-729944
753411
375593
149401
106272
-907301
-223121
862354
-113183
509961
-166490
351052
622279
852667
549215
-145138
-698111
921971
-269625
-552896
-666863
-329549
772663
-980377
-721556
197950
819508
-923260
931782
-402454
350470
-758638
16293
840411
845300
870473
783847
873428
850976
-337446
757643
-903828
-742574
-391471
-538768
-360695
-825230
475428
-459975
-919950
167153
-754741
83360
-462446
-424436
-294265
-159853
-745134
-167422
-292788
868236
782646
742860
178096
-215574
-732496
-151097
286195
-15715
419162
450690
-835481
966889
151430
-139956
-244758
-558342
817568
-912154
481672
-375694
-892922
-718274
-774200
303532
354566
-943918
803369
469685
574174
-997988
-828558
293535
332307
939398
993029
354555
117584
-380222
-219606
299968
498432
-792620
-586778
232475
-866759
852555
-624782
-95293
-810876
231088
439341
390672
-659682
601515
747682
766866
-784124
-619898
198159
722624
624126
-728574
-612674
-730164
-93974
-350788
-374479
-760912
-836076
179159
707893
4413
-684010
152294
649165
-745169
-780581
160774
-672522
-381171
212617
-334801
269420
-637651
-876871
-381051
-500534
-60717
-181156
-679338
-807526
-753929
88703
806248
866257
192442
-133310
-795536
177065
763117
-411200
239742
145051
-830002
316401
616378
-868544
688857
-167818
644536
-390757
-816039
299984
-252608
-595507
150851
884516
807050
426253
-850636
-496147
-446576
343194
477301
806543
659037
657958
-676528
714400
746948
798160
-185507
-185932
-760926
721876
-8227
-579418
-58016
57131
343575
732187
-712648
-830957
370683
-648911
872887
-438772
-207145
311631
-314677
-785385
980667
152150
649221
-938507
-529849
178063
-981555
83571
-549757
199241
-391985
-884276
-611256
-631847
408312
803287
34836
881113
-41798
265466
-637799
858368
246573
-538322
-758041
-677277
-971376
-855758
-222472
412536
-757740
591269
-617528
-728637
-382815
200049
-941199
-108639
-11271
-202063
-104817
783698
712717
45539
-290985
691362
166280
-768021
854628
381596
-285751
661967
877645
-997350
301322
-654061
547459
129966
195514
-577049
-956096
723468
635103
708291
968331
-676832
-805437
57043
-582175
612512
-138615
-773559
-756144
-446593
757048
72858
762858
-641963
998297
-580367
-455522
774167
516480
38736
778676
-351222
-573137
-438179
-918902
-976826
45717
-880175
623995
269011
-964252
-838605
370302
-779092
-942863
-667584
176794
-10470
-759028
357844
-465942
-510401
-636993
-49769
505473
34344
-550067
378809
127276
547516
-165690
-106041
412724
483007
-249545
185080
539883
889144
-304084
238925
617079
554798
-322622
666788
-226409
255107
-590820
-629634
-442342
346960
883703
-386117
371425
-609941
841837
463896
-396860
-575578
-9711
-944212
-849312
206101
363298
801041
787897
502139
649986
-335283
251868
-137250
384194
342430
868011
-919559
-613216
545664
-388692
-998276
286775
-98070
40789
135166
535800
852974
-553827
-932912
982513
838380
278852
871282
535216
746704
-742720
-531611
-490841
-918889
-647752
-679747
320880
-364903
597990
-796497
537867
133696
-499783
590575
458606
295458
343990
-190459
736033
-450037
-50060
-170090
-698969
-682695
388703
17792
-253132
-821432
662595
424829
-497044
-52187
408242
222961
-217256
-819405
-995152
157957
-176448
-760064
-589447
445069
-137587
885566
-245695
396366
889622
-657468
978864
-138394
730578
925025
380027
-237231
113200
-351006
447040
-60356
210422
22965
55333
382080
826203
-46007
-24750
-148898
224067
-95302
478812
-972747
-439459
-620547
62947
-933280
525471
935428
96739
-840963
48839
634771
-746655
616785
-584928
-587029
518251
-592328
-737503
634803
-258759
636642
-803682
10382
235248
-192208
707138
-758243
209003
-625572
-412795
-599441
-644905
647827
275505
-238269
-643697
63590
313895
849328
-23814
-573933
-74395
113155
-449867
-356660
-680621
-603586
517896
-881640
-394531
832165
-379481
666886
-810352
-181377
163309
-840874
253687
108236
808822
-697222
-874515
-711741
-280746
-231110
-980657
763185
850946
458487
513617
21486
986426
-191504
85641
-675195
914028
254277
-995390
-349761
53722
939634
346836
596841
84115
-18685
-264514
121335
-197594
571078
635837
-654171
70771
-568603
-748255
68237
257056
697770
-459241
803549
-718277
-148664
-273525
-758945
-601302
251069
-110048
436522
909019
836158
797241
628966
-122388
-110963
362670
-529893
-298319
-31573
249287
764507
292484
256773
71604
-432823
-14251
649341
-590690
-758025
225584
724971
636144
-17891
-232476
-74897
-881041
184173
383429
121766
381700
-698215
-364975
986578
78906
-266163
-331727
-532442
895141
981158
-722709
784307
-508466
20944
-794289
838358
224749
498283
825544
-105588
-492506
282980
483149
-864265
266108
-806865
774744
665723
-482047
-339373
139685
927113
-624081
986209
-541063
-998066
-137409
906708
946625
811519
-210198
720241
754917
605198
359639
570889
45377
-27864
-128488
-161428
-482641
86788
-693490
-615921
-97644
-820441
-785804
940391
3067
488368
-309721
369313
-59877
-959275
-708957
128185
-172191
687993
-844149
-522473
355584
-12240
-543480
13755
623675
513655
129064
538306
477155
391162
600989
-802673
-873156
897737
659097
-160689
-989019
-408686
-792927
-478011
-896913
-429631
802443
-460266
-369665
821713
-310753
792182
-411231
382439
128614
-711053
289601
-605338
897502
110537
972956
411878
-146817
-750677
518411
352704
-365159
415541
330198
770701
125987
-50538
-760157
-676693
756543
-564510
-317422
257147
446771
325346
-124001
641177
650597
-844206
-995913
-424773
-565051
504082
-34429
138544
562720
-529618
-742402
216691
181420
-483915
-782292
-271613
851577
-525709
131184
-760811
491196
-381697
-664253
-8317
-796348
976216
422240
981556
-812764
-43552
929314
-580577
505595
-589675
-602646
15524
973984
505148
827359
772407
605667
389248
-877679
-49109
-208087
930549
-809673
211763
-846799
-610626
643913
274505
22227
-948796
-37507
-616424
523546
830259
-840248
415165
375259
781856
-756618
-619199
-111036
474607
-22815
185426
-824394
-169016
800306
-242963
835540
221517
190721
128171
-642583
193648
545730
-6229
770174
800301
-358639
582989
-689417
-480372
-195934
381028
112570
-565320
-2190
-980378
-951649
-728372
7729
848020
-807798
870055
-509383
945159
466820
324428
331112
-414345
-348324
-192733
876634
460030
892617
-719880
946497
288923
932979
438869
-877038
103517
-807843
-304604
-481588
-523568
872730
608407
-413449
-476437
-204063
546562
-796703
-858121
-271794
-133005
-190635
664836
-212327
-258363
-879524
-280760
207539
-93075
918307
-287389
-306306
93030
127585
910563
187839
-234229
-350123
-803711
-117005
460664
750116
-22716
-682434
301745
303941
385731
786679
974619
-934976
322864
-883215
358664
-114362
731718
692092
271709
305417
-419042
242601
768591
941538
-820081
-139735
-295012
-541779
-263857
729685
833821
678791
9740
-496824
625245
-136078
-298719
723409
7893
-75079
-102690
-253224
-210261
-598386
-978637
254088
67986
-769817
-292884
-981284
-949102
-224978
-588022
-385920
-988139
542315
-270431
941812
424724
327908
586909
-798457
-301598
894451
-176403
-986249
-821294
582524
118764
849723
95814
-942115
52281
471721
-336470
531449
-559621
352623
-294743
-508438
913507
954938
-661645
-108739
-49116
-182248
464638
289835
-799819
-384653
113036
-47748
-614422
213727
426313
907354
750884
-772508
416126
-199763
503276
-737800
496471
111831
-597293
-385418
825454
-736239
-432448
852855
-329924
-194145
-307088
65480
-212813
974891
-785695
645656
-559102
-155125
-448835
569281
870845
545965
402077
-770029
296860
-559052
-968015
306365
628906
-565594
523011
374496
-188372
-280128
571202
482594
946135
224048
765145
-417769
-296057
-892834
178579
367372
-187986
521902
-249140
-400361
-995197
-853981
-350847
898510
96679
-316525
762603
200864
-511330
-905280
-402131
-165594
-361525
655692
-15274
-410636
788505
-249007
-11826
172704
-975482
-765250
820567
180895
961332
12293
993946
3199
42380
841433
-124023
896544
486859
-349353
797619
22286
-710975
930475
234535
-285569
655874
-482795
94404
-624494
843777
-237621
-129015
-404646
-721567
-920406
220470
893277
-824983
607818
-580322
172712
930799
-382464
-726897
675507
-161235
268819
-97361
-103323
867914
472939
851316
-435517
881490
791105
-901409
563305
-57470
-124543
328684
-176074
64546
930743
648897
977895
-786961
-167869
495693
-610948
-539010
-194130
-849710
921192
595034
574680
-859275
-475934
174387
-158869
387873
817552
-987986
634966
745225
887805
-898548
-187702
-119742
-158342
975135
38704
-456636
230229
188688
-413365
378689
-726588
105105
-894759
-939384
-979971
723090
660695
329018
842702
667796
922708
-242853
995737
93730
-991008
175292
-745986
-787161
-446089
849232
543687
-738317
-979670
-996166
-829306
943947
18770
-856631
-339559
-548405
-395704
629007
-967522
937894
-688880
-466562
387503
-237636
-418054
-756860
693919
-676688
-604472
-531894
229658
781392
-22829
85205
800394
73099
360902
858456
-205408
637593
120936
42878
-269781
-774330
-638770
247395
-800853
-683578
-854687
-454288
379534
925053
-473666
-723493
-811307
-33428
904538
758239
491602
40790
-947765
663783
-510479
-352227
-79020
535801
955482
-948544
8862
324981
342699
557906
-395376
331577
-880074
731661
70825
935281
915586
613000
-151412
875984
975402
837211
-942410
277560
-744306
948989
-83715
-534316
24658
-210184
-329847
449195
746245
118255
485981
487604
18363
-811756
-180718
579013
129683
-364463
-861570
-192676
934852
679182
953459
641226
52377
444468
235783
-195964
835500
699654
500710
-768573
960116
716724
837479
-805486
-38855
455502
222670
-332280
-338632
324950
-853190
-699463
743023
559190
145945
-841199
131505
-341729
528580
-955573
-797185
86684
-288120
-536066
-662670
349839
152898
-752849
-656741
-527726
-883886
897961
297018
-481433
372658
-31723
40534
650875
-413225
-694998
-161564
331330
594269
792948
-239217
169135
-843295
91928
-510691
270902
135715
-596064
-416107
323996
398356
617299
-478505
215482
-401141
630445
177902
-867193
586632
-934528
918775
-853792
202750
999023
-375098
-122216
-685093
277455
228475
651201
-489881
725837
340848
-383081
957508
-982061
-734599
-611151
-577821
315965
163681
88066
-976970
655929
474592
-351673
372537
94766
298932
-255319
-628960
-567589
-565726
376034
-108402
607086
-566295
-904781
-431649
-552348
-292325
-871329
30086
-954978
776880
306947
-935535
910087
386934
859156
630700
-377437
994888
-866525
-980549
697794
869893
-85700
-971286
-92567
-159241
-383168
-969503
229859
285442
743051
-133484
-746963
-254909
-178149
573941
-470267
-280868
-931217
871569
712207
-58071
-385354
251246
-914560
-41026
902247
-549366
350875
329912
200391
-394998
589526
-9535
-570699
-770413
51416
394043
880878
-326639
-674067
376025
-123897
-819423
171988
195543
27529
-650294
-389635
125483
707030
-504197
-581761
-843991
-156618
786811
949904
817721
104906
488448
-425615
982113
-455989
73000
-361042
-130718
-103693
-856918
877849
613771
117872
696322
815070
-928040
-714965
88341
-560969
681508
-307775
827147
-800721
-242142
290953
-241875
541797
710241
-672042
524423
569653
575683
-799968
-818534
247588
-431830
-809730
-298811
-994333
895187
149815
-505154
812689
-905463
263550
-917821
751033
701799
-147873
974356
-966724
-784650
-87584
700225
458443
-965230
-352335
-174787
-170620
504814
698298
-27070
141791
-723322
643309
-920861
187647
-252518
928399
521194
-525967
-990076
-162435
-842068
-922641
-791873
-367919
-700859
-599252
857093
846170
255009
-290408
-218695
299799
-497755
367512
-905556
-577336
400775
-291777
793597
714309
248244
821938
320500
-265800
-916401
-731968
-278944
-502123
421784
-986967
-610414
830400
365769
283640
-654494
-155904
817574
-785951
-568269
-808855
792401
138593
107972
706208
-524991
-115489
310361
-653820
723294
-163050
298362
-890179
646133
420336
-593946
-123916
-968051
-432784
-309157
-17742
-518729
-281821
-565156
641923
221603
-574555
852617
-70241
-26242
-161446
93856
273805
865010
-506382
-488519
117931
944971
-858701
-704635
-939782
-621773
902644
699802
-80809
-279658
-227378
920628
-946758
-824808
820098
-712029
362808
-69264
774308
301405
23630
-763941
-143032
881026
-775155
489892
611869
907282
-830314
180373
584348
618518
-291818
22315
-337392
-634573
419406
-248571
504887
-24929
790659
-785724
-887326
393078
-207821
629926
992120
-134375
503492
563636
-701268
840999
908372
366120
178912
463751
-168629
-510212
-212954
-99231
614353
-854847
-336522
-432496
879683
-593064
-456387
-801677
-791053
428968
357909
854398
960437
781134
813818
-866678
-789378
493250
449690
-321436
-346468
-451485
-413492
-81745
-866569
974603
-492454
653917
-199178
728691
901841
141730
-949870
27219
-844958
-935153
436290
902603
-30921
639144
32784
317413
-704335
-13239
-839156
102076
493619
194387
119154
411017
-619833
718839
-92208
977621
807712
476678
-682167
876236
-439076
329304
724486
414262
518490
-267912
171303
-329073
485966
39305
802962
427827
755171
718988
440452
878639
-217934
-815672
-928210
-44898
763443
-799222
-398109
940802
154891
-571993
347159
173766
876605
116171
-58020
-410219
807130
-961101
377031
-246559
867059
982874
876514
113619
815656
665667
-408388
-516377
168730
-328501
351958
725474
687058
-484822
-439322
43392
711321
434345
-56416
-641358
736422
950975
-553731
-319064
-473525
578347
132737
-975941
101410
628031
398928
496062
-687413
-873020
-489138
523631
-150026
-639305
-180150
-676142
-797783
-790799
360584
264650
10794
-80094
-943368
400756
974032
-471282
892295
717771
790780
-784875
922378
-563784
583294
288222
-757457
-255991
588504
-250065
282326
12832
-472237
354214
794511
-963789
-289478
823122
217623
708036
-35640
-595921
-710438
234070
385170
-815498
-467902
660298
36239
-285881
262332
-786689
23709
17796
794131
-938669
-314038
544492
-951953
969566
-628221
-613344
585728
-682499
992848
926156
599591
-89546
-658179
-919961
-96430
395294
-967886
-85418
712116
-603859
260772
-922734
772372
-181481
541634
881161
-980938
426134
-904534
-299810
572395
-369647
597245
-941114
455946
244574
887357
870534
604862
-570913
-882254
904554
-541884
-117203
-144060
-316481
873235
315939
-875558
-465337
-24749
-41753
-971561
-834064
855441
-356225
-677151
597229
236497
-283003
-67099
-13131
664656
56051
147362
470097
-463105
762092
597755
914683
542685
981749
930366
316342
462424
-51165
-937301
-66442
186278
954442
-862272
-299887
-116306
434070
254800
802575
876368
223539
677721
-611509
-145893
825328
760005
428813
-741991
670409
823390
-575567
81720
978645
-719004
-566985
-845397
-568456
560469
914608
-890745
-152823
209081
-720172
831277
40967
279489
444311
19339
-417430
-460607
905147
349097
46177
851286
-722644
417180
-381148
-311581
-79171
950451
322770
404586
411930
-713287
-579352
883712
561185
-653517
564172
-570742
-252155
23523
97256
-407165
143932
703764
333900
-117220
750538
-231924
859989
981428
-372842
-205164
-370405
264868
-680971
16987
653455
538346
-816140
-124272
-957339
-363556
687372
-170036
241224
672168
-948536
-178615
255497
120443
-601239
-773187
659892
-151966
919525
-298260
873135
744662
-226369
912220
291106
893167
158798
-291635
-270724
280164
87865
-328630
-820798
-245470
44890
162095
-255351
394680
124497
-399725
305846
-630654
-699387
-793563
-180489
582158
-635151
947466
995090
712218
982443
16586
-375509
31885
461063
-532395
353413
-197779
439354
180103
559168
-556363
410094
914940
-993829
-164194
702989
-308813
151795
-611008
-281074
811763
-426372
-356397
-399081
927041
-850962
-114369
-515398
-870693
-196353
947323
-649819
210456
-70173
33032
-601685
-675076
-764291
45596
263852
616026
368447
-152098
-522618
864537
681916
-465006
987103
45652
-587984
-318848
-772169
818821
-548711
313092
352681
-689740
-699032
993867
465533
-952925
-6842
-586315
-629214
253223
814978
945079
-678428
35650
578536
374523
903572
-733339
-102824
-279464
-385911
-731122
20831
-663178
-13720
463009
634976
621401
107874
977228
574011
331528
-98293
-210337
-840467
-566404
-909506
-487189
-566693
64629
179559
-88836
825518
919619
18827
624634
481373
-450860
-8626
249208
141111
-277626
511550
-390770
856538
789657
-11574
336975
155201
-601601
138228
-174546
-708892
524928
-974205
-796033
440952
251306
191323
696190
-291450
729291
-372721
-697290
-605106
660635
969083
735342
761207
571202
-898341
-929859
-426101
714151
-451429
-416807
663002
-28057
381885
-709074
826987
106830
-200099
481196
856578
293722
-578541
466747
-243461
299933
-571187
-488320
188213
-718593
-897019
736539
-477927
612382
-656836
-995837
-725770
-184983
-574800
-128747
498942
110574
-679
429363
-685542
-521989
-57679
348165
93194
-136479
-36607
-825044
-562883
243931
267681
362445
-571263
-80642
333799
593748
112990
-57928
-441784
426605
-781408
536746
-532441
946111
-334405
150428
646468
34059
327689
31714
950666
-974169
926854
343777
-673588
-344557
-411313
147691
730646
273215
903093
471795
425161
581604
-99198
-781866
-871150
-813981
481961
-262783
837149
8084
-52705
-730300
169962
931612
-387765
845243
688723
11224
-857655
394174
77764
-801753
839513
431024
582979
263724
-198160
-996929
661241
-880156
-589130
-387003
30175
943430
-574388
-16409
281759
324025
-706380
527009
575260
-529765
263184
64201
-24367
-791297
-731620
40619
-10004
774928
809076
815684
-526463
-954446
-538554
225687
3489
30456
934821
792035
-684551
40871
-688187
-217855
549296
-891010
322481
-849612
376604
863023
199102
501988
-547225
-865586
-259781
-550481
-202447
11647
3522
14137
885826
-542255
-925775
875376
-805795
296381
502896
389445
-770958
695886
606609
-571234
844080
845572
29585
265565
660669
198802
184732
-868522
403997
934370
-741610
332496
-652512
-777663
273649
-11714
-50029
996334
36585
536125
987587
-308282
-856389
-155364
-739304
204542
235224
867462
202767
-836643
278150
-660943
-434201
637604
141270
732860
786993
285895
-812252
848076
105521
175289
-771311
290825
791995
-372687
-494138
-477002
-140995
-635861
958511
241211
691994
251934
-365892
-183758
-882618
-36238
-209052
862744
321983
798589
541785
-205099
576172
277702
838519
-825533
-876845
164956
-601224
-462693
-991615
731670
-976028
763078
-192520
56665
961585
-560133
12923
-979345
-918012
4662
-807371
328667
449734
840483
-525488
951989
716452
370213
-4488
605105
-126014
-907814
-846723
962079
966597
667312
-176384
-450630
-711940
498336
-190796
573326
746157
-46832
-257184
-837233
14083
-372246
-434895
567514
-27317
-435426
715866
999818
661960
-124820
-233291
107353
540895
-359199
967472
-589621
438242
64528
-98721
-413430
681642
-111974
-704227
880568
-98099
347782
-896161
373482
424231
519291
877971
599623
963422
-445091
851947
186807
-196898
-369772
-313538
-643844
523070
847884
303506
-452089
-400658
-338216
753770
-961781
514655
519589
-985166
-368881
-367574
-427915
468518
-790693
764166
853292
-643804
147076
905332
435281
659524
-431992
-920166
901053
467377
723415
822997
53716
676891
-156883
-639168
817303
-739488
-69088
568604
512156
-269717
-229857
-230571
382229
788608
814825
318249
-268026
-257231
-705920
-496071
-911014
691114
-685618
96911
452547
736565
-61397
561822
70939
-139605
122630
410899
672844
-534596
839298
120435
854146
-773052
138311
647063
-639089
-642024
-113570
-470787
-939674
-932059
816612
362467
454440
185915
952134
344570
848487
-133508
348416
-669442
701552
-71521
488402
640933
424645
123805
-247049
140790
58753
872663
-587939
-348481
-660661
-909538
287426
44229
-251887
-573766
-157952
-302096
-844540
173185
-298277
-727991
-687146
-438445
172632
-183720
-203273
-41501
338733
46264
360666
-641961
482889
218384
662027
-44749
523842
714852
-924214
-648133
551628
264226
-967896
968471
552328
101613
-435120
-79627
460234
652482
127816
-403843
940656
366684
116627
466403
956236
279176
482427
985187
256229
-434070
902014
923601
-184203
-363477
-325738
-583715
555879
-270791
-94083
852995
-182163
-111577
193922
-513085
-52198
-613371
-845748
-96743
-945829
258419
-14283
53362
873808
-82875
-116752
10451
-646102
-578578
-113025
-931915
843296
-716436
203807
431587
-933879
973933
-557152
-298141
212266
-259406
-341091
-429994
-83185
700142
202005
-754812
762570
849
401312
190664
-939736
851312
-706159
141632
914357
404486
-233152
-890659
849228
857115
108855
177351
951067
-968659
943619
961092
491434
358330
576003
-553333
216155
895284
992076
746963
-651387
-71136
375115
770739
-397879
228891
589363
-74245
-921883
994666
449306
-211393
444340
96677
-632377
-188306
-831815
-678276
-839663
243605
-844780
-687978
-877104
136178
-134629
-719537
342882
-770614
-183870
875203
910323
-902368
-454282
169697
-220402
-725362
807941
-517085
-93801
116784
-736796
66112
330693
125558
618431
728828
-601872
-407191
380921
592286
223007
886104
-575205
310622
574308
587855
322599
-174083
253771
-508180
-145148
301113
-977329
-436426
720483
42364
992351
-157983
-822686
-232403
992324
589663
766054
-62554
505847
-979706
-47226
578721
680047
-313456
388317
-533264
238894
-810937
888952
296254
52
594302
344412
570771
410871
988991
310068
-818196
696928
173201
288874
861590
-764014
-571077
759217
-309905
442818
138614
-312723
-340865
576553
-973516
-859354
-205992
-815166
245679
-575625
956478
44369
-700506
919812
-717310
-165066
87824
749094
571079
-46607
-330308
-8253
-724784
634919
195781
-995273
-898847
447257
680669
-52644
-657394
843829
-416115
-706799
309823
685601
645745
-369929
-493434
95584
-736278
-39261
-293520
24846
396026
225911
-114556
314248
-879268
-757923
-172681
466193
-834431
383881
-890419
379074
770601
186862
-994971
-526286
109223
430204
462014
324854
-5400
228101
465566
86397
-691918
216088
-276816
-956214
-790224
-32346
186875
317132
571511
390220
877127
383987
840511
-299491
672250
-304821
490573
755660
587615
-233416
945447
32344
494078
133707
-473671
-390550
-208498
-653144
-74469
368702
688885
965411
-902252
-134978
-56653
968758
-395818
-349646
-132792
-87572
-8601
-299088
233039
-669485
-64057
-667912
-979703
537553
-32653
134974
-873464
754825
-436587
-219671
802403
-783823
-68640
321753
-757102
-537820
-351910
412753
214339
708864
-496321
-794363
-370052
63004
-602444
342447
-638174
-782425
883308
653592
195695
-354077
868004
580801
-211841
278190
-938548
143357
927635
-588090
-975419
570917
-325596
47390
-815937
-85609
-941770
-575845
758779
-573984
-570628
-841711
436183
-432521
-41510
514669
-827450
-44401
334864
-333639
-259798
491212
63724
560492
-290940
133231
231451
313156
-862216
-38140
-252884
-368262
-726104
23020
920242
-717975
546208
-564279
862894
226926
-642869
-663737
-385287
21234
825084
-429721
-878247
829418
910328
-292306
858875
707260
-204922
451568
-611951
-451859
517782
-330396
-738131
-203348
-894659
348502
531858
473586
-502291
-246564
-521340
-857283
302819
38312
877088
-44562
-59535
-9597
98577
336324
698668
482754
531083
803329
638387
751338
793764
-105525
36862
675780
-856338
372571
688005
889210
-765336
303596
-65492
891005
164278
523944
-27744
988710
772831
521946
-188229
-776237
-692658
978394
678615
119766
232929
-995246
-203620
-972394
696323
864301
715692
426449
-591273
839074
605157
-306446
540155
-43318
391588
738011
-285194
629989
881136
424546
947220
684256
250834
-808884
-337506
-796466
679549
682430
-445979
273260
-348506
-424467
511439
461898
45432
-440404
-409394
281861
239048
63581
616757
968363
807865
-912379
-370169
-535311
596566
-769413
-141273
-799565
441519
-605358
-440226
789622
858341
-661136
43277
-843338
118508
751626
25997
-467177
-3136
144645
367579
-988252
501879
-607860
-61373
-475326
-183222
-975851
507319
-164246
764297
-39920
-649876
77356
-903954
787490
-709599
232227
217771
582561
-614592
835320
-182625
-669146
828648
337378
162202
590505
-844859
-922869
878709
-758338
-993411
-354675
-282884
186054
-630324
789017
289649
95169
846271
-643910
-928045
800372
342435
16638
-992086
892316
-160860
158193
107627
-8746
-624375
585503
19391
614670
-867160
-119835
-17377
602899
410975
211046
-159868
-178746
-530588
916791
627232
9807
-460279
761751
-337472
-857194
240863
-513361
284259
419490
87182
699365
789041
-745823
659958
-508549
-99598
-678470
-896865
-250344
817181
-303680
202738
-67149
720838
418431
224852
-398737
603332
-987243
-972790
-47666
258576
-500205
100847
983306
-763812
837821
253242
-150199
564171
-312671
-446107
879761
-211053
191493
-44887
91837
-608203
48460
-860944
-661000
-990709
-57512
-209115
-374304
599743
-200256
-47676
-85883
-678933
986835
910900
-139607
823134
979620
-604327
563102
636121
-471173
-884589
144966
972828
-139327
114348
757695
777211
387887
-873960
450616
-978424
871294
535247
-513765
-819291
366506
-710845
-315126
-547081
910729
-335204
502130
-938765
631541
-623109
-929210
678237
-42789
-360519
-122365
-602814
-484080
885541
-502625
61580
-614729
744967
-695912
-426265
-506088
-330110
-145236
-408191
-670110
697586
388203
-546640
523193
-583230
929808
-547810
-423272
-429631
-822164
-329824
447538
-246417
351984
-758888
610947
-252706
795798
-494233
609227
515739
769224
200898
-976674
512214
435229
-547617
925897
153746
-407583
763949
-1209
927441
-349428
663206
28089
788004
551028
402650
-593598
-332421
385954
-787262
168397
-596079
583199
-632232
-789909
-550378
-615174
-284932
-211657
-936579
423789
-389134
219843
-843184
835628
-887135
-255739
938376
334339
687501
-890519
514847
-201267
414261
-466114
445807
-516244
436165
-124881
-126228
-52942
826268
273663
75104
627197
-231356
402826
122627
119963
-320401
965028
394084
-754762
246156
-613702
654001
447557
-800073
-631656
30450
-771976
-244915
-783709
316671
205241
641705
478147
454138
907889
293623
945013
-917213
-133822
-50831
-438981
-633483
647351
880006
952857
566926
-273204
-213903
178521
-716025
-717483
29568
977717
-797044
-939763
536885
896146
-104894
274181
-876136
-15237
-385588
-288184
369972
-646746
-177381
-137239
604399
-630883
-318616
891178
-204772
-422770
432910
-938879
850140
-764173
-950326
880092
-814043
220407
-612613
139085
-870859
943021
-614195
665682
580042
526131
785377
-515767
398537
-868301
-204039
-409624
-213940
-888235
996764
106122
911143
-841551
-334928
-175554
838649
-986425
-830327
785286
-595495
928241
-242546
-401480
1751
-675190
-620225
-156926
159064
206234
419345
500432
-261604
816424
974662
-469376
-20297
965864
-815437
358664
403271
436908
348447
-896055
-197597
-879736
997788
-905935
-228273
873620
-928509
932913
-999904
-664204
-179966
-319589
-376340
394538
-291470
318230
349093
-84722
-417319
-170673
-361327
-709220
599304
-812859
58381
-309439
58152
-664016
254958
239164
285222
609288
-46630
184946
14151
814428
889795
954183
11520
-7588
302608
653612
-555445
-716697
-42715
499951
-720056
-219952
-568200
506229
-715420
-398798
945883
-223801
-45907
-591706
337832
-269009
758172
965091
139161
-407161
-893619
644929
-143810
500701
171668
-135841
-607613
-160910
804359
464928
433556
855266
-25922
657164
-835070
702668
-143708
-286586
-90347
764186
120727
-913392
-875557
-163997
512555
172112
373724
118945
772787
-734056
704668
-375255
956787
-813204
-130287
-363327
-579177
-609307
440726
16520
996758
371636
-81444
426383
-299906
-916038
-615473
-646985
-770648
-931435
687974
-362693
768570
347504
-382524
-821834
-921725
-953377
94288
-566402
-567104
-249432
729155
-536002
379530
627312
-156839
-342100
-410950
-433530
-129357
622415
848043
640528
415570
110832
-160490
-424803
880365
-829222
526845
-967854
-990745
138678
169614
-350538
-456360
-563109
413866
812177
-524783
680487
-285214
-819507
-634887
-995152
-973432
-388424
358694
42458
-939910
-159233
-33896
119032
518463
898657
-778785
-779645
499735
-118827
891573
379891
-2290
698988
-666036
-304664
974752
51604
883324
565335
624194
-105665
433598
63151
-899909
-678825
-387855
218443
925076
-880379
-594456
301619
-71638
-878993
58734
-549408
-914283
-219816
833867
373045
-368247
-223998
936546
-672884
-509261
786664
610084
751541
-602118
320547
-876523
512401
-987325
282918
-382665
-453159
589896
-305260
-622234
158688
544010
-982443
607147
-957437
696458
-854541
-767967
-852812
734547
776795
-992037
699386
691372
409910
641242
-81798
-277820
-403167
-515720
296882
-560354
734941
178877
814255
-360578
595161
443213
-330118
840783
-377128
916639
658425
863564
-600856
433046
-937559
-195630
426818
-20029
566476
-580685
-179800
-113074
-350464
506276
-884414
258812
454179
-254559
929210
-561278
-876402
-360982
642109
844886
240138
869874
-505101
406401
915694
678854
-949263
312440
-296492
-660847
-471758
446263
-70645
-575759
-223673
945180
331787
-574143
884670
-833342
-337854
199747
135584
438437
-670574
372343
-255052
-699452
746049
-618233
-369885
954266
-122171
-855748
791428
-585392
728566
862343
-821534
-370572
897632
-357058
867198
-228446
-967784
418338
-792231
-820521
-721708
-77860
-268072
-490389
829010
806733
174789
833930
305712
-815718
490014
-277654
-897769
833268
-857416
-679062
673776
-850065
763478
651858
55213
-183139
390365
-617399
813102
6816
-392420
188577
-712844
-228274
-138981
457187
213634
-569647
-670638
406356
605451
469473
196175
612221
962272
945554
909824
-713870
-909634
-181799
-587375
108950
722993
-895491
-301485
-228676
-355288
33631
62544
-531565
733358
-844976
449869
-59222
-907742
284844
-42965
744570
-761348
-597186
669438
-632188
-878682
837635
401868
-171889
-90535
787667
923236
-315366
511500
-672976
461114
-328958
367563
226060
-394947
663806
-353805
-720232
-224273
-735863
751027
345349
-364842
-581881
933236
221915
296013
149024
486724
-708855
-123337
605008
-456624
176363
520133
-192096
856395
-50654
306138
-97667
-348688
-850235
507834
291674
567129
711372
122314
246675
298305
-904949
104049
267807
-807230
-800777
625010
-389873
-427477
397372
-213214
-567235
799735
-816047
-99852
-500276
-181214
43097
-255575
346205
5285
-423423
948256
564775
687075
-422268
-548192
-547174
286678
176998
528470
-188293
-719632
-323541
466514
-952543
-987960
384725
-618466
-201772
487758
125353
-188366
245738
-188184
-790936
-390073
685984
-191036
-362480
-686367
-470292
-651014
941624
-28636
-641299
-297827
-720825
250843
466452
-905951
572353
99786
-254375
829718
-626715
-655978
-531992
910653
-709225
356061
-249485
-218967
-220551
-24925
659855
-687374
-498581
-354107
-919197
710686
532459
-339402
724523
-876676
319484
-332747
128630
-412199
120854
2417
454816
509606
-447053
991001
754710
-761643
222804
-424588
-877042
-879949
708593
-875565
70605
-989584
148166
550600
-667238
-177244
-999055
849826
-574047
732285
354559
690649
-332369
-181290
-359202
-59990
946420
708975
-913420
169493
735292
806666
-495357
-771947
775263
935523
966711
566692
-550616
406490
-525395
877972
823084
888787
238955
830774
-313167
-188682
291250
-693627
392406
395888
741905
199712
291466
-703040
299936
437129
-480187
8033
-450408
216971
88987
712429
-318021
-18617
959012
47929
-366769
752520
-193642
672538
-156826
-787627
563907
905282
854788
-352009
94035
-488151
-101713
-187519
655564
-223060
-602928
-332589
535255
-34616
-613195
175030
56174
-680929
-645364
413107
866588
359674
-796934
471332
279764
359927
342249
-79279
-179810
656683
791165
578657
538262
971289
-986007
-11799
-88222
943614
246827
-593595
-495028
673295
-121700
631
90979
-308066
-194117
-941046
-47915
-289076
-661710
845650
405529
-671179
444401
57415
-940641
718927
-713426
-748927
642901
196419
396992
-835239
-369079
899838
166713
93609
31611
-981297
-702521
528510
-388878
-644015
98455
-733940
-987332
-718945
253856
-926736
-733599
-889985
-116437
48021
-708780
-950914
696975
-661165
409677
-148324
21124
78901
-593858
-974077
630009
-973825
942844
-744704
-460267
-230907
640788
849593
-553011
765433
-190977
166526
281345
-927447
556433
466321
255440
155879
335093
-601009
267706
-226859
-734365
507496
-550583
830763
-87024
-131293
-848338
-583388
-539943
-128653
730921
778958
-295156
-64248
-720192
778984
96005
346664
-462046
-737739
-351922
669645
-842220
-745769
82155
-762835
211237
-886990
813444
-813355
-266581
149573
652022
348340
835705
854881
53360
-760705
-468641
-594429
792738
720752
235310
92338
996258
-599221
986285
594406
635580
-900341
-853015
68114
-634641
323900
-454842
315712
675869
822281
243922
-247755
-100795
50006
-539624
-655393
688843
-871026
761467
384500
705507
801320
-76214
-277006
457537
655873
833819
-763392
-681008
-887091
-170274
145658
-760533
347554
20908
788104
542648
-540165
-107353
-264843
-688258
334616
-629704
-140504
950297
-800811
448784
643623
123138
268408
644179
-709168
30367
-19524
969419
13074
389640
-152498
-298585
-959416
-694488
542824
191656
596902
634996
-399083
869334
-563989
878044
-814410
499177
-202740
681046
-780184
99088
-847739
866490
-908270
194713
-166874
-279645
121218
-462753
853414
887144
17668
328990
779809
317792
230298
-609106
909998
485290
716940
-525020
-182314
-283063
512358
-939415
-204714
558383
550008
-857214
91132
746477
-349033
-95670
687830
-977604
610580
252518
880405
-750840
-645459
926531
281306
-334031
314613
233878
-594977
-365529
-953350
104333
-511460
-746760
189576
-774279
-415386
-516598
-68034
-104595
-326809
-800022
-83759
-173360
546138
925419
969514
-964462
815828
-893989
715737
808878
189146
27302
632868
559944
-820200
800563
-107741
48725
-992823
708006
-660103
711191
-590150
428840
726495
-135372
-168772
-979923
-263289
382403
-379664
-537756
755876
163343
184314
-636624
-13101
35686
923867
218681
-564205
336036
-530408
970194
224922
368412
680964
752962
-678748
-401239
-964929
-19898
881171
-591030
-147955
-689336
636405
521583
-894203
-239961
-655676
967863
793350
-802455
-634003
556653
-552280
583811
-823426
701862
-710514
904307
578348
-291825
-412908
903967
616607
-454520
891231
537586
889747
-535113
-646940
-465961
197174
280596
125387
-675795
-184889
-859531
402632
374888
-192604
-559330
975687
-736401
-464613
-10644
-702058
-119318
-542354
-948623
466816
398481
-616046
-909540
532588
421794
-435226
-312474
735840
990481
71380
-712131
-743349
-220370
464403
-29878
-757793
402255
-243807
746623
-327508
-383981
783887
799032
529706
-914421
-415771
49612
976930
511162
593383
-374011
-108894
862356
742146
-249041
974632
-441885
348224
-789460
-411428
532884
946495
-715780
779969
898991
682917
-139575
-312026
-742347
-545882
-157364
854506
-429625
-971945
971967
234559
29861
-12221
13963
-886765
248740
-980261
415423
-112111
471983
-381935
644529
-861375
-425561
-491773
-677351
466856
-173589
540599
-302373
274504
-211288
262767
131966
-410514
134920
158710
690074
261580
-469815
370162
-984197
-492482
66009
-30507
-842264
983456
826307
45306
881409
686047
512337
139912
-80394
165863
-273750
778446
-531603
824240
324528
152838
-518513
146249
-449339
-841322
524929
506909
325345
591220
485405
786533
897382
768042
237995
-507412
643296
131223
-804612
-769503
-390715
-590091
459225
-240940
-720636
-674816
-674509
-60274
-158019
-463442
394829
-361461
359488
859156
33746
358592
-590467
33573
691836
535970
-851609
-995372
134816
-249381
856517
342985
-860893
-167948
-615767
324745
44510
-875265
-366688
-531869
821490
-360246
648193
131410
638677
278301
-234751
-457818
399105
-649830
-888218
976768
901491
-483039
477566
-297277
935319
-346318
-639676
-661382
884335
313031
-57644
-265076
-604528
48686
-155144
719020
724459
-274768
-84150
-66487
685969
254000
799340
-678504
-271524
584379
-831634
-564880
-553651
-653614
902785
934233
-841934
-792209
321593
827054
-685080
428647
-788351
-88380
-480928
636943
-134006
819772
-704599
-586704
537202
-814947
-198443
792193
447996
642317
-406741
-828187
-415755
573165
-412633
-6917
-646383
232151
-609082
775937
-79133
-100633
462375
244402
-336565
-772952
93652
571385
-43845
-754309
-710302
-951138
113183
99089
510435
84879
217004
898235
-314636
734164
-613914
-63158
-666733
-515098
420012
837315
-915687
334007
-360637
-926802
953910
-573067
930907
-965867
-661207
-144871
683445
-591690
230067
-695588
470552
-7173
-144097
159638
-509817
849432
-176098
466194
-814986
298647
-398781
367208
-639193
242861
653840
-509125
266421
353995
60668
-384354
-869687
849114
29401
156273
108278
-602714
43803
326353
431982
-432881
-140236
-583495
929023
-728801
1580
239216
-614824
-95437
631987
-204316
-53613
509129
-483447
938805
93098
-723564
-781013
-281635
479355
-880477
386910
-247692
683642
-618714
-166783
708236
-229315
-371014
-852999
-342310
-496744
-285409
125423
627591
-249436
457288
-997595
-641055
-951462
-168733
-906224
143432
530002
997151
-415269
581411
-165961
-935546
-860070
451143
851166
406313
-594196
-816539
854798
10840
-305463
-311233
-215545
699541
-236071
109695
-136948
899250
867626
-898300
783409
-977213
936436
444570
601464
328892
214925
110959
464267
986126
997838
-217642
-521761
490957
-659112
566951
428885
535618
350794
-635226
174144
429693
771989
-320808
-664959
921381
248798
-989799
533898
-847399
904720
440918
878281
-587774
-922815
-19166
-478117
763066
-655242
269212
-830695
61525
-724719
580861
671686
745767
-942306
134020
-747847
-521199
243761
139782
284559
-807005
-326931
-28752
-463147
545013
-119327
-623494
797315
969661
919730
-802646
173864
799508
549689
-342077
-681151
-830592
-842669
579765
-863451
-424031
61948
307369
-778685
272003
-514951
-631126
-880987
-649319
749086
353723
-700787
-261269
238697
538513
269586
-449243
-809084
-184758
459473
-126277
965722
55312
-801820
709478
-239614
713934
-989514
305069
889777
843175
-929307
688349
-375425
201239
922306
33527
842959
202794
-144688
-473002
-600467
-67999
424073
-676020
-392020
287848
-989541
79892
451190
833441
-817286
64394
-534840
748376
-689470
-185570
-729534
505215
-502456
160087
145644
-372314
-527885
-560576
-914504
-788701
-674322
-600198
-700457
-816115
205640
818612
-51041
328999
348202
815439
105126
493708
-606073
-616191
668159
-322027
-126761
25490
145305
-163916
229292
172832
800630
27086
-367469
-10414
-380718
303677
-759794
-792882
-92895
-492694
-959827
577057
-17272
849626
636487
755448
-375899
-37810
490393
-451492
772290
-417038
839280
696268
70853
-904949
-568112
179500
-149699
-644557
-170240
565997
960337
196857
-833631
738726
903904
-580650
658996
-680345
509573
-587360
-515343
361909
754010
988732
-211113
-929851
-71706
70640
-303671
-29498
452261
-359083
-974202
62057
-688921
622514
-201754
45644
-546673
191336
981954
-797443
-407722
-588892
-657753
-875942
-829211
-604423
532503
-325719
-885997
-423662
627152
354346
-842933
-677767
-827139
-379339
300661
-265514
647487
-521381
736657
-761897
-306792
362381
-858474
-108500
631346
641367
62866
666495
667002
468551
-867888
-708739
600907
582807
-909117
-136335
-814997
528501
-863351
733650
-860313
570329
-519137
971205
-702898
960182
439412
737156
456799
-130498
13568
112301
135299
186511
-664129
-980343
447850
302849
744278
-930995
761227
-204983
-475047
170275
244399
-812218
711226
-694148
833054
237569
376764
721482
524521
935508
-298632
-79855
-273435
957744
-110884
-224769
831314
943590
961691
683691
698372
769440
-168263
181832
-63621
-538509
117157
-657677
-213394
-307449
416920
-644802
-391573
508957
-637624
197782
543571
-65216
723517
54191
871346
-321055
-731325
-259313
437417
-142875
961133
-977779
472162
-81006
-371035
-147528
781216
-780948
-499549
-219718
828370
-175095
-520062
-584150
-413702
-707424
903405
923829
78835
-90917
586845
55178
-376089
48494
-915945
809770
-135771
110027
-152030
777174
19139
469792
407838
-670607
-450910
-85347
279950
-835628
-767018
746725
407165
69968
132353
393197
-348031
459670
535729
916887
-806673
-998936
-22237
447602
-188649
786663
-811959
-188716
97974
503552
306415
-318733
-124871
493812
281006
756492
-782082
-691175
-351397
-810182
479847
786309
-490130
828132
-934312
-946711
601966
-843679
916490
256301
195750
666149
786304
3570
-323120
-172620
947120
-527490
688184
794415
-954762
132590
960817
2924
-776310
-101245
643921
823350
-401378
-859356
782625
915810
413758
158325
-740609
397629
366257
195118
596577
-390731
-152919
-272722
-554283
-419077
141832
-13589
884200
-682612
388698
470778
893612
-468495
91828
154530
782943
507525
-300827
424889
775214
415186
-616922
891282
615787
-930668
-816302
-532758
715530
912715
-749274
-23529
625344
-978987
-40236
414546
-574824
-560203
-552786
697021
-205602
-384793
413340
153090
-885165
141733
-8875
12871
-130621
-44607
890975
204445
404932
195399
640195
-664683
-250508
-49631
920684
969537
-734047
-197764
999480
-453638
-920376
743627
242426
-36964
-649376
862471
622526
309770
-32222
468105
-316677
-545091
42193
56723
605271
907631
415939
-981169
306510
-506349
-745799
691433
-490221
341461
589030
-311202
751292
874274
-239830
-982869
5233
961238
-609303
262918
150235
926076
101057
-399850
-940965
92770
-214461
36386
414651
-311732
313936
143521
20969
-205222
-337354
-325358
525398
956087
-878002
-934129
877109
-565006
744277
626608
-24301
74761
-402888
219133
355760
90924
387593
-298118
-657138
744839
-539914
-433856
-930834
-589884
841472
65829
580695
-902601
-427633
-494399
-322220
-605919
863717
-442399
-931359
431458
210552
966912
929204
-190125
-53063
94193
170389
-514956
701752
520190
-24977
128046
-675686
-327548
-759482
-26725
124090
10911
-563373
42884
998516
-101802
-260613
959655
-18050
-96665
-343638
526402
297890
596512
875226
-420010
-860011
738171
-518747
699614
-501417
-961476
827055
-808786
-748105
-784464
-628048
428110
794944
-308499
44366
712024
-153930
553479
-461286
900514
371334
550298
-216622
-912873
-809256
340333
-719787
237899
442141
-273026
141783
22372
-605348
590123
78218
75791
767757
553
-315054
-449373
330536
996927
525159
662465
632433
507874
-427099
-157621
-882103
445574
645350
392253
-73644
-281726
887628
-408498
-354902
525178
-238797
251286
-355936
389452
776660
156114
-865043
856777
689799
190348
589432
868184
-940052
-350100
233098
-865837
-716210
-893325
-612593
684863
-817730
943225
423351
275688
959334
-658800
890375
12767
-576948
-779837
-2073
394094
-905919
515954
-534639
-478343
-875870
-759914
632111
513095
89668
781602
-58668
603279
982552
450250
-514356
-834444
-326789
-715472
280270
109546
-25356
-215574
-136536
-557789
876892
-538213
738627
785895
462551
-776307
-551719
422360
472431
136963
46763
868278
-915055
-979003
-50893
-307649
-465168
-322783
-134323
259573
-83507
-69686
-404674
-401871
-844851
-573476
-468059
534780
-574017
184479
-847376
-85096
-920304
-409315
-303992
181527
826502
977266
803024
857545
-927529
871926
830358
17875
-238107
-224992
747353
-869229
254578
-338133
366148
-103976
-540416
595226
-566236
298053
240523
-962395
-161760
802368
691937
-693859
775099
113523
-635751
-694671
699849
-473552
109110
318075
-821732
389625
-663223
591812
932955
883257
-552383
736496
279157
113456
887946
14795
-366182
-551073
-368854
484521
-708414
-405640
-465197
-405038
-409515
-921611
-972596
-435524
640865
964609
-661642
829340
518901
530281
-197108
-725148
-676462
929542
-238227
429196
-266888
246567
909149
-407460
966714
546322
118628
-309409
-485510
576531
-267960
-909914
-800768
737787
376637
497232
-944574
-715923
-794317
-515235
-364796
589128
-688763
256763
982770
-848592
121984
400957
-921340
995274
-660222
981562
-650488
-710437
-648117
444636
-748509
-396687
282982
-251098
187765
296069
-122482
-479834
799130
-761038
-450680
268942
99316
177929
510498
-835953
238807
640630
-791437
-735520
-276895
564929
-713416
-53934
429451
-992201
-969404
-478511
438175
478457
-297295
-491736
-619041
-700566
-390226
-902854
916683
931935
-40999
-906853
30907
-595256
-499381
699020
-249682
-507056
242975
-995150
422657
439540
-632043
151380
141954
843418
171279
877121
328504
33176
898978
-161973
516910
-562731
-562789
-661279
726495
128410
295384
50732
-918519
-243870
-679148
-228758
414921
-380524
630838
-853790
48446
-240133
191942
511594
137741
176358
-299175
-741236
-669699
-836362
782004
-460192
-287453
938771
-496457
131135
-736690
567497
983450
-631900
-12787
-50721
100755
-771655
907312
949307
2728
-677916
557372
445466
-45373
110578
445381
305102
724280
539541
-644323
-299815
-725118
570669
323933
129904
685394
-912028
-820291
662630
811766
-558892
968160
49623
-359266
-472575
-529098
214235
16942
-703019
-650511
709796
779541
-124380
764458
-858559
-203083
147069
894602
-343586
-741493
730211
421665
684245
-280537
325993
85474
523664
-897832
-702078
81291
241808
-61434
519953
77049
931304
-921691
-998068
-839632
-800650
921766
-836589
-602357
-518908
-29282
-664344
-551186
-294770
-205689
-317554
-874160
-875288
512500
-749500
-746803
-808768
581323
-991232
57957
-739885
595825
-767590
-212792
296961
932802
-226453
143802
315639
-114334
-138479
-626684
-111854
-222296
-664930
-117668
560309
740125
-702514
350026
826144
963924
-444959
387554
-196041
80475
698043
949717
-117047
73762
444263
-687767
-278382
133707
549774
-713328
-377700
-433538
727667
424339
335472
-634795
-743545
-945451
356133
10136
-733180
-903227
658018
-938538
-825488
-442459
931717
598304
634150
-501641
-145755
833122
-794722
541909
137564
700793
-189941
651869
291555
-695927
215999
-357304
-517918
-92265
620331
-71646
55183
171048
11546
-110012
347694
316600
-330075
405476
-906380
519071
-890073
323688
-36301
-782590
-93311
948256
331294
-528963
795124
-862118
-328123
-135025
-457635
-363723
931931
-25033
-242056
-341659
-611030
135582
-629783
894709
-700294
-133876
-361179
517343
-249589
-996249
831564
28834
-425083
44490
-998129
469208
-262692
980006
-982241
846974
-447363
-866888
613938
-491231
-717390
-433775
972533
-396600
349410
-424562
684383
414968
-647359
309103
388463
-150502
536003
516401
68078
159825
-157422
-186115
659090
336327
-320487
-188692
-785890
-301889
604183
849153
-361329
843497
940739
-510616
264275
-360031
896911
-400295
626173
170515
491271
559565
-805624
-444637
639845
183361
-721356
877325
-364126
-567894
-298459
-473775
401738
-339719
637617
929782
680358
571963
-44362
848004
952863
-861199
182119
533240
-136635
-203212
-818561
-49366
-112208
-246185
274298
-89684
-828170
-561143
592516
-473448
-855344
238205
132174
-352228
-100359
123009
-868737
-508793
750493
640154
568051
186035
-229601
702977
794384
-425348
694441
521940
374767
496833
-601271
-159405
-677741
-157179
307651
529279
-179277
-567175
-538640
252438
-454977
867188
-590360
-537414
617631
-193513
-807997
-648253
-263397
-323462
-462315
178223
933084
1770
-896649
-12113
660438
-500734
-705366
264419
263700
-623444
-477718
-883676
-697621
298178
-33164
433475
-796137
491640
659913
-434910
507983
-803374
-763128
800648
-948564
-914068
-468622
-721073
197630
418445
38926
642125
-801064
-511358
-744675
-819072
317738
283089
350560
-633741
-75254
-280489
-979784
-937142
-529274
-395400
-286949
405964
862535
122981
435154
432868
868949
-570154
827563
-443823
28762
373618
-627601
300067
518595
479532
748958
-839079
-940563
758335
116077
-66575
300094
659214
416825
519371
-566901
-67838
20771
-506019
-503677
585639
102794
-616059
317416
89781
-772868
-739183
-42419
872599
122156
987370
-869
697622
796074
-241458
-507088
-980956
775578
-828737
806291
-183614
428609
324336
86946
168143
-348309
59445
-792414
996597
796884
745237
-829245
70046
-509889
-857639
-111246
-974123
-772674
-831132
198347
120748
572745
823124
-101852
-955433
645961
960067
-386144
54637
746032
-202446
-666941
-653593
423366
-269335
-70405
360516
355519
841220
-116435
-547649
-187610
409745
-446295
404967
-757195
-2259
194175
-516709
851762
810128
-465042
161220
270141
619375
31918
-836907
254193
-325792
-884351
-88712
-839419
-34025
-181216
717373
-871285
-426792
-391751
-827506
895652
971280
107855
-46904
-299
-676990
687890
950705
-268007
916966
789287
-253906
-436693
736703
-573580
-639353
345360
-310401
-254008
-690761
-711343
665234
493877
872917
967564
27014
-535462
-720219
-812261
678884
-358344
293518
-950268
-701054
380180
624406
-737873
686328
552068
-470726
-284787
593143
828045
-9479
969130
375052
-643620
815998
23170
936171
-116727
866267
431835
-502104
-606581
259914
-360673
-368368
430912
-903273
-182682
384644
972917
-124094
-120160
90858
-216866
-793471
26616
92400
16635
572898
522667
782613
-661371
-661850
-11959
506647
152361
-879769
328457
-700607
802909
82788
87845
900870
510367
-122289
-256722
-197970
-844280
762166
-56529
746875
-640595
619536
815328
855356
-508893
143303
899602
848990
-941126
846565
3037
848882
-68096
67500
-39486
635685
-945664
697211
849093
-672955
44077
-67687
-166359
-125035
-942999
-88853
81844
298698
-251800
320211
-761787
-282990
43683
555064
-590598
-993389
565634
493237
603663
-867010
-961393
639889
-300135
441824
259918
-536202
-864487
-207609
-761675
684370
253869
419689
568489
370440
-717709
-177316
-770997
-904236
-526041
720846
-900709
-74265
-473307
549730
133264
115695
-184946
51697
-177070
-438075
-953967
-46048
-701557
-502235
954034
-236407
866628
597350
-619820
-649694
893606
761282
-486584
-929595
-367265
-209220
778783
920872
887761
-745393
701131
-618002
-811624
-456276
881988
-260811
846403
760696
517088
547562
382492
-462368
473798
-697773
-615226
504458
-709967
104855
-530491
-693654
-725459
804344
-830510
-269318
716152
-797828
-82916
-853273
797426
-800511
-381831
-933081
-399945
-659047
-164765
-650684
-243
892341
-766389
-720899
986603
-797587
799467
482080
862825
98034
357570
285959
94832
108720
-366646
229484
-955218
-194871
518962
-52233
-549703
-332904
712410
836602
-211976
409659
-397283
-826196
24601
-388123
-527558
457101
552190
213225
923281
-628981
998749
598142
-723906
-497806
-904305
548616
548126
-670898
129572
741638
-829496
-250908
26760
-656641
-755112
659027
-571636
722505
605704
587289
-491796
661043
-688693
305683
610676
-410799
384509
-754432
-900854
-816772
-372873
-989581
972951
65965
688913
894564
-482926
573107
-411469
938809
-210330
-480731
351280
-602260
208131
655351
884500
331530
328859
344566
-777372
910878
-231780
149483
-11131
-415609
657223
-811122
-722243
85110
-870362
449718
-987546
-503220
563483
-267064
-705315
696516
-942551
-664171
-346276
417895
-110855
-78194
-194833
-603987
586752
-80315
-634058
31647
187242
822693
-56625
-496578
-173593
906606
-239227
843774
27520
-377338
-353229
92852
520812
-34718
-848003
-805653
-933225
-109001
-136618
-204699
-876958
768880
-38577
124317
-713384
-53667
491970
-836317
935752
-367747
361926
-163364
-617339
710368
966695
127040
-831084
-36477
974050
-884043
404258
-301778
-842096
134307
503652
949089
-466142
214162
-326567
-63798
681126
-939068
-581073
766176
997656
-990441
799414
-33511
631438
-684035
122371
798349
-902967
355321
604899
-911112
238177
-355260
532497
932821
443300
130598
311089
-687266
-920125
-390263
-483820
827245
-621203
-928279
491553
897504
784764
-676833
-137496
83050
-383771
604306
108914
231644
226101
779567
594693
755210
207170
-624247
862079
-996449
787388
194493
-817116
928659
-716551
663834
835
771023
784614
947945
551872
285102
456030
522027
248915
-722234
865174
-250081
517148
-944983
-537625
-103831
521102
703848
-367359
525894
-644289
-486867
484105
171531
-174772
207200
357208
-715997
718950
211373
-827772
-685750
421513
-391876
-219201
-988038
-111663
-111862
-909403
-847713
281498
-971023
-154710
887391
-653365
886716
499316
-603154
-917614
-297217
-398190
178047
-328797
241508
587403
-620448
348432
340631
447375
694330
245574
-852899
558034
394548
-951421
-244557
-826172
-850949
-504229
879864
-532477
629202
790316
-437611
198424
568528
869285
-115780
-662654
23783
484714
957150
-189412
-464121
736508
502598
-690215
982722
19332
-295195
-712473
387155
260429
-650483
937124
47921
160824
83696
468083
16568
-338862
-892204
264167
-678896
754402
48593
-469558
620604
-249155
-625454
62553
-411364
-933146
-492871
-674735
162162
-680051
992834
-758592
29036
-149838
-781196
136291
-90473
517343
891647
-237578
-882301
542546
-808104
-755367
625359
892364
493542
-976160
-846801
-491334
-733734
276791
335126
-636749
516433
-751803
-606794
501722
-625684
24820
-47849
540806
430527
-439213
90755
219444
232616
213976
-661751
-97885
-258560
-196636
33625
-342320
929618
362965
770767
675836
236888
389366
542092
-565661
-437071
92995
-150687
-177380
637823
951108
-234541
6889
-661783
65179
-177215
329272
77578
988940
-436274
-802663
-356798
353009
544971
-536090
-917355
-698436
-658714
70120
-522611
-306914
-547583
-976838
-61718
-125197
-457400
917
751395
-112028
-927194
942511
-984964
114457
-70007
482375
-602499
928156
-155202
-570144
-976435
39433
-781737
23520
-378279
681152
16548
742054
-287500
516894
-736152
105775
-86509
310858
909914
323352
-846210
757835
-18543
170321
-138432
-104481
749192
-477627
-862964
16185
533148
358465
-703568
618537
-539711
-930996
278230
-880013
647074
905242
573598
-238098
182465
293605
86518
964780
-186939
271216
990605
-92277
-598197
-420666
-681406
-383955
571784
-342711
664865
-577338
544614
252387
-822051
451160
-598632
-895197
-198971
825379
-702107
944671
229532
969431
382340
-98999
90345
-78206
871292
-908756
832455
-439381
-83512
-34980
-496031
-513241
759953
-704275
761051
712934
351804
310608
-513830
204620
-985450
967682
195870
620436
-927215
280495
-844238
-388674
-513299
-262484
-470619
17798
-3057
-230987
-448735
-656458
-107427
908097
497372
-204457
368162
433129
-235091
244836
235936
790084
-544969
717890
-702484
-35147
-639925
-424150
-908285
-948052
203265
371273
794840
-838856
-309097
759355
-406078
-933111
-238337
-639704
418051
277964
930092
-220885
-737519
430591
308380
-979298
-37643
773463
268243
-457494
-882034
349205
-236693
202243
438767
900548
-603052
29753
754628
-662716
199497
313126
834830
-938534
-165752
-591224
-684697
964442
940357
-214521
-420493
-792745
-201303
607844
-322384
105292
258852
858549
-659448
-529713
446154
930141
743706
381940
558181
-205745
-888720
-990446
-921116
446764
-563444
-732318
764433
-287269
540396
-811369
104708
-722516
-698296
737438
687989
70457
631166
-764198
-556313
-418777
738040
-63307
40663
-675308
-812224
28496
831493
972760
158557
-474303
723736
999951
586922
-785291
507228
-563873
862978
-336254
300839
-170909
-889482
-63437
-400199
-184621
763222
-933639
-126495
347976
579091
441411
-178166
-654774
-97565
193513
701609
-63560
-198023
-772698
-987960
811586
-153465
-462265
-686903
-398235
67659
403708
-34178
616883
-685410
627828
-800175
-757391
219929
-977633
-533885
-911248
814028
-868754
-232339
-166451
566094
-982693
-11661
932183
828912
-357209
-777879
793716
382525
-857735
694041
-587159
695711
-175937
152735
-175475
-658027
899492
751087
-804910
740333
961844
-114912
152342
685088
54304
-59122
-465919
506448
-293086
197216
-831097
701623
155616
-374390
-561282
745144
638088
312836
280252
85588
-581627
402761
-822880
982039
-868178
-59921
261108
-196953
-949858
-242013
-717189
297165
7138
-823797
-823737
-278050
-557989
815503
-884356
-113181
489638
800109
562197
-304031
950587
564683
640779
970475
212031
-498104
-243197
-424290
471251
199970
-349323
-688496
-206195
-892916
77237
902485
-916407
276959
98240
984601
543001
-172168
-182169
653253
-925106
501607
-20665
-504291
682009
336319
835438
929075
-165962
-988807
534251
174749
712120
-633403
-313284
-299436
668687
-302703
-219212
482594
103738
-824195
-7286
-407951
-613027
953351
484465
941663
862543
998948
-327725
-356454
420190
-745674
483268
-742459
-730064
-525798
777523
66460
-82219
-671946
123486
-115923
-426873
904216
476523
-699964
-340827
379477
42534
297017
-344830
888419
107056
-603580
221612
-747869
-123698
-454760
-766946
308039
266279
497960
-569666
878529
106533
-368408
196426
-117990
51126
-731397
20501
42550
946853
955218
52287
928422
600550
251489
930239
557769
236022
368851
-3758
-910529
777695
323048
-966314
-790682
40402
842670
981209
-222770
-15099
-943065
303792
-728301
986361
862102
-338770
670379
-480117
-283611
123936
299024
690477
-735107
-962576
-296004
851882
827274
-95602
-37691
-716994
633012
398800
-890006
729273
-494121
-232145
232678
137773
-190668
925969
695688
-894806
-421419
-836321
425338
-303735
972214
-549408
150117
-998456
-353671
-520208
-118484
248622
388096
-271125
630248
-803480
235051
442144
-625758
875365
10535
-790315
147802
-518489
-43195
-679134
-891471
792409
-934540
257754
468822
99706
534573
522644
212890
-132365
-74438
-67212
-221994
514903
605681
-271829
321041
44140
-417040
519029
-805678
-102011
659399
843166
502414
551885
-403302
884147
-927985
752743
-345673
139291
234819
-832320
-994703
193840
984255
219777
562515
-805742
-400654
304891
712246
459904
-144047
841873
-708713
536541
-893928
-798241
151248
227085
-310974
960910
-968943
897749
76960
865607
953215
-791923
352169
560664
-921721
694260
199225
-974824
-323936
257639
580675
206781
-697349
274134
476529
-465652
-145588
-140725
39179
-503436
984493
-137904
312626
237086
-935061
436948
-893175
123523
750522
243842
-893240
972058
-252878
-972690
-808843
169908
366894
126574
681264
258684
-776084
781732
324929
-268212
-295932
355335
338649
-337700
-711389
-207600
-224361
-166757
196000
909420
-247504
-523694
7984
654777
-574585
-889936
222283
145591
186779
-120259
-492601
343481
884846
-31155
-316216
121704
-137149
131452
-750381
-685629
695763
485627
877505
-758677
712333
613557
-683107
551801
-887610
437506
-979126
700174
803995
-427140
-151169
-73283
-552333
973629
455737
112055
648846
738183
219732
125508
691060
-765208
-60953
822978
-676802
-821501
-108897
711568
-940838
74006
796353
673090
684795
-498318
-922680
354266
-764207
871617
902339
-783131
153743
-642347
-756342
149955
231955
532779
409402
320999
-440053
-564241
-169539
-5238
107194
-738636
-162295
242097
835029
-126724
-339196
938068
35499
566931
744452
192184
-871312
589821
398908
199891
-347419
-690684
236928
88014
931133
360834
126990
-184171
164766
-758674
555168
-626504
516220
474754
-598208
-187671
901563
504323
-50303
-509916
-648185
829805
374922
897681
-825877
252573
821256
-785271
-343134
-704824
351562
-131978
243787
-138873
185268
20981
-768615
-860766
305988
568859
-489304
405761
-21715
-147656
-299990
-268801
321209
456251
389213
556575
-822159
-408917
471344
-30240
-924136
-333144
-933807
275531
528461
-567075
157545
-529293
-155711
-130923
433610
-921736
764306
-495479
834627
796230
35742
486910
419510
-786126
320735
-436248
-515673
946303
-519810
-601097
361506
16029
-290256
-744108
-415454
-684318
326160
246457
428035
-441925
-50014
-884309
827067
795530
-153028
725388
-530104
157903
621018
764340
992338
605193
-813651
413249
475555
728404
422805
992048
63098
-219423
980676
598756
930227
-842818
861869
997867
-174624
289708
298272
-709612
-251320
406748
833852
491369
467731
757323
611817
-992181
-42864
834544
14594
-660214
519556
419301
-171856
484090
-325857
279993
858033
-457643
461413
349505
957448
203498
542252
-719993
-55830
79529
447215
15077
895508
-635061
586389
-829191
203024
982771
-520365
-676973
-851737
433021
-683127
416019
-99156
-653498
412029
467229
4022
104887
355347
-333407
-102103
257978
516209
587380
-939262
884470
538072
-234572
195505
-682359
-678233
-699859
610010
-298351
-908066
947366
-30268
-745268
290191
-408844
890147
-677931
806482
-300643
685699
534497
-977500
617676
91104
536786
242052
-318591
132405
474176
-747664
329428
635426
667958
239961
725319
947414
678073
-820972
522071
612825
187265
689209
657849
547835
656594
781600
524074
-772245
-535135
-415870
-306983
-110232
512423
638144
-236259
349670
731261
-589071
-581585
983748
-250230
-633782
173897
769649
-805336
175604
419724
596124
-34535
-65661
-611584
673249
-856810
408108
-578059
84734
170081
-420751
-88713
347871
-61115
-667100
49116
-80059
-622372
-216791
79056
-944964
-538583
581981
-677928
-571707
-532155
640661
-346043
654235
-723575
-52998
235642
175941
997507
-64768
914134
-261677
986676
-900379
658390
-950229
22684
-213461
-715405
354414
334761
154398
-333037
-321656
631846
-796320
732236
212560
-647540
-464845
-109622
970432
-994628
-225141
949930
777675
422627
431939
515724
686493
577046
925328
-811190
-898167
991385
-204318
516671
382631
876303
-666437
931526
838788
-751395
28334
392490
-414138
860593
932485
848468
993829
-314530
-215712
450684
603269
-282286
460877
110266
479
-509850
11003
-474047
-357153
579516
-988063
566694
-187704
210380
544092
-234047
-350739
18369
531279
409865
-794819
933132
27148
282059
731974
-774310
614833
-313812
-117097
889172
490650
846235
-60307
677250
473643
-206468
-769764
-961917
-667805
-565119
-941962
903158
-101542
510571
-683740
-588486
-536987
35611
-580512
-743166
-967548
159668
-882247
494513
605233
-47834
-679230
355650
-910916
519219
275607
940870
-648512
65840
495055
-650487
-372048
87124
366630
519957
-669285
43341
247957
-36687
34072
-325389
-292204
-773894
943898
-611070
-301927
262595
610215
-130332
562004
-48624
-663847
446993
594218
-769432
-240190
954908
543040
682038
-562665
163115
236737
60023
575313
-53305
-685198
-958063
13151
-858109
615403
-388519
-737197
657336
-317794
888474
556364
174541
-2354
-984622
-544312
788268
112262
-909179
887400
-751120
316161
912045
-533702
119718
126685
491032
-317809
504304
675109
-381338
106811
-216238
92152
-460678
-842281
-609911
529224
588184
-771583
-456809
407643
147516
-814892
338658
623213
354615
-615663
-98490
-586707
958242
-103514
-515992
-711749
-840950
-649257
-347697
810761
-790131
-295776
-924264
632102
936856
-839700
-80540
798443
-172849
16098
-422231
709608
681969
405434
229226
777559
-711402
-172372
-101318
985591
-892137
117107
671334
-358496
-25289
188265
972276
-356770
-435454
483763
-834225
-929666
-293956
-259697
-893668
-389682
-812990
147685
-751087
792824
-187959
-907348
-554900
98321
531258
-557467
205137
-978651
-147208
-767484
-649260
-567330
252025
183434
-947518
-972418
-948780
333503
611275
939016
-788917
530682
592189
-582719
-631018
-72725
-459873
-904364
253159
-374109
-153499
-190191
-659258
376518
282922
302854
-810007
908569
390840
658321
563059
401796
-709424
-516466
202554
-183815
683771
315575
-625457
75798
326016
346615
67450
-27013
-283610
-629804
-438286
-389849
576515
878527
-732662
947818
91500
18982
228687
-7763
-742240
-173924
256917
795132
-164002
145412
-675968
735506
892517
32854
-575984
-387447
671342
434265
-262677
930797
-871983
-487941
396146
-701422
-425856
-716984
701390
282379
958736
-399142
-919786
871760
979831
683151
630224
-352523
-778335
-345713
953255
204173
-515102
-478418
-143361
865002
-955102
120526
629021
-367494
-715660
-282102
936682
-892618
-583696
407035
-248875
-375741
397569
-151301
-204626
543484
-129391
418406
626118
-530373
-381530
-312112
-983354
-64769
355770
-101075
-840620
362035
807915
386847
-499170
608021
734385
-107955
-34601
-851763
-14383
-324924
-597776
-177249
742621
57492
458062
-750354
-389440
118101
-669851
855272
-22361
915505
980703
-408104
383836
809690
268380
-164697
-328705
-700131
34262
-673830
851791
-166625
713915
-916393
542641
-343198
311330
204288
937660
952928
262517
672426
-898792
-562353
-335656
-659107
-318344
937348
-749417
-399765
452698
-487187
284905
-781410
-122083
787277
792468
-166659
721299
143131
426946
-929501
-820915
-62295
-254388
854177
-416810
-494122
-317657
-578088
-276106
859749
-991148
584710
431743
-208674
-54674
-382023
-890266
872545
67477
-487126
290452
341698
-662717
283751
-800204
-942911
-125251
-91477
-625366
-340616
961197
-923631
204155
827509
-457419
-232905
572033
298421
378242
441428
286263
843854
707301
-617232
773819
-921043
970010
-468415
748766
11946
-104611
882611
-226593
484154
-360642
-963963
-455075
469772
-752683
-212587
396699
-145157
783855
511797
569926
-868870
274654
748363
591758
158072
335336
-613764
634471
-31841
212417
137910
968687
-712722
224036
-237093
888025
-75861
176933
369012
445291
-272284
-802060
-392510
378900
-317167
-261988
-30478
878032
43316
-227924
-466999
-174610
-835735
24585
954928
546479
689450
397787
29614
987457
145646
706656
547818
419691
475407
-408422
200466
-450853
-717572
-127436
-755692
590329
-424514
-550587
861153
321192
490749
-582595
-954023
-576076
738951
-292452
-977890
-622891
-725618
-775419
-819658
-359575
466971
494006
563109
75099
-772162
985147
453442
-629743
43440
262508
461365
481721
400849
-346892
586010
220109
201139
77094
-848872
543304
246550
-700740
74826
685443
563703
376095
830064
-567579
825653
451514
-851527
56781
-210636
113763
-505845
12745
462478
719346
930140
942180
500239
-451976
915954
-200065
-195890
-826487
97281
696949
-604634
-401206
283233
-112440
615404
711258
-33384
-786448
-538116
-367451
340208
-991172
-634031
740963
602818
-370929
-619921
923936
-994883
-889109
-923883
-538351
156951
-180644
-536708
99086
175278
253097
-798552
-675567
-540016
396741
275688
724793
899486
-492265
-355753
886338
-339558
-507722
925941
771374
691969
-8583
-561710
29949
-927207
-145045
-983450
-139971
-521416
124043
4419
441417
-160758
81683
-611981
-865382
-748278
261469
-134931
-75542
88712
361687
192907
-738312
-743413
330167
-3918
842771
932084
-18912
922758
-809393
171046
98127
964970
-153243
195411
141725
394752
-996766
639448
-753310
-536260
-934829
563167
624734
986046
-153042
-255244
10553
-272491
-249665
-639803
895455
649624
768243
-620021
-14636
447239
-978532
230273
7023
-278679
96724
-424960
-607152
997058
662682
127542
-316975
838395
-315072
-717618
-449266
-730171
-46678
-332625
-928659
-961062
-391752
438275
86530
505152
509669
434717
-160382
-667955
111539
-460457
-115439
-795774
-721669
-228982
-503333
211395
-827896
627992
392793
415337
-187414
64040
791030
799397
84357
118929
-148193
895014
-421562
742345
981139
-511263
518010
322770
756684
959927
-91218
544349
-473562
185150
-24559
-664016
899172
998058
-99949
9362
-274509
-653588
-107847
383746
223202
-18034
573837
-393646
165300
-999161
-609218
-476200
-766896
752482
194864
-607752
90598
150041
-116002
-951260
-115566
-417203
-544901
-990825
77221
672163
498815
-116973
-819232
-43591
911926
659889
99083
620756
-126195
-806206
587072
924688
947398
-464604
425683
836933
257446
704154
847152
838136
-480332
88547
346390
-392775
-110594
-386960
288521
326864
-953194
-639605
-686826
258081
-792890
-996724
670616
506259
952371
-118405
-335023
763099
43310
295799
816317
-151526
648478
-339846
682468
909461
17972
777962
203414
603771
682426
578842
464900
-494052
315298
-270857
672221
589943
541517
-863990
-639979
-498439
383089
-666450
758269
58568
-901549
98217
-80695
-635921
475705
188050
615721
-962070
208901
-79509
662319
523960
-950326
-333971
-777302
-444582
12628
-378339
332900
840522
-17728
218118
111471
855530
957630
150020
674976
-492416
583239
206026
702700
711804
971307
-196475
23669
84532
-335591
-913268
354584
635367
-5462
512465
838681
-513696
-14627
-209947
-235028
-868776
-416775
668799
-284430
320300
773583
-971659
942272
-618393
954362
821078
-3483
-598243
-426907
787807
750872
615281
-563863
260541
-259513
-173250
-527001
-342687
113452
182559
651628
-698691
494364
-114924
-748817
855499
55305
581028
301899
-316467
-107411
-24180
-416552
-70897
547222
814218
304674
877714
901378
-211292
-485514
955095
8640
898815
81831
588595
997445
-288540
78952
-972069
-928763
-559772
-506857
396463
-860317
-677442
315732
-683543
348862
-16031
-669613
-81632
519343
560654
262950
630664
353241
481887
-404846
784382
-701344
173364
173146
-970036
288677
892728
-30592
-721810
-385705
-849489
569397
291200
868311
489889
564151
-198795
677827
709296
500277
152281
-429896
-21936
-641989
-470545
-629451
31237
-543649
742804
-566089
690136
13502
-191905
30545
527466
-315675
-228495
-432453
379204
-353321
-815529
-365775
307971
-706292
-522410
-259476
31104
977126
-588628
-475029
186764
141575
-810951
-262610
-701092
-335886
-337835
435560
-644090
-379897
532509
-152724
-318278
719557
-800584
693904
494650
-962506
-209655
-364743
762981
-885836
972127
-149500
-681296
145348
258079
-639833
348167
-869080
256733
582585
-729524
-505812
-661157
285483
918755
89483
-667235
422862
-838715
-151981
307302
-104767
-211731
-763526
-824735
-230287
-782454
972060
-134573
183823
-589349
-318384
526551
28054
552317
348276
43142
-685404
-532928
-400060
-89859
-67456
88560
226055
-88713
746752
154400
837902
996724
-960952
4951
-352821
369950
596159
448283
-936300
485954
297558
-143883
-293891
-45032
908759
631495
-490896
304690
57660
32637
-402413
287195
-528450
835611
394257
219960
-861053
-860583
556208
-384915
-721193
426915
-230514
896753
-938263
-963771
159295
-772408
-27763
755834
322417
771992
-252121
893107
-461041
918619
-76779
-619424
853846
313063
500247
631015
285420
246922
-243152
-795348
-604084
883259
-443805
-164530
-790422
908348
730686
-539148
-687544
507867
-526103
-739385
534172
648870
-377641
-631804
91923
978936
215959
909361
-181031
-692734
-29082
110681
-804969
-893929
571977
-331252
-623923
-861182
574704
-949422
-319112
397592
621160
-272004
710117
-283203
-862467
827582
-6088
-457120
694468
-544569
-300154
630262
-23530
580493
640660
533891
914355
342838
-920708
-987769
-877573
921808
-659948
279309
607999
-866361
-18355
-624569
661580
455632
122784
-558250
426171
-202363
-496295
-297391
-62034
-491172
387702
6757
-589469
987464
-46323
485928
-21204
-533693
358686
-25452
994453
-826082
-296132
-718661
255792
670503
701553
414155
-145585
948894
-520400
359622
713286
-369291
-111748
-989015
-265450
599960
396205
230604
807459
-689031
-816259
113442
-97280
379775
-561182
161664
460788
-447381
-265460
-71410
-982229
778993
866905
-483895
-940381
336497
-377827
-504125
-73590
-77073
-295403
-662871
-32069
999342
-572459
-103990
744021
-280643
-769685
-145937
-268601
9569
722903
-627980
-410829
-83790
-194666
-635898
-191651
161653
-53223
434600
-690284
943552
947279
-809
733313
-295589
986472
566870
-213918
-588350
338483
222016
358035
-32963
516658
-137104
-29708
-420633
738692
-539109
548932
401733
-822461
869872
-679030
731311
-255657
-231063
-458938
-693230
462960
398490
203166
-380433
-341277
-64192
888515
-805089
-812443
-207190
-779644
-311364
-960408
131322
-753029
-903161
-762756
-454365
682241
-817022
-869650
775432
124549
94783
985125
-127302
891608
-341834
91295
-998752
-31495
-748687
157226
783
677015
-916864
-303191
-843370
-244115
884629
582391
546745
-889134
497977
-329296
446375
633087
-706513
-259723
-987458
-431253
-351507
-564525
30509
826583
-964908
477819
-649715
-614650
-269401
-994894
188730
-609623
-473262
128390
915432
257393
569208
161443
838556
884530
-239743
-192595
-330899
-486176
-210190
754143
31085
-123926
-477760
-818287
137403
-317570
-648596
-115938
-225494
462603
-537208
271553
899805
-362467
-649710
-114066
932398
-87046
-786823
-388196
-904213
174981
-271979
64492
-205237
17178
-62633
183153
-314337
880379
-456886
388502
-776175
-941156
87944
-305265
987044
-477889
-287369
300864
925549
468971
392057
-97851
-63635
685002
-273648
-941135
-806182
769555
33577
742739
-66121
-959366
595872
-878884
571991
-357624
555623
-135076
-285131
101043
768704
766341
270806
-552131
31246
-687907
-861581
292775
-259008
-575211
708807
633638
313786
953225
-89873
739453
-370331
-244357
-737384
-861629
-481667
141600
564411
-354305
451631
-196191
-55587
-385720
54687
-808972
404574
168665
-329983
-170449
665876
84267
13140
-204921
-586840
876121
-19515
257265
-802112
-219702
799618
-668481
-283102
-64729
-785029
780502
277333
-822744
-703015
256571
346032
-625518
-268243
253475
859369
-520380
992992
166906
117147
-341841
733207
451980
182503
571238
-437316
-773267
-654647
77625
673020
388587
860367
-712199
-470673
-195945
-314330
-781790
-286692
731581
639220
33313
-221599
777483
-742253
542538
237641
192282
732448
765054
-311233
-27899
151139
-774158
-487911
155400
-175755
827815
9296
892662
-811185
331317
258892
-49137
-371133
-28919
681195
302077
33987
653430
94896
234491
-837895
812287
-775833
-436536
-200482
950905
389514
897339
-821682
-361999
-696510
783226
-442646
-178133
462537
-777947
-440215
-764122
-70831
990701
58614
218723
884183
603557
703181
-724340
734539
379275
240797
626971
569958
-132194
337457
-45207
260862
-605070
5235
-998529
-505614
547108
5277
-445240
-817809
605641
-740752
-191388
941330
-532542
-394605
586829
-275864
90504
-283273
81109
-430464
-738225
-413329
818517
-683191
-26458
-350738
521390
509663
25849
-871557
-591217
-29693
-413525
-25582
152508
-522053
348713
10043
-918709
-68241
-743007
439083
-55467
40586
-60162
-823150
882432
323022
-986312
-114614
316912
-284379
627432
611381
-846607
-348448
718459
980317
382919
-716966
736608
382344
-33714
-226771
303232
-549585
-651194
737131
708672
35360
195540
556533
-6863
-115145
-454798
295037
580379
-271218
403551
-231987
-284215
-876142
-37526
-85082
782550
-690637
-728535
-395618
630320
645731
178503
687083
339918
-616873
-153282
-744251
-788307
109556
179079
860595
-151574
-558810
31647
-329061
299573
829605
394084
662210
-300152
-493330
-12575
-602753
-793287
-574045
50105
775444
-407390
265306
7671
253032
-497076
89920
-469709
-431864
-326737
736771
138734
-332994
-106422
627766
790163
410095
633414
838310
-517714
-989162
-893117
-239773
582961
9596
-62626
645406
-834771
-13153
-752468
64131
168751
-826953
829779
152910
945854
242308
612575
960590
-129445
-715016
759427
658921
-507709
789865
-457205
-697741
279680
30027
-555205
-587465
263570
-262902
-211960
-356727
-866508
169181
16755
607422
-370078
-827392
810911
256779
713887
415828
-739849
-26468
-161276
793841
787339
93991
-138446
-806985
395281
-301702
619292
-45033
420859
-768756
-176592
261269
699830
-630033
707293
-166492
-459656
266485
-5165
-421491
772738
-594636
783962
-974121
834547
662213
-420269
412206
609794
-666847
-992500
452325
-91337
300213
893027
5571
-735113
467360
-283678
-160929
498011
59307
556845
-649933
174132
-211434
595622
-417571
886587
826208
918649
168884
956129
-682270
965918
833624
-320241
-14464
-597256
342005
25090
110682
-553897
-274492
-509456
-609151
961352
14127
73547
300532
622548
183325
-176289
274995
-379585
-531012
555338
-929492
524655
-344149
173545
626841
217686
970809
567699
574361
-924851
-717726
-632188
485646
-513460
285891
-60720
-117266
-21184
846819
876379
-624689
731520
580758
48400
-479529
-483779
85879
294992
775773
-654501
-792888
-905978
-692030
-736221
622087
61731
-932324
-363552
-295926
154235
-880341
11157
211232
-284012
-212181
153707
5457
695518
18648
-700735
-920640
-749676
-733507
-181008
-543963
914284
-77108
167170
-601558
3310
-786392
70238
-663053
-175779
598187
-117567
-529882
-659228
-270177
-132093
-707100
265293
507911
268719
252699
246420
727904
-680624
997541
621986
880325
739945
-290842
830089
988034
967799
561876
-856308
-209246
581632
789448
-777925
-881092
-984654
-701121
-775
59882
-287881
-661123
910194
499150
937824
-603979
786113
276016
533934
382160
-18444
115927
149104
-592605
-70616
-410772
590426
879665
899456
966235
-748332
-85567
132701
-569633
920633
-541386
490555
-80050
768244
-822758
-798292
-750116
195386
654769
661980
112477
780679
-337136
-741524
-85486
695278
-387324
875630
101698
-312637
-417855
-586677
824242
-314403
650875
-196185
231524
996577
745707
-457388
465446
-579149
-933482
-834526
607865
-2894
-186414
242678
-965977
-759587
-134290
-483978
56588
-483909
936083
390020
-384160
48932
-313205
82851
-193854
-780891
661430
583617
-910026
552600
423052
-478578
181007
338281
275165
860654
-521292
-691050
174145
-929057
663148
-475016
793403
797659
547868
-461591
-97189
896500
-865161
-611121
-655294
-704149
538352
154457
-251618
996389
893121
51976
-187980
-402026
13186
619945
926073
-945816
-319559
470139
250384
-247420
-593962
507357
-520918
-228882
762917
-939296
993187
-299206
446841
861995
-359023
193382
-338246
948371
-695389
-574523
-247124
-615474
-68405
172075
-607510
-396815
475817
23504
75096
-58272
-972774
-938707
-244334
306413
-230050
-46972
75419
737120
-472309
-778626
-347738
521250
-53740
425276
108433
-527955
-537184
-486415
217458
669253
-276331
943697
-14739
-77052
-625043
-68925
895882
-266051
-802295
706148
-929894
346252
902974
-598547
381830
895860
753598
-666864
662930
246015
-567133
-198404
-663385
-789330
-365595
791480
941655
-93195
198098
830119
917003
356740
647158
-907509
-945572
-9970
-739499
-165357
797741
716969
-960831
-647514
111572
954902
429506
-687960
-72047
-888841
-900372
615440
772588
-305954
418641
-920119
-36500
-296226
-85776
-854977
-293058
-967675
-404579
466060
22259
539274
974932
-471951
414161
597640
440623
-529553
50218
-717396
424380
-268349
270873
737654
-476284
167414
800165
-817910
-698317
-320797
-787782
-651216
-27852
338937
645752
-242742
-820565
-340434
312467
435955
-983636
-724659
-896842
770326
420705
146447
-38781
978954
981142
343684
574212
218089
187734
141305
-749470
263994
-337263
-816460
-117739
-99411
-268961
-821885
-554535
-885171
-409341
183434
-718698
873730
-947065
423614
-922553
697524
-902765
-278507
364303
987063
152611
-428177
297065
793047
-580055
991100
663188
302261
334799
140819
-519186
885293
453373
-850201
-959402
645428
810400
849955
228159
992236
987734
-209687
-702357
60486
-386553
-954233
831912
440489
-322456
-260249
397290
336027
703378
696548
8973
-491106
151342
723740
-715544
-131762
247152
-463496
-537957
-907884
339954
-235744
-525507
630066
-721351
-153573
432826
-281271
-39523
451545
-230059
36736
482111
-160088
627728
-550923
-643405
162474
-533411
565874
-315430
-795605
-721583
498893
-907242
-604470
-850791
254349
376141
258151
689928
893477
-772857
-361585
-78639
680139
433128
658762
813590
-843222
806125
-57348
860596
-916541
160265
-135019
597760
-297572
440645
143252
210258
410355
939741
-840822
560385
-456974
-36501
-826925
59175
154459
615526
602938
-19637
63043
584919
-990747
702407
908883
382739
2078
119094
-156113
777516
-702089
-261587
633592
558785
871767
172565
-47540
896519
131165
438582
742739
-884100
735435
153092
908728
202483
120379
-916913
-121966
-831895
-362328
986338
-638544
445259
-143152
-171766
-208776
730067
-631411
166217
-475338
-566646
465609
-711070
-836222
-379660
-64485
634553
-579411
320906
-828457
-676452
-377684
23703
951356
475850
859900
446911
144055
-848951
-106737
669288
-132896
-221805
583189
120896
-731631
740465
775028
66608
-922057
-694796
-707040
-330457
-79554
-896276
-878178
151594
33072
655892
-833380
221924
-456718
97445
-590738
-90065
-877925
-545574
-180839
395766
561803
170350
-241048
294521
-553383
542211
-280967
115200
346772
-893370
553577
139981
-569471
157013
33346
562394
85249
-813095
-721192
-662748
29160
848664
-89552
-909934
-525715
333984
63215
233523
-968800
301967
685091
67172
25197
-202775
-554436
853341
332663
825669
689391
-822733
913731
-628172
-843120
902754
978578
710569
-945100
752018
-382453
348162
-798983
615684
-390019
689517
-861584
478373
893959
-421942
-663295
242794
51650
-732521
-75069
-247724
271186
690686
598583
769597
-683538
995025
-253493
-38548
-411323
950208
30572
-353552
419461
-39816
-970983
-231969
76250
-940191
484078
-572529
-175008
-725561
40490
-478538
-30300
-296652
786349
561240
750865
227524
858536
26515
696329
-9771
472569
-996824
-29209
282610
-710896
591449
-525737
22032
-524181
-529552
-6689
-420745
214114
20970
-256358
498545
-847354
-51208
443638
285844
-514263
-830818
-343772
-548541
-121970
728248
-118939
854703
-255498
-655546
120024
577400
224115
117401
-328656
-731076
-5773
860251
61067
-48389
-685268
-52138
644880
-850574
181820
576946
-328138
-989345
730597
473344
674384
411585
-584922
117351
-51693
-101257
-254748
634149
-12715
424129
-848004
-175968
698091
778037
795173
955051
660061
392807
433029
-604521
659152
820944
-517210
795189
206279
379180
-560673
911459
106220
710187
501439
-311911
-323488
-48380
-606199
-917681
165060
-378966
-834771
494964
-74646
599557
885865
546857
582037
411764
183303
919092
399897
-595994
392264
-840250
918305
-593554
-98475
-881643
-760024
239667
761163
-576186
-429076
827509
-281561
-136669
-572060
98598
364866
-407381
971802
-647003
-285847
641100
841254
-167623
371284
983980
-38111
-312977
148969
-920458
665557
389445
851373
-58501
824040
226832
694114
-873063
32678
35218
878933
908045
797206
-838651
603517
-322235
607528
-810066
-332538
174382
-958001
508695
-469729
-527399
47117
-362069
-703451
78509
-856037
-62005
675667
741777
-212443
820859
-234225
876322
-943914
-282262
-293196
638720
800800
-475739
-553095
-912111
-182026
-327203
-494635
-683782
-185425
731374
-570937
-180536
948159
275024
-985099
-748734
-736982
-719063
-726895
-218145
-985742
203514
104424
-342149
-384150
696343
149644
-737738
824834
-144353
-728702
-448782
545336
990332
-852733
719239
814067
682844
503187
-656889
609724
-447011
934227
361840
-411567
568143
-2744
-616812
-362063
-107825
-71246
-680524
853394
156487
406229
-238046
-169898
241350
601432
107228
-880991
840187
904509
-791173
-900574
229885
-963194
-702403
853744
-162672
-72828
910240
719186
-936044
343149
-275523
958716
-82402
-196736
-725722
-445985
-23227
-803337
-461704
-821343
-541622
694518
-180978
763842
471255
-107897
665530
159191
950236
-871436
-361054
632285
-968731
-290242
354086
848223
-989703
550562
873363
399340
-821811
345556
-838568
-63228
-836047
-456725
996765
-345167
-225859
454324
-141900
-791055
734463
555378
541118
-16996
-329675
675239
-390078
256651
376445
-723708
-735660
-439139
642338
-596454
-738918
963387
462384
403062
-184339
415203
942124
894021
-758382
998644
-34300
583215
710494
-976722
-480629
493986
317236
200273
865847
814442
-89717
349090
-990150
71296
-381347
-306747
354800
492555
-54044
89649
-530971
-255773
385599
-188963
376387
199189
-891669
-735693
927091
-967108
-333559
363545
-363421
-688153
315585
-689195
-458582
91099
-75154
-227857
-286446
-716064
-638517
434363
358131
441067
-468989
-424136
827913
-839862
-853669
-503405
-785709
907543
971537
534139
591465
285456
-128049
-621012
-262769
505557
519693
860872
211142
-439775
-3712
-194840
-13825
538450
-882917
-648803
-703348
-252829
221242
-528269
-121287
36777
728487
355133
-823306
474909
330732
-319473
-116434
836435
-699964
688947
-545195
-926848
-188981
372622
-653469
-594415
904008
-193087
-217903
264817
520757
-537796
911006
681889
-857531
774250
351424
352302
20710
44704
-40214
-423352
-709404
-97691
467605
135166
781977
410946
-823208
-152403
752945
259091
66891
538251
-970521
943451
-879465
9335
-416837
429371
517667
750442
817552
-335382
-209601
-863992
-530494
859015
648225
-403202
-61912
734020
-316551
325487
524153
330129
798414
971679
292625
548302
-94755
-805797
800625
-437520
195770
-593415
778232
250298
157784
346622
195108
924732
-462145
429817
-972425
-476844
-458991
696311
-879976
-873239
205803
-859566
-733445
32265
277518
74448
-819454
829747
430363
-238777
-509919
-577693
-154653
423404
-93411
-592301
-112228
-659453
-625782
-172525
-566866
771437
938751
902883
871606
973271
-660363
694698
96141
-456889
958575
729310
-381353
-848533
715192
906644
530504
-16010
83267
-551204
-223123
977310
-244143
959661
-849788
-438754
212122
-92777
-198404
-985584
835780
-997654
951594
-225825
24720
590729
-438080
-61771
-27117
906361
-882954
319419
207193
455726
443656
416343
-755413
459268
-988225
471114
111947
835982
901574
711016
-569579
-289221
-568192
-493777
943077
-189494
-390329
-362109
-115219
988315
-813778
475967
607188
-192965
485631
160972
-952531
496868
994375
-553093
-449148
502923
-144250
-122023
124587
180003
530541
527099
811641
207618
31349
999204
647439
-70975
-629313
162512
-400025
-33426
647526
351477
878763
937825
83352
-69862
-694937
547082
389748
884105
-120614
949284
-700187
344868
137334
490253
163988
805820
-952711
-799931
955692
872619
611790
547660
926102
230939
-381586
582962
-288292
660795
-282178
782728
81191
589313
-796186
-489133
-65499
76436
-559112
-404211
879120
-65758
765132
962810
200475
772287
-481782
-606204
-924282
821432
-867157
-621121
-222432
858800
-822771
-583569
-634282
-738533
4261
-134960
-977476
-402828
-917381
812130
245133
662875
133268
-819377
-418198
842067
298473
-129837
95409
-811594
565611
621245
763426
-833967
988076
-832834
507261
842764
-263117
566198
-335612
-835613
562681
422400
-208574
-990065
816448
-13410
-389268
-300813
968495
687050
-563516
-147518
-569668
401251
-25619
401493
-645024
315561
956718
350772
823721
128470
73129
480761
953937
-559693
-516781
511245
912387
-178121
-6670
-273921
-957258
20139
-308299
-798913
801613
528540
789985
298590
5104
-839521
-710759
634941
488036
-724273
403467
-403463
-854222
84415
811612
102602
-181180
-413977
-900504
238443
871243
728833
899352
21682
497177
556219
482078
949735
-169900
-446836
658086
96868
273394
-39308
145213
-927488
-603972
399371
-731740
867587
128471
-131660
897578
147746
789148
-853749
591756
-936248
944753
-635988
734063
364893
389113
-659244
-313405
394126
767973
118926
-65068
-423802
974352
-431332
-59647
196630
487765
458253
-89863
883017
-258647
789291
-172876
-741049
491632
168585
-806633
-888202
697414
713832
-791830
921294
875185
-326599
488042
-417362
715067
330150
-205278
-349374
-816969
-584581
-572982
-645842
876703
706539
-143366
-489162
648174
531218
-119389
990455
-467371
-572568
340065
-712289
-641336
198914
-803236
274036
-645934
-837715
883423
968260
462140
-759673
922662
-220169
82437
404384
336447
-36032
-801706
242115
-359614
273746
243642
-921640
-343055
-116291
-27153
77154
826763
-94536
703114
236039
261730
-329273
-740961
-646338
555535
896933
-989661
360792
-238054
-522054
-928418
-146567
-748143
161711
-996728
976120
-872792
-500012
621890
-576199
-115462
-265732
732318
-150264
54221
323129
566024
-847380
-919525
-26128
-88307
994740
-134649
-183182
995350
939020
31323
244203
-707403
173636
-899648
-317961
190733
23991
258366
173691
875226
-904327
-289015
767080
391061
936718
-713348
970108
337501
316535
-898296
-91038
237028
-326847
972215
218699
384986
-189999
-196164
825039
-193667
92702
-112677
231696
796547
578278
-413396
144113
-398792
-952351
-636857
980993
79160
558019
986075
-14117
881050
-684666
-173291
240216
695616
322906
-634506
-412532
33335
-680994
-632586
-704274
232640
50146
-953899
-490220
-343450
-970089
-366968
-247655
-56170
116402
-947963
-441231
938128
-947590
-723669
-545403
-750051
940328
-790260
523819
-857316
428204
-949212
638364
-583870
-474718
269677
-433985
280527
-896761
793411
-474986
778332
543854
59074
-273025
340696
-41493
873732
780908
382517
749119
493418
-821199
166972
869893
693164
-531121
214057
330298
695518
-251923
296560
-262437
-179066
-484398
159119
870254
641664
424231
367295
330667
89074
648484
-507189
246399
-34906
-756524
750760
516264
-774224
-591933
626181
886899
951667
-803595
-306598
454285
52658
381191
922515
287873
784968
-831850
-798704
944099
825907
53064
767496
176971
-355656
-411742
775811
883854
391521
183753
-399608
-858898
472640
265814
632673
643
46679
-397472
-800936
185211
-998465
-266545
95999
840126
193044
104645
119928
-622269
784953
-876552
-827051
439122
-414766
-513294
522085
977326
-505852
571726
-552048
69460
322072
-470651
-878424
793824
-395488
956388
-706005
-699579
875478
502629
83045
383837
-822210
-769815
75261
937853
613774
-206310
493400
-1677
-717499
-453360
2090
767638
-919748
-14479
-993750
-689017
83616
-874993
-416404
-112448
4584
-533123
366254
545010
21364
-441960
386412
-282771
-159710
534380
-745149
834144
831482
922231
372580
-201056
-477467
-265163
-362334
986750
-452430
662001
-49262
786525
262417
521571
239452
-395808
936197
-559443
970741
-186582
890488
-754074
-569519
297593
641260
846655
514635
994102
631349
826588
-759105
-458620
586672
521453
-410466
-695705
-977211
336708
516914
472332
714132
-371971
-782626
849746
-923188
-516206
-59495
812445
830552
881507
143853
94743
391335
852176
460068
-707938
332362
285185
-789305
-356024
-278567
664369
426493
706830
11641
624921
-476612
374424
-609681
693057
-65041
-54755
66793
912844
260358
-720447
763680
150483
547744
928691
-445888
593334
-146623
144878
132119
-192391
-921542
-822821
-540857
-473914
-845147
469848
105450
631473
-289814
653724
-302019
-963637
-911157
-274244
975178
-372378
-866074
18690
-151197
540813
427455
687005
-183870
305629
-337476
728860
-904428
275590
-113199
548411
-117221
-989816
-903609
-870155
-20516
634276
-485892
-600920
-262185
372482
155055
-753842
-447940
491019
436895
-462078
304321
137767
-151322
361745
-32605
-37685
772678
390979
869871
449806
193907
763940
-567049
957811
748928
-900641
-127288
-307350
-777878
625860
441353
-197426
-841517
-991645
285601
221628
-232125
-901131
-300630
-42203
86089
95029
-412118
-315183
-446073
236384
256537
-404147
-31232
-19196
539963
154066
34396
842370
-171648
-116412
812053
-865973
-114259
-659441
694186
709677
-728586
-462571
-338859
46294
975723
-449594
390325
-155496
603203
765166
883275
957837
-372819
-904531
-94781
-550106
-215522
746941
179480
820444
-351715
865855
-221622
25022
-701416
764527
-316189
170328
306592
941468
-280932
-1328
-717903
-376697
-10484
-800148
719788
984489
376541
193100
-837855
-396713
-856679
178669
-275947
63517
342156
-209639
-153880
-97947
619554
562115
721125
420870
245012
-9332
-932390
-486017
441204
-194008
-261535
-38336
978399
656437
466301
-165446
-693570
-682626
565091
790287
-312322
100694
-40169
-554593
274669
-797846
-149200
-973722
-707522
617710
-495112
360835
-612140
409532
-385997
-324034
236063
-721540
-421118
979478
-275744
365808
238776
2622
-45124
42756
-416606
734195
-241944
324951
162999
727327
-842833
639045
-960322
-712653
826106
-582124
36162
596816
561659
903136
-456058
-925119
270425
-533135
-885038
224180
47507
-779392
646474
-67670
202007
-151437
-365479
256883
-439875
-628670
414123
-801053
-918343
-8271
256991
756309
916788
-390426
492919
701808
-604451
-299866
939582
-548040
-412032
118542
-611567
426295
-148556
884804
-818951
-860244
991161
134078
957692
166639
-546512
-206898
-351322
303725
417924
-788321
487501
-832362
340856
658197
-91599
-453441
343925
-173808
-947939
-253128
123637
-954593
103468
-596058
803094
-632320
724861
-216559
-914714
117611
-945290
648469
-175875
549624
-516506
942589
-183275
697196
-971336
931042
937144
-683820
906667
-980972
-636131
-44945
-810626
-920657
-232165
-709643
571975
-182206
-789320
762351
-930814
790431
-835035
-788078
-840170
-22908
614569
859019
616506
-114783
-781479
253761
-692876
988117
879556
210852
933192
-147029
-208092
-806520
288943
903701
-307784
474222
823403
451665
-90799
-860014
-332936
479913
945942
279165
-265998
226084
-150486
856836
128834
473753
818065
-198936
-317910
633882
24563
-782406
-54363
75020
170834
922977
905695
580264
-731444
65187
255415
365745
-714752
-144332
-59006
921902
-277984
-894809
-418891
452821
-667247
999075
-332241
383685
162238
-664215
-140569
131133
-386182
-421330
-648098
-408883
-966061
-415314
-711740
-904062
279706
291172
-968957
-804745
-720368
-727749
209887
550398
-897063
-292060
911968
448473
904651
-714888
972376
815043
785902
-704769
-983585
716683
-26093
-73978
-185324
231108
-737314
284387
-655823
836983
-935694
-833315
175901
-191826
-948144
-45349
588238
190997
-636674
-347423
-633446
412617
-831876
705430
19320
-770414
-512495
-858417
-291122
-581927
260502
-423653
-364043
-633
-471636
49357
-388990
-102656
-332942
943550
861199
701600
148636
-761158
443534
-241727
-872910
383329
-832343
-334277
718908
-346189
-514473
-155707
-597606
-33229
562212
483713
-468123
-364786
675162
-761560
897299
-243405
11072
-671684
475818
102373
873937
238300
246275
511901
-563685
-233055
-669489
457739
114470
-94021
36099
-277966
-821560
167844
365935
-130653
299741
-989907
-713908
993595
-129164
777695
-129713
272649
-735819
584438
-927444
-374515
471998
130410
403780
576560
936372
837511
361249
-203163
503025
-627794
-773185
-53264
697669
270705
-342585
427801
-999072
18493
-480260
611507
937664
865474
753184
251789
722490
-268123
-565028
536461
-122411
-708585
-514813
997699
833544
447817
-952646
-967104
-47788
334998
255558
492174
491731
135363
346839
412607
-551545
-746697
362498
-552050
369535
-174424
-829530
822607
-777625
-687448
604206
983405
787910
579120
353358
-462331
252332
619988
-100942
-171248
-848020
-368493
-543385
151864
-138869
585228
628826
557657
99342
923753
552658
-136759
-68966
-216958
-587796
817430
549695
-978399
-266964
-487086
705423
130464
79422
-852940
459205
222644
-192663
533581
-940801
-620245
352535
-282295
317214
411261
137911
129324
-115292
-634852
337762
959113
439578
-757933
-461480
-33015
17873
-619137
58095
381511
-108344
499418
195901
23404
-138097
-332745
-884893
-555804
738259
793204
-107789
-341043
699977
484582
883583
473205
-183248
368702
-492992
-385489
96497
-182989
-4801
-912644
-640569
246056
-30184
-825595
139568
-928434
-810661
505945
771561
770743
944611
-792851
-748705
-802190
72504
-659330
483047
893296
160249
857412
-351603
-649070
337481
578131
450550
-957714
-402250
345206
-965189
-858616
745852
-711369
203906
-111974
45489
665745
614771
193109
310546
50624
-716204
-241530
-132702
-93754
-257550
278763
-977281
-823626
-124635
954805
871537
-540772
1850
-4274
-893746
-725166
430707
-920595
-953327
-689469
-124085
-683126
-563519
-92939
894017
-189735
94516
860564
-219621
2473
189192
-300494
-483437
726862
-148053
557792
-837077
155574
-705748
-700934
636457
-267431
354385
-605164
-398325
553028
225024
945770
-290828
543695
57052
864568
-40647
-875061
-842546
-785776
-312160
713030
-620088
191870
578262
405452
-70960
-7611
-217623
-392913
-599716
117722
-460128
662596
-806396
131464
172759
-535733
117767
124916
946126
868368
-7808
911881
439416
-856054
792889
140768
-601363
-442804
-22785
-924142
267471
-973051
-569933
669978
597817
742702
-30430
-485244
-998972
757790
-992267
510350
655912
-10472
910620
75545
-60182
-235901
-963885
798578
-182887
583426
443264
166246
-39101
66207
-71244
154750
5864
163136
793133
212684
-543350
-747183
605144
-341611
-391937
-309945
371073
-930894
395681
-617334
-243874
180317
116664
439801
97941
580387
-67583
383639
468758
337666
147597
704726
861723
-669631
-119175
512203
712149
-430384
-708974
-989748
948842
329874
784819
5309
873060
986450
-627610
-548967
-576722
-396064
412199
900932
-173367
133932
-545641
785319
-389016
-12375
306292
703051
-503609
400685
920173
-26105
-102772
-816354
-871450
-532037
-614964
-217499
938399
428890
-929425
-968285
-673574
759243
-827856
-821961
505310
74035
405574
471536
-245465
264964
-347741
-218708
-368584
665910
874789
730149
-361163
-169493
747521
535966
88441
545347
-916612
-790310
-41735
-988514
291734
-493722
-230408
241427
601447
-632258
-433901
-666668
-788026
831904
401999
42089
-120741
-70519
47694
316349
-25041
-571984
-354994
965136
786191
384975
-986573
-983217
826074
-214275
-421270
-576260
-182093
-280639
804096
-659883
279295
-894781
838781
14468
-954345
-817874
45644
586358
150558
231279
-985450
-734952
-196101
685074
-824965
-817031
712812
587077
-167994
986781
-483608
637921
-325493
-523973
-166263
-558408
59905
-68362
-160789
-181381
-379735
-875816
-646176
-473219
-252032
-410986
-972828
767826
-405120
674848
867758
746070
477602
929085
-914482
147165
843192
828207
55693
443318
-288341
-292646
735776
-489935
-889850
-597539
-529748
-214637
447059
365211
389662
-450104
-88382
-556089
892239
501823
241854
66936
627599
490600
881554
989603
657397
863319
-6785
-772750
259357
245340
262651
-224018
937423
641898
-990526
52167
-288660
-259313
848368
609943
129763
-847218
250764
509616
371291
499363
-958132
900696
794933
-126580
-32861
233724
579890
828681
-532059
-982439
-75087
-322935
-607800
735988
190269
297883
599162
-329353
22214
594790
-130779
910584
860005
-139182
-488480
640085
272642
497352
-61723
285057
-964785
-93331
155770
997238
137083
-100220
-120047
872542
-950217
359928
-350603
-7186
-81785
844379
-244211
999998
-534123
-507953
-119848
111491
430847
-710451
796117
-828854
391544
-276452
498026
-564664
760459
934094
-748187
-318063
-109534
-280600
-175208
98805
-493899
-943807
-9684
330000
-361692
568925
162741
97118
385053
-303193
-215525
-701816
351178
578970
-826297
-287249
-645608
-721415
296799
337573
-100054
-920130
387771
-569378
156231
-896710
235465
654871
-266548
-482862
-254154
-4614
-973819
744330
119445
-270793
295944
-77751
2974
-39330
-551233
-436522
-612346
-522755
540839
-742276
450057
-190369
-734450
778205
-702428
627236
-53654
22457
40552
881114
257245
-581804
-876335
145622
786529
-48611
111458
-954719
-41446
765238
-221043
477171
570580
375624
-618646
708889
-582217
-559507
393037
-382332
607730
-540044
-74161
146338
-206181
-840157
-531467
800105
-292086
668135
-172820
-343755
350369
-462948
442387
978870
398864
-879581
807707
55609
-315347
809282
237633
882784
-324813
645995
-412208
-855710
-490806
360590
260654
-826384
714394
824512
-551141
-986664
615438
-600528
-590826
921555
-815866
267005
442586
-457852
811166
-786001
-420781
-39236
-862292
-485421
-739251
975464
110200
-880530
530843
-983263
-34158
784101
-363656
456946
-224815
479254
549295
-553444
-925684
823164
946863
980170
38395
-997935
-189566
539853
-343584
468332
912606
-754648
65971
-636578
-380343
-224992
551441
-629150
-622607
666030
700106
797177
-251492
819489
514467
-627754
555235
-100918
-548205
-43327
36327
-858279
22856
622981
711800
872730
-510608
-884127
-375805
-619628
-331509
792496
769239
-383175
-186837
-233549
369417
221425
-933755
-935646
651730
-901978
-953514
-478708
249076
591135
336588
-182562
870282
-36784
-616938
991516
454961
260095
-982761
397818
710128
-387710
-839980
301561
-161595
-975198
-157414
731936
632854
118077
-356457
381642
896631
-194348
363921
229732
814981
-256866
529902
353165
-894181
-869223
-912377
772526
-470305
-712067
56701
-30473
152219
789507
-429823
343993
-956652
203084
945350
-841025
-211790
-352039
-682207
-768894
99177
-462941
633186
-788198
-990426
895003
179894
-969968
617916
-715841
44662
139537
-240530
-871935
904231
-311682
-464879
782935
883174
531381
317638
-457041
-300622
430543
-267901
-802838
197186
-40524
272805
319035
-510904
138454
861551
-538944
-438663
-459186
-2260
54579
914403
-206906
724219
15632
362658
685183
607870
-463045
627367
331096
-101794
358437
-116051
622582
-560652
-777948
-367554
-815422
-60463
723994
829627
-871822
-670180
-750585
423306
-277961
63650
-882286
-476662
952069
-71060
-999154
559479
-784870
-918929
-22723
682124
613667
-891249
112818
265054
-312817
-374992
-989029
453675
-418566
716012
-355151
509693
-953826
-980733
-989753
923999
-574071
-403922
292388
-834689
-497003
39579
142822
-47344
662545
-586128
-574723
823777
21023
976391
319623
277475
-463738
452846
77949
-203168
28955
-77065
519513
669597
250373
580154
-542614
146993
779256
689674
-731604
542520
269512
-513617
-95453
357873
679905
-950836
289857
-963583
659099
-964069
-191357
-523683
-1440
926832
-573791
-451724
-167826
-40556
523802
-763189
437239
-755890
-688067
842280
155780
-945525
-315330
-549675
81103
536481
469279
199571
275099
517679
167389
-49073
645375
-346552
36894
-97890
-849007
-261563
906474
-617743
-375503
780402
-613402
-997242
852232
-179187
-182486
192776
707185
-181859
-255789
-253430
652020
-572006
-935638
368586
412496
-281231
268373
869314
492016
-738919
-628474
668833
697331
-536032
-907061
771994
140763
616597
785295
326410
-421224
-94477
-914612
267458
-298002
289104
-44643
-871632
-831101
-665369
-97018
336880
95284
130976
-502773
-65000
-242871
335590
961052
-61315
-626270
358688
-798553
-502460
405307
-349471
-355352
-578252
61551
-517258
-623789
326671
-279911
-958934
-375082
-973598
491881
144256
586215
-205962
22288
676750
83336
-379219
29568
377827
636116
-637854
-619519
347627
565809
-443730
190770
465579
831199
346100
-912339
311001
648378
-449671
196255
-133369
485455
918822
-373107
910094
837511
-446829
-208106
-826626
-420241
256144
-108840
262978
792134
-204875
-885431
-196406
-660315
645564
342266
169048
438534
487807
331808
-737380
-385758
354719
-903337
492385
887652
676301
-237625
419245
-982944
441837
834683
-395434
462419
-201931
977848
253203
-346020
767890
48592
-906742
-522374
666277
312924
760298
964148
859572
-855286
916410
310266
759173
467912
-435634
427577
-193278
-757566
436883
127224
240123
-731357
661097
186658
815722
407303
-59602
-449291
560788
-704287
85455
-27757
-19373
308283
912573
-519582
319181
-300558
-448827
-384210
334698
-50114
823602
915726
955981
-705005
-6668
-512047
-98362
-626756
371245
-559657
626082
635474
-373826
-76335
-773298
-399136
-131297
-974589
-986191
482703
442567
-426808
460320
-655955
-227350
777775
372102
-309390
-620530
-230694
-846636
-938173
826601
-631997
148717
-294205
-255763
-483226
-963398
780188
-287539
221076
592692
555331
921351
867810
449460
437522
-729151
-996740
522707
484639
340136
797288
-99787
214739
593356
-337150
411395
-420622
583069
953548
-738853
615779
-756394
-102075
940714
561868
-244652
-296299
567914
-322984
735203
-40766
540753
969759
490376
310278
995619
-836127
935235
-339963
-904105
-370448
978634
-443699
498394
924394
-39028
234158
897518
535026
139932
647421
-429120
322575
706645
-822594
987204
318152
822596
434617
-885126
-232197
492584
-948649
-200138
-167932
272983
627265
952924
-711329
-185860
-253638
-655321
753861
-244929
-288828
257370
478030
-976759
-828425
-91693
594200
-206075
157772
548548
153799
587851
-939278
-578978
-354774
-976034
-336472
-497194
-66297
-235833
-12524
786421
916886
-712466
-390367
-160502
461701
623317
139904
834457
-169602
-14838
553237
136080
213923
366125
-449314
-436068
-399457
-908693
538314
464248
609546
-205808
-139613
771064
-823974
225906
489146
388775
375435
738887
644892
-780952
-617009
508562
898328
-592686
-627690
-260732
-429323
643827
-332304
863675
683721
-82436
296318
585014
-166668
414785
-83058
519150
-637500
-171069
-111070
-505969
964622
-447312
228146
491620
565793
449443
660984
-748719
-561022
-636446
-421026
431892
415654
-660744
225783
880237
-748759
71019
562274
669860
23211
132676
-533395
-329548
930588
692674
-379100
131129
999014
-10911
-8357
456871
864822
-788565
-525105
-710240
-597862
-118097
740302
502125
-781976
-291084
-307220
-726883
-554632
-146512
256568
-215407
547568
544879
-890891
804281
946981
-20815
-737146
-903618
-835858
888968
733391
700462
-444537
773357
714825
-565479
-240319
989293
49853
-164715
329962
-25497
-41700
-106047
595590
-874343
-364414
-281533
-413059
809302
230666
-981909
-481185
-21328
-519264
190135
-128085
-952708
50814
-993315
789782
983484
-965745
267454
519577
-711067
601756
-122976
-804639
-168950
-139352
441331
-474383
985143
-744201
-312013
43329
91277
-584363
-377784
-64601
-129074
-485321
576262
-778522
-367129
-271736
-342510
-924895
458638
22620
-74554
104057
802781
454445
-651426
-335525
-379825
-269645
332918
92063
774447
-948160
741745
-726286
-287023
-80193
36190
-985082
-305883
721996
-752638
-628281
957168
-220008
-485767
-430040
-728863
23987
628334
-359406
857432
429849
-467977
835957
-552910
-465966
-813100
-465816
-986489
178885
-495622
799507
-732128
165815
899425
978525
790105
-481422
-304256
182055
-724000
699948
312481
-213042
-22330
765118
848877
338230
260293
-523204
436252
-255216
-608969
383109
752713
-715185
-339854
-503117
897648
706735
744610
-65657
-791239
-329352
-514003
730123
950943
-68362
-639375
-112132
959112
212200
-302962
201519
-118085
-130417
29410
98993
948659
-100630
279937
406522
-169089
-706437
257834
-988692
-246667
608510
-731355
125768
276574
295031
-356966
238209
-222979
-503673
-28802
333898
-508839
799858
-279127
-375478
74934
-933513
716373
76917
718337
-914349
-75467
-965831
-28726
-513971
-6898
103205
424726
475790
91090
343129
629829
495373
-268191
-346777
-475544
666959
-443879
-862651
536046
307717
-579010
-799288
-760270
306132
-45620
-314376
-972558
-135070
-775050
155059
315539
-710365
383350
724121
-738475
933398
303670
-671256
-18091
414060
-668867
854197
-918365
525497
456641
104848
-354974
-963577
655969
621805
-10290
-977336
-544724
-935406
-788420
-562323
-400009
972756
-157222
10030
-651667
-180376
211663
-720284
786577
340881
207507
-585273
-319571
965359
-876212
-976377
411755
737952
-115094
544281
457799
135930
448455
-526573
307733
-451500
574996
-303055
351058
441972
-902370
-586687
-94506
117677
-730102
689376
-680242
-36466
-724589
535641
-167805
627337
-548437
-372512
-179899
-224382
-752241
279028
-507079
-959946
94171
62846
185047
-149569
578771
-730507
987377
960396
-997244
-75164
-245706
-817653
-767129
-877245
-489191
595364
-885168
490815
834036
-543354
887002
-168231
-355499
-348915
-101597
-999528
-12126
146000
-214922
739793
-580608
-827175
199205
-472194
-449361
-188592
-311779
951599
-530749
217721
616606
461941
272243
395886
967668
551969
327737
-443068
-798346
767587
-723065
467483
-126826
-713743
-61606
-307067
753114
-967559
40111
-19916
-197196
48747
-727386
-297886
-93176
-123165
-567420
13979
63390
50680
33915
598129
627014
167001
-291938
485665
-519036
-603303
-956557
-205702
-86606
-468954
322172
-863229
-344648
545490
906294
-521794
64333
449569
249587
-183271
388852
749256
784244
704644
-177183
-263788
-794925
-754694
253248
-334379
-894263
-645107
318728
427905
141591
-471504
-649938
186090
-664571
-566445
-383674
428746
-855318
987689
645672
-558241
118383
-612532
720345
197925
11470
-31899
527643
-789539
-388236
167997
-623224
153993
-506417
-349338
684272
-266118
-129768
-697600
-235017
885989
935812
835370
-781032
819062
400874
-574897
214621
-586230
915300
510415
51854
-88826
-844242
600987
686529
215634
391449
-954595
-80053
-742489
130692
-548620
-620492
341501
816473
-352254
-162936
181190
-836163
-560946
-50325
-640055
192147
-804509
-287344
-471368
-865775
31034
-145974
370427
-51019
280894
933319
208978
-535582
597232
978613
387083
314702
984153
248199
837376
-27789
308087
-993119
261929
221879
908266
-156654
594420
718227
-754962
441651
784340
902237
-131237
642374
577946
640653
-79306
417069
-177698
945520
-670036
-330817
26976
697815
-483568
873170
763103
731154
808188
932371
139361
-950170
-512860
-476512
162174
-398013
499008
-980750
137437
797276
440726
-534976
-737016
-480562
-875253
-476727
-81738
219248
-304095
766499
-853137
602056
187255
-25638
-114166
25313
-566857
-691289
389610
438857
426549
-360624
443406
896081
-698440
939892
36650
215901
474331
-898434
-576085
-396182
482907
-986986
726878
-410428
702449
-301199
-461603
-917443
-508849
517666
-969847
-53307
532306
343986
-477256
-926920
363958
-256263
-718427
418719
967654
885393
-155807
-34047
139108
125730
869905
-938994
210815
-873917
-405005
-397353
57736
164291
-959537
510388
22589
845621
-924970
271534
-745349
-171094
-850808
-311305
-787497
488165
-954472
257659
523697
-949476
-965607
-576307
125172
391499
-466124
-776610
-378763
-444841
146934
593842
-167417
-340593
-657312
195529
171134
583730
630139
-391382
-307485
713601
282417
-132210
115384
-289708
-783583
709826
63998
-967595
883421
-886935
-950681
-508617
-398546
-974322
-626495
-874046
399214
514511
-23754
177332
-174606
-919803
-922582
191322
771957
-99546
4045
-9792
675622
-979199
46173
-191198
-181221
422524
878615
823044
-909281
172130
-196705
994516
-88210
49158
442958
-369563
118343
841720
-673129
441965
-274518
349120
372568
-397451
-349692
-698193
376610
-72663
809718
258755
-657508
547506
-346185
13846
28527
452758
-574674
917722
137137
-281292
927027
-88061
-824706
671044
-337688
-907897
893681
766923
-47308
-450775
291658
585245
364772
345590
-281071
-949062
771935
372046
-340157
670953
-360365
58129
169272
-711100
-327110
220457
167988
985715
414372
-759280
869677
-157171
-736322
819984
505360
310272
91006
-434872
153247
330081
-57821
-503290
-562500
-997584
61663
-317027
-860899
-578593
-741454
-454543
-726700
391220
242941
540629
-561853
-951425
89783
16622
-95047
713596
-124331
-933859
-49863
-332084
-517593
75772
-48404
-865682
121603
-496036
-90916
-252748
304833
153217
890398
839613
-836193
566504
-434247
288413
-830013
988875
357309
325313
745457
675077
189253
-233696
-824164
-128636
-328164
-237822
578641
499545
876216
561818
844230
771721
38373
322286
-921451
330130
-503898
-620908
355912
986331
837852
-902624
-561340
-500310
-779510
657516
-913768
-45614
-968492
747533
-393027
-534144
-796226
-644682
-303489
-558898
995344
656950
809822
312192
431443
594833
-686017
-510639
-266294
105252
-256596
-14537
269216
-51559
45680
877248
-576265
544143
-293774
-212093
567381
846066
-691366
-514565
-595367
726544
-445419
-677790
-87347
-729460
-141391
267068
231463
122336
573147
600056
514670
-930947
634782
-995139
-760033
792397
6464
495834
955099
212281
465649
251704
954814
-870029
-97058
103902
569626
-798571
948853
241313
-18036
-556196
284948
-962744
-910080
982067
-979933
873416
-928040
25474
-111061
390320
-464136
-569392
291517
126167
831626
165049
494035
-408394
-480255
-542163
601251
-849805
-556388
381456
897260
-148103
52151
-239645
-46368
128597
785571
901944
-353480
-365558
-59661
37619
588959
-602363
390287
509787
-137631
214947
102413
884532
-346711
-40396
-495898
187339
-17729
974972
-321305
-144480
430675
765432
523286
163155
-54929
560492
-411630
-683285
-947868
-369667
152812
-197205
111186
-859476
206397
987989
-712022
587080
774898
-202141
794394
500905
861438
830863
876677
-394360
765347
-810007
578522
646311
-494177
433463
749561
-765045
505223
419308
601216
990467
-988918
-294145
330816
146449
579699
-113642
801732
-514999
149151
-983621
-851940
203483
345022
-385318
635819
415983
-575642
329301
299545
902638
237414
957954
64596
-139413
-813500
850780
-218014
-895364
-182527
564608
-272940
619359
61808
462439
-727189
-31560
-162201
-903016
734661
420906
-235805
-446929
848176
602045
-820167
-581151
230705
-428604
367343
61583
398540
689629
-674583
61034
578451
89471
382682
134342
138982
-379360
-374706
314597
855108
520608
-465265
416194
278288
952657
745822
313539
-916246
179868
-226830
525131
650855
260064
354855
-604446
-323279
-702577
-111497
-346942
817442
-57188
-345707
-544832
726552
-173038
966536
989021
-953218
-302840
150208
715614
350643
-454751
-734546
954250
-921146
-596169
837888
80637
-815873
-676214
-501876
194590
216387
-309656
-385587
-243636
566446
-365264
-543438
790643
-720182
-150975
-299693
-923603
-977427
469090
-470463
-289059
-210481
672512
798987
-73564
-724768
-855538
647392
-704229
892662
-879146
-715394
-818592
525195
-489192
-201731
-859139
657479
-800823
-718277
-98784
-636448
660271
760653
-611590
-83927
-216653
-44587
-381604
-558353
-219504
-70116
760169
209173
-519802
715748
829840
612125
-888929
872361
329469
-843032
542343
-405529
299335
138046
-473324
-445084
-812243
798171
-622178
-717590
-535996
91
129590
-21648
389548
-815535
-822660
79072
352710
-519132
282426
-967204
639971
410434
-107153
570470
887604
524120
552044
47497
-196660
255328
-793718
-263136
-4132
-497693
8370
-908681
616717
-470363
-931009
735417
742549
217245
207633
597870
705860
-141705
384396
65811
-691476
536534
200467
685206
-546459
-203602
-5799
452946
839768
418582
-436261
238726
5505
657929
653916
-601801
-28624
972312
-335641
196186
431171
-156073
-433287
846406
533104
-362352
634688
515840
-938497
-638205
-920184
865512
-818827
169229
750604
589387
798236
585374
755626
-549664
814029
-224858
847978
118031
294381
418483
965487
751659
-805819
716789
-887486
-550028
-217608
241858
-311052
154661
-609322
-344269
-355905
-73784
462565
-822771
527733
486506
469694
566771
-315702
891633
-623723
-683167
619508
546935
-244976
302823
-169923
-255653
-98534
-288713
-149334
-2854
-1140
661155
-185775
810898
-269236
806718
-289701
-348507
-301308
-380587
-999871
-244434
-826215
273705
74475
760461
74346
597363
910525
635474
392439
361963
-486539
-901660
728683
149004
741002
480961
-603897
237257
923671
16021
-695929
-181248
853012
-273608
80300
-506933
-215931
155882
-900502
-771663
347566
-218978
914242
-870374
983813
-699919
-692063
-323151
221963
-886495
-609992
-563573
-198798
-313371
-721859
409606
260264
-427195
352784
-657174
451004
-12017
-538465
806611
-247337
-3302
-579753
-134984
-305739
498368
264356
276655
767818
-60415
635579
275232
395017
-917764
-45017
-327511
-862639
942046
-473814
-386729
906604
306156
-628881
-238056
-523907
-110365
215940
625437
445334
-191729
99963
-862855
795838
492442
506349
-113139
744050
76262
229953
949805
604196
212625
-914462
-50724
-887160
927958
-466349
-582004
-834894
-967573
-702595
204207
983583
-91778
26617
-956884
-237462
418727
698155
261559
802264
-535321
-344125
968585
-648169
537631
415968
-249061
388486
226797
-611192
-590832
824787
656299
-358102
-713898
574112
-675250
-308107
-146076
310698
900768
775998
926173
363222
-782524
-406686
726047
268978
-359462
-606556
477739
259126
-710455
-31265
495926
232691
185404
46488
319625
930667
735101
-917514
-416474
89503
-958984
-266205
-246810
-203752
982698
145313
-870230
237616
-592451
271569
-992617
295731
14926
776074
-68671
-262379
-449295
416642
724678
240452
999290
212853
58615
379239
91256
495498
675369
930128
-423107
-762616
-893182
-489218
921934
-840175
-347321
-503575
-64119
657839
-918195
-663711
955804
-770677
329375
552684
829276
993794
424231
-313241
220632
-140652
454808
712848
607436
538205
910002
-791733
593978
-183262
768997
-513957
-456802
-62012
825809
379543
557367
-463586
971329
99862
-58968
-288733
316099
303540
-34444
-204168
762887
763558
667071
-403691
-996249
-630628
405378
665898
662781
-72831
-395500
15030
492429
-4225
580599
-211823
822823
-816119
554735
738419
326342
845955
-126900
578074
233562
763979
-734655
-327648
-376064
311580
-811339
646518
994632
-4169
818930
-934593
-1771
-705789
-769824
-954271
-811515
657112
692560
-97685
628783
-785735
845320
309430
883083
5079
672370
-461506
238847
-43743
377357
724413
427673
221477
991442
-132146
139740
-530183
357653
706926
946226
-193012
-793213
-116302
-786865
-848528
-47278
179276
649292
-99143
-158159
523141
-689681
820713
333947
-204854
1632
-693504
-442681
445062
250484
477592
822381
-877168
-127326
550001
607086
-116325
601909
-329425
880271
-181093
857144
960789
904680
-675179
387344
-753558
402033
-664205
-599705
891726
694375
737734
-829145
-972362
154108
-505765
87748
-994885
-312295
292376
-476062
-164882
-749080
355532
-788132
-68417
156689
38208
334714
-566727
72590
-322495
590357
-257825
-216209
850011
-395127
1473
-890228
850982
-918277
-36334
-414210
640426
-242045
-313982
-451300
-675684
-74687
54397
-106582
-277210
-646630
-228325
14357
-426112
533407
-32799
42156
997750
-165654
-245002
968204
199690
-326930
-316381
460966
-83859
701807
544850
871048
-496734
976202
679590
857759
-705739
266139
-818604
72745
-169228
-261869
-937293
186545
-581291
130792
410047
-867261
945589
-96537
676690
143109
-276884
559856
936051
-465754
460045
242586
-281845
373458
758685
-224952
-579662
488277
334099
-405650
-998536
-84678
64348
-947956
307495
-429332
-968300
-331696
891176
-417860
367579
444111
-172230
245760
-880252
-881065
977547
-867758
-57562
-333132
213292
614424
295700
847191
640320
-753244
946607
497040
-605216
597740
624205
-469929
-883058
716777
-150102
-635635
-449811
-499002
922101
-408649
445294
54331
823524
474567
-962538
230365
502578
136403
-45707
-696337
800795
-349424
-96414
219313
880470
-76274
-166095
-380768
692846
207596
-837391
318530
-487528
908639
555540
-928020
385055
-745401
880778
659274
-207657
-838563
-460237
241640
-777536
-372716
935532
833399
-777383
-723499
68590
-611438
627540
-230276
-630468
-195164
163530
360380
245736
981394
800145
-425447
-914638
828038
457235
-296702
-217208
934318
157106
-776341
-458048
-910551
-137610
-465814
593621
368966
-894331
-886544
848612
752877
69525
-330416
493367
-882385
377711
-762086
897933
109637
348377
-890621
569215
452367
-275993
-510476
-513657
-251446
-782184
393867
309289
124516
350980
-217392
-883443
724772
903588
-412460
-952994
583509
-130471
420133
-553630
-17466
-925574
-971883
-944426
933534
-574170
-848291
-822197
139321
-640744
-464362
-25292
-359137
-681837
-772971
-66081
537568
-894829
253068
453013
-547726
-674261
-741518
713095
-564802
973054
-136391
-858705
992574
-14560
353747
231229
365869
-37723
528156
700071
-211628
769506
289322
-310418
-285603
427490
644427
136235
554312
-735728
383623
220353
-372308
-691117
271735
314342
402605
-164772
-520424
85479
-168821
-609749
-78045
-80246
-122216
-947239
317923
946724
-3102
-745497
920743
-486989
-336648
-841055
169754
-341902
644587
-421825
-134732
-27574
469826
718643
593392
-713012
-368848
-356131
277937
-933908
-751757
-429278
-214765
992925
-499301
-983344
-615997
-433419
-675169
-502937
279770
13682
-572762
16419
950400
-61919
574579
965352
-379136
555646
-503804
-555285
-893358
794011
547036
-152970
798854
431972
-86037
850031
382853
751738
620713
852076
565203
75356
885104
-2561
651082
-868531
708367
292385
-288008
-162007
817556
680206
-816087
920245
100169
222295
-820807
687707
724241
115711
567781
-6892
-89706
-839246
847427
324098
-814144
-439809
-898728
-909251
942294
516630
-36117
174373
-570845
555129
748898
-945349
372069
631168
381859
-805576
428263
-292739
323683
143789
-481962
882976
-211676
-122895
-17298
-109107
767709
632179
396012
101638
-560417
-886818
445548
-94370
-248714
-730145
437022
156108
612866
344870
-336637
451465
922752
-276861
698270
182787
-391778
-618566
346148
-324080
-995763
722684
-749504
-59636
11607
928580
406267
25468
349469
-881493
-436834
-132282
-431504
-567387
-547166
725332
402874
39747
121712
-655209
93384
220320
732376
-35365
619043
-812797
-380132
861941
289931
331001
-229183
889265
350119
-72931
-557134
-451197
98468
486102
887610
369627
-303494
-692123
-831439
798290
242296
-594776
927128
395861
-198339
-566715
-347174
709030
361971
170416
-126553
-33489
-24349
-132148
-924024
-435782
-836727
-599240
-24700
876464
-921755
-472782
-301197
791867
-228894
528607
547688
371638
624210
583772
-523438
-603004
-823795
-535629
238754
729355
521949
-692934
69614
821637
807930
616321
721902
702140
-706099
744633
-688424
813187
-651298
893310
-381974
-187432
-165562
726199
981251
-983043
-155981
-989788
755449
166900
823763
652239
-389643
-400002
608248
-852317
-930258
-370214
9506
-596422
-437399
920876
-96492
511710
471516
254314
976777
-195738
-494661
231839
142383
147854
-773487
91499
416447
-743981
862107
-138727
-808651
-149123
-134157
964578
241520
-771390
420437
325659
79154
-158611
-31773
736806
98288
981915
-748588
960543
423929
-294105
-972125
-863018
637196
-57058
-904010
927285
-435176
213617
942146
199906
-841777
-996618
-284074
-988631
146327
-447230
-599267
-129119
-211630
773708
233157
225120
411849
-13732
765220
151073
-584732
116286
44514
795453
-646688
-105966
-17280
-977378
125819
-646085
-131792
-125645
-438063
163483
-700792
-637064
359934
399614
519169
184312
148976
-15055
-446396
-857509
-945209
-4611
-473977
171916
-177045
-513564
696853
-272857
-1663
-59065
-839585
657261
103370
-491991
598673
465230
59502
-288960
144362
-615441
125336
-802568
94921
-590102
-193946
-664887
509914
-404595
528118
-957491
524534
-807519
-471336
936130
157185
873585
-119560
413087
-387354
-351837
-685255
-432297
157903
-289728
-995823
-461406
-391829
283274
522225
719673
75248
500076
-416950
732563
-559293
-129003
850725
292342
594637
974314
-174752
-472882
-906939
-995929
-35532
-523083
-203387
-342488
914821
-619607
-893685
-330593
-600324
-760737
-99749
-922377
-351883
-573027
726200
-367338
741688
387674
-528353
45368
-387984
-819426
-641561
691214
-210313
-119875
-817794
-293413
-944408
100898
-142446
997219
-444960
-486881
298122
256919
-770726
596384
687006
-232519
-471098
-798409
-732951
552859
98370
-638726
929460
340069
675218
-808300
263989
95198
161209
-381807
-568807
88109
465227
721212
-775183
375822
-823754
-364818
-266734
355395
-840529
167329
536123
9658
702064
769813
67775
886367
683866
559263
529285
665318
172794
-164265
717146
708256
580257
274984
-288298
-356020
573884
60823
-36750
-317965
658991
149605
372701
967266
-151105
947037
-507035
952849
126859
-881520
478896
277881
-278045
843366
-870162
685509
405852
-651058
105687
226176
514169
425839
137462
-766581
-723468
421959
336491
636737
298224
141214
578861
-17067
615566
-104187
-574711
808432
900086
-183578
-971444
-71599
-697379
-234957
-740879
-603894
600392
-359264
-336475
-288154
-15713
-713448
142832
-313351
-529335
90599
565186
4659
-129550
488761
311634
-133755
-189016
-416702
-518952
-369264
439390
848616
-608964
338923
227239
364658
175222
814494
-328753
334419
-308704
802499
-458895
-929522
450063
-666729
-965754
347774
926246
-703347
-530079
594175
-774910
962455
-259040
91370
-904171
-327882
-804792
961472
-874564
587949
765411
-113696
229836
-645957
-335970
-21963
141858
251769
422362
938906
-195293
-24869
-947169
-37667
-566873
109843
-966684
-427312
-248557
203930
-778213
-952743
563726
-19463
-620280
-720082
708553
932664
-556140
-846292
413649
-857705
-337246
-978703
-603196
572859
773781
-241091
-22478
-411034
15452
828982
229739
-660227
514332
-178711
-619981
133475
953658
-629270
254758
-621313
-82125
-274399
121878
-765587
280183
-597187
-168584
-847454
-726439
-467723
-560183
-326021
-336384
-831029
186845
999708
743624
394546
686955
750751
-981542
112502
-466044
-191269
391934
698493
-225997
171517
229371
-677125
292547
368379
-898357
30521
475771
-550219
265626
-864627
-671218
187370
81716
-827111
321726
261985
787376
937305
-532505
506402
196400
682620
-546186
-147494
600422
-156647
71649
-91268
774294
458814
136067
888291
923488
-125602
728704
-832596
998706
-993620
-369155
730653
146826
86089
236318
617229
-188880
-191819
705428
-773296
-227523
566941
-135671
-504083
847940
119760
-551540
-707423
65142
527383
-129560
-216755
452090
43135
-409742
-523986
-197843
372844
-647102
582469
313757
-347485
289150
-539661
671501
358344
-70496
-938104
548426
-711560
395575
348958
-333066
413065
-342689
-19737
-174307
328531
210859
-276731
93347
-405336
-373145
628417
431468
965573
-198613
201567
975175
-224990
-690845
-182054
126965
-681757
-285512
-128343
-71170
-810224
316436
272417
776000
-494473
52611
705725
-474275
-733568
-555578
-499408
537726
-970378
706616
-413039
785921
-489751
-361885
193298
-726481
711199
-475274
-451044
57614
-970419
925354
-387444
372170
-590139
-786593
119238
285929
221499
-579485
-997197
-959097
843482
998820
334505
-55830
-338848
621823
850341
311411
-346122
714755
442381
-722843
-543724
82607
-158551
-329393
280572
321968
-846777
276602
-382696
582204
938723
482034
-8921
-104985
792976
-641971
795974
1052
-451605
-161772
378157
-893394
-624462
-772285
573579
504003
-335558
-699896
-478599
-130406
-935486
686924
-42706
-645362
583047
884630
192463
-646440
684278
-910339
-126771
394066
481912
760376
-293752
145317
-512016
954312
281551
-578682
-142067
-26155
641574
-457015
-49509
795749
-19125
314397
-644289
536744
597564
-296714
921788
771199
-152084
70913
622417
-267457
-302616
86764
602059
-441096
-924737
-369546
-483296
-609865
249702
926610
-128375
290823
-685975
739726
-429818
-57715
-787928
542741
-847676
-499515
-878370
-505565
648364
-380178
-592669
491812
308899
590303
-406048
-629239
-523793
-480955
445071
324409
599222
-900280
-715201
-795100
18279
-874601
618959
895763
-501189
947363
-975215
-109672
158465
157362
-283741
693962
609857
993844
-587349
-950971
-304608
892457
-165724
-197267
60764
383849
-75979
250476
261715
27402
-851071
-500544
5050
-473183
-401505
-863794
-566206
263103
419571
-350381
-227247
-123239
902879
478201
-91607
-886929
633832
-962354
-475510
-650251
-489279
843905
-311795
-428963
353161
-303339
809208
997731
349880
-321932
-18181
723834
-434007
955286
365
-600893
-472215
157504
-661463
-934010
583988
492023
-30775
755108
-292191
-309502
-191801
-797910
-560059
-107328
965871
-459810
321719
-459667
723767
-77530
-150775
-132830
227490
-250704
-409555
-152107
33259
247894
747836
826904
245686
-709712
403381
-759991
-830029
393674
754435
527369
-131756
758129
-273683
219188
716058
-52338
-446153
80169
514508
-630996
451547
-429271
832887
7848
-773939
-163081
-370483
-764579
378673
-113366
-42220
-317433
-8119
142275
472291
682925
-946645
701042
-805093
-191255
-316910
-407421
839816
991613
-405515
-204672
-844666
-535349
-395423
-591761
-73786
127474
-645525
-835461
486923
808936
-430463
-875287
-663782
979423
249633
820981
487009
-197054
-140320
-99780
925038
518459
-992737
-737130
716185
-540086
-49192
44172
876295
615846
277614
958283
-904278
-470863
497977
-935317
-763558
-332039
565793
-573068
-950271
-955825
558781
-56214
-604993
-474883
-630997
-856612
-562398
569301
-19286
-535194
172607
-251626
-217650
460613
528337
873061
-186428
-805374
863367
-280307
-647214
-884557
-824815
-630148
-88019
-452810
519455
933159
-7081
954703
41946
871656
467306
-930025
-216445
602516
-364876
-765761
-236975
-805874
557821
676705
892665
578430
-782495
-792702
-782143
-177192
-694442
931298
-459676
155139
-226876
513400
283268
-285935
-992811
525291
-450980
621070
-373521
232367
670175
-915460
-655368
578767
476035
728284
-570930
264682
474295
518192
-357118
-79907
-220174
209828
-667109
-967770
-715997
-253594
884353
-566113
400142
-847488
-433585
555373
866630
58281
958105
-498180
-773537
728043
-940599
-453283
542907
-239337
304403
-210941
-701479
-26015
-595386
885783
262346
-19849
702476
378185
707945
-693925
-297257
852478
453700
-576567
649880
-703646
733626
896909
122585
223660
-586009
894155
490878
-340023
-463212
-371970
-885033
337341
-761272
-393553
352294
-232920
-832577
-347018
96521
-124152
-499299
612087
-799678
-871831
-793683
-247485
912146
130174
-441571
-359435
554943
548308
-309003
817404
-876156
-209438
-631289
-544244
-881683
-333744
-34172
-911297
407650
-124938
-210818
-224207
859494
625007
-656254
161732
474705
794520
-152772
-616351
-738658
-436635
99212
-852316
-172061
949811
-900263
272448
74061
-725327
370795
237172
410770
748024
276024
333726
-635648
-121955
464619
-336773
-855778
-526415
-59741
-394235
-431845
-23666
-56330
781317
-958809
-71460
-852026
158719
74156
143513
217749
65058
232466
46301
-17149
515321
-244891
-346577
-885714
77310
-80895
3634
-314791
-865850
-653950
-313426
-672952
-445291
870467
-879522
-31389
-904073
936212
853651
462161
-840501
-308645
167392
-213051
-932291
38339
-934670
-645878
-981786
-361109
291203
-298820
-129355
-121916
-495955
-80894
51122
865878
-808538
-24032
-308161
847729
-775106
435624
346942
119124
745576
-979907
-707896
890346
-130537
-591253
116212
-942496
907075
-9974
-154262
-481380
-806341
831789
-105397
10592
283653
-437139
-578014
-414996
-612246
-113526
231882
-859711
61334
867626
796090
-815742
-408146
263218
-184595
-291941
-768357
-583211
953914
845687
-651595
895409
465807
-993126
285283
969101
371734
614244
398351
284672
439450
-82394
932697
-220121
-89277
-955395
-321912
-435362
-280603
164286
755171
611186
330830
-914338
-255701
-785267
775029
26490
-326755
-166502
-592917
-885575
748816
600831
406092
-743539
-826463
937515
158708
-442497
-304885
237494
-810762
47839
228410
137217
89442
-367715
490934
-742750
-435839
-224183
752833
258038
635383
288649
671578
-261407
62119
750557
-617243
118089
401337
8241
-43093
-48954
397958
838162
-108269
814724
927022
-762259
-150003
784329
13157
-912033
-354702
430066
297499
292338
280213
-109886
757651
921094
-682775
901267
-818005
-41333
-996987
-198946
-279119
286931
425565
249602
-382359
901940
761599
-821820
453763
467041
588807
-620257
-562905
994023
-524406
-758775
-857024
649501
376666
82048
211435
951439
-879594
-751420
-807458
592266
120718
34366
-249575
323192
-822835
-696558
-905110
-417930
-650091
951418
-75598
-511518
-926595
523299
-770454
-789539
-23681
-356385
566572
505721
-963726
-727795
-819909
852512
-876826
-9461
571293
-2906
672767
-271413
-847310
564977
-806865
641705
274272
-457147
830478
-743154
275439
580202
-554710
943841
721035
-102546
635209
487318
-470174
21492
209182
-134470
-41123
-925423
-129962
374547
-453852
-234102
91170
503159
537037
-821411
-122250
261256
-880024
588839
-509167
62267
57900
523610
588009
-694160
-478381
12986
-30595
742896
-635961
-182805
234941
-861615
549502
-697199
-373192
323650
727137
19420
541983
193306
-163535
850932
786398
597256
-171133
873132
-969248
-375815
898764
51705
959295
-395259
-799912
453808
-577336
674340
-191759
545196
816409
-756783
437472
280090
627530
843976
-882643
207716
492879
884049
194629
-697253
530201
442363
799325
43933
5147
-41978
432209
-741942
393861
-678023
213545
147475
-61037
-984581
-666837
-408293
224459
-731561
769492
154413
-658063
2548
286671
125305
260345
350160
-777614
449938
128850
501124
-209243
-16363
-341137
151277
259696
-943818
488503
239638
699944
-316859
-42880
826051
975413
151380
-361623
-373261
-242028
-247667
551992
721016
566460
866917
936149
960637
239589
16286
243966
652780
-49212
-820040
807892
975330
77081
291096
-757611
-587516
45423
-5000
854799
831870
-747428
331347
-807705
-134564
-68836
-313123
488768
506952
750194
178397
-628123
-768254
570145
-94109
-103751
422063
-585213
-48614
848442
397620
-250037
-881965
-572716
12038
-733390
435702
337480
165212
-969719
-41085
290246
973590
930821
945505
836862
573423
-973415
-583469
797336
-234034
528357
452244
621576
-365296
619306
-696755
469350
789711
-607990
404396
-506339
274742
-639218
110203
-693846
-20052
448252
170070
-504871
-684514
186496
-502053
386558
587907
-679521
-579440
807909
-656207
-280591
763026
-116203
-233376
-825375
-142190
227993
-652831
-280929
-154390
556972
839747
994891
72963
588340
141750
-717221
-225023
-256889
792763
957325
-65038
-558520
-968136
569089
-153240
364582
-592621
45214
985406
-273069
-688146
-894429
890391
908434
-985166
-367976
-434959
51224
410265
-71652
-872015
291133
76102
523683
-788080
937816
821299
536130
-946131
-193111
-731681
432931
674435
47413
98624
-205050
366440
664267
-251667
-593899
233258
-179976
687916
31475
498444
-949790
965911
-109023
316116
-560352
227341
-544748
560568
669060
-360663
755923
-693920
740921
29876
-43268
-587031
-277417
-546482
-325942
137909
-528860
-599394
608210
-748360
-647337
-515965
974044
953221
37287
202836
941590
-148286
-336759
313959
407908
442247
824826
-773952
-269717
-469056
791701
171700
896595
-394409
72063
-369045
847456
53153
129300
345921
-287497
-664871
137411
-140610
-541045
-477713
-571086
-892636
893381
401585
829402
-209673
737554
990220
457728
-529941
-60322
-435050
-5247
-938140
345230
64661
-797283
-661628
451690
395168
-100671
292000
-6519
328647
538782
972809
977244
-296719
700146
-918267
-352655
-699605
-386969
-374567
485938
-435033
108551
-669024
-687274
20025
-621529
3094
450500
522593
-88574
-252569
-150944
-838581
252083
310574
781051
252607
-589735
-901709
826728
329419
765105
473609
-17178
-717683
-854682
571606
-706527
712579
550138
-966081
-232690
-438784
-326564
275795
-590174
-781543
146987
-670333
67912
432818
74691
896203
-133960
-366932
-353343
-382051
-709882
-938484
855520
490031
-319341
72503
133296
918501
-141240
-916054
-844489
731427
458713
-523107
684419
859059
-243102
-890269
-142128
-904640
131974
-619741
90740
877276
794964
-27098
-856659
-990142
-661457
122949
-141470
-422728
670148
-544722
-173708
-923491
519685
642091
857725
943988
-601020
-463210
-382306
-285823
-349641
-337739
190448
742731
-398872
-698907
-536923
310722
824275
356523
-237502
-822256
-434602
-517417
-119775
-756176
616941
788957
903272
-370531
-557100
-667287
727581
-534442
-382806
-769276
-835927
-213377
-433464
148173
616085
-474078
-963619
-35289
-45655
950521
253029
-245822
753674
-685958
-528713
-9027
197206
-947679
-503756
201419
130101
88817
746098
-118663
-454208
-671490
-323715
638008
-407278
-207519
999597
328866
506386
530354
-295999
817660
810264
-399266
-465408
-180561
-503657
-263674
963192
558785
39504
-795758
-704209
-915811
432347
-431742
733326
-337656
-419813
516710
255825
804479
-967140
518205
-944436
518992
-445100
138613
304392
919270
52740
675496
-497653
-989289
39537
-548461
645740
103853
937338
-346449
191707
-257521
427530
577192
96805
289065
954426
-502113
214481
-662203
-753665
-915474
-720308
596862
443602
807021
157083
132690
-991285
190154
678135
-600822
-339562
-920598
746992
801853
-111167
73086
-565393
962163
985987
-685498
758653
-697441
927290
-765235
-458357
-182164
-695969
657052
379088
-395263
934486
-590692
844259
-85754
245680
-788600
-294626
-434718
73601
-755658
-814436
530690
-905566
127518
112518
-106036
933178
190882
-603440
-646618
-961231
92041
-118685
-643848
159362
758024
-118926
831523
923986
-634554
-351987
23608
-279913
-859866
-464630
-610117
578197
-821364
479799
710735
182656
371238
856584
-664601
502955
679910
945815
373537
100632
-31982
597761
666854
206755
-417943
-700824
-79941
-812344
135852
-512216
-813286
443838
976993
-683508
763647
-896980
655867
995711
-946531
-931688
823008
35502
-774612
688808
593059
736638
-153370
92570
-50775
-830502
988874
477027
800174
251937
670377
956742
956328
82669
716470
-316239
-501895
-296818
-476066
18932
-848761
-933411
132272
206085
-302798
-404752
-891038
-284864
864346
982652
899695
-699658
845939
526364
-90171
177485
-636727
397125
847065
228189
-800241
-81819
-780168
443429
407712
879712
235386
-780628
695572
147430
634470
-608661
-797088
407348
-308468
-555961
-130488
602977
932782
613217
-368503
125507
-490175
765221
399962
-534508
845842
-455562
-202311
620388
859135
62103
-598965
512450
-35535
-606910
-481646
562622
-570437
565056
615477
51406
494689
-759251
413336
633349
152140
444692
-845351
189571
6879
6497
-856715
328997
206781
-261995
734583
413304
-680164
170593
-754579
147854
491477
226425
-83174
78818
758547
141889
-633157
914637
70190
-433080
454222
-856556
119061
-38216
357405
977032
-41097
417888
43228
532277
674406
710797
-253905
-826124
-362967
233875
828497
261836
-304588
-499271
563426
-604639
480751
637668
-686702
898199
-197723
228092
-355198
-92225
433955
298373
-823080
-293243
-718279
708203
-32813
438161
-945994
689403
225989
-153487
-884966
-776985
847883
-614484
-689733
-251325
395747
-701699
-89742
-747047
383240
642133
-441843
41199
-407149
-442422
-547885
983406
486401
-280853
966056
44336
880308
427792
369993
765420
-945369
-626610
-834005
674525
-838923
302242
21165
323619
-694813
659937
-92588
-323914
-703394
876122
-704412
-327536
-769654
-410271
872171
-631607
-312320
445127
-138612
723810
740586
-316648
862439
-700120
106949
-804419
164446
-723251
600718
-154012
-704172
463805
915391
116738
-421375
-131969
319047
-579235
452924
-458991
935854
131496
-433773
-977647
421188
-293730
-481152
-362687
-845709
318790
74204
608163
-303939
-558684
797400
-452732
-206344
-642576
944859
690944
661879
802805
-661896
-395027
-802004
-218986
413446
-479729
-868323
554191
-993385
619455
-210873
142658
-881866
-986851
657739
623994
-145647
-365867
577916
-19885
503908
-568959
599140
-875531
105913
818621
-303365
932406
-480405
253553
887439
764900
-582138
180841
127460
134118
814601
847192
-271518
27897
141813
517073
-9609
456864
268097
49991
991861
-847640
662283
387412
-129085
-102266
-662352
527101
99403
145673
-847640
68984
-210130
325332
-228392
994564
188628
-454120
-333561
393392
-427135
640912
551107
-393343
992626
-198486
302841
903617
530994
-93784
624587
137126
-68599
-463775
-680666
-942887
-762355
-986232
-106424
-528173
-8013
-504570
-858929
-71775
575125
-710781
962184
-464113
-940945
118292
391230
871316
-703220
-262487
-704445
791615
265645
697401
-505501
-180175
640846
616173
-61046
-586799
-404553
-74373
-920922
-791812
645777
-517531
-964650
-157463
-984046
-630582
330052
113307
67922
577367
710233
-241701
-79416
-594889
-346950
745762
159626
759908
378866
-16330
350804
380909
-390930
323712
264684
797318
-813412
312012
116125
152247
-228701
890283
-307485
862739
-629687
593597
-517037
390352
-862975
-947497
-20179
-52722
762075
823142
365871
135172
367415
-351170
-793844
953723
594222
832468
-288229
113576
-728997
600456
753119
-674611
355604
631605
758785
-676677
85299
296041
617709
-132928
49302
-824166
458746
-85256
-839940
-651660
-933622
648190
-199811
200654
-711112
52794
-906063
-832376
-861592
701377
61981
606455
-184711
-291271
758146
-451637
191490
-241551
-417353
501775
-220156
816326
433922
-21353
985721
-922906
259731
330829
-391368
-886810
-134534
-449718
-107707
911215
74765
-639566
265087
-728847
807243
757884
420083
11807
-635601
-659881
-597513
986432
918329
-469977
281605
485828
541036
33070
588349
560198
832398
411246
723612
205721
619315
6647
-480933
968555
-33466
-172476
562414
239411
-947760
632069
-33174
312864
957669
844274
331221
519351
-649828
-756828
175232
31193
469088
-465969
293629
957169
-597896
331327
-770230
-804691
529671
279564
-494975
-69042
-727901
682042
253127
729736
-488470
-44588
647248
793216
282297
-384778
-389970
-522475
740960
-29305
-206433
356659
-824411
922894
-583513
625234
548671
-409652
328806
227527
670475
-916128
3033
-57480
624770
232743
-131343
972875
973086
677655
-852472
355745
-427895
-587314
102273
-506238
905920
-528702
320248
464490
696627
-977686
-146650
720278
-511473
516867
-859889
-482740
169951
717667
544224
98692
185334
-284948
-513701
284080
-871491
309319
115391
-824295
109604
-731249
447293
-625644
356917
-261273
179005
1952
-54990
204791
573629
902042
830304
-638774
291213
268022
783338
-420626
-378912
-5764
-439449
-25365
-343074
673174
2534
-833652
-635486
-287122
-330264
-610244
-152300
835268
-745760
860693
504528
-232773
229842
-694234
-970600
-151786
922878
931287
-192311
521778
901319
422932
-30465
-715528
550164
114561
-978537
-424390
-893963
-444283
558171
536141
908883
-538905
-898358
399664
749735
982601
-625156
-17045
-432379
942595
-374763
840320
-166872
5549
12689
-595301
-248798
733927
626540
130518
607592
-149160
83318
-839282
-521232
958001
-326537
-358635
-724282
364081
989153
-54816
-512681
227832
-107283
990921
-570785
891933
244452
427599
744740
-286937
769351
-971281
-412065
621846
-913917
408257
639820
-427229
659452
980346
250670
339159
200114
928983
130254
41377
-19680
-704753
556568
-782338
102541
574528
-957498
642746
14385
-885196
152359
-111166
971577
-523251
-531330
654047
-667718
380608
-682220
446452
245539
-942403
707351
-717682
773567
620219
-582501
-378959
295270
12650
113117
806529
-745093
463333
327609
-140529
604449
-150019
-673446
-976453
533859
136229
475781
-309543
-146748
74698
679447
227311
312368
518526
-192484
-521855
-683824
806978
449927
64549
-903839
147049
-300342
173454
-770112
-674939
327725
-946894
52100
212101
168232
-831368
399298
97074
-812252
-845172
-867527
-982284
269386
-670923
-838780
-367739
133166
-815365
446328
-341156
417301
-685105
-376695
36621
777721
471158
599808
-126194
-137986
-195423
681972
564791
812515
-211017
80756
671061
170375
-986402
670836
-273729
-523649
440305
-342609
-469788
29456
182685
-966124
-956953
-455579
744975
-347162
-275901
90832
533358
316516
586627
818827
177786
-230399
948148
571787
258716
970788
446675
-940796
631206
548613
398263
364120
853196
-745073
-285714
-389651
128981
-631856
585522
-263228
-984556
-192350
-345892
941527
-35599
-876769
-418600
-880996
582312
602813
-393961
426477
585700
481437
-402173
-595672
-636526
-411644
600206
811871
-219024
296459
-541996
486102
679679
-531803
-370693
-227534
-241080
-918387
108747
-668811
865368
-399236
-393554
544606
577134
610169
60142
-357357
-251264
-85559
445846
-760254
210201
-824555
287051
-30933
-669202
-463577
-540005
-467481
413510
422899
-39785
-815704
833504
-438178
-166746
-721701
-142998
857900
244553
102318
-982579
-546503
220876
-88754
243245
831287
82908
-406610
-942222
-587075
-774251
-351837
-432184
-212754
-163971
-749200
-806290
-806414
989499
881101
-982563
146518
-732215
932066
-384205
113029
-427726
-597782
-123767
545910
97724
678699
589393
-641511
-33857
-215145
-346166
779378
587267
431889
-205102
-691031
151459
96338
-590424
559390
-244270
-880661
-885542
876878
-612445
-526947
541130
-837514
221583
-959922
-99595
-465420
629738
-856038
-710974
-210859
63857
-395668
955232
873242
546752
150528
-577950
-763953
717280
517680
602513
149490
-504492
790814
-782747
-355440
-920729
-781150
4633
548455
-140449
-983856
-378608
-124465
120356
339201
168329
66676
-877092
448206
-52403
-817332
967218
824417
583120
-315771
445363
694989
189624
144487
723374
281070
349693
-819310
-488765
-913055
-691924
-22144
-806432
490854
583539
-379825
911344
717010
-316816
-576867
214246
-902954
-136037
-986110
-389477
928516
-895372
471594
232994
-680970
-676042
-769478
-483666
237872
-388199
534893
908229
440587
-102792
-870852
-449443
242375
-121955
-775953
-393759
-17268
-418758
-329503
322587
-424271
350111
480101
945017
116904
380256
-332780
-686655
275297
340902
94574
-870598
-296007
426124
-741967
817028
807677
556117
-470693
165807
299023
407938
139173
-412723
-914399
378633
118795
-374998
66658
120972
905715
540292
-288328
667845
262548
354159
460720
964300
47659
675392
-699426
586510
-217782
719339
-209533
-629994
-210473
-51975
616412
465389
684668
-808735
-446283
-678377
668386
-363229
416156
-179266
-220435
463390
653761
911373
-211467
870060
-877682
-985190
942618
-268589
511321
-891902
543817
597740
900152
-756141
-522928
-934394
-316488
-211477
-506653
-383356
632658
418380
558670
-468229
-707854
-398755
-228631
382915
-726325
-979277
47891
420456
330425
12354
176251
-321142
-666255
841562
533588
-744242
637580
129883
493422
-507471
-537444
-31366
-44572
488872
813322
-101201
833725
108124
-234212
-353446
-935994
256113
-44542
-354694
650822
-153519
-130342
-586629
-982509
115774
723087
-878288
-181280
421112
624927
-913297
346938
-540878
824147
-767622
-708739
348484
-338714
-872415
-164049
-730399
354897
-186996
-426175
-530083
-651781
-538701
-915390
-172218
-972615
996693
927449
157661
704211
371686
304028
-200888
182216
516965
147785
-700988
792094
-278636
-158755
-615027
36278
937097
348597
882583
488421
815200
772435
-44778
-30406
-246296
129738
-950425
-815799
851380
-521953
-384386
491611
-482798
-149895
644845
793855
-371440
946429
-602219
-549213
891921
622824
949784
165144
-936394
872579
-23897
-761942
934595
594104
326792
433410
-385219
713971
487246
398491
-370250
-286580
-697771
844156
-519547
-193251
-413911
-277753
902431
65028
-739492
-688714
931162
-213228
937013
-777480
-535481
826295
-753515
614063
380459
-864878
-116427
812417
971186
863234
-746213
215492
-961205
-899328
-632897
702526
744519
-817577
630460
838739
-644231
792273
273690
981838
-166619
469301
-867543
-245504
-647941
-294901
390556
993405
335126
172311
616948
844661
-874207
-832942
296861
280723
601407
-433613
-294122
-133800
126492
278030
385015
-446830
180581
764033
-692292
-492020
-955909
-584411
-665600
-756769
614306
828799
-732399
346133
-337574
182899
748904
-468472
-348330
242792
-687595
959558
-156536
-467060
738383
-826904
187260
622149
356924
-483988
-713507
-241937
-176946
953523
263837
361707
-902105
-717284
-848417
604148
416918
-428626
-845417
-999263
-321451
29605
-934582
-516003
5352
734847
374922
-606832
-728627
-896566
138916
54634
-389479
398751
675604
-732810
140360
163095
581071
303499
276868
388958
-537808
322104
-361250
537894
-808678
-902105
866619
-186805
164628
-595940
763393
426625
-773530
255177
187518
31353
-499911
828783
-180011
-647634
-722739
638858
194272
720042
901156
112676
-970699
435168
400058
-756221
902322
405000
606434
610733
-397318
69598
-488115
-606859
892694
400363
329405
-487475
109878
-157945
882413
767423
817874
-293451
62618
-990824
-969610
-524915
-740166
616770
-258389
-430643
284558
-724056
-588035
379577
907188
-840657
367754
-577611
-847512
123866
-570264
670142
-541978
236368
572388
161713
61495
694534
-424191
-198496
600279
-160327
931649
-1568
388850
-193707
-622150
-279320
-996644
340595
275433
-155221
856589
-331214
995775
524811
-464575
714264
262811
488356
-716484
-264288
842033
208021
-392044
-5550
-912748
350141
-218134
-753699
-628936
177068
-635240
-272795
124293
192168
-267400
829925
-515251
-253560
-725281
938837
833938
-775213
-578344
81817
-738078
-640109
-538147
312197
9868
394428
-153723
-576158
-751555
-38648
-123402
-483905
923594
336838
-417969
-50947
14707
215606
350133
680818
-435139
797198
581989
-474039
884173
318914
-263444
-358019
-703259
-969666
-614625
-755556
-285436
810091
-907350
12356
-759450
492136
-361961
123517
-119256
361667
-845981
130877
-975846
712678
-428647
374564
676870
539371
513025
874250
340645
-439358
-273252
753818
-128321
-498830
401330
-565630
850456
-577297
-83176
808066
-653192
-564285
-293421
-529788
6157
-180525
558105
916309
19915
-984500
336035
227953
244537
-477575
-278279
-714655
545785
74117
171189
203807
-28055
-643886
723357
690975
549084
-834229
319487
-531393
-447695
-107783
-664573
-196423
-946790
-535504
-611428
840252
236346
-716016
522597
611037
637577
2616
-636900
393999
-998190
947750
-288769
40555
-274564
-90290
164928
-634245
889739
357683
942225
543091
-93626
515908
262944
-665697
369344
690735
-688195
597251
287556
790805
229847
-629845
168754
-879794
748577
-524395
498590
-844994
710055
844087
-236819
-440678
-862982
-668071
368029
-113289
693150
551264
-355396
-55104
202697
565308
-884220
293415
460049
-228451
85927
168904
-487982
746102
77927
-428014
-384934
-42796
664364
402201
-466742
716384
-180951
-627601
-726437
715961
-895040
927488
75022
-579372
809290
117786
626637
-963343
-487341
-472918
987080
455855
736364
442221
58554
-426319
-769116
-485040
884242
-828857
978510
417166
-470056
384311
-321844
313533
891958
-888772
716945
721810
631612
-50895
-551607
556406
506837
-992796
922256
-539506
-96580
76032
-324463
-10967
-61389
-357649
639260
195030
-924072
-96756
366878
-632822
126117
-161054
640364
8074
-210824
550485
-981653
798558
581629
-971865
472810
87019
30130
-379983
5892
-969576
-774565
278611
24347
-14638
-524463
-964509
-161026
315462
122397
-537465
-737600
-439458
-433178
855193
501623
-720141
-84440
145179
-948020
-726902
-183611
753063
-704747
84545
-686798
205897
-4901
268635
-484155
-346149
810448
239765
-587893
18883
-910332
92000
-700341
-20747
279297
593698
-379577
-682089
947520
214280
685074
231223
464101
710845
347292
571292
761045
341694
667710
51948
363217
-674934
-130203
-609603
499117
622536
-871248
-272275
-633844
-146015
76549
714150
-669448
414203
725737
-349379
-162109
405744
-265920
-858594
847941
954306
-454945
341026
771550
765096
-804253
304339
767083
339606
-465315
154141
130772
-34184
948271
903883
401446
509591
375837
-962922
-909670
313122
642066
649023
489286
-809866
-413771
-763439
576045
-104536
465353
374499
-596385
596355
-784997
634190
-585710
951006
462462
853081
598833
-219571
381266
-467931
934643
27099
-818824
-239196
124709
392747
-272663
-949370
728508
22679
113711
315410
-156735
-100765
-798667
-85980
758450
66525
812212
35286
186994
-299859
940665
889164
485681
-265183
-404939
-240149
673356
749469
768771
723841
-270324
-40803
-57025
670658
-490889
526812
-170732
-761856
196538
677336
-132
-816910
255340
-826187
487379
-332846
918600
657873
-464209
26610
53639
733171
345815
-277976
-572746
-455365
-960680
-260280
962196
-55984
-581895
-796128
385072
-891925
911810
-752810
-834419
667497
-720669
-528601
493789
704119
-616376
532267
-157827
-88157
281823
474241
137993
-996740
181869
-896618
620344
704997
-263810
816269
425291
-441807
938638
278004
500404
-500894
907906
-255621
-614982
135266
236819
97798
476499
845864
-749180
218404
246560
-105068
451157
-196153
-293748
-379711
267183
-517936
-649155
-328334
-542339
570705
354549
-599894
854430
713569
270765
-543245
-447714
273394
114442
-311894
597282
901010
801684
529467
-433570
-568748
951620
442044
-516225
457633
-837370
220917
1751
323781
90034
791464
468793
819464
738472
472588
-755719
-211963
-444921
-860757
774744
55703
-143098
-188559
-713899
861522
-530893
-213701
943042
-160434
705460
583242
75724
-209836
-216584
990195
649069
-236065
-784336
675164
99169
787004
-129047
-129834
577840
-210454
289518
169974
-717217
991113
-531588
541829
169196
445947
204745
265720
973299
-495753
787135
454091
656272
-641492
504514
98290
806259
345160
-28528
654541
334297
-594156
-104814
352665
854824
-286106
-957252
-566130
407169
932528
-660515
967958
-219668
-366032
-4562
829905
892855
23332
767652
-34813
-317079
686166
-546866
681862
224978
-841065
965984
687393
-236546
-914354
471862
383333
194171
579625
696285
-529775
-448873
-385104
-731489
-549480
-442161
95595
-70742
-613623
-411614
-513415
-428917
-514800
546519
-550575
-371776
773256
842517
557215
248759
315750
661579
774675
-319256
420349
-685688
-212298
-864236
312387
942221
-297670
-548428
374746
-637872
-690646
36297
-145444
-137468
815568
-619782
31078
-976492
-202557
217155
-693350
-527880
411880
-119387
701591
-778639
197812
-155253
-348053
314582
788326
-965672
879713
793884
-831865
21122
699733
403032
-907518
296618
558832
598316
-761825
779444
-506119
448240
906840
594243
-397531
-857359
-414814
29765
-870617
823757
780998
321666
-59215
933476
976919
-859397
141184
-167366
-437354
920584
-262992
125372
-857576
254636
-448049
-377426
-744868
51301
411413
-758066
70999
373394
517285
662976
-142222
-51751
717375
-274709
150020
484619
910182
-327022
-975006
553734
448752
-581744
634023
293453
-595554
-900668
-678807
956070
-841046
-61828
-469099
-636466
-390795
-539102
201374
92419
-987355
682216
-33282
-998922
38315
981240
-228850
-888797
-770623
555855
936167
-961720
-133098
490909
222246
-55671
-862232
-59935
264023
635296
757127
927239
384127
574386
599625
-120507
964296
-222366
146370
598313
-172805
181191
505966
680483
-731344
-527277
458816
358557
992821
379917
697698
-534270
-317952
-484789
-866969
-588694
-315151
161177
502079
-742794
557013
858618
183250
-128229
-887237
173073
725336
-562082
75783
418400
724868
-284942
-164126
-21963
-208821
759137
-520166
-313599
732153
-263482
-863621
162922
-120197
88766
524122
869446
408113
-631052
-396532
166212
1021
-867877
-940306
-632263
-393368
438576
-650406
-462244
151922
270159
808666
-607922
988609
-890699
924282
800547
936002
-108104
11115
856262
977785
420587
669271
-391373
-404103
-593429
809267
-615849
-347850
911135
611552
418303
-89486
-505047
-817162
-753309
-698875
-182845
-468110
528993
407414
238890
157892
-77208
-208683
806210
697284
531570
799236
823400
-81862
-342126
-163238
703299
-668598
725514
-180786
-706529
-255293
-723926
-777105
-731828
-136318
53023
-401454
-527180
-382228
420537
947239
288490
287448
757740
109826
617383
-821244
253214
184896
-693637
736098
707839
-980523
-54674
-256869
-752153
967867
-933684
652089
356578
174720
907489
-351362
-244632
-23481
491328
-116435
570217
465849
663198
955593
612194
-176190
743466
-538589
211352
180619
-676721
630075
-590044
-957816
-586412
466177
-538532
-800217
588224
58885
187760
454917
-698838
651993
-197768
479581
-874345
444746
-974477
795750
166787
661682
-842505
-804121
-282894
510222
-593784
-980489
-270929
959297
12059
-719071
767912
269695
638368
26277
497261
-129784
-764084
-861018
-269178
-988790
803894
825450
336203
-480399
357980
661243
614136
-480946
378077
-440849
897034
237651
-599333
-92830
626164
210342
-150735
-564124
-645955
-685380
210943
541035
302649
331153
-446123
-96446
359211
-684933
-200601
-33995
-439240
-924674
377525
-934360
761177
780603
51031
-779080
-232045
-125359
-133749
-667613
821961
-13057
958432
-232832
895293
-359674
68608
608465
-475209
184203
657460
259258
181641
-782239
590929
-58665
-284094
80394
-990743
655632
141812
455385
519621
166743
-623126
207791
-519849
67984
593441
-452449
-403911
-864501
-15377
-21056
117667
-102756
-929977
215718
-619043
787536
4742
624440
1007
130808
-748451
-227199
862396
-347291
-293324
312062
125387
920703
914113
-953042
-635537
858353
503681
944061
380624
153895
230930
808044
322359
191201
-550101
-520518
594083
-325718
119593
370825
-76171
-97046
333620
589732
-750608
257928
957685
-481714
694273
-749563
285959
-594172
438316
-466486
-795474
-400587
-151496
-707790
-59221
-795747
-286122
-759329
39065
-244697
619771
625036
203741
-15886
-756426
-875148
-486940
-768359
486456
-125144
205776
-634497
87521
-345215
-481897
484478
524732
-389160
672577
-375995
916082
-856897
49953
-772555
382153
-895627
146725
44141
545993
-777874
-710520
674389
-88860
301819
222201
-918586
816562
844526
546320
789660
-715136
-677542
-738171
19646
-411782
-238519
922217
592469
184991
-15020
368459
-942455
685705
-61030
-901496
351994
-802822
169059
394996
678604
-857223
800057
66660
91837
-425669
-71153
777315
-123682
291104
-708171
-586920
-987537
788838
-51835
-742880
35330
896665
-357798
-432639
229219
641172
-112652
819919
-18581
-338130
-360346
345114
-638163
752478
-705139
-907794
505101
328976
-795249
-589717
-888174
-300976
-528884
178873
57297
-591245
581250
-61102
17838
221727
394305
882614
875412
-203502
-57893
324900
-332214
-949756
-819390
-684199
64971
-694875
-779436
812746
118931
-340211
-165291
908
118580
935350
-643779
415318
-541800
271431
-784607
-489522
-475083
-209913
775093
752099
423489
468939
-230273
423457
-951942
23091
-799751
13259
-16917
633240
863919
-404761
-156757
463610
73303
505372
867322
-310676
993463
-730080
-903956
-815719
-176700
-785820
-34894
-850495
-914811
395422
337509
539782
-555853
319101
-896571
171157
939535
-740731
-334590
-975363
-973166
999330
647642
267516
880719
812630
-559073
-551053
651171
816653
-840993
-774779
-696381
558519
479860
373651
628191
-507009
589880
-878238
294671
-770855
-295077
406254
-783430
128477
-596940
318822
-711745
954837
-430171
865117
224936
-332159
563892
-192849
-375369
693171
376406
962773
429486
329536
718802
753044
-797322
927698
-842961
-832847
-644993
986148
709670
-86139
-112320
-855538
-43726
559909
289984
178326
-771110
834985
668188
774843
-487834
-966470
884775
465232
235553
-908316
71265
-377569
186528
253116
116626
622041
917013
178947
-540854
332632
479130
-784298
-527816
-706857
-716712
-219618
371466
668015
-341118
-978414
-617089
-978266
-333263
-65733
808708
202196
-200885
-251688
302769
-248885
-100126
319723
-711427
728757
-669123
-552614
796169
-894697
726400
834131
-856082
-870015
726545
30609
-138109
-478905
-494342
-526927
354826
-880828
996170
620571
-850863
-397645
996505
878478
216815
778083
-116919
372673
97359
-239932
-992264
-174443
845351
518073
328497
-624655
110849
271539
-220708
-500259
349976
29388
939603
-541398
397100
-816609
46820
-917726
178213
374065
-910158
-83635
734625
-296041
192159
-366142
592816
-905691
-986438
830073
-111743
-234197
-755156
-874934
-396910
-100030
320427
-899193
201579
-194792
533590
-213982
-947796
-104200
660474
527822
-239243
-318441
-134939
-674076
40646
-507784
-628395
577770
844515
-262229
-497456
-339749
-971040
207427
-754780
918530
-534084
-21797
611909
-622769
-662527
-345755
-917330
209041
913577
621972
-668151
-335424
226028
532695
-409499
159685
-632436
602771
697731
-98408
-597094
-678601
-193255
-312726
575347
-197650
-488408
-427185
303693
932363
-754299
-933117
147555
837495
-867260
-429367
-117679
696689
-336365
661944
-807027
-559064
853715
463263
-156162
-321446
-362614
-51365
255352
374419
647411
970242
-246401
409499
-518154
-653847
686804
587041
-39736
-130357
883454
524802
-19350
-540011
-608223
-668025
-673209
820688
-722790
-342293
508810
-741965
-337925
-59270
-241904
309980
685137
96283
-796035
-544150
-742731
799236
-408478
934109
-908615
-997537
93539
-609367
-263513
809545
409426
-852246
250949
894125
291134
-704860
664758
-963217
-422905
180494
-926687
375998
-960031
-478639
279741
821723
-900938
-138947
521886
-988196
-495622
279983
-769972
-184135
412751
-499570
947214
266322
672801
160973
-219631
478181
-649248
-4797
-307537
238882
-787820
553553
215644
-126917
650113
740735
-128066
-72457
-58250
-212284
38195
-280399
-213619
685597
-140337
-476159
890958
-567590
960310
868559
133592
-228514
39264
146575
-376075
-978187
231422
-760512
-573946
900453
832536
401794
237129
909415
-71403
861023
-191672
249453
93572
-744881
619900
704300
-200221
-943580
-311956
878960
309622
909550
-315923
-65696
529823
-196758
-438005
977811
585371
257988
-237624
71894
316404
-4963
30278
-722758
-391159
-61789
114814
-529353
-845730
-466798
425916
-722647
-877907
970825
991360
-138331
-744092
288599
-475852
-960827
-1992
561988
64226
750566
-162967
333113
-954029
-347727
-302591
429447
-750257
-801405
-603417
819895
302256
-186221
-697612
779960
784628
-882401
-466422
921496
415567
588335
801835
374411
735560
-383771
513236
411104
-298487
-67527
799559
-947893
205968
240622
674110
113926
834783
-513917
967365
-715776
-980001
-948562
-892919
-120698
-620942
369220
-689594
-156602
-711752
568919
-493994
156641
-824642
-756056
842315
147082
42545
131625
-222070
-268070
-9385
428308
-840576
395814
238353
938501
664392
-211388
489827
627447
-706963
-505070
143218
806513
290896
647829
-492080
-84794
467227
371280
481923
-712631
260411
-237220
-783250
253130
577069
240615
195005
510157
-190181
-497426
207258
27943
724642
-880630
85304
738938
487307
190093
990572
-66023
904236
-729754
953555
896691
487597
-796993
-626817
-176974
-379065
186648
575657
816838
409438
189981
-111219
-717050
853810
822985
-529195
865511
-62099
-470211
-263409
390537
404252
-228989
-363361
606337
-536948
955341
-552206
141710
-292680
810827
-898289
887445
-7932
-340997
-45663
447009
-302691
930803
-142164
-192958
18404
792771
529011
-187199
546813
-815141
494950
-439327
-709206
-784974
-763284
-959433
610659
389140
-544097
-284517
241084
680869
318720
348106
-906288
-185777
10116
-535637
827238
-957041
776316
-580154
544483
-286582
494601
-76678
-849048
-759571
554203
486040
-947995
510046
-150111
55138
-480569
-880190
-492894
78315
-551917
880301
-326429
726376
86692
321237
-735886
-451534
-527788
-24298
597453
83960
-850534
-542499
579199
-151474
678333
-52974
741733
532319
186944
-106213
-82235
119118
-270766
597022
-582806
-231394
110898
-493100
726385
-164786
-891432
819700
-907204
-184357
84388
-525921
505438
-784978
572317
-182356
-52599
-794601
-655640
-429318
-939383
-72036
-83535
-947629
-974846
507491
-844331
629496
-720649
767702
-535348
-599683
371012
687378
175904
435361
-238752
-239586
549777
78191
-699935
127198
339768
953045
-759046
213947
-692743
553599
-227021
925741
716605
-28089
728534
-862194
-639826
365186
-761374
-742121
326858
859291
791028
-567816
-624539
518637
922982
248574
989987
993328
-464426
-177855
-690443
-818694
-483711
-865060
-676443
708733
-334459
323052
-665247
-657389
-271331
-899547
-482140
179044
790762
-418878
-119369
985600
591830
-889259
-610078
-232472
650751
427723
705987
-687018
-682761
790297
259044
-620251
-490500
-682117
-33136
223561
934507
-869809
172787
-371991
-245034
-763166
-719572
582799
-304594
777137
140507
333539
-610040
199854
253071
949864
780216
-313263
-776775
-453210
930695
-518853
-565778
832972
765551
-865131
-399137
-436892
-265765
369754
-887975
520198
-297999
728284
-377479
-574398
-342632
-176617
407057
715621
199300
738439
-828394
-460453
496946
819648
548013
672199
433633
889444
432731
-945334
930991
663864
89213
700175
607439
-175331
885365
-408313
380867
915958
-774547
-583855
-79102
727761
-79669
-188789
-620485
-867648
-458552
345005
-351986
405949
-849074
163536
16612
-300877
-330278
-263493
767186
96766
213833
-871611
728450
-254218
-208711
460017
-433457
-37826
-667469
744233
-742604
776446
679601
527660
-207145
-319430
-253108
510086
37739
670226
-505553
301226
-808730
366736
838560
637197
636889
-915441
-432955
-261256
181011
723514
-14308
-604920
546373
-626843
610518
596920
418901
967215
969206
-823439
-977190
-751200
260221
113003
580131
790963
82279
656369
473384
579118
-958596
572265
-695551
-467942
-203868
-549536
-700553
-751041
856406
-242089
-611833
520691
-452729
663110
-9527
-944872
291542
-730586
59308
43911
414555
180273
-960264
392604
-145519
-304240
-637240
534232
536811
-431569
-71268
-604077
820757
-760271
-293390
468966
-650070
-258152
367270
-863303
911894
-954668
-396467
-126114
47478
-768397
-576020
992506
251774
505162
-703799
115654
62960
849536
357598
475850
-33689
673128
-439759
692515
974284
196137
826934
-733769
154319
-133273
5047
-229993
-185587
344666
-834577
-423610
62024
-363757
725414
-628636
825185
-35933
532724
246016
273374
-795213
813789
371136
435481
299454
96239
488953
210600
535878
843383
-514699
843277
-32511
-270075
323506
452524
947398
231204
-599896
925977
-176200
-556580
-165115
-833764
-350549
-251561
39075
-431463
-940675
-175913
-847967
911834
-980122
-696548
853429
-608916
584442
472653
38111
580019
-591913
491081
-247963
574114
623046
437508
-326592
-22199
573189
509684
353720
184458
-555451
-609760
709414
584638
647748
-35146
-163634
-642050
-681813
-212815
-514420
-462107
-837285
781382
536674
-966798
-178271
-694800
631371
841398
712055
-529577
-104688
-616434
790797
-953786
-575631
-18223
-139297
-908092
-566018
966542
639415
955576
989145
468359
178281
818634
660390
970194
-502782
699036
-249231
-529548
586353
-178322
-510529
505949
-99364
713943
464884
-347123
966798
-179261
-994917
935296
-722180
437209
767765
380074
-929992
545938
864720
-845099
839062
475613
939086
-877870
-887015
719197
-41108
829588
-919331
-825862
-213148
-328530
830123
526518
-384706
926400
309581
-203864
591529
-773144
-354026
-950459
-110711
-995973
852222
-716271
881021
359884
-198185
-726547
198064
-224373
-104784
982429
650553
-449468
4524
-568704
862291
-534607
111731
-183178
410000
534542
-891796
971239
-559031
587216
458046
-531593
-236033
-887581
702732
-405019
584585
-994020
-634892
-352374
411302
693695
129169
427519
-637093
-981498
-455660
838790
407337
-846131
-587714
346580
-468807
374710
874166
345337
-121307
-31320
28911
777557
-51401
-435185
-685181
-127340
-25953
-355603
126771
-311046
-876397
-897654
327192
-585551
-716640
520723
-947124
858906
-894797
260537
999027
848618
-433294
-439784
536461
-813166
-838451
-731658
772688
-475718
-407917
-946809
-798566
367738
-493356
-805249
-422614
729576
333603
-631409
-190509
946713
202290
-201921
28396
522891
-504803
-227758
-994229
-159448
838462
-696044
-955881
154169
246477
-274187
544875
-195608
-747207
-791603
770701
365086
210504
331570
800798
-715305
87220
13043
-892198
-646978
42051
198555
-50110
-310244
598
252825
-791697
350465
-263491
469183
-101196
29395
95919
-225950
-415956
194254
-904974
701806
-20616
-959816
-237626
-135170
121692
596294
-602316
848640
389602
-633873
187093
697091
-611150
310127
-171252
753181
35423
501310
430002
958766
-664661
894182
-31247
-239356
445269
555534
612126
190322
-954696
393825
794250
-656621
34297
535925
-902724
-612049
-822643
159048
385796
-251719
-358308
765258
-610208
674600
889340
-213031
762467
-479587
290974
623923
127037
261137
-423107
-659807
-71753
315236
-320454
-269414
-831838
614982
102094
-503466
967885
255259
298706
95773
-246350
-817595
-525560
136862
-870447
655045
135447
-983547
133196
29297
-989169
-406325
-585306
-3162
188106
-6183
-794230
772189
870573
-16978
-820843
-674634
712093
123298
270374
202287
-363625
-587873
-19107
659992
-994993
-637819
888447
179126
-339206
-743944
270754
-349559
567762
-949480
-48877
-55639
-924274
-537948
-58800
-95840
203384
262898
291607
-99186
-983277
916273
537975
702565
-376112
151770
-621100
-328622
-689348
-918562
-948097
96507
755804
-522530
172639
437195
-853383
857463
-147172
820511
237027
65506
-944977
895798
-485964
191237
505922
598598
773753
197384
25146
-404973
138033
-271018
-599320
292590
-81035
-537490
411596
-557666
-454960
-606342
602472
967653
971584
-611514
464679
351860
-59286
287763
-617374
895133
-762569
-688258
344205
-203625
810867
-847874
-532273
-669902
314107
816819
547653
891773
-905583
637770
782280
36324
-518591
-254434
-116679
-397492
-971189
82468
384418
-836823
128945
965466
-554170
404459
474531
705785
-357526
44064
-944103
845583
-527592
933648
136306
-789963
-313222
-30067
718442
-613494
-250164
235830
-527086
-240021
-54735
939345
-497382
764810
-894601
-276397
-929793
-875860
589093
-811344
-653327
-563890
720024
-648089
649872
-757320
439828
-230609
461722
-923327
-725462
-10582
-864522
109663
267619
-660193
466483
-168999
-990009
174848
-678955
-39926
826926
772558
-659959
-612638
-648604
-531705
926825
588638
1418
718414
237746
-276235
-473707
-126161
-181277
355261
-838640
334080
-478302
-92872
-636483
713303
-768868
108790
-669997
-800697
990173
-344929
-644687
-317953
-255746
543484
80356
305777
977559
-739359
139681
80718
-831855
-849679
926245
-555864
-176750
609354
-255730
349394
-142946
810109
669258
706927
-109906
-730463
50443
-896176
30347
-610075
454900
-221496
-114489
339910
842007
-560708
-457789
888890
-127174
-930685
650188
-840681
572047
242203
930035
-98989
132345
-874549
703466
442438
-633487
44026
513616
-273487
160024
-836424
-751513
562725
987195
521655
707994
-565351
-605195
970338
-790252
-625314
63424
-208702
737927
305012
10396
958068
-653199
248147
195682
817974
482787
-397241
-111941
-858760
909321
76946
-53849
928678
-445673
272298
592343
-574617
905296
685589
-755735
925056
-998222
-63805
244293
-717928
219110
-516524
-991657
835855
-611173
-189043
-221103
-259608
765752
-307440
894611
156965
804534
-230104
132936
-604649
561392
-812906
-464289
-502898
932585
629386
364572
553343
-38296
-892910
-276017
-78325
486114
346961
828656
715321
858915
445749
57351
657171
530543
-2346
-129043
-58607
-817556
339655
197130
106392
-476304
48948
-115252
-740909
42135
719882
856912
664636
317425
353664
310686
929068
717553
500139
426964
-723929
954148
176691
956857
655471
678510
351480
43502
654715
714296
842182
-137800
-42668
-243156
643966
-339191
558948
914426
346742
144526
-607365
-393682
659138
-168920
-671278
154184
934280
974257
-707220
438934
-301805
-178945
865222
104795
-643445
583266
7216
345059
-441538
-825757
395950
-876461
-345121
982803
-763603
630330
312014
-239558
-592066
977526
399700
369651
393139
851882
-298422
213646
849834
195191
-384432
-935074
170748
662967
-534533
-986735
40920
408550
-402979
-832402
350732
-826532
159164
-889106
243215
204497
215988
679556
51667
362109
-582422
-392396
369459
459580
854024
865857
493436
860796
-990234
-782584
-93626
-527969
494683
-716396
874061
-896352
-573562
-714835
621480
955148
-466323
977433
550981
-429594
-597614
185710
-455161
-231401
-624075
666270
-965491
-39820
676446
-432252
57378
299870
-758522
161369
-274401
-332409
567169
197094
137351
-133411
-842775
-700194
-172945
-249680
602166
-129106
-357335
-585674
769895
-782841
-328085
480413
758364
122607
-411369
789304
188933
565694
14080
106335
126726
608860
-685650
-101868
582984
862938
-153644
-365776
125019
-127491
-626316
-727060
71349
-185116
-551123
548151
-481264
-735476
354858
17254
534840
-242231
54469
-990952
533190
706885
758830
-561444
993073
-102310
167605
-374805
458961
-859599
198177
520611
471930
-133965
-823997
251449
211245
-310015
-197529
-804757
-67155
-830754
-447937
-429034
308343
792588
-553869
-666826
490787
313386
-135851
553757
12693
645836
237780
225667
-634101
-701944
1713
-685601
830699
-753129
-913177
979261
745537
-793420
-171091
-808733
101977
-610943
662792
-1259
367888
673073
345732
-435692
-809091
-950163
-139395
-44317
716559
-205372
638966
-850832
-651329
-372627
-403
-646511
-321775
-564641
-447324
372697
-209192
-636915
-946427
349892
464153
-272564
-79826
378040
-153043
-474522
232262
-968259
785424
424800
354711
-878399
784078
-967676
735429
738824
-518485
-653092
276211
474925
-208354
623115
819078
-836235
763721
-822041
827586
-812315
218920
-422566
23487
373655
-638107
-563147
512644
-502758
248036
242547
856001
-303249
999069
933667
757979
999217
-74301
-509134
-509455
337914
-234168
904172
548271
-888716
-873401
-437653
-215724
-293926
-869884
-642210
708872
-766926
-659691
-643699
225036
393313
415256
637878
608930
-921859
118720
-419442
484397
891998
-955667
824549
552494
653783
459464
-514361
740259
-998375
812341
420806
877161
-709218
-126178
714197
-157658
746386
-998522
252160
-82991
379458
-877158
-836224
-261840
451007
716125
913319
-419142
-468095
739615
19447
-795573
850618
-838464
421808
-894
735650
-702617
-756410
-751668
297827
360642
243691
164723
-796305
14725
-432237
-625679
414328
-49166
666313
-658706
-588218
-296774
51301
-535601
216326
-357583
553145
-160195
-24374
-671903
-917640
895086
-619505
826482
983744
-277042
-611724
-155052
962093
102679
373055
-823853
686916
824903
823211
-366192
449890
41937
353212
-298918
-552361
41456
-223830
-151672
652029
-281673
88158
120792
-802703
-155462
-803984
-880388
992214
135595
256045
40220
790185
124100
920879
-392889
-823162
601223
600727
-415909
545453
-791898
98719
-704362
-918762
60595
-619210
155856
251258
-847401
726618
-845680
568967
745516
-392304
920263
-356330
-513947
569194
-641851
987829
-236713
864169
552360
940199
-23969
-822008
-366058
-58109
-971959
-943170
936096
-443393
-308970
859432
247566
778741
-800859
-755140
802087
504170
-584776
411853
438123
-905726
-741403
-20847
36674
376785
169766
221545
100401
-974223
608466
-741954
-132612
904268
-367912
-440555
-511864
-121961
35118
28974
846595
-116101
717749
-8091
-279206
509586
-618510
176732
-25110
116381
724038
-411711
-775812
821020
43424
-55334
-487033
11989
294145
652306
-872655
-341948
223238
664980
585076
8935
744049
-24089
-995247
635123
-711537
-797370
186574
363336
-232048
305264
206329
-562545
924229
274304
1658
741209
261799
-990352
519827
600253
-196082
-613983
639530
-466825
-959724
433352
978955
703525
92931
-703055
-724573
142621
-855010
593689
629716
837630
198966
-993126
-823231
752475
288425
586612
735081
492105
-752906
-962658
210865
220727
-178627
-687014
155621
492083
-27451
883273
-674525
-504119
-75165
-393415
988743
-611884
799473
-633934
110757
-347237
634045
-837935
-667046
99593
-383008
826004
-120730
-239844
-233816
-427609
-525876
-162629
226399
-936346
-888868
694191
-299505
678032
233065
952896
245297
-367273
504960
-731226
372594
783987
-216428
-592954
167190
259546
392354
-111153
24842
-739258
-224907
-919280
742844
639748
930149
567328
-463600
-105787
-102853
-773506
-470801
-655496
464140
-557563
-175942
-880822
547009
26667
-684555
-172028
882953
-117817
-835393
487557
-540083
205413
746304
-443930
758882
-195007
-468226
-58865
320236
-725307
874401
-67446
-180643
815125
936949
463051
-590155
530163
680209
-917172
826327
-365250
22424
393279
-334039
19992
-738426
688744
840597
-13722
-41079
-36057
346103
-883500
434206
230074
-313001
-723231
155925
-273902
210891
-50988
37138
359088
-384594
-466537
243641
415777
-828160
808742
116941
869418
-714176
69310
-914208
465477
993143
-553954
-8103
174211
-853953
974149
850195
937524
14099
-823941
-279479
-217529
-799697
560531
641660
659397
-557323
-284809
-508439
534760
527064
-793529
-587501
-426297
256055
627221
-578184
-706765
649722
-700766
-893492
-217956
386221
-308108
-675834
-25969
108369
474126
154830
-857182
386610
-648643
166661
796051
676931
-974025
-664622
-859148
-466575
-34833
-999453
33009
-382964
613179
910568
-952435
265813
-70151
419645
69728
791488
591746
553952
-53132
320438
255304
-104689
-52840
-177486
-517944
-728413
-940547
-731547
727256
-654406
-948694
538050
-854164
866668
-400137
-871972
-882236
429283
-79597
-241692
-552795
396498
-437633
-914526
602786
-540089
-372241
-779346
-876332
50038
623414
865823
934240
17828
-212668
-874928
-803905
52523
-290028
-213277
565142
606465
885023
260339
-564714
-247561
-201156
-836074
-867672
483310
987074
-34939
401738
921081
-528153
835740
569747
302917
-253011
428907
303393
-448427
-812028
200746
457675
864075
187338
-482721
-556678
-184328
-694247
-115739
-530946
-549652
-334929
475734
-888182
656137
861456
-691241
477148
86895
-200041
-911525
822943
604351
-494624
56736
844352
968836
647300
-250501
-674739
-663750
943310
661317
-601615
150554
314326
815990
915166
419974
-590894
905200
887960
966702
-821251
-651629
202701
-587126
-28567
422719
220035
405420
-683457
-847614
-64348
216664
303793
168783
-784096
573212
-365575
48592
-317201
206871
-612620
-434447
-397311
932045
-743801
-626544
362717
497801
711229
794126
-388375
-649350
-631215
-977711
437523
-129505
320750
18753
599183
-191680
409499
-968778
841757
311416
-464467
844340
-856298
-565208
-768187
767414
971997
-103417
-476595
718634
603629
-997557
-516258
-2677
-267219
264633
838484
648365
-835499
105048
375265
484335
-746690
270141
689871
-325245
-159699
859348
-502345
275576
-532997
-735326
-286775
532548
300219
384402
-174638
935554
-81223
450115
199665
-464573
-285989
833164
-758152
818526
-312880
-200890
-926622
-526668
-133981
188974
-329443
15631
-770757
-684462
-742036
543607
200366
-521377
-619949
652079
271119
413016
519471
-713890
-685131
-400061
140582
648754
-889440
533363
733286
-648509
813341
-251456
702338
160089
467176
-551861
834126
23654
-23336
890866
-234130
-407633
-319374
-149186
-750250
-780447
592923
604288
-484431
455831
-137970
248442
518422
-539540
332084
-160306
-72095
755157
382998
211311
153124
-734795
-534926
403035
-614384
-647731
721124
471848
779716
-842285
-84305
-944256
-497352
123578
803782
953237
-437328
36783
-443516
702962
121948
-162054
-152011
907178
-971893
953353
-459347
273091
354949
-221832
368791
-371884
-385779
-62854
-29879
817024
-426960
636903
-753834
147817
215302
809436
-551620
-185771
-885196
512570
502554
688764
687207
97210
281377
389169
-529199
-177146
279101
-340835
-134771
-837883
805282
-460729
413477
-430974
200579
146525
295185
-395111
655242
984462
539184
246933
684474
557170
-741609
-178687
-230615
-657358
-275942
-714906
-463937
34591
-926806
-909265
-881360
-592188
-784817
-610042
-564645
766879
858075
-901233
451250
-150559
543365
588393
-150051
373380
820725
-35234
606568
893231
-976881
22967
629148
813099
651201
-766765
595905
-211516
-882457
623527
-956089
544839
-647087
-726425
-731384
811932
-853766
-400355
-337479
-483418
549240
443256
-494436
831488
-80041
897844
36707
19066
-841910
374529
119047
889132
-573083
502304
-489702
111239
-528299
-839458
992875
424631
580916
388292
-895577
163676
-651050
-206672
-299327
-572054
953643
113002
-648543
-689768
883123
-330001
156794
596992
733980
285220
-297134
-387155
206200
992541
-879
242488
-383689
915654
-177837
289305
302657
-105033
-575110
343101
-452397
161018
-784503
48299
90929
-178496
605766
-66064
-409113
-989299
-372060
190281
708709
939392
54348
108147
-525593
239698
417573
-9433
-267779
608151
423490
367565
-305467
-793755
566826
562677
967376
-365446
511805
-359460
657949
-371201
-962334
-649312
315891
-375193
596741
-163933
-764297
-931284
-971540
506866
709018
-302583
-396325
-27201
-885602
-586170
-914973
193800
-601423
-161610
-30794
-349206
-239921
729803
302350
124592
-458421
394324
-59005
-930000
-78379
424059
445889
-917988
-236666
-294331
989026
271637
-114117
370108
-504560
766525
562372
173864
504358
-169066
-691783
369318
254789
-734692
-84281
840487
472803
-567468
-871285
452482
-488589
-76156
-23947
-29989
-366285
-140351
-745660
-646590
-269890
-807258
-343800
-166714
-165463
-447372
-652704
793684
794281
-694172
-258116
-8131
-562378
203580
-187787
-930025
-214465
994537
-672932
-275306
547549
446420
-142975
-977770
-231541
-703203
973108
293726
279794
-871039
-553168
-305597
-796428
732004
-208527
-491631
918993
-619283
929285
1015
-594838
-614600
11207
-596047
168097
905204
-853135
-981875
-262398
360406
-654994
216933
252522
-663036
-83476
11122
885062
-633080
-504424
-191559
-640809
255727
514829
-413248
416417
-468674
382607
485288
287850
782435
567336
172512
519227
386313
941060
-43606
839677
256441
307404
-263662
-818221
-283452
176682
726259
-771806
733630
290120
-353568
746405
88233
-783202
744283
665400
687027
280917
-963017
798964
-723783
-535943
330651
852025
-903149
-919892
-862748
-75652
591792
307969
-883602
2268
381942
-956606
898415
-219092
-877823
282368
-854824
606850
959508
-769686
63996
441853
278653
-558963
942852
571784
-273829
-431100
-266886
-950500
-663933
-476905
-763322
-761938
670235
-710821
189968
326198
514336
479788
56079
928471
142804
-858129
687703
-107518
-632841
-830489
-822314
98859
589153
-473456
927167
-751654
-786904
-203989
-161311
-103549
-713745
-761558
-115056
729933
39621
-267052
299387
-229293
-948552
440557
125785
650278
187323
-196361
540281
390586
-64424
-464569
-397863
-20701
961406
-694240
408743
336145
-925074
588553
-945446
95847
984961
132007
-788601
408676
132706
-693220
5538
-220047
686590
416528
292840
524663
-147429
-232063
702580
-65471
-19842
127136
-626496
666220
-419040
162748
-181218
237051
251045
208147
-755721
-413807
549168
327128
197405
809410
756157
308624
-198818
818145
-711934
982510
-659502
-381669
-372456
-452604
56193
-994672
654205
-936144
-564758
-134916
-736047
973846
658122
-759833
-340862
-580210
189282
848082
-838727
-488393
384075
796780
-147408
-942123
-625248
-994680
-232627
859740
-503371
856367
679997
761141
-838517
709062
-55120
-800877
-856194
389496
-797224
207238
939620
-638649
-739276
513309
-418051
-704457
-18084
-924845
-597730
388933
-185126
793837
-471555
-153661
-894257
-195660
-179142
-387300
226077
-286439
439931
74871
455893
-440772
300408
527108
751250
521470
-975056
-546951
-282383
532232
220926
752112
565583
179890
-225480
76962
-87807
-948213
203738
-472076
928062
-824714
697551
606295
966902
301666
455530
407157
491779
-347885
-977482
-484714
-782366
536814
-505996
-254404
-333423
-913388
710756
-296811
-667072
-73366
-639851
-751653
-826924
-320054
88123
-418571
901645
127889
-372036
893833
-829510
297737
-270194
387464
6504
876693
-824339
244220
-758229
190438
-693500
210064
-865370
-51916
829458
-769158
-940820
-618196
370259
796030
-505886
939904
110154
-202244
370268
-22535
473580
-651034
442959
-620702
621544
-674825
-205931
-710752
-450540
-645101
-751175
952609
365054
276951
-537707
-726566
-513893
236874
611296
-935199
437955
-17328
129552
552199
992538
4752
-695759
-599823
-488985
-999050
-361378
167430
-721611
-103126
879552
-50454
-963923
-498512
-931671
-603833
838413
-22433
721335
-535028
493010
-765027
-930862
-406590
653867
602688
-915759
-25025
-23809
-470598
-871769
-65885
495432
-795660
770899
349400
-837824
105359
329622
891445
938880
70346
-67227
154381
-356123
-628733
702251
146012
-130141
-831595
628467
229623
-808970
228171
-847080
-273206
-994316
305952
815499
-536829
-996191
832681
-256564
997181
971295
-601849
-506184
-612751
-142656
648851
426099
-953891
-573816
161908
79895
-211547
-92262
801197
-122120
637321
-953698
-997001
585132
-353188
741816
46488
-714255
-294987
546005
-749655
-70734
-824156
51370
-583245
615735
-147440
-375915
-448604
-2590
280075
-725914
960270
395653
-636752
-635686
-215952
163887
293330
-877074
-331360
-891283
951420
934202
684696
900011
-656914
193452
432765
-105376
942686
330391
589060
-156931
-863911
932330
-4238
246629
-865657
-190080
-611711
89355
-849452
-874786
832453
-346144
673716
489647
220753
751834
25234
-894520
335056
519165
360840
-978891
629963
-108588
-368220
382802
-263539
179005
740969
-39325
-314682
654800
-652625
696153
-499703
813948
-421916
-191439
-934139
835540
310547
100882
-820528
-426941
-285898
-997678
352007
-474594
777408
989241
999865
869291
-200217
96849
-872427
-927335
626906
360198
-778783
-137880
33565
-299935
-29086
281175
-167427
434940
387634
-431142
142763
-757395
468051
134779
588185
287155
-380079
-86628
-366348
500264
-686637
795270
942741
-753673
-126806
-291449
525307
366951
81840
-182934
592338
-723597
-994048
496706
552562
-863819
85378
-712440
255638
-849615
561466
-522592
355178
-151702
-655924
-768804
479515
-173632
785568
113107
764452
954221
222571
-994681
884002
782520
-125224
-851481
-757798
-60239
-541925
-664763
-370783
452575
-689435
512309
921654
398417
-501399
-417835
865220
872672
-231815
-87012
167616
896040
-899435
545110
-884860
-85431
-149349
577265
-72517
-706669
704207
-574316
33606
884070
419512
337607
-902001
-562835
-437632
-507503
-878396
977852
176792
745405
447206
403208
-996223
493691
974863
-942068
-895756
25886
-737017
23524
-7767
-942012
-787348
-92756
-833740
-211271
792423
139199
-234190
237594
-357906
-201239
275333
70691
-334174
-982621
-393703
-993272
713174
748785
310809
-513441
-532142
-129141
-912011
608852
-645664
108260
-106285
13855
-573595
502780
-772723
469505
-22031
937721
-180754
-699391
-739512
-89179
953860
-122576
-63604
362060
-965805
-22709
-303378
898359
-445044
915764
-418544
-279474
-83914
-377067
887374
-155480
-664080
475500
-440640
147601
873293
-397245
-56824
-536936
597545
-567711
-218560
379349
-598913
212618
-292635
292764
784841
285178
475814
-517829
178532
-291551
374071
-906581
-710693
-104313
-346221
687524
791228
59358
-491399
-492431
-460813
693713
505534
612755
891623
-969956
-938807
-689003
-441038
-45407
239940
817954
-92202
-819802
868942
-607545
698115
-965162
45788
299922
927377
-745575
755919
441306
151935
-450211
551193
62458
494485
-990488
-476574
-101888
-464021
659531
75299
-538136
-18820
835208
774152
946790
-796245
-512903
-483193
-547229
45820
458072
852767
-963679
-261756
-953441
625334
-40693
-282531
929240
600697
-116025
299356
259154
436433
281846
-991676
500743
-108533
-32130
930319
302148
-888076
-213825
-107850
-360472
-640164
-155903
721077
704606
921275
-353600
-437519
-829170
-619946
809561
-275877
-665701
973584
402247
219565
-146250
-465368
-954312
-60925
226893
-491915
-271015
-34526
-339084
704959
-666963
884754
-861383
332113
618852
379836
186091
-863229
-329011
64158
-290408
560257
-860189
506303
31873
749104
-553786
-905141
42572
514829
375433
370765
282315
812604
-369837
-663626
827951
-17880
-851809
10394
852180
776408
-989646
-449511
148635
-893700
-798865
-125299
585533
617792
-672997
-81440
-748990
-571606
849432
52471
2364
46199
54062
-431831
483990
578826
-283981
-198934
-182398
81857
-288514
629578
329082
126217
-311794
-254811
816156
-902349
64563
-689247
322142
-404563
-135613
-86634
-592941
694098
445477
-458504
684298
-339277
-455745
-874471
694895
-153245
406439
838419
647727
-446373
-245876
105031
340569
57463
-824767
-167551
36038
448425
-759264
-49329
973651
761118
-104631
-716184
-923178
537881
80992
-317812
391405
968313
-313241
561795
493509
-194896
420780
-749196
-931387
-297003
105295
-165533
-946841
-658718
-344964
815241
-703113
-423585
-277181
-708226
376946
-123128
-144923
-426278
-436961
916449
-383314
-489637
-290331
-989172
-760640
-967544
-321325
-593072
-928215
-194880
-861195
616029
-854211
45529
-491108
-380775
360478
400960
-887369
-94970
-574693
71687
165197
-971922
121904
-466863
139018
-158957
196197
-353803
-168077
-472282
711144
-323982
954591
756575
-189186
995764
-838053
717591
-107212
852893
-568007
912389
-272114
-159063
-664023
744997
191280
322710
314528
-640015
-525585
-837668
-893414
874543
664310
-301258
348112
-373624
61479
913005
-606925
794561
131412
-306420
-812468
-477906
-271116
-894452
848219
347989
489304
-59444
986916
24630
-907151
708652
-775553
31663
854246
420626
471555
251864
236185
101741
-623806
-697992
823068
154507
-618602
-859683
-105704
913741
759081
687379
-572168
-238819
45388
425312
791086
959640
77817
599648
-610386
295068
-187125
-249007
351646
-373243
-491807
250032
-459501
-332414
-799262
944901
158607
-485616
-525237
-839294
-609571
-372264
623478
430833
776798
-758344
455023
670252
258615
815577
971253
-375179
51307
748858
191628
-678583
227744
912471
874172
-286713
-429496
358786
23332
-613962
-606784
-717196
-230560
-770613
349427
-289680
78158
609579
-543236
-120694
25315
-592613
-329198
911937
777137
38954
-647495
-194246
482392
799292
123434
-265088
155363
175527
-676775
-70461
-843265
354566
423876
-211472
-776706
-366842
-105808
780720
-667453
603908
-891433
-976773
652930
669715
71156
832638
700852
-11232
-946931
-514015
645152
-19427
743538
-50202
-820547
-111939
-795551
-728811
22806
372551
-87195
-927868
-305553
219052
-229788
224660
-474180
773866
285328
-281690
-888743
415025
944212
-445382
-915250
-783988
-651974
358329
363648
854736
139005
502019
-620703
593234
-586773
-153942
241316
-326547
738861
611944
-44485
-929566
-281951
-809823
-595547
173536
316905
-866966
205880
634273
456837
26811
-78681
48708
-765922
-981720
-908494
-277635
940510
777027
-903544
-100143
-503136
847203
241527
-853425
57840
-857557
-400248
-775969
367670
-642341
-80064
-113299
261727
-79935
117576
786716
680641
68512
693803
453527
-693920
-147557
486391
556094
545919
-785556
-844374
765092
-864829
-378003
-549288
999574
589978
-662658
659403
-216490
-597616
41634
628875
-763296
-384842
969611
-651444
-707201
-411708
147278
-50912
-213578
-87990
-911310
667555
-313377
715609
871104
-736826
-322649
461628
-26945
-202257
-259026
-287440
368714
343967
-333353
-846492
530695
730979
-576966
-72884
485662
-694736
902958
-954161
-254731
-408650
841516
555737
-806532
-685085
-76570
171500
-382783
-20326
-917552
-714039
504110
671420
-758767
-208315
582123
297100
795600
-992132
-350069
948834
985941
19584
-936167
-979292
-531443
-912144
454166
-516167
-469782
141798
160463
733670
980813
149307
-459712
344727
-788121
697500
-501971
509303
-851871
-155539
-723846
-691845
67486
625482
508435
-104952
654766
-821063
-861519
-817197
-781831
418914
689762
605180
-86760
-390102
204639
974446
-712752
-73273
967365
452826
-625759
-983089
723722
-601014
416273
-988017
351322
713641
103048
-598098
250995
-18098
69527
229787
-932033
-16657
313817
497885
-392036
-199846
964765
379074
583558
-650509
-169938
-227786
-42218
-580607
-479699
-345028
446973
333405
-521780
-749258
-180359
17227
118137
770423
-71771
277621
-317282
384458
480178
-986235
579633
-28194
542514
866726
863716
-840484
-347754
168483
906164
-840069
-686544
808638
-633907
-863160
939101
232656
416674
-324432
-926512
827205
892266
221948
-235312
-783820
-391872
997867
681563
460025
-884142
-269869
-362461
296309
-374543
809990
500162
-816300
-371519
-593617
950860
627722
54944
118011
947380
-690703
-206061
24232
882851
-883984
111498
314484
-597002
-713611
-806951
-292486
-516521
-731478
184576
725393
793911
713885
-165145
-287756
585761
-607002
776184
-53306
468296
188024
660466
186198
-868824
648616
612009
-954339
549381
61177
179653
-865531
211673
352343
923614
835172
743670
454860
-673239
621565
-717786
156278
780913
751125
852150
-172877
-769805
490576
-703190
960839
-819124
315217
262684
-899272
125494
21173
552291
-85447
610097
653170
-225919
-490999
273245
-396016
562039
-4368
992261
905374
626024
-520064
644502
-914052
-322555
96132
-272884
-18606
243899
427611
-308156
-606022
286518
-996947
-877715
-994322
857651
223562
-870470
-933824
-867846
516722
-771597
-854149
-927284
363509
543386
561044
-726454
223761
-859495
-490862
-791069
-347165
122381
-878333
203345
-850100
552723
895788
276493
-109680
-519414
91916
-180637
349581
458215
439313
518813
403728
-554544
-53732
-951299
-67178
-750035
-312567
-8034
-257610
876909
880670
-371746
223066
-861973
-606133
733072
-172053
-400843
-212340
-385237
988451
-764255
-886149
-975085
850813
-220926
356993
-242593
737467
467635
-820629
348779
928928
-474435
65211
-789789
330741
379738
879011
638312
354679
282481
-305965
871290
171834
313000
-790580
784250
946552
-444105
293921
-883065
20014
178556
132419
-394020
-861626
220215
823182
11137
160709
-842105
794873
844045
-599055
-843350
-114846
689226
614202
465564
-129049
869254
-501052
714953
-65599
-585036
717334
951218
848064
-353561
582938
-562278
198700
-358485
-777735
228322
72468
-662700
991417
-525555
8471
62392
-422928
-905190
210466
117017
163499
259723
-466417
-237902
853969
274169
-900107
-42969
922876
-127920
-320730
462336
591183
-323922
-359750
803997
550791
711705
-860256
795924
-45556
526640
950752
699831
-20856
874256
-726526
476033
588283
991312
-879117
-846368
-526054
130419
-654099
-66221
-97947
961903
-145170
-633426
292788
510191
687581
553486
-292053
-856385
-571441
547732
-866723
829038
288008
600376
600554
-720269
-265408
-988132
439612
-120760
-233781
-843566
304859
-2230
-215712
-329593
-161913
-671236
-28726
-609068
949873
-241125
-397619
642847
-431857
-233748
-905974
714284
864993
-780634
805561
-311230
153424
164709
-586554
-115397
588754
-445181
-668043
787198
876294
989060
-811078
623372
814076
803101
907709
-923151
-556029
878303
-212090
601433
83627
954898
-51149
627512
624265
599946
-272151
457631
811080
-149525
761560
147211
-208184
425145
-198910
630444
760129
404310
-945902
815305
936939
914269
642368
-972521
822447
5788
952706
-69010
336981
-631277
-839722
740471
-623586
-391194
229789
262806
649502
-294503
690247
-997837
-459051
-899060
619336
-921205
-226444
235265
742397
837224
-897659
931878
-69477
-187624
555540
-681128
-95335
661094
535695
-434253
-185290
-150070
580582
-352545
-495712
235026
119868
634098
-436898
-628215
618963
956317
-909773
-425750
837893
-568743
620615
152652
571829
403895
305326
474406
280409
-625698
-206072
-924840
-985683
38796
-770433
526320
-578628
-530953
-843547
-772281
535085
-933669
-946485
-849784
439270
510354
751359
-845982
592676
-568676
73364
592042
200396
-118925
-819343
-996636
775074
-461097
640059
139944
290019
-403266
783094
363653
-795483
-957141
896554
244753
979884
997940
-261232
-160012
-565444
503306
814125
367243
210152
-924601
-930043
680895
891394
-608824
34674
-308937
-992158
718759
-938643
-814557
298866
-638119
-20394
342749
168334
29554
855387
-843051
494111
268644
747113
-890301
-422790
397859
861205
762770
-966642
-593518
119116
234721
257728
700572
-938724
-819487
-131655
353278
-182823
481400
255972
623101
-7248
-389636
452337
812569
-797512
281614
-732224
-434378
-794155
883821
-540656
-13492
230432
-29995
962443
-560806
680060
569982
685813
-389572
-593465
628126
-598836
689673
938395
-959347
453179
652316
-141095
-540563
122918
898206
893412
98617
190666
516201
94922
716139
-792957
-377337
-237593
-917301
290015
-545326
-675218
-390831
35082
-531198
-426873
446957
-304244
-964997
-969821
328424
606121
458534
164493
274724
-768573
215030
768300
-906263
514054
772508
-473231
-272535
-510820
717988
269161
-672416
-129735
361651
-558633
-271439
619889
224126
-870019
-377529
37739
-589212
381274
827314
-32897
988513
-306270
-814418
-911928
-458819
777379
-818662
468718
356949
-945774
-664873
-993674
162214
-73178
-380468
-222675
507351
336020
-554939
-309614
774050
-781588
-833880
988116
-299536
567117
827068
-561053
849781
-586482
-284630
-897543
50687
634031
-899972
-388964
-947424
607237
533211
220747
-825186
725095
-19585
788515
-163489
685033
-441181
837979
-888936
953655
-486333
870596
-431349
67028
574039
593076
-196700
155221
-634155
253950
-455356
-156766
-935779
-990039
-296962
572566
654140
-103682
26652
278789
-517279
771926
918096
-244839
124542
860754
-231347
-911880
513450
-423874
945540
-680211
-356917
825445
947769
-537815
-961606
-986304
-236200
-218540
-948412
28055
187669
-24928
-553064
-476412
390472
539544
87712
546244
280656
690293
-717260
-421236
-958784
-543807
-744764
987626
194589
777666
866138
764889
131122
-835039
500922
-568278
-614766
-991591
-700526
-382770
-60029
-446500
-335166
613911
-1557
-302841
111396
-956994
-279514
-700635
-247572
584144
-407223
-565606
-647142
-496516
9141
790299
9559
37459
-764195
-502141
-369013
-854154
-341275
546081
-7723
15299
464234
647593
-947515
570050
961668
-774067
-191894
933858
-726334
362696
-847124
441315
-289028
195981
661513
-865340
-382749
-429185
784628
170984
239227
-968856
-692997
787078
-932866
-124334
517324
-291645
-563071
116035
-996862
-120756
-678046
-617931
920238
734707
956306
-546919
617924
-449563
261015
-909934
94070
982651
-852328
836882
-749931
-627780
110347
-203258
854488
-877435
227300
-22379
-604178
-803022
-443272
577514
-543969
429315
-811103
-810733
-271888
281673
110387
-966319
498769
-142166
-662789
-162961
358005
94826
-880213
-341840
-194020
-29485
-370439
133526
-949434
198836
-723557
-571932
-893124
246449
748387
127127
997522
14809
456424
-992828
603339
693981
-738795
-6950
-341495
-478769
480526
-877901
-349290
780937
-447909
-785792
-222188
-986647
-758039
898620
-246174
696402
821603
254507
613666
-876566
-974229
468143
865750
-146446
-158520
-157641
-114865
292309
-884261
-411372
-798133
-147945
-791986
383231
-309839
-350795
-553675
-904377
409445
-906598
215172
71093
614112
322030
924066
-194657
-329234
375551
32386
-229129
994929
887692
-845305
-913289
-865029
-597575
305355
184169
-192798
-902688
432915
-679997
-837253
-136582
-796731
693840
345010
-777492
-524918
-408976
632607
543730
922120
-734237
-392831
902172
711833
-535732
887182
92583
391416
910818
737793
-271450
-637673
189435
-277908
-292848
-66190
645318
-216108
-501502
-456389
-93288
-474695
803966
-427777
609647
-4661
992660
918636
512657
-415968
-125067
80293
475596
-121650
899821
21954
-787803
655422
972631
261295
-28862
-5664
-645686
933349
732119
314639
-829027
-887183
72617
794544
615496
-702395
399487
-206594
883954
380240
-103885
621566
964889
-29483
-478453
995665
-666901
-231568
-803662
-60851
516937
187365
-287302
-398443
449436
-334403
899143
-918672
-174538
-621788
742029
627748
-105161
-717696
532906
-75708
-727844
-49942
664306
-620433
546735
628873
-521961
171272
-886722
-762724
791025
-102745
-383096
813579
-162023
153416
875964
391890
-552840
-231617
803012
-811374
-187947
822556
627104
144972
62474
825637
301606
885951
487316
-888786
604020
218633
612340
-26771
973976
699855
234606
723650
508961
-863093
-592631
606701
-995402
755618
161691
-824105
-86834
258178
-555006
-77510
839437
-66004
980757
-893015
-229273
-666955
-629551
32586
-907692
-299701
-436254
512807
-747536
-602572
-44972
-723040
-358573
315690
-751846
992340
430101
601354
-722682
-774772
175504
666401
341890
-83768
684479
301110
-869407
225330
142898
-140173
943493
852747
477591
-225611
577529
32654
666416
99777
-210344
963184
-702457
-602627
411149
-776644
188077
125619
-596078
-725398
-467719
-340113
-96281
-774959
-735310
421540
-451390
325324
-674891
341334
601032
878529
268725
315263
-452852
834791
-814387
-525321
850745
740545
-332432
446834
-994346
-180600
637887
-77453
817309
-99264
453840
-852258
-485748
-509590
-148659
-888951
-108919
-177193
188207
850264
656493
-369388
967021
-466117
559177
189539
354424
-88473
534167
149677
550667
-728673
930457
421517
134919
685346
536182
-619387
17426
-995532
145501
800954
-953108
-711502
-865135
-78107
-748729
-81832
-294674
-191650
-102260
-944454
-627332
-781721
-358093
-985419
-368241
-9863
614187
-484865
-821850
-3201
-594109
894170
-428932
-864164
207888
-524585
-452047
822936
-607181
-162789
-884551
669322
335533
918073
-148703
93155
980542
684648
-235105
-831138
-427249
64368
-560246
-355671
241375
-633159
606667
83303
-422251
-295496
276187
549309
-346664
-967516
-531071
-836434
366505
327905
691336
-415068
-908305
-420451
373562
-946400
882158
-172089
562852
-517778
-324076
-176077
537657
-547962
559320
-900635
-482969
-342463
98560
-365034
-281542
672490
-895972
-678953
128635
120203
794930
637889
348318
-271598
-543049
-880451
-165517
-855503
637060
-45716
-568699
-285553
256547
954666
-875060
610543
-975866
-364613
-995372
799802
-198532
159706
133935
-253433
153974
-371942
-244641
513463
61787
-773276
10531
193348
628295
377478
284922
-993594
-291298
389658
101295
304652
943635
-246099
475381
602123
-49504
739526
610627
-200988
270719
-260704
690348
-280048
149626
281328
890515
-990358
-447593
703727
335320
-377967
-520211
-615585
992160
958209
-234991
31881
203474
-355983
89101
-897651
-314366
-829825
-60132
120373
48318
-351612
560296
-85058
-963318
482597
-544738
-688934
-818232
757424
91455
-352434
-704714
-5467
455230
438582
237125
-490170
824983
-782860
-639328
931360
-720141
757156
319862
395804
-337979
927703
34151
292642
-122634
-30980
998728
793412
638544
548114
-929079
-117538
563505
-677687
-706555
-661665
-725165
804447
-696689
-183457
-362135
-918049
871178
-608460
-722608
-988140
13542
-7876
101670
288040
-843583
-559398
-389443
410648
-956425
282993
-51528
224959
893646
-653201
-148936
-780409
-272598
-635091
709344
3111
-339566
-990257
-621343
-732331
-396234
-434379
37534
-327217
294514
827293
-870138
-999857
171189
837951
-931257
244477
-302073
-193433
-795891
713880
224409
-746455
351859
-266107
-58846
992698
-290185
415023
-874269
-852890
767618
916142
511622
-273993
-608679
-184441
-772354
208495
975125
969563
-82666
506547
-14396
-405537
-808297
676599
-537897
84892
499611
120826
-830601
818862
727812
634547
-568296
-909327
254612
808975
899628
-819
814017
359080
-833617
764042
674208
-518285
-453658
229573
-61366
870781
565273
-543817
28328
419723
-582267
-457821
72130
-106231
-40224
-971971
-759569
-15086
641190
532291
-466162
18170
-266056
928634
534873
-335166
-376432
-461906
-681707
-95926
-901721
-264850
647162
-963275
-369670
-107056
-650394
-841380
-690210
419162
838916
-362493
802314
-807906
-937785
118374
-245632
-58775
892617
778996
823634
-589176
-3212
-176201
104939
-255014
719660
399832
160126
-116643
719424
-12337
-791821
127237
-829408
-180829
-26164
363073
-628483
860462
349036
255081
510793
255678
-645649
113914
-70140
-866075
719614
295320
90587
-376375
358831
89533
438823
164330
-942163
747985
-324967
198010
-114895
187864
-879634
973876
-742390
24359
-253236
141113
-341482
2728
792548
-260523
153955
-690519
-564570
-895716
125605
-817618
-140339
-688772
-838664
-269397
-122231
-394616
573786
-932585
821627
305841
-712572
76155
198661
-750156
202159
-669305
-159805
-749431
237496
-760068
-312199
-105291
-497447
343385
-652303
-832408
-201611
-169580
-345695
-763460
688756
544244
193883
-496374
-585853
-36665
515743
202165
452590
593
455338
-299364
-181052
-950091
-210042
-310119
-726599
758126
834916
-531150
-355276
488067
-981485
-918266
579413
-400938
482459
-726191
-749795
-877258
-342516
857418
-807993
-208704
967028
-9590
827219
115179
-57521
775070
46171
-34788
-306394
128717
547437
474577
-800099
716789
-35853
-384398
104642
86550
68139
613643
-679855
870547
413141
-937175
-454171
-924724
622882
-113375
391010
-824696
-743909
135742
390852
-888908
364136
316111
326827
-401056
968817
179280
195533
26475
-212886
734125
986147
-471174
-477224
827659
-790765
-846553
-758894
308578
700114
-326934
406344
227285
-646520
-64055
852516
-613539
326181
289945
811789
71263
-419247
749872
-368993
-187202
-561558
-938773
83332
-218880
462567
-966508
-140286
-52459
910532
65219
811837
720509
829586
28609
931201
424564
-429185
830288
891619
-938923
-661424
329855
-58538
66518
-805769
-529357
403656
-528896
-683298
62918
975785
780422
-689454
-424279
-887608
-629823
-880542
309875
-80970
640819
10941
-477795
185568
325888
-287365
149971
-200088
542408
-209698
-813657
140577
9728
-958583
947758
-881170
102098
671375
-499060
-399512
-978252
451244
487188
-547902
621461
-191249
-135605
515995
314348
-68946
375549
-861307
-932285
-880858
-976285
-434323
-150082
593072
-961354
981171
885727
595752
-180633
-478368
544901
178898
916107
904300
-554526
677749
899193
765211
-143335
-909445
540996
-706946
533739
771004
-48339
941042
-738411
812812
-592716
88598
863962
53176
-829413
978346
127431
619295
487351
-336929
794879
-928829
658874
-884872
467592
-943129
711317
309962
-184530
-571434
-176922
864646
115793
335911
602221
76635
735734
-184775
277163
-449054
81437
-319024
-832392
991937
390738
-982822
94403
-736489
-347716
699660
732064
-416399
191613
-747543
-838370
44962
-301311
-711255
-754037
-208157
-205995
952811
598993
-252048
-908867
964679
-561797
474765
-297085
802514
403462
-98358
187688
570006
550426
-632150
-982466
-698602
-360646
-906297
-183649
-221805
10626
834728
693013
-851209
948148
540299
942872
-187753
-118588
-156557
591730
319504
10773
-816004
941227
-818285
350570
-829233
-965040
-133190
-981894
840791
-924801
569217
584062
138733
472756
-996175
-639490
-326943
-32077
382204
-460130
-321322
-299728
-478553
470200
-435362
-854490
-369929
136155
-388381
11039
-340199
-64793
-27099
498376
-318480
-18666
-130713
-285268
-591077
-125714
369213
363047
-96417
569217
855020
225088
904237
161021
-302847
-488275
-688874
491561
-61086
735761
-541004
-546865
-582672
527224
-668998
-347201
-100189
901346
-164813
-912749
-182869
-214859
-926861
-786711
499849
-801555
-295512
879009
-72631
565694
219768
-375674
-658452
75327
-296661
850477
950088
912372
990722
970845
369956
-149900
734263
-920055
854280
-958432
495383
-552769
227517
-724258
-772362
493618
-105933
605522
237649
69076
-847474
-341565
-660776
916069
-864380
788885
-619895
457542
-232001
-540046
-388360
874302
-799511
-473752
350630
420147
-133967
75024
628835
126330
-17251
138434
-831497
583809
-560444
89905
-428914
567164
816151
419918
-228609
823537
-562134
-263928
-39873
61113
729781
-765501
515487
-218903
333579
-287065
-48715
712689
-478418
787286
584032
-795176
-520587
-179820
-379593
388644
-244639
-234375
339980
360080
-876322
532545
331536
346886
88394
-691707
944369
-348643
-943071
220882
71787
344935
74872
-703270
-706784
-124806
-747684
494698
252608
-21748
-243507
-211533
253367
-464312
562252
107012
-444194
666590
690726
-161536
741276
411263
384876
968105
-729507
252968
-937902
115352
309747
-485632
-27516
655545
-112192
485785
467071
638770
-880856
-447590
-892050
-626757
-147086
-471949
196698
-720355
277803
-903532
-193362
649163
-512825
-662297
-672192
447263
553412
508674
646942
423837
680517
-937570
-704046
224739
-256695
-27489
-797219
-924393
-548628
865799
-235761
169016
958324
345634
-790252
771226
-514741
979706
401142
-137278
440762
98429
-591733
-432451
-583858
692509
-37353
34588
290900
-219900
-339364
361674
-308218
-480207
463524
329592
613773
-190745
-991360
-26660
631407
-736838
-606461
389774
-671749
217944
319274
-357204
578637
-644899
820151
-876444
-956968
-227145
-818619
-389313
-334691
-941592
-572170
664949
847836
-214356
748432
-593708
-180806
119967
297407
713918
-937669
-607988
776807
452658
164215
-738651
-293974
98176
631938
678692
-903353
-64109
756845
-911375
717012
-561085
-170368
71417
351135
686597
922638
-117895
909620
-663524
229512
-910096
870897
110285
-559980
-706047
146344
-83274
352201
-49295
888873
-941828
-547573
-756585
751481
-251736
439715
-452568
297857
916805
560228
339214
988114
954762
-94974
-625326
-352992
306764
-264509
666535
-836283
683488
865043
-837421
368510
677950
-931443
813679
-898809
93696
970266
-395835
-227093
261502
264195
681331
-919053
567251
-247639
-744621
-905653
-922811
735410
124349
-947047
-969738
37388
-701586
-453394
-457781
-817372
-158851
402180
641413
423172
685508
803250
-436141
456015
-540729
-849944
-800461
982473
-995667
169943
-718004
688530
-658318
-735748
-664298
345408
-281279
392911
-641089
-271739
186014
34690
-709174
-91626
607721
-732117
717231
343639
-693423
-115656
-295381
823988
-593748
-241916
-303240
-580655
74534
-783153
586116
-983694
167713
-256086
-193307
-927753
766809
-971746
672562
59773
5417
614045
-718755
564430
157560
-42121
441461
-582520
847744
-922808
560728
141061
579109
297477
-898867
-85754
722455
-222008
14265
-798816
-400028
8154
-229393
-506660
-481481
838985
543892
-600430
-541956
461890
-270682
314746
-701873
178197
421648
609543
107449
37098
-265181
-956649
-524434
-804546
-668204
-232228
-579729
-366249
729183
-196732
-860264
291625
300991
-373949
542482
-849358
-453099
434291
73671
472008
73697
807958
384195
-35789
-852814
919477
-195349
-314517
-847613
323882
-122368
-316279
769528
895072
841713
-290448
-805066
-963690
844181
449163
836160
-98139
-7
238575
-685861
-692008
-342188
-548580
762391
-796175
89587
-997725
61409
275926
-1094
585734
893844
-372648
-182734
-258446
-756095
291121
-993907
-621264
-868764
453205
-597890
-988187
645389
-869645
301279
257598
908548
-960514
-992255
-532334
556781
-113892
-694374
-319450
71539
-714294
341243
-291290
218325
172528
387757
671661
-669007
-235682
-285939
949956
-237317
725530
-467180
737223
561477
-68342
-643517
976815
-232359
-379830
64020
-230645
567309
261418
-936016
249478
234329
-979603
-525047
-132743
-387014
-438580
141498
603301
-543835
-804839
316734
-81450
-152394
263500
-686504
-375724
-677327
-584186
-745322
149412
494998
288697
-982192
647678
-244833
547890
672235
664544
-436651
-682575
-477313
10798
-696844
-71918
-749104
-910145
-923171
454391
704990
-113102
479102
-582098
103159
-604816
58129
464981
813421
683103
986317
-189995
-981163
-911591
-99522
-792641
-551999
498
17235
-502613
-608989
279064
-62188
267770
-460126
556800
808078
205584
897930
-96148
336419
-342616
971205
24274
-900044
-211397
231639
-768671
413612
946645
-685804
-845400
85864
220637
-632638
-231925
-472385
-553461
-555136
-550342
414657
8047
245758
-869507
593014
-503994
571750
-388238
213754
478507
-169085
921993
-196648
385884
469068
-614529
-557229
-459663
-238179
-386973
812071
180345
73823
-396274
659695
-580259
967716
-806726
-453921
-120566
-210302
-961852
346585
836963
169735
-114439
-334848
983111
831355
-417708
-788560
-300714
263675
-234905
610930
-30124
208940
-806909
-747456
453063
47739
948784
374370
-995847
-800318
59078
217452
-344453
433456
-918862
-279510
-771563
-228049
-461366
24811
981227
-842509
796996
603462
958903
-468271
548805
419171
263632
-162143
3476
232105
575292
115362
64480
872593
88544
459360
-966796
-616521
227023
-371418
259208
-365865
91531
833938
-193771
399857
670952
-859542
413445
-232617
692589
17047
938800
-474633
-705635
-651950
179088
461751
727271
-793576
-873322
-147169
-674163
-644150
328271
360435
930895
858859
-500406
-903221
-694370
-973325
181773
787029
211984
991899
14757
-695265
-313120
-794480
-738411
-100942
-1817
37456
-233217
878980
-818063
968929
644311
-264327
764604
-177505
479194
-263778
-706733
-239356
69448
-275005
-858270
914842
489061
-386350
691997
-23059
588882
-609951
-937185
-931709
274629
-900851
390692
421472
-132685
-862287
-655258
-946270
238373
1204
401260
267534
188753
200817
-198440
-651049
173266
44402
-778266
688400
468009
203667
-401425
-524795
-353522
-599540
314327
-701803
264061
-971734
434198
-403316
542024
265753
-744752
490597
756007
-470425
-691802
78738
127784
296721
532924
-159224
72971
-492326
-513806
487383
311966
-264186
-410335
-713057
486078
-690983
138375
-213440
-30267
-470897
262838
-539778
-627338
490895
-87052
722121
494567
-845534
248106
562862
941892
-106343
-251546
468621
977976
-657971
-907107
-390829
307973
-295375
-969574
476544
577722
-483875
-434790
281454
345100
911896
753858
-31079
221886
260006
-517676
-586139
437360
-746322
-139801
765702
-206000
966053
-886263
-475961
-627325
-927380
150762
-968034
-105746
-901411
-820645
-459826
640916
386527
-954503
401825
109668
811034
-475930
879989
-396168
-503993
-959024
-691181
260180
-606946
860801
-554274
321819
129215
451819
-362882
15526
-467718
16625
329370
405423
735204
89831
734509
271559
923681
223824
931057
-484850
-975080
-126557
332221
210975
-900847
811898
276529
678917
562195
-654209
-608497
30595
276465
-784476
-518033
432513
275265
191870
478389
-992741
-140209
-724197
370031
215600
-499754
424980
-481020
-746014
443749
-653932
410499
155879
-645409
-859153
720197
805228
651183
-486077
345410
541318
420094
912469
-562470
973383
124363
-953162
703014
-588872
951292
242502
-87194
-935221
-590221
-514920
-188785
-669523
942022
332941
953639
823219
-391721
-167711
798719
-668052
-642283
53317
933971
-891145
-790886
333021
988752
-654591
-99935
302089
-896433
-459095
118298
-362825
-701174
647744
-832925
14661
159632
-47771
681979
-418254
431696
-427402
-714606
245560
650318
586961
959651
971683
-332012
-455252
258317
-488274
964868
-138980
-117766
-457958
934122
-178076
158348
-964905
959879
-689595
808270
-54183
-347917
21188
486193
178788
-355597
38982
-363006
194150
129597
-951812
600757
-378139
825032
-65584
-942081
-426947
735961
640090
620838
-107092
310998
374659
-675043
246581
476463
-241521
74975
-22859
582846
-130104
-469460
555594
41703
608210
-550731
304117
-143657
592923
-358304
624591
728213
922961
388466
220651
39103
-150779
694441
-501163
549776
750869
-884909
-567972
7140
-811169
508701
641181
-391558
185483
860006
-769164
-102774
287080
-797812
146736
-215833
-827286
-453858
712367
-355110
284916
257596
199601
772594
983109
-258510
-275242
200754
12982
902819
467492
-109006
-202996
-710534
-355744
978463
437054
-342102
-554809
61905
93311
-246649
-963381
-952885
-196
145528
-537808
-433336
683839
848017
-210994
871736
-283505
301566
-398122
485591
-951393
321762
-838491
954548
106967
123682
89139
650539
-859997
705189
-29930
941716
-567108
-519330
246109
-45557
95971
324214
-283316
971488
591119
706130
948319
-401156
-809696
99088
-23889
421042
568700
618766
976590
732151
-533923
-491010
212400
329409
219865
-415767
-706789
733131
779272
341448
234640
-705227
-999871
-345230
944272
-406174
556232
32128
-842961
-173258
802123
240070
-66399
777872
-264020
-113575
-508203
400110
723449
-150347
413872
-416132
-230778
323014
198696
808513
-104139
-919552
261591
199500
-366453
367315
-935546
455942
691791
907712
816637
981170
-240857
835660
420757
705152
-727980
125999
-145287
-522072
368072
-71986
339333
145990
-640035
364076
-280845
472206
505858
890373
269071
-352197
-890487
310062
-838389
-968882
-824608
87357
95035
-942064
176581
-726716
145100
-312130
292108
-962967
-976599
616539
237064
-421232
250250
597033
-528987
-923679
-546384
-291603
-65590
-508837
43180
-535325
-534397
188547
-127571
-313196
159811
393751
168384
974825
-64054
-584225
-107734
460614
248334
-860801
-277234
-124842
712813
428063
723003
185609
169801
-289084
-933998
-543357
202412
808363
-673096
-689806
335289
-70799
798166
343692
-154837
-579370
974609
784648
444136
484316
154045
-869707
-679195
-244905
-365798
22907
-841016
725063
-765260
-422122
495889
-698214
663936
-952896
-669873
699692
-688696
19982
419800
611347
-867269
-150416
-720482
484323
176359
187580
-982729
-283733
855224
895651
-907640
319928
229340
933433
-66862
-664289
-633067
-765506
-479535
-461915
-84245
-576288
-541076
966707
882805
-94170
-514278
-641485
-544479
25739
499314
911707
451597
-282200
219745
-16593
-7525
-17638
-395307
-787456
-913509
479301
-583861
526182
868109
534234
605180
613035
155525
209127
419274
246949
214270
529593
-634371
-926516
-884362
-137051
-229553
-974553
791396
-963169
371994
666332
251942
711404
-139752
-623488
-333864
-379237
-982003
-39694
-982248
-438525
178788
591720
736145
95484
125563
822533
-250228
148987
-675604
-609044
929140
941346
-157568
282077
221561
-653548
-483489
-461922
-935289
791071
295220
893335
-72608
-846187
-211485
518720
428817
-324632
110070
-270895
104764
-447055
919935
-568842
714444
414889
-186294
414308
24729
-40628
-850101
-156829
-780208
-853176
104414
-471902
164201
-586732
-782614
-52923
912565
246470
-335140
-563204
982740
391252
-36648
272717
411346
640866
-253686
301759
764892
224095
558482
689439
-392397
-778919
224175
11176
-508807
611382
-59465
67231
-569792
519921
-741870
985386
86894
942123
-119530
890110
-231656
-183873
-311852
-137843
219250
-776153
377700
-666860
406969
-70922
463729
562832
979970
209201
-795578
-748243
-94672
-381409
-190313
967368
-33245
781353
2744
779863
254908
-764528
-268687
841354
714179
515120
404472
-823826
-278476
973921
667622
833642
533364
332360
779242
474773
-455991
-787346
-671519
-88123
-690856
-240233
-970691
-668769
-831179
-78280
-382929
371199
-780066
792525
632730
889548
-307867
468819
-570811
750468
-709659
838800
277607
-142233
-632901
919097
-531018
252848
451734
-435686
-845332
168408
-589561
568049
499035
782797
-896547
602963
299793
179257
466337
-822033
-824123
471491
425007
-36553
-351290
-199645
122114
828273
579385
431919
186304
139396
264231
-247836
125729
-63066
25452
634158
382280
400149
-289637
-601300
517592
-668910
344790
-31140
968025
993638
-506669
442982
755548
-93888
-753286
-84487
22340
873812
-314483
45817
-897565
957959
221466
-930186
775582
-33419
-35619
-804621
380845
-138464
-707740
-583311
762698
-229572
692712
910530
-719940
241143
-891583
372058
-702
305129
-275199
-634498
-366515
316068
-45987
482362
-328218
691774
226461
997743
-606281
723349
625048
-365802
527894
11698
807926
-875028
75571
385843
-441978
206464
-403553
997905
-523380
949866
-160416
-493291
379278
512960
-108616
-200563
945682
-600754
215611
-935044
-192091
538446
353918
513244
-24943
-2944
-229186
534831
922944
634294
-222289
976167
484178
512898
-547399
-187453
609082
-945709
873501
-100470
306060
957958
824326
-691527
-530030
23831
119445
796398
-731892
-226289
-28453
-781327
-401174
-275052
-955889
-949634
959170
54192
293882
-212211
-353263
560272
-561843
-935514
703082
834306
419408
490552
-198370
-728498
672160
-759828
29325
708480
-253418
407186
554287
284995
106250
161833
-992764
532069
-58101
864990
595403
-705133
-301533
510272
682425
248684
34958
861754
413193
321495
-410131
887949
931284
-921147
-532218
-66373
900514
-427553
405862
643147
-531641
-723508
125179
116978
-316474
212637
313639
-410974
441593
-583834
154080
-78790
-874810
928633
408085
-597074
800202
81637
-356057
28772
-631891
-339680
828455
-459447
440117
-731466
202097
-110331
-916146
-983651
-450637
-319761
-691758
782982
-860024
545536
-525540
-630891
-5744
-776914
575231
-562934
755119
66961
242305
-24634
915841
746365
238904
660020
-623504
609110
486831
-517155
-516731
-298800
588192
-805563
-420085
-638883
-941505
242422
755964
147930
658773
64698
317788
-200097
-732794
609494
614748
-205237
-258063
526293
284330
-298519
-697991
56654
565047
-99272
501762
78153
817166
632493
-824207
-355866
756187
169325
639865
-438098
805197
-515017
-522346
-365498
-957402
117151
85782
-776516
947029
-335306
-674574
219894
-126782
-769795
-838486
-387471
-507700
-307217
-540742
-128814
-370839
149762
-508951
274016
132827
61542
510998
570374
-250467
981632
980071
-162921
-61600
420749
-995727
-454364
807850
-208087
901654
-913850
-546916
262534
-124694
-693753
-464021
-672769
-639459
823044
-274333
-116087
401248
-416814
-921112
-154645
-908530
-3084
-63094
26192
337776
-962273
956931
-271416
384140
-405552
-202160
-275047
-892450
433397
-122706
404426
-580348
-389040
-759855
-31667
-321401
294282
-840160
-2304
-519559
400155
-303861
-480329
848038
711219
850894
264606
26932
403101
-578477
-213690
-315473
-360056
-426335
-907339
277213
-89647
564922
75606
-932340
660723
507516
-852021
-949603
104202
-677239
561583
-899601
-615920
978294
263637
-729296
-142874
29186
410365
850956
-517812
-432356
422906
-368646
-893086
704627
283524
771763
590459
-252907
46058
880914
66248
-639587
-816096
-450391
-939562
-620127
-414804
848727
-452113
262350
553594
-285776
509523
39120
850977
443477
949311
538736
-447322
-907179
-896800
995253
815597
-264951
-105118
596280
-743456
20303
959046
94842
-190481
-639542
-260639
-577444
107186
-739502
-290986
-968017
616536
-630694
610140
700523
493475
-49299
249419
228000
-36842
698517
-469677
-117009
-696685
696732
864671
-336064
-878379
-191599
-212025
-229581
646684
-393910
-946786
61005
391978
-716131
388664
-124089
570549
241940
314646
45174
-824086
422219
-646972
217734
336444
-741515
337502
495301
562648
-985713
-195177
-592587
-275234
-941136
975929
290693
-329991
-575345
845023
341450
197164
-355010
135467
827164
741898
94398
-229301
-825529
59068
-329404
-20276
-647450
-797789
97751
-62668
-920446
154156
390576
534668
178611
477251
57294
996841
-342185
-4374
25594
390555
-27452
276898
-21104
-319893
-363529
386198
-510056
-579145
-512170
46081
963573
-402312
593444
331261
-783232
-452898
33010
-558529
891958
83820
913276
-911221
384086
-404444
-447640
109450
216013
-674280
-349754
-774644
357088
-671704
-275781
47715
-877952
551442
491746
-534139
657542
626013
326700
133439
-798990
-10144
-945943
563949
-481214
330546
448604
42925
98241
-245860
-294853
641324
-628689
684961
-441580
785400
-203576
-410488
125117
-977461
285544
-154899
-287788
78697
-8814
-10069
-601426
842884
167497
-931342
-58523
612473
-64639
462300
143016
249891
-841598
-656880
89592
-556227
807903
697773
-875413
326492
936390
-386270
-531768
-143366
-746567
353606
-961279
859974
-242994
-522396
877367
-876524
891833
211794
-669642
-11981
416229
397324
-784822
787532
736491
-871217
407923
547418
258012
-904104
-213103
-46284
727254
-922861
-959219
-58554
698096
53187
-973462
875332
810848
280369
720820
-665976
694210
-400161
899381
-786856
-605215
185647
-185990
-867947
-888650
668207
-858665
129146
-585980
-921845
793356
-498763
815484
35331
228888
245359
223346
55744
582547
522449
-84950
-199418
844410
-299084
-673677
285799
282499
357465
-804400
44726
26311
-609224
309149
-58911
-81993
733607
494764
-526365
710163
737804
886280
419546
-490786
-490247
783665
-571065
-713670
607768
-103242
-833781
668932
873312
-533434
-868576
335135
-690540
65121
665969
385932
-893481
-895566
284139
79483
-769982
-243071
954374
204585
717756
946568
-513259
-409604
-38886
-812342
-459043
-670088
901346
864488
-589401
472046
894553
927024
-224091
-79409
662180
318887
312029
178702
-470492
-971268
369995
82619
-712759
78094
869699
912106
914795
-697930
941207
762141
892655
153878
-46062
925264
686714
-480109
-542399
-394111
-810746
-274965
935828
920261
814052
-18942
485679
363064
859670
40272
343481
407297
-292241
566481
-880072
-833196
941909
533577
475934
578957
-78385
372509
-150097
-149219
-840962
486522
271411
-251740
-365817
705713
-438150
-933841
-411956
-242067
990543
-578693
947600
-424944
-237589
820657
-129006
-154627
-928117
-520184
546038
-509886
101092
758144
876115
156008
894215
-727956
-229784
-161771
-966096
-900870
-197508
-534317
745202
644304
-731645
166623
905952
868656
-568914
723502
227291
-241475
-639765
-142901
-885325
-554020
-754864
-976308
-707230
370620
931743
24843
183818
765781
-193346
-968938
731364
-128742
-817955
32606
-1291
-971638
-776355
422861
-378017
-17921
123866
974360
191480
858264
976022
-122436
753341
-154614
-271702
441566
325973
387952
-385443
495480
386932
-309524
-713861
846740
-910037
-260986
-761389
3210
-912034
301068
-813330
-898623
908144
964695
188046
-871536
-276668
-199677
514658
-35433
-373615
-22426
-749165
791253
844470
-977075
-697205
-847777
-574488
423806
772537
447424
-346978
419681
669785
-916033
-313965
-939436
755535
-122475
-852571
131457
503046
656405
695096
-852700
274434
828768
-327664
348622
798103
-826365
-939882
541365
-833706
210301
499826
9363
764807
650305
609247
-891885
-484726
410960
369692
-954864
302532
-557078
-294344
-481266
745777
787442
674527
353180
714337
-447378
241177
-971442
986617
799821
-210531
686311
202222
242442
-852521
490517
-417697
-71117
721187
-876488
-806542
759701
-190668
-254852
-365331
912552
-271849
-286820
-824648
25124
-535791
563774
-39016
317665
271537
201712
261222
263704
403378
-409952
749654
157572
900932
59293
-445462
-813212
646391
-520703
428765
-970544
635336
-244246
330627
-885215
-912182
-889575
-125034
679068
766301
289506
794557
-867949
959498
722412
990190
-884665
353900
586247
-795205
126111
798834
211400
-640604
-743064
-690205
-261393
28516
-916596
-885851
494906
85983
614059
468356
25662
-185688
944646
313927
-516215
-484845
-302903
206528
497551
-73004
-341960
-90994
6858
179167
-635462
-461588
-215733
728407
-873613
-966259
703222
-732246
-198132
-32524
-149065
181922
74210
-755777
-149876
-694275
-436703
400599
-148858
332559
577182
542164
14203
-805209
-637531
673984
914468
259749
474677
936022
183058
-866272
-498648
-560498
769588
837334
446884
-603833
890042
799185
-947173
-307141
-625320
227776
241597
-653724
-219011
22068
751174
130982
141343
-129514
866636
-613838
-315829
570412
565416
929257
81456
-411973
115082
385442
117759
-484711
276702
773370
-148733
-112195
697500
846715
-222616
-535353
379796
142807
-632095
632934
999724
-187639
-808178
-689708
632387
-121541
-637755
844679
-910118
-145776
398340
-481796
813201
188321
854939
571992
790619
-455288
-622597
-235784
97761
-277154
448292
-758176
-464004
-35563
783213
736238
653559
355884
-393839
269212
233772
886515
848065
-637938
236444
762702
629976
-62685
-946508
426799
-472933
598008
48311
966263
-641461
825904
127379
843502
-589214
-910698
-739679
991801
987912
309829
727922
521423
-368352
435118
-399645
-956751
1041
-54401
209237
-814695
-891277
-491249
-336405
-408005
-435647
873814
-323443
-982182
852590
-574392
313513
851726
-727395
248939
402314
374208
514885
932259
887936
691820
-970551
-944595
339912
-92031
919085
881540
664468
-834140
-369268
209883
-631233
-991422
-384134
436918
-407846
847017
687222
-723882
-632650
-308700
921389
34520
-112137
871686
-789080
734115
287192
-420969
-874544
-180446
-104194
728067
191583
405685
359626
-742026
364857
786352
-25973
-46734
-66185
341270
-756100
-792504
-794056
646425
-634222
-598993
-23844
-988515
-499828
-917409
-422981
-342480
-701334
902061
1446
-428063
-128605
-416296
-547411
180109
296971
-446064
-879183
94787
798191
714590
850039
920417
218649
-455018
373682
390780
-91428
-584438
-392838
95603
-446825
961390
261181
885684
169425
-558305
-709250
-962571
447259
-756715
410304
-206261
346056
-637666
-295840
812493
724055
-291470
546017
-654303
499434
-879861
530030
-470972
520469
517399
-261709
-371404
-321538
-183034
641539
-582584
-212711
-607277
336497
-75672
463802
382783
465763
-411227
-922015
-700434
-512670
-87171
-576035
-425379
-393897
359557
-267151
170018
425874
683485
262091
832588
-589509
-415078
448877
-50807
8268
881529
232902
-202948
-215779
241155
-323933
-118801
-214232
-649664
711395
-282523
102762
-301482
-391542
784174
-766451
-62446
954695
752756
-757465
-952636
192776
289693
145058
-661125
-213356
214396
442383
304701
-602093
370851
351123
683980
-371083
69133
349045
-646435
700032
-493381
264640
296709
719183
-754196
-251803
-605853
946702
-281699
672190
3324
528257
-304054
38489
-405607
302874
-467890
307758
201623
415562
182529
855761
-393689
-988717
-433578
942094
-391235
-994334
53813
-933318
-704390
327876
-174010
-620201
64143
-469010
-336916
-979734
-130132
-263591
-428691
-793685
-726878
750610
-572648
-272283
-529179
-640393
910860
-855986
238586
-282290
-833367
-83092
-460433
-858064
-193641
945625
792281
157869
-344763
-972748
483386
922355
-334933
-676558
423752
114189
-814514
996691
477867
-221794
-620177
-562921
-907102
-717236
-248518
-335232
709129
67919
308589
508447
635390
150167
108371
899643
-515314
948131
-246133
393040
-521565
-703073
-421513
409683
-277614
857890
239241
-824009
325891
-895186
-58761
-207747
-934638
-320901
-829546
889624
-682139
-897314
829918
249641
-192488
-541717
-315988
497162
-892102
313175
-93611
488412
503331
471550
434376
-400266
982751
-506917
288393
347048
761883
-409629
-240890
736750
785750
-790922
-203755
863625
610098
486942
-510575
761949
727273
-875731
432461
-628965
826756
-361053
-612134
-13905
641924
-658135
-520607
-422895
264390
176354
91596
291523
-138338
467319
-866444
711336
-423538
-835500
-801684
300117
-430625
137302
241606
-87573
644547
-857183
-75088
638904
796847
683675
711198
798888
-941754
576621
271303
696526
808580
396956
-370823
209082
170993
688179
-401088
-455540
846898
-795872
-505892
-560531
727695
-250778
540426
671577
-324538
104565
317990
780729
933313
-946745
659189
-914817
505044
624260
379327
907378
4110
-109769
-94244
-197032
71634
604714
316800
328317
-796340
-467536
577019
18991
-289448
-132279
728287
-530102
905226
-464974
229345
254253
179301
-330270
-950279
902997
-14176
84967
251229
264991
-417310
-431510
653123
-606618
-668323
370914
-802703
707845
269925
153013
-730621
277670
558747
-815753
-86337
213025
-340517
-227177
-45917
-848298
-645463
-809936
-758264
-347764
-727672
-58845
525910
397308
-835436
-714208
-711660
1263
-472261
-409002
-858500
-467340
-775020
-370599
634688
495550
12128
809738
-623260
155514
-959718
954926
-62733
176101
345330
-611394
-3166
782451
335641
-979358
590640
-496032
155027
951186
-471958
598164
-459168
-604740
767646
-776542
-955685
-388137
473797
-26539
-691219
138222
661593
-674785
144111
298622
395719
358972
30512
231323
268009
279374
-197073
-683090
-229530
751527
-614235
-542685
-954425
402381
-943187
973827
-618955
567452
-922164
-81575
-428076
670770
-944314
549930
916586
573278
-790546
-793681
-770164
822974
-234381
311826
-354660
873904
945223
604474
-982489
342927
-601353
903759
-314111
540472
954943
343555
658716
-95847
218469
552921
-847032
141211
340892
-441341
744234
-647918
966605
-913140
-124912
-709263
637359
733742
-527936
-507147
-637016
434446
911818
155158
-53125
245762
-98413
-314777
411782
-54885
40800
618571
-848745
-777329
-885631
747498
974142
188045
41289
35209
-277960
-814727
398717
884186
595366
344926
-541329
-160517
-241683
24693
348786
-173478
60677
-773369
229239
851199
-608156
417953
921180
409039
721768
702551
264279
173642
-737976
346594
-930454
509166
-135206
-764126
521774
256775
-875413
593805
127515
-222038
919132
-756970
-173670
-192848
-897983
473923
-135702
-3594
82498
-875614
-103741
-666786
-556132
-877673
632768
-45216
852678
-527055
65072
812164
303297
885643
786217
919628
144565
825022
767561
-563255
915453
-613545
-409311
842188
243867
-595274
358278
-991760
948822
271579
246928
886338
437669
979307
-319278
34464
45957
232418
-788128
302615
719000
-283950
-605789
-590140
704040
-961676
-288234
-641666
-452746
-52649
-745041
484442
-915101
-996042
-510212
693719
153122
-755364
-480148
846828
-186103
-33004
-283366
568446
-676295
27607
486331
923520
-158322
961110
473582
275548
-798031
-815352
-308402
-914310
-50527
181058
-682901
-141543
235907
767029
-164243
-739677
-971419
430946
-653138
47013
-250589
432392
-336608
-201599
612500
-784899
-260772
749929
785566
-512046
640552
149216
-538129
592358
-78544
826240
-896968
202266
930892
-346215
236666
5774
632970
-125168
-983782
656680
-16191
-838216
376040
-228020
-158695
-403261
-392607
-248301
-10793
405262
544793
293002
-991178
642093
806712
-31200
-472889
-985488
965265
201324
-812894
471967
-826151
-425156
-494930
-608043
64701
-90947
95929
-152866
110117
33248
-92662
-569082
117549
989666
-215269
481523
177290
-284602
822630
-319526
559296
100273
-417674
-40034
-484592
24977
-876301
403207
314854
-897831
199029
89875
663271
-683078
178604
-54637
-452555
-801038
922940
-390708
431991
-398724
-548289
341280
-492000
275949
192695
-295239
-38243
-688624
971746
379627
-617436
302260
-885070
225838
489135
756533
677478
248355
-934853
-583643
602789
-961275
-465787
715848
-466737
-100929
-905129
637089
645119
-558810
-95363
-800895
964286
787671
406017
-498817
829025
-307651
-741917
-832454
912413
635744
601146
160039
-79118
975148
-133474
153232
-12786
-836165
128549
622086
-445836
228753
347457
383030
-931590
-817824
635069
855571
491005
170538
-809669
-613819
-165311
-145715
-933116
485498
-239249
-641137
-8003
-511905
-283139
-896783
-72470
61478
909276
711539
382754
-263815
231170
-477595
974823
-55958
862968
298763
-399488
-162165
-382324
542022
908297
119365
195265
832393
-542029
-865288
379846
766799
787890
-92763
800286
-611848
860782
796848
954200
-614438
-688830
-456691
750347
469515
-577297
851401
-64111
-848592
-830720
-106682
465516
-679286
806434
986724
632136
754109
-268091
581176
18314
133058
-428348
787311
482287
-510942
592430
-173554
-133532
685495
-601250
317259
724050
-99633
-733879
-321695
-668485
250867
-105828
-570455
530009
918081
-400096
-893436
486523
853405
-720108
819521
-972273
-536055
-496002
-360502
-94964
-774904
-711170
-421873
103780
905895
-457469
-677281
-164848
705540
854985
-34839
-471113
688105
-60544
602322
476025
196783
421404
-803132
891505
571199
-871538
-811403
884588
-815057
-450682
-189306
-714902
408819
444160
949819
492519
-138646
-483419
995216
382445
716993
736568
-534729
-235793
580298
91515
417375
9472
-782944
227572
222330
-898835
744820
306863
-678857
-344035
273673
149508
713982
-898138
39580
724813
66161
-25021
-480679
853338
-987679
292973
-513359
929656
114261
586365
-718124
249125
620098
-810856
133403
-470613
50413
655040
-507613
-981962
-576952
-656659
582755
258178
-728124
144184
895074
59671
-393548
-736122
-143776
163475
135812
892240
20642
-556798
-574680
153700
-858400
-430129
676825
-9046
-637954
438924
-929397
-894568
-338196
-558328
619023
-646394
214286
238686
-345293
-638422
-591602
434562
898923
-955988
-521633
619487
-59384
-976517
884541
839791
-725670
-708907
500262
-936283
493761
286518
74559
363999
-577691
951126
-474144
-984457
45804
323902
322558
-937973
917348
-436801
18000
-561976
-847313
256038
774650
847594
255511
-791130
189374
127603
637898
731578
-892424
121394
849927
695473
406623
-64722
970369
-964634
632043
927636
-433689
707379
-717174
-516452
701651
18455
-214857
-513799
134944
378634
-416677
913597
934416
690204
-214201
99672
541800
-547658
-193373
-665926
-174007
-631262
756997
-690944
-62948
361476
-577265
477014
-268018
157986
-360678
-495925
-926619
2603
884352
161720
-178702
461129
123842
-931577
788693
-519891
349929
718935
-577092
-299560
135518
-888874
330789
948199
798007
-207049
-839930
961920
386427
-379043
269951
-162884
811815
412331
-47853
551750
-700027
691758
-594313
-741877
855228
319104
798800
633328
996676
-941579
7001
998644
-670710
-357451
-213045
-343851
809031
-54544
752882
-37157
-416430
-491936
-274565
392889
490160
-666172
521148
730040
-998813
870678
611412
-337959
-171323
719111
-46950
936939
831171
731940
-436962
-83869
757330
-271752
-373949
544792
-206845
-89632
921763
643089
-612334
-521542
730623
610863
-821593
7012
-255523
-771694
666227
969665
-6478
625495
301998
-480744
627541
118695
-189021
-934602
-934311
224080
561323
-202103
-193736
-623185
-325396
301648
739312
195222
358035
23045
534340
-468660
172842
-970903
345539
304135
-565408
-82720
558391
273735
-595737
318379
142954
-446763
-771191
-490028
-948747
-363845
418578
-437216
609883
-11398
-331999
158545
-1173
-564792
-357716
765070
50781
753423
-794345
-449306
629545
-67799
474869
345070
-601252
16526
-954692
-576564
973145
-258370
-229281
-954352
-653758
629045
-393256
-388282
939344
629963
-743331
435693
900003
762126
378369
232575
465705
-235101
-423263
-374700
499305
-904503
-343026
-963981
931825
-566186
-6233
-404669
-923617
373188
-731464
633217
-884052
64493
760719
162911
843835
814448
-80135
408879
800606
556993
-430062
359088
939049
506601
-66088
-175367
244334
112356
-231960
188753
-316430
-162601
-452516
-574059
704591
568469
594215
-355247
447571
918066
-583249
832493
599745
-998297
509130
-471920
-625834
-692264
-591698
-859336
297456
-11063
580100
-555779
-623393
-157226
-183804
-753799
471224
-355628
397273
-61630
-943458
220314
-242434
50770
-992136
-383192
-96927
654583
45593
726204
-510775
976521
-633758
759590
905721
849337
866007
-410817
802562
-384244
-788083
-478883
394814
-676884
-686587
-322534
-977843
458144
369389
-446118
-812304
-514802
-716580
-31859
276524
341382
-452617
701063
-57309
521673
635554
-736304
-766753
815480
-41840
776078
-546927
757573
-600502
-94268
505331
404481
482021
592964
-710717
-670821
-570085
514606
-7020
257919
-624714
729698
964474
71469
-339515
-26858
540201
-951678
894389
456247
354321
-517560
60681
885676
155720
177918
-400312
-956066
-783566
324599
-25011
-643788
693131
846422
-86728
-247519
-198399
348111
459717
713927
335368
899535
276631
-985724
-604518
113520
225422
646376
-992262
337722
-479319
517529
-484923
-472638
-176407
704274
-817992
667117
-310133
-733542
-696893
546894
749351
-346264
954976
779514
662208
532663
-927868
-165740
694116
-985880
-269910
825571
535135
371985
-589720
280489
15062
877425
-360798
821670
-248003
33639
-707655
-895012
22651
-198946
-649972
134383
-127569
52831
498012
-823859
809515
-104454
305615
-855570
11923
298034
-202687
-734069
359692
877752
105210
-233848
735352
-227472
595587
253223
258278
861335
220044
-575479
-70667
-38037
-582194
-455020
-567056
685020
40671
-407903
584410
702833
-296420
-402634
580994
-915998
-712307
586358
-97233
492192
986228
-441099
629765
653478
619773
135186
204128
-297801
-697457
189031
-601395
-403076
-815793
-498505
473909
359149
-85623
233831
775321
707315
-511644
167828
-51107
-908021
666649
-511596
-411621
-756741
258578
-260232
-383666
-79360
191372
953659
-227978
243334
-175704
-294276
953487
-172656
476754
814283
679765
200992
-530564
-171984
711437
-450973
726591
150227
-681192
-812021
960592
195954
-397209
-912298
993624
-840677
-227547
353849
-142276
-873344
421191
206703
-849985
161421
-576553
-130528
-493480
-375599
647711
7823
802780
-212401
-774440
-829786
-390458
-858931
-122856
-64480
626244
177848
335811
-316298
938515
-931703
501316
-407753
75598
-24056
455874
-302562
-529058
286181
657331
813541
-13649
-805383
211337
-198914
659668
-331239
120016
-413378
411566
-5418
-993892
565975
-917395
-198713
5158
58015
-483410
-459694
78354
-32363
-941987
-793818
-230166
626401
452765
-414169
669225
281904
245797
-359759
661087
-25762
-109799
-340267
99070
119270
323983
-842045
843581
-52574
790062
-821089
-462768
-286030
350607
-11613
-934619
-236441
-790762
984086
191242
46018
606015
373310
-311295
-884235
-174643
-385730
-932345
-653378
352261
-433697
-901534
822477
986849
794604
296531
-396459
754344
371909
365744
-902944
-84531
209856
144046
411306
523959
-298542
-196135
296860
-771830
915857
381727
762569
638540
-487321
175138
-105611
-387033
-577315
414870
590735
227167
999504
639865
-164376
-387686
802473
-500291
412468
-996430
-386526
-878714
160659
-333498
827588
-328539
-832260
32378
-672328
611955
-621712
621628
-415247
618211
-549837
-804071
719049
668189
757897
-625955
942512
-874692
-701476
-490374
228956
740483
814843
996971
-325426
-923432
280164
46544
561543
306837
771848
-765160
-376311
48933
478958
570386
-667960
-250638
-158271
-259290
621182
322575
871279
383527
-32260
-17497
-510604
-769246
90621
-617842
295292
-314424
211163
-357188
928798
720700
393884
-529495
594497
-378161
526222
-238578
-897870
-98529
976753
-199823
373400
-496984
841550
-780
-643538
-731838
-156081
84073
-296613
-934077
-1815
-225534
238964
728804
791555
-892127
553819
390117
-530928
69585
-491832
982823
340637
795579
-333812
-772160
-612537
80440
-35639
556138
-53589
-425711
447399
988513
-28259
-775895
-208440
-402926
-982234
-332654
41833
841944
39989
548169
393487
-124774
-728694
212370
10497
-502848
494702
-925969
-340678
978074
118647
-417368
627766
654417
-926567
989545
153734
912985
-759609
559045
638211
-313626
-977333
-782212
-63692
193674
97474
559452
243956
-580215
186027
-105655
-796252
-34064
255153
508707
129880
67626
-125647
66060
-96625
-372635
92474
940719
-301984
969066
-609736
412862
377450
682323
-941282
374027
-43874
-149262
-222485
-941324
-539410
-941462
649781
892559
977568
842234
-766606
-370967
457903
-590624
-247510
201791
-957474
-743747
-637033
434583
201828
839912
328429
-436679
945309
938792
-97921
-443697
-249557
260555
-782860
125080
-558400
755725
649233
2519
-911270
170963
597600
-278618
-632129
-869509
-580037
50328
185063
176582
94459
742751
-986896
763851
-335920
209608
-259557
-270136
643999
-388584
464054
-683190
148125
116333
880029
-635920
307008
958010
-225408
-913099
663891
-36115
61246
-562837
49021
-890765
-994109
997427
795521
-816000
-779031
629577
674623
-910716
-837623
658889
-805380
-21922
-727590
-304056
-79035
568390
-145861
676142
-829690
154781
-56549
933082
-680233
-851254
-458736
322748
550861
-306981
-825958
-841522
-320726
955802
739283
696374
310293
48855
222851
716606
82673
-106892
169792
-712289
857232
-329876
-452264
456012
-494092
894192
440112
850720
-986627
851875
443386
427537
786132
400518
237511
-661368
890863
244106
358906
548198
483904
349967
-698079
-858110
511832
-317610
312335
722966
-698672
-328913
-430434
-991010
858062
367304
-647964
560725
4616
-70653
-272822
380864
9045
-662283
944091
430830
670063
692509
-145247
638332
-261357
823581
643813
693946
-415087
453723
-70114
-72431
-679793
-518187
952817
-721654
-932000
-369637
-654906
312140
-263723
430745
296632
275151
-453688
-95371
778015
445816
373743
-898095
305168
574477
-258822
784682
264590
594499
542342
445222
521103
-793330
168936
-753670
-403228
708056
-907568
-25062
-750905
-880138
846628
-643298
-238712
-18513
338392
840858
997824
152588
-355335
-101339
-999885
-333288
-76075
514067
918885
490017
-340082
725004
-408170
-43096
-32891
-316920
806956
-274165
210506
589707
-903967
129851
-675121
553971
740321
558034
-588097
612548
-818673
162633
240117
-172219
-763584
41353
-906507
879851
-400077
-653140
-568288
-745866
-228672
-184722
-879349
-470169
-55793
315830
-54988
490378
979382
-294743
864199
-685250
-639239
260173
-388362
-452951
550032
-422864
364610
-86949
871822
906062
919927
-160182
-12741
-484708
-318860
-397541
-893603
-615096
-526271
-509901
273206
-33334
-832508
142956
-484168
-23200
-760578
-635338
-692056
-676877
896341
-275650
165174
495779
80532
499033
801378
323925
-61195
665726
-701939
610093
347690
996308
-410459
806092
306090
175006
-979429
707116
388561
-597295
835661
521940
-297482
-599753
446950
453944
-278674
-485630
-723606
-638073
261224
700496
-660418
-545865
852585
-387696
998533
-875338
-157337
229776
27569
974058
-286694
-692009
-225382
774063
-297414
401274
393920
-699673
-472480
172877
-409117
620705
-493508
-170612
-104386
-736970
929180
-731716
-274480
-307791
-708169
650140
2705
-42789
-145917
896596
-706419
93401
-571263
-656353
-639354
669354
-102963
553678
244507
71978
314912
-5399
331407
-520403
-394248
682090
378443
510477
-286024
-876003
-232040
180835
506601
839710
-745698
300362
390892
-975224
-786838
-194170
-990220
-517691
-166502
979037
-61026
437302
-835585
-189384
-476750
325843
415520
-733040
134998
-440892
-31419
553779
-392477
297859
36624
625447
375369
785803
-415169
-568893
267044
260997
-927101
-224998
-78270
595337
698858
-133513
599809
594795
174047
121272
280858
-905537
92341
-352415
232639
-867446
857011
-6969
-629846
-686336
811172
505876
551745
402238
-628059
849267
-694744
366002
-406884
899822
54334
-596601
558385
191979
452815
-911271
-830412
634082
693247
-890737
-889502
395292
187303
67561
-67078
907805
467253
149655
804410
756906
-973071
-410944
-889758
507867
415658
376767
-895195
-193773
383007
-106221
-59453
-370990
77714
963178
-747380
331579
-665040
-179447
-894631
844917
705215
306315
312963
-802645
-345875
-435965
-350554
-351441
314325
-424955
-199145
-52819
162918
-536768
-5256
408439
-946412
938959
-798142
-434318
278827
-559211
-925825
780964
-495211
256570
758027
-154849
-606948
-910619
-358151
-714217
142926
-181573
31610
-401778
49264
968783
477326
-777466
698818
207026
-854768
180361
271587
-572901
-618129
-441742
653332
-13299
78739
689602
-238013
-426874
217285
622206
-739636
-262820
-539821
-822405
-325394
692243
-710305
2295
273306
655061
-679276
-496913
-61071
161601
939544
-969288
-472710
-227516
-410741
187072
938595
-917875
135556
-795534
41604
6072
998137
-730392
-49232
792612
-487436
403898
-57392
-530772
-958024
638816
-948675
726409
-373045
-301591
778256
-885089
670706
774434
-215441
242542
-960768
16133
90249
-639686
-827419
475330
408396
314801
-685373
403051
522920
789721
278412
5663
989116
719487
836016
-665605
216739
-187837
-600323
-68919
50722
-383496
-601974
-368821
476036
-527020
-208795
-723155
673218
-10242
-715275
353150
-382241
218022
-961514
-273536
-65575
-789193
-368200
-265086
455640
-508938
184271
-87931
-835201
690742
431131
-500496
880102
121556
-759446
-818740
-192197
-473516
607633
949894
558508
129695
-917476
-914078
328639
-694608
-669691
907630
315025
-2666
-232672
672012
-908956
191112
72571
-525966
-915076
-566920
447420
-307944
359068
57603
-445172
-365792
837213
-359544
164390
-186420
305753
-403620
337530
662979
962550
-146505
-947075
-336608
923383
955650
-736973
-653228
-250629
660224
-158761
-684451
939972
189164
489592
328969
-946418
920385
896164
-113367
834771
-282888
-575277
-671939
506325
967687
-405722
235899
337208
-757571
964894
-695402
135011
-314497
-179502
289377
291015
-660649
127873
998110
-705016
-239198
719324
-778671
170413
985571
-53328
-214189
178713
-968050
-408294
-66562
-56346
232656
-190530
-797831
-868391
-188284
-73078
559764
-649728
84834
912974
-964417
-85678
169776
749279
-798038
992865
372746
484217
-544858
-634646
-997694
820799
-939337
450214
343793
733628
-120358
-766646
957202
-804767
-598971
-533639
-62932
276451
-370934
-553645
-512052
977888
-227360
210673
293146
-512077
99388
884006
375431
734583
51175
-825920
-537185
-566228
-65628
806035
549703
138158
-426326
-368717
565307
681034
-634148
-693262
-20930
252224
775270
874639
382058
628659
669233
-212764
-869682
186846
129096
354220
-93541
719498
-429198
4249
601442
-959744
-821149
-425671
732362
-605851
949837
-261247
321815
-862723
556322
756137
-457098
-874686
462362
-419338
780624
-770035
-263971
472704
937744
855472
-42690
726432
-925834
-809927
-639214
955379
-463733
430776
853008
-138165
-171101
-983812
-776225
478158
-394452
-254185
856958
-691510
861512
674993
-200501
316640
498728
97375
-348471
-555754
319993
429075
795361
-987641
-622789
-174872
70273
-567705
-15359
765366
489016
-677694
-987086
-268672
553761
472910
589089
-877795
-804449
148979
438376
649932
569588
-802198
620034
708690
812312
65910
-907772
708721
-869013
700097
918162
-311183
900200
162439
131665
-651253
-975078
-985716
425073
-322943
-437664
806622
278644
-803539
-828874
229640
742846
-549466
933687
-758442
862277
-469538
448594
383624
-809030
413061
-121740
-885763
-784147
61622
13654
-849362
227047
123749
747340
-544390
-886323
504401
-441668
390222
-622306
-541456
190422
-150516
904884
-701083
-71151
-215900
-444245
-443632
-454796
964346
-974629
491487
-920011
385688
-299530
-575928
570662
-64640
535651
-877323
-352711
775952
-499760
-525660
-187739
-706850
651116
-309807
85637
-574099
942064
-439129
-328951
680430
-639409
565384
568472
83631
-612834
561090
-604387
714535
941252
222757
654924
398462
-4953
121806
91354
-925385
65125
312350
-445577
90592
881696
213994
-271708
-369553
572657
-614029
-326263
-829488
224219
-51842
911593
-130794
844194
668028
804605
565986
-852650
694544
-595514
-950095
-10140
284008
412082
-648144
-953200
-117893
164019
56039
-158273
797976
911997
-843296
655528
934583
881136
-674003
773999
2513
164274
-713812
784154
-378001
-296504
-544163
544319
-259249
-287820
-907995
-116341
-445561
-114371
-800768
330218
-527667
545791
557323
-182249
338877
534860
982023
480771
3712
942077
-602573
-439818
160518
-186431
-508437
736270
-555531
31334
326852
760141
517831
117867
-621999
-853284
706975
123280
-465088
-9095
363086
-325699
-828726
900495
-811658
735606
317325
-371545
-795085
986982
-517940
-697931
-686110
697332
-53621
159775
108035
-649403
-21300
441376
-233340
-338143
-857012
638371
-598452
334958
740809
-370665
-300083
963226
-151680
-212490
-359057
-467244
-846458
-956226
751983
-477241
-790929
684997
-905411
-842664
-442576
-439013
-93415
-890017
476133
-446263
988858
973397
-165313
-904686
-593321
179751
-282055
-347610
106168
356291
-421588
-775554
994601
-344757
-905503
-673523
-890567
823845
-517702
852597
-201146
-154627
-890461
849572
72699
737073
198279
-324597
641975
-38398
281928
781979
-103593
641706
-175586
550731
-85529
465060
74046
-184353
6208
-712491
851661
580592
-142089
859185
-141485
782116
-895178
-706844
-937848
661582
394534
298248
-45786
837651
-631721
323908
-942953
-91854
-746507
650451
-195949
-977608
299122
-169657
976272
-428206
-871414
368567
-1068
-343538
296391
124313
923416
123858
232530
-520921
242415
-687275
245745
-892
-687435
263125
-409385
-688484
-887297
-317183
116609
366513
-5266
-604853
-610250
-520658
787381
-795378
811503
219210
-543746
-398710
-886838
-740556
101104
502728
-522158
997530
435716
-310806
227018
622228
-764303
-206131
348556
-385528
-298000
325385
962837
340845
-905630
-396804
396600
-146480
-273324
-361587
638293
444404
588321
-260860
-957922
-110774
-817076
618282
-537588
-588752
870301
-770682
-539425
-140325
-951495
-160301
-460191
-784590
129366
-169515
-669223
713568
-164355
823163
50824
-51296
870177
-507221
345394
767769
399224
867040
-328148
192657
988152
667422
537037
-14048
816271
787300
-830161
279573
-712691
-23621
442266
371240
-387254
-518285
566287
793816
-583902
-893075
-274941
-300004
-457084
272044
-292679
-389349
-261421
384012
232074
749420
150124
-557316
-828818
-525616
-737139
113130
628267
-206452
759163
-246634
369889
502107
-395315
313782
610895
708807
542657
474793
31443
-54355
271124
-586444
-728645
-705723
885243
-297511
600898
641991
-244736
-702230
-64214
677751
-210488
754297
885583
-868955
629614
-697651
524474
-256863
367348
24711
314143
478771
850325
353093
-732022
-581336
-859121
452837
375341
652362
-600322
227515
384145
-485086
-403779
303953
640159
-334192
-987043
536118
376667
473038
-376780
-399674
-392790
-153168
-981266
-134247
710282
-191428
531689
690828
592019
-563532
-565729
-332306
640634
-958884
781222
892469
52820
-863669
229214
-961577
208843
729759
-769953
-450905
527305
-516331
779736
-844368
784308
-785753
-679309
-984654
-122460
-412047
189038
483734
-237305
-102250
620521
544327
-636539
398341
-479238
262059
-415924
723436
846822
-711403
514019
2767
31711
-532153
861916
-751211
296353
434518
622356
-867947
-998306
361275
-461288
476863
-73352
-237819
-973954
586682
-608509
-305732
-889837
-866817
-701054
752043
-132834
662727
200829
-701325
772844
-815218
893592
995554
-850528
185781
622911
-617000
-915388
229018
-343694
-869117
-974676
679108
317446
-75907
497581
174220
429299
951516
895926
89971
820416
289548
-130956
-167645
888903
-766144
-115839
-796145
40830
-953494
-544324
-94412
553764
-131316
389630
-679096
226759
482029
14419
-104828
554450
736334
-913408
-632384
-40740
-73306
167998
589834
-533689
-48348
992958
932211
-757038
516789
360136
871881
-192432
-246431
-763500
-28964
-383016
-472018
-515410
-748785
266137
-255661
-761369
-223771
525253
722714
-218225
-113151
-748196
-754105
-208534
201748
-602664
-842452
424556
-374439
352289
95005
38185
714989
417984
-414676
459903
-965063
-138624
787006
-421291
-26044
-332303
865344
230686
180921
-516627
-47165
-8384
-597922
-245106
203645
831446
418359
-515770
-862436
-849910
933379
-85765
327364
-628068
-6643
92334
316617
-702941
577494
-150107
-692300
-380143
-295859
452595
758934
-596328
698599
234689
706732
755173
-359185
-442609
826905
-912549
307175
988041
-220258
390629
-603466
410057
255651
-75850
-731765
350371
-712348
-799023
-544134
-47587
783321
-602213
899926
290143
663591
-678794
-786107
-983824
-25429
147750
-636486
-1421
-427678
928849
927971
-899163
826810
-537198
494008
365060
-86047
25312
337557
-324404
575219
417915
-776083
-663734
825008
-332239
509574
-569536
-176457
-989813
899606
-344735
118302
-548476
-35978
-210251
269589
-396325
833164
757020
556538
670440
530802
-381849
195300
-96887
204797
463212
717183
-367193
819423
-308141
924776
564926
-423795
153815
-564079
321497
896121
-719186
-697245
400416
-935528
-681660
-69915
250154
304726
174024
923803
-459154
561968
-766353
-443681
346545
-164485
-149711
-819418
780727
397388
138362
175589
-502758
-712284
633488
-986924
41900
-833774
-171066
110874
68332
-999108
-14471
464635
577339
72148
894953
822818
-853695
-771522
632488
-273383
-253002
-553713
509907
507070
426135
-391693
343242
819964
-913320
-974137
792886
773481
-238472
219810
376667
285062
-511882
509168
-848454
895689
-57767
741971
-701969
-520062
-234129
-180652
-139917
193892
538042
-565202
-153937
714929
696013
-211301
114404
256315
39885
179296
-409381
-99259
628824
207072
309712
611440
597916
-761310
-660892
746707
-602779
-851887
-868451
275271
-913948
-771931
-231061
-824791
984106
-385968
51947
-13781
-805862
616809
-434617
207012
761116
176797
891435
935110
980628
883069
1986
267219
-915122
202205
716036
-545875
-786163
-810543
-296475
295281
42589
428273
-840742
-40687
-178137
944479
-397570
-965536
426659
154274
192033
-535416
849834
68321
-717156
-104947
-967657
-625831
194611
445178
936414
-340090
41096
-19270
204372
595977
864799
-764322
382258
821635
-726463
356306
-278540
-501664
-694320
-626614
164564
717328
681473
157787
306576
106239
-741018
664097
-727597
263572
4554
995347
822620
-36281
817138
430541
-739068
612649
-11809
423494
-580115
-789835
-840592
-331056
662887
-259766
611212
-764788
822608
-886841
-804738
-118665
-122427
-141072
-855003
593127
-698353
56268
-643974
231948
-635967
339864
276683
-408847
-982599
761639
-947645
-609024
226840
-232778
686112
877652
455449
944918
-867794
926609
136469
-505633
-158773
-535097
-510632
789916
266756
-234849
741491
-323178
-42365
687416
520237
404853
-368517
-66944
-948812
467238
757166
411419
590449
-749945
116299
-311869
-252520
494907
-408535
654363
-320513
-312206
424334
-242237
622198
-610774
305781
160157
-12313
-394688
926726
523175
169455
730799
996309
520697
482837
-589690
-997041
-118568
-552970
-415694
635056
530974
288858
16817
931986
495029
-145372
953586
-39268
-609839
819103
-723389
-956978
-953103
-900666
-188812
-710306
-357959
284903
-374064
549504
619281
259749
148139
-755510
-769944
-836774
-392978
891899
-389157
-492084
13476
5586
650349
-331959
-330265
-704117
939101
-388626
768443
180453
81120
939404
187402
-255369
831478
-772536
183767
813105
2138
-813818
312834
-943520
-878592
986548
595814
961828
520894
-454925
852878
768202
855825
-69766
862743
567320
-830655
-245565
-446572
764993
-623820
-282012
-881554
-288340
-837033
-997410
-749307
43544
299480
-599579
-342224
-134046
-615485
-500806
383106
-459949
623860
547838
713725
609684
675108
894002
-412252
-883263
-355846
-934740
-973151
-439010
-255809
774679
-35844
-65128
-859913
645734
874277
-482264
439262
-758577
-168693
859045
-426941
-702671
-84943
-327730
-209342
-742959
978489
737590
940160
709804
-377477
-702504
304738
605577
282141
546469
-316676
677875
-354319
-778639
576493
-978138
750352
621817
-365657
-169282
14540
405258
-764576
-74697
801615
-495739
203547
691317
655041
628093
771775
-967030
518972
-11510
262246
482046
976399
-566543
741607
35074
924323
411961
-616466
-640016
906387
530783
51215
236845
398778
431330
915160
75272
892354
-340905
-262514
843525
-822781
211811
-505246
-73404
964668
439979
807473
-150425
-131873
953285
741857
300742
964805
-59922
-678797
169776
-679496
-780211
108859
-413587
97718
835147
-659779
-853949
624957
-885170
-199864
671717
-920683
954944
-679720
699125
970196
523983
-835765
20917
354846
765685
449323
141673
-971305
317930
-255918
321297
664399
9059
90558
408570
638821
-717279
102623
934086
798208
334939
-877038
131168
-934722
-447573
-256535
816050
883222
-126763
-9233
-591344
-20664
-517750
243681
-937782
968521
566571
348664
516886
804543
-884573
798370
-532021
-700537
-995140
-321562
-832651
-459376
204252
-495253
-127876
861003
-642288
442772
469902
766848
-78667
-571870
18739
-895152
947940
504402
-706465
955480
475280
517717
98951
195956
406782
-239052
249646
675620
-969671
744363
-473720
-504733
-957813
58787
-372878
-812782
757638
-833622
84789
-314712
-756867
521664
-423197
875542
-208690
196969
-440228
-631794
954713
-79065
-291737
136636
-375842
-775974
882395
404129
812015
422139
864414
-484731
-810504
75910
-834682
-19363
-517531
535535
-910418
-567360
167666
-424420
-167231
-732837
617100
880425
23326
739632
942576
411551
258104
-646431
-82155
-875073
-555114
-325394
-935784
-646005
-570588
-155302
-779096
351024
926244
-438285
-567200
-758467
439614
-793985
698297
-330925
-593624
-931617
-82339
144020
804674
-840497
-888370
-517897
-719860
226385
134773
397529
-6704
-174501
314078
779581
-582233
827959
-109502
784608
-487586
-656105
994044
-823703
981887
33118
596184
-324336
-874899
-836056
-202417
890369
762630
-291652
-989159
525501
555272
182382
4866
-983060
-156606
-40122
-704659
-732933
866416
569900
393961
611289
-353278
579107
853310
148431
-176479
726816
-227319
-461395
227785
75104
-889966
-888240
690969
-208666
-405983
186661
126414
-905609
450583
-368761
742862
-617197
-11301
-459085
-290823
-789106
-551209
-240127
-960191
515429
-937311
-87766
273217
-923478
599041
575704
153302
-337685
257360
768778
-700823
-5857
-454274
-638850
-364694
-93656
842925
-187549
889015
707503
4620
116974
-202121
632015
890737
495750
984690
-167803
-632898
-54844
-276549
271866
-716775
703837
-786200
638610
-377308
810298
-825104
-224631
-507645
627741
229168
477862
824873
-326981
-140544
-944815
-480928
825737
-531941
-936491
261698
243811
-46238
-699362
663592
-65186
-112015
-783465
-431031
-668515
-251393
-743431
227713
-529441
550731
824388
220263
715052
-426583
548939
-813526
-683694
-92410
-866103
-37969
-492795
-780823
-133227
-809993
236475
516237
-700654
998257
-748510
80933
-555766
-89347
-174501
-348853
465724
850800
-132487
-40805
-625607
-240302
-704097
-847244
-346033
825870
-939384
831311
675913
367139
276806
-4950
-740208
-301562
411142
304023
450280
238746
-370617
368317
738874
123278
-488818
-55573
816034
176839
-783746
523694
-132293
672754
522441
305409
672955
223384
672845
-35720
582656
5225
765086
-211116
-987066
-403637
815468
188338
238725
163476
-732234
848789
425669
945426
-27944
896493
8841
569107
993528
-574618
840478
-501418
-729274
-454541
-315282
-143027
-161920
293410
-85656
408793
968784
-933256
-940698
921894
642847
-288313
947660
527925
-942108
-873707
-881662
-638766
614938
104290
-514433
344000
-157205
-714469
76177
390980
-609064
534638
-218301
446533
-112094
315510
479053
-570494
793649
612939
-288376
-90602
856385
265872
650161
-619228
-642925
-824272
-553149
417463
-941690
-234436
-440250
-629271
-551768
-628230
354113
510551
-395493
-376843
446034
-834627
-879700
-655210
-332903
818065
-42131
165258
-546358
179314
182272
-534172
-392616
806747
232849
-725746
60964
-311651
-451114
-137089
902315
-489515
-608887
-236523
-811802
-275207
710583
-335601
-860133
-871038
651838
-185292
178270
-735285
-565852
419054
301565
-59847
-396809
-316735
-523789
-385017
242449
366219
-108404
-575739
32170
-997978
644038
-413114
-932535
-811244
524678
209422
207086
371608
-527060
63493
-847758
247711
863395
890448
35380
524415
-85194
-218988
971421
-240019
450185
93975
69198
216933
124929
606556
540034
-90025
849638
-297359
-289809
395362
162083
322571
-158147
122345
-249178
293585
202474
-495595
-529275
162699
-412821
698283
-171895
-493562
-497898
-817571
-185512
-242391
910471
-171193
768031
540612
485425
516923
932184
357138
-559000
944589
-598383
-20082
-225098
-27445
378813
-544267
-433593
964002
-51995
-11348
392167
680416
639572
-534539
-345165
-42787
348284
217439
528645
474053
46198
895276
396387
-140261
670527
890935
663751
-633681
-266148
469730
-604650
-270204
-140649
-588356
31813
669918
12833
345279
-641378
-296749
-519022
572790
-981516
-863237
-160991
-16805
220640
889207
995198
-6515
692052
371932
284840
-858291
801847
-447088
76103
-732039
-558110
-278941
712135
-222259
121869
-640844
663526
-993943
-217439
83159
-307839
-714104
748381
806529
-650005
383889
234463
-939762
423797
-387281
790828
459104
-215468
295386
321390
450005
922856
-796344
-981255
959221
-145730
995233
-923285
-808884
444290
775016
556528
133540
27301
912622
219428
-365435
-10061
837757
-185224
-401172
665285
-517350
849142
35084
328024
710646
-128399
80779
64763
-125882
-107421
99574
522247
-693760
-208677
222350
-713199
132828
972214
771400
991639
941436
-420788
-141355
428527
898578
-669993
100148
-164323
983378
143037
461794
930412
-588519
-109469
137359
483218
-168550
-607987
557086
-832440
129320
971953
811476
-720624
807593
221036
-565393
-511277
-678962
885490
-715191
615197
-696162
129884
569084
309672
511050
-75816
912111
374101
-527520
325800
217881
732247
265933
460655
742220
477158
616668
-638676
690594
-176191
432549
-172819
328644
586242
910709
50132
134992
849440
747766
-231096
-602043
853359
-650809
-69557
-67212
444197
365092
-508967
-889429
29405
739482
344797
592043
311753
881543
-281049
-530337
220811
462458
180333
-865899
622538
-661710
647442
230682
-39254
194787
91911
219568
-820507
-654704
624410
281159
-639500
70414
-365852
-253576
658078
141765
621318
113303
-234375
-293385
732954
859936
582376
614226
238605
302748
962216
-954704
274986
-16998
938324
-236001
-944998
308722
565907
-586906
-662673
-723082
-715588
-346447
975992
497633
-119999
903484
-155658
-599772
856298
-735159
18697
-256558
-326308
707045
-259208
647592
-328553
724070
-262542
211684
335622
342329
874330
850148
455788
-887693
345292
-119333
57971
271685
-675384
-452349
533907
-645804
35625
21990
244378
874419
-108538
-681727
91067
-62365
208688
-517054
167796
893269
-212765
55659
351737
-531900
-167556
175433
-792305
-500848
-595926
415482
836995
942112
661602
-773615
-798592
324549
-816513
-758959
339009
15026
-829656
-781784
14829
-511260
789219
-882531
600531
-554399
-53955
210848
-994905
-887165
-129279
616428
971180
204158
-726451
-89626
-19045
906701
526721
930348
-750481
788147
-448785
-504346
-3419
829341
383527
772676
-945949
-40322
-171775
-546471
303119
-694826
-537731
210856
-571747
-368902
-559206
-640642
278446
-343570
-306797
-739493
805275
951767
-852576
-774064
552364
-75735
524936
637105
332405
-683198
-633521
540724
-673769
651577
4802
-44738
-787884
-109476
623038
115818
357821
-865315
460661
440044
-762152
-939289
-967030
714404
-975390
109749
-786286
-259285
475126
27266
-821486
-544239
-88041
-307121
-656793
322215
-798155
505557
-110185
-3221
-321934
606897
-837726
-902154
-342139
659852
-924119
-528455
-451004
43865
412531
-657808
184606
435249
557033
745224
203923
185474
895448
-93204
-401276
941820
-497481
-325505
807866
-492206
888162
829902
983141
107334
-238761
457379
213804
-114724
-525884
-393125
286316
627779
-670946
-836921
733055
-63082
303963
-395630
-360387
865453
327071
-165225
572459
403637
863503
42791
-777209
-140826
867530
579229
-473607
679890
-379295
-740320
607313
520385
-987467
-14711
-957264
-85063
679000
186354
-327149
251518
385354
485663
-669165
843355
-126986
-62193
136826
-62441
968058
-605838
778520
418954
-123869
789835
901270
957037
756354
685862
-765824
131803
-64726
69822
987078
413156
-948336
729666
-982852
427947
359684
-557491
847524
472829
-831352
-957394
114951
33060
275488
64346
526061
659051
-350163
799940
-957523
804289
-627431
681798
-798401
724538
154407
-597004
-456842
-751850
969198
-73790
-441119
703418
979483
566870
261859
-168452
-853544
-72892
-604263
-957596
-184213
296330
694044
-437892
-778576
-752477
3111
222978
603210
-576577
923242
-998537
-383820
165389
-819111
420102
457423
-645677
946212
-400515
-297499
129656
763060
198838
-982097
180200
-750464
262131
377363
889601
641285
-709116
-610220
-307081
-228397
549011
198531
-753511
-962156
177606
907658
-12873
-431947
132353
276412
280857
687244
1707
442691
-866710
883839
671458
180210
-84749
514126
-622575
863609
-310345
80710
211459
-736212
-417895
-81892
382511
758669
336357
955349
-598400
-946509
-24619
503894
-795531
-224786
-31196
-330685
-234161
-624741
98211
827223
-591753
253112
873738
-136089
-317198
-574511
847563
-992145
-734419
578733
170030
-64875
-708576
589881
640951
-582092
-636005
298177
-355679
-396173
-963434
970047
-199768
64025
792345
-651616
324955
-224983
991275
671226
-782470
655480
865849
-284485
476663
662253
-901290
-407071
-283973
266702
875480
-366411
-42557
-438259
-420354
-22512
-719112
381857
640869
841544
379362
576422
-29956
621960
-452389
-18266
-700545
-603758
-618002
204718
900351
763280
-495869
506993
-581398
-506813
-758728
160290
944146
-322972
-805700
-847684
501727
-104311
-821757
61217
86439
964957
250515
654267
-95973
180122
962980
-252301
905602
-336558
-756460
-648864
-517913
202013
34741
-38173
-895627
628912
334544
-573835
716555
441694
-141465
109420
-510091
584642
449717
-761135
-626778
468971
-844520
-32039
-811708
25750
-607942
-2344
-592256
-723124
-63107
-261026
-972901
710676
-739336
-6195
778891
658665
886867
-276938
234839
113513
133265
60762
-746894
-862020
645330
-974670
779325
767858
-644545
396041
-919503
-313493
599718
23813
414898
-66594
952808
428778
-282646
272551
243471
67462
760586
-451243
-908805
-942192
282432
426656
-194039
-928276
111790
632489
557987
272314
623602
-708767
-172912
910228
22865
331773
495043
312308
768935
729026
474092
-390337
-593126
542871
512836
17039
597738
-215523
-535864
211356
607089
932924
-577147
-502806
28870
-67117
-147024
-651364
948319
-727505
-91747
212871
920359
73048
-660230
-533229
979637
404985
588447
211701
791489
-331389
534861
-635891
-142876
-242259
840400
264893
-315028
-60873
-64348
974312
193639
613189
-151976
-150251
-27483
-423227
-137039
-828526
-467526
517340
800176
233535
-399451
-683589
976730
-80412
45957
-860497
-341403
173278
460302
573993
727059
-55924
-460338
-457359
502125
-16900
274760
-969247
-307499
-211281
464568
-803923
-20613
148291
-340787
214275
-650598
-988821
-490896
761837
-594914
556556
-417543
-106482
-520901
-634979
65233
323475
-829188
-560968
507963
641622
42925
335507
182220
-88714
572166
-784824
-97607
-956579
-352376
-471292
-176392
-25257
-232219
-67826
-826828
776680
-40910
252459
-402253
-273772
-706091
552349
-943299
-708159
-100611
505927
808959
-632798
256156
213348
669933
14743
-87726
673545
261607
-836898
-385475
874054
466917
-326734
-346965
155286
415345
-847134
383438
-888392
848463
-254502
314405
-389138
-153327
988264
869453
-653670
-207272
349718
-861454
-116505
-630443
-547905
711462
904426
571534
-700281
-639471
466899
223798
478701
457398
-731347
-875519
443032
-296803
-89715
-398215
-811320
-534828
544714
909824
979057
41742
-317369
-875766
-809053
304034
222941
323564
-520099
445430
147671
873108
273702
784086
-209725
-65334
-916270
-290243
38189
290769
453511
814802
4712
-971765
-630985
-450393
52817
104810
-598995
966681
822090
989939
237747
155081
602510
-658154
-598388
611899
763000
796884
-793012
-37769
201111
668039
-312590
-657189
-300825
524266
-548458
-656850
686030
252936
941287
-275414
-907201
996807
13731
511059
12958
818290
872942
707466
-918946
792907
480909
-230896
-618104
-831665
144049
-575702
-156071
713385
727493
6510
753575
-57844
545350
-34071
-898894
-151691
-364712
-110397
-531233
-780053
-45090
654520
141507
126964
-195786
-678503
-669825
70170
-213246
-422160
-595908
84837
964499
-745869
584227
194580
634795
259619
579642
-595335
-650420
416128
252115
896019
951257
-764128
-423288
545017
513148
508001
459235
-563069
961064
-60503
-882746
-17788
-287533
-657583
776735
510229
-995622
-298293
274117
495037
-26894
-362349
-533662
722416
-132706
27860
187066
466147
-704043
566774
-286533
-664383
-638113
-870908
160741
-314182
-624395
-533766
-810906
-255219
-547588
570801
502767
531661
-62008
-752188
894910
-546654
567392
-383721
425369
465716
164685
63502
91864
-268602
192398
79170
793484
275931
256127
-116183
501843
787594
-918024
97345
-72103
-57377
915270
340817
-591888
-622413
367436
-876184
275007
-998291
-888464
-621732
884858
-800845
-62504
898220
-100616
503245
-815589
-748836
-519826
-750006
582012
463845
692584
832025
-350086
263133
-771676
3514
-969652
-690446
247683
6220
495492
-163014
-812005
794729
-364651
-703997
-935378
208200
-962148
584852
219760
238556
-999740
591553
944489
566023
-463620
-761254
-565098
-710427
191355
-90225
10162
-304511
745348
-622765
-944480
190823
-118762
-68581
-873535
416571
-346175
392647
-718878
-869584
-424217
635618
265572
-312005
-414948
-115811
523492
589968
261958
-295641
-549633
-765621
608836
523947
-656846
-293588
-449338
-712312
-223114
483876
975135
-900430
-969894
710189
-171634
-879836
717412
123045
373491
97675
866600
986917
-83463
854117
463232
-234665
-407164
-957124
561049
-175178
-983278
-740051
-935563
-597484
206069
31178
732039
533107
233820
616816
-789753
869580
-195644
990083
-953566
497458
492548
141380
-174222
209018
787570
-251159
-129861
-779267
-127950
-379028
-936678
-166474
-819052
821086
-290666
-91105
828040
945228
53126
873529
-837483
594436
-848975
-793035
268162
-160747
-382168
-831076
-233780
558645
644294
-90015
271794
164294
568330
722461
-497811
-666786
695226
479567
-572394
970412
-615686
561741
-527825
953506
-696185
70116
131919
-194808
-185480
582700
368954
724155
-687215
376750
310753
-422779
756531
647422
27740
-61285
342880
-837185
-13084
-36673
251990
-237716
-887772
-837163
603109
-759855
717104
110255
662797
86353
248211
341491
863194
595799
500777
-130627
820741
-70144
29130
-176674
5146
-726794
-829850
-645466
-190939
964746
-470980
384787
614963
689058
310078
-15998
-688309
916626
279873
535563
641964
821264
356268
-391273
-272203
-688649
-551996
-748838
823652
-345733
267429
274074
845962
-749826
-599903
-451901
-751028
145683
372446
-630154
-798216
-481196
409104
374687
675826
42793
332604
812242
897275
-530718
918579
876673
283448
-717866
806794
847691
456129
510717
593710
499355
622679
349792
-768498
962611
770804
695878
516430
-675603
634229
-734701
-292892
-128825
616467
69498
326057
256299
181107
195683
194412
-3225
-537591
-765235
-559200
-59175
162582
-305176
602736
227636
915244
-21944
-700834
-861228
-83166
822916
269265
-204373
380712
961635
728511
-758204
129591
82127
-278387
697918
-655324
639408
281859
-533197
-854735
221035
-745764
-290409
-694485
338366
287566
-27767
770777
-741676
-684984
-962231
-819632
-183982
495737
74063
-896518
805225
929922
-818862
-206446
-329312
486216
213387
-299553
-374351
929746
730076
-560098
144992
-759858
636392
-151577
-793616
249511
-569168
694826
661718
488740
-932627
-40967
-435713
-952951
-853221
282387
246725
99276
-182516
-770720
4215
-230349
253082
-481206
-699826
868106
395054
-616166
-869912
860613
682831
-404832
-888312
-701952
117930
-821751
646944
775226
-777175
-178614
-284517
-346513
989831
-641490
917099
708851
903463
-361523
172338
580516
827926
-192230
-166181
494600
-221522
-518841
801602
586165
-532663
-211268
-58315
561458
-913025
630101
-731095
449338
603555
-74750
277101
812542
-760408
368233
-741383
988117
731801
545442
324219
-39144
12168
682414
796539
-703131
-443129
605472
-506323
-892810
935588
7037
-10755
248099
175056
131755
384533
-892997
960899
-972002
102431
977337
395039
447604
33515
775166
-826427
-927260
249514
104849
-34537
-347460
674950
770470
-697530
-994527
-401092
761794
51267
-905856
664846
-194619
-163930
-903101
835625
667828
-365828
-467494
-262289
851368
308722
-954156
-661470
602178
80299
-667115
752618
354797
729874
379226
142010
-313919
-244026
-809147
-882020
-1317
-945733
-901830
113661
162867
-691549
-84592
-433284
725512
-525471
-146758
-238690
651612
252021
491642
-196730
763359
449812
313032
-459213
-260159
-749914
-37037
-852982
-120761
545521
342786
-848924
-587636
786559
-58035
-865697
-514994
-68480
-234943
-94854
-486792
992256
-823326
619189
-780549
967170
405643
607095
550186
-790530
-214102
262853
-895560
578545
663847
69864
620237
-254634
155779
997320
-181731
-269671
-843442
-741721
179589
-1791
-324568
-802550
815866
-650091
-91156
-392949
879053
521638
-611941
877810
464146
-733123
450678
-464672
-431134
693019
845217
878523
894036
-2823
-462180
-756465
599811
-136843
-452934
-739567
-45772
537887
447173
164736
-170817
679413
808020
-746567
613613
397016
351306
-278122
-27682
-697485
257929
618553
530974
619783
644958
-98308
-481372
665992
-332956
829523
-633999
737956
43429
212086
762968
600281
355881
390854
-892144
213541
766819
-768670
-548064
-566638
417900
214541
-545290
375563
-143205
394482
449993
-890120
783633
-943309
225946
260936
-391298
744116
-516952
-527770
-2522
-250165
804444
380145
-764209
-574139
-480619
956069
873830
488220
-579539
694290
-415592
-168154
-682220
-54499
-238910
573673
-508654
-5139
-987137
-65311
-249842
-599579
19976
107104
-885526
-487678
-836725
-617491
874677
399994
581405
395081
333601
248535
-564314
839555
-529141
-826231
-955433
-192493
-404667
86259
-26945
490634
192810
988164
-21610
-741385
-62473
6989
-741243
162175
573170
-45236
-867785
453508
-636698
-795690
-716888
-635643
-250530
777593
704822
-819031
465424
869345
-146217
-929340
-321539
359293
239470
120341
-559947
-280813
857400
-210766
783181
-689191
-654249
263568
-734834
713258
925021
-437180
-242361
640628
421698
-861076
-296010
446417
759096
807312
-767512
-153451
713365
935943
-618146
810808
251056
-939129
-596253
602644
439789
-454510
-107797
-505581
-10091
-232192
433348
-405656
826180
-404906
-908074
-63867
954602
-848462
-205270
-996911
937108
-528763
-608844
-363163
175045
3655
658421
871614
767474
82392
27173
-253764
-788304
418683
493116
174504
-34592
201439
-519871
-667893
853716
-678130
-712456
872235
312160
-503292
-792947
465419
514315
-17629
110848
901191
254514
-964561
719014
-703522
-718243
-249948
-438132
-429904
-572364
426152
933234
-770771
-639237
510076
-316141
-108681
-699424
326744
-825182
705392
575118
-279309
-885934
157328
531231
18009
133719
696538
248972
941184
283356
43406
452450
955169
-9848
-521325
-604839
-420656
-499799
60641
-334000
267161
-155909
300929
905545
659235
640202
257329
902403
818414
-214927
199552
37213
958984
747686
282571
941491
-95685
-84136
331700
461105
-474297
329467
-707847
-683978
-49350
-199921
-587965
352114
36842
736042
-455654
-223220
596764
594325
827773
-506328
-595250
-106220
-560467
797134
-578383
-21437
-811474
-804585
-82593
-109967
-346110
-156384
319012
-476493
-930944
-807877
37178
-870558
-64505
129350
921902
-923622
829880
195597
-391436
199495
298702
-860151
280062
69215
881608
910465
957192
-405906
317766
-945996
-358214
975964
-160937
-926346
-225530
283425
-881946
-571500
-248099
-261577
-312729
-783187
-16630
387225
-272488
-477323
-694028
-310071
-991418
147016
742329
-250327
-239252
-604259
-643178
-410360
-994644
152092
-437359
-122368
-16972
-740557
884073
490126
334373
-469043
68799
409698
-105288
-388646
-772024
-63864
-899589
223009
-616449
490259
575203
-794299
815746
743727
-54384
254976
-352496
-122897
156320
433134
541410
441952
790228
-233215
-743407
543810
-279524
-3162
911380
545800
-345152
-26098
-942042
283336
-215079
990275
389551
18695
671625
-439345
-291265
723447
-399116
-650193
-504072
686553
656454
-511975
-371538
-910179
379785
-980426
585935
851530
-442402
-625450
824784
-107998
45721
955424
750624
-697151
-783114
-63851
396010
-922127
-94414
-598255
-509301
-519458
673867
-226682
808102
67223
719157
-251105
-685816
882821
-762199
549367
-550498
-219832
50420
424100
-46985
521900
77154
-130331
905825
329660
147268
133696
511490
939594
464298
596343
-315114
-726171
-354438
-777372
984661
717859
-740274
663376
-890202
-62255
-742774
-931300
-842947
-463070
-819660
371356
-826578
694013
-36497
467660
764068
997886
702974
-941987
618947
-592672
231687
-540830
143903
66892
-76645
822109
57095
-550993
-403895
486203
320833
85674
490653
154614
-411608
-516031
221927
-119273
848581
-163965
-687291
781266
-363000
-230242
371078
-211511
700466
779688
-399461
-412937
602808
-863876
-641133
-279084
623565
87173
985076
-97279
451418
-655999
247241
207219
-302700
-665506
-435634
404586
-245367
50937
-964046
968124
-65859
868378
-207517
-214815
162391
-790239
825889
-824221
-443262
701974
-80568
-334619
-904292
-695972
-403833
-430923
-653967
670057
49391
775979
205849
-983144
274767
42352
809153
-645619
865659
355260
88391
668303
-574166
819432
982659
87150
32139
-285405
235681
-451323
282126
904168
-275062
211072
527711
-872967
986344
307911
-215825
143899
489759
-73976
755130
-851292
-158884
-839808
-696372
-105778
-766049
190559
-411515
315396
-572451
618789
226648
806798
391792
366186
26154
313013
-764251
-154336
681677
-94171
-390313
-836191
-59870
975724
277914
177281
43496
-132501
685958
140313
327000
-487524
935215
-716635
610513
376612
716788
714633
580845
130284
-378909
-754047
-51162
-628541
156965
15538
789027
926469
-531690
-765144
-358160
666192
-589258
486365
-368261
808094
-991434
842884
-738078
-828933
-253449
-276883
238119
-397976
207871
702489
-777938
482613
784805
-640376
70434
-997228
-581108
-899835
-287596
-359855
-701721
914513
-747122
428459
-651768
80780
666132
-546655
779143
97878
182053
62495
-733178
588267
-212579
938339
914059
834610
207968
-867712
-595675
-300713
-171815
-876731
-708015
-838020
-922275
301761
-973181
-178367
906368
-51250
947502
-210600
456328
641229
-464591
-888468
160945
239662
-821603
-900509
571459
-230553
-712161
-775268
929286
-88782
-710714
-620720
-804718
322540
741148
-650452
912799
-575221
-65809
-929009
-103738
899661
-395329
-682932
-391854
-971414
-297256
907376
-128666
663026
-807674
-186164
919385
-612906
-116837
750620
562244
255668
-589583
-578950
678746
-315770
-284381
-869951
-660775
810616
-553326
-758078
-335051
763083
-808981
926264
655172
-201129
793491
923510
734642
215978
-841282
670317
729550
232733
-960255
-938342
613031
619173
405702
183243
863099
760211
-152673
-819889
-52036
-363081
-656022
45947
910134
-924431
210759
228531
-102935
575629
-816006
623750
-402164
-786526
817584
728244
68703
90540
596775
-103574
-122782
-42193
-845850
165403
473814
255107
-210124
-101599
-236511
-49106
169528
546427
454515
507569
209649
-139805
-62148
205670
-537590
-756214
869970
546550
-495211
-844027
413651
-445230
379434
-303735
818886
635008
613267
-30676
-478569
-664411
369263
83380
865559
-151569
70894
-70652
609589
446536
-840575
181336
-780696
361084
73745
-166931
-7585
-770239
164796
555255
869468
-983007
-344060
640617
-476562
-912123
410123
925607
-467792
156880
434817
720414
301325
-311910
-581982
355752
621902
-128608
-700551
-356344
-339821
456069
209049
-575263
-52689
260802
-134257
-255180
290321
-694571
866926
-510284
313108
-303000
-867400
-429615
-319586
-110445
283950
588037
-396604
-516104
327550
550455
821469
138032
681611
-15760
-174072
70240
-729927
-292387
958148
-44982
881876
804776
976810
-586055
-768925
-584733
-896207
116369
974649
134629
852165
-127634
770967
795551
-108579
-736755
550468
-692846
223974
407835
-908495
12165
152580
-324297
-716564
-526659
-804511
351500
11753
-909033
-715743
268225
596335
-882881
891171
-205331
-681219
401704
66694
-914349
925284
895625
138397
108921
16492
688967
658346
440873
202642
955613
879275
-993688
-842535
-624799
-309362
102677
-273793
-28919
663868
-535646
-721837
893483
-743700
712919
987568
-317482
251815
484169
-721059
207673
-28785
-563540
604423
702221
-528443
810971
-671065
-944307
645241
-133462
336393
-563719
290958
-78925
-729538
867099
6688
119494
-44054
195955
72791
785683
-921394
136774
-806852
-311104
579142
-516
-109319
-994477
119840
-798459
800077
-116943
652585
-195272
139877
-461950
213516
-19624
681698
732521
374178
914223
814712
-647930
776203
-814479
15224
-90031
60741
-365884
200069
484770
-117676
772573
585577
-645201
601180
-35468
481385
-896508
-263169
59951
-50665
-397803
662603
806381
691651
454357
-797865
243999
-194108
924305
808773
-220906
509351
-998402
708158
-155368
136599
853649
-379531
-699521
-565870
460550
316563
132085
-384582
23690
275184
-278034
-853568
891825
-722235
367348
742932
724762
390676
-986369
940520
-251134
884351
-218286
437050
-304119
-288820
434176
572553
625145
-949906
645080
740328
348831
-515144
860981
-956700
-417652
-890084
162279
395735
933223
-151537
585078
631866
858061
-800389
-160931
-246990
-252197
277426
-535006
-307734
-477473
981146
-684311
-177234
846503
-418308
150128
787285
670696
-205781
-460374
971518
525519
-133410
-5301
436829
-264421
-326660
298304
80192
509511
114236
649868
-577723
702288
-908296
929012
417938
-577828
606435
-801342
-297099
-895361
16607
-853880
-210037
207470
312052
-215566
-15136
-122761
-646989
395189
-539405
-577423
-949806
450929
921192
-718924
332369
-751669
444007
218955
-172829
161339
182662
272543
194780
-256938
98702
956162
-839012
-955743
348972
-233668
-804539
-514527
-886243
-744224
193426
993668
499519
858234
-120287
-47054
527673
-408083
458012
3983
542737
709762
273533
-454260
-897269
984968
-180527
60101
967817
-286156
156778
120992
-866229
-686893
482106
-59421
531126
124134
774682
-657319
-115518
650016
-76722
-986140
800816
476293
809756
-139386
-601134
775096
718437
-435131
88353
-859893
395633
162694
104774
878675
612561
410778
-526797
-927073
620323
932272
-241439
-687018
-562090
896561
-151259
-851818
-132557
996035
-323679
339842
-37647
-74824
338088
552788
847255
66509
-673616
970293
490211
100973
621977
-394759
-211147
-86955
161125
250700
-94219
516019
-146413
719282
500922
580031
216082
-67633
842338
-354333
396249
-457419
37018
-791677
472548
499614
829377
162010
424271
-501071
749094
577728
-880700
735290
563927
778864
177861
908056
400012
378559
-819446
116605
-324238
-793316
357670
-678683
505992
554761
-507858
-211021
396642
-490441
-963015
-586901
-965042
139203
-863017
-233911
306581
-452434
531845
-169483
-486148
818064
-252200
-88483
-354676
400839
354120
-499702
396395
590244
-794663
-304574
932695
-697803
-760452
702385
628938
-435192
144277
118060
-561352
451234
-91554
782534
2275
-559841
-374322
-59210
-11340
392007
351290
790689
-303795
404342
821651
400600
754895
-301759
-993715
-328027
763170
684607
-700662
-843550
-248439
605040
-695546
-944728
-183087
404055
380630
-123705
-39567
-287349
543908
-730548
989831
657897
-867423
-792925
-56110
24626
862399
-345779
407581
930928
-39518
89957
598669
616962
-191262
853398
-699349
-203047
-352165
624709
-823154
-774646
-371315
-287375
640408
-379025
296221
275440
388899
-500173
-221287
459557
41536
-324312
-932544
880645
-997753
347155
-695659
910146
-230864
-112470
-340441
-775670
384834
-528173
-681335
-323238
-263640
-549618
412841
408564
741517
474925
-334548
175671
-653397
-135693
638498
50466
-548495
686067
-406069
-658932
402407
33864
322900
-390293
868914
-560122
55409
477277
-973610
987894
-655644
-563670
-311207
-654003
-983303
-885345
31246
599260
-715435
-988662
-185920
14660
-461065
425306
514875
-576809
-33462
-787357
-867120
304834
-967989
333455
585451
-73410
-828065
-700789
131531
-450107
-407885
685808
-272146
-975784
393548
312591
65182
-775405
-911190
936245
-964002
915167
644147
-584883
748947
740547
116538
133334
-183554
-495484
-211872
-583782
204746
631857
514169
225538
-61076
-13757
244961
-808039
-74437
-416177
141113
594980
796919
136731
-790149
597557
-486660
441320
310735
-891891
681879
-426969
303873
-196552
599473
733519
-731896
-227380
2096
460250
-468629
-547642
363303
-58061
-985868
888668
393455
972852
940112
198746
74042
969207
850791
640890
-496106
-206167
6281
525655
-159856
-21136
-778787
278682
544307
588621
722222
-396031
434107
-274761
-684430
-617751
-508235
829594
-326568
729721
-270192
-581822
-44968
893109
-696400
179917
489255
307396
-577481
711996
321409
-501721
768433
288139
434703
-428215
-155234
-640218
159046
428402
-229081
-602233
-314044
249963
-109704
-706216
799417
668172
984696
-550912
-439255
600290
422359
627219
398155
-514794
-173276
-72656
43650
240480
850235
-3467
905810
982773
64341
694761
-651907
-295824
622646
-78756
680215
577096
-100778
73955
-30565
712062
-643268
-797437
17611
-320032
-736797
-842180
-45149
-18540
634858
512825
-734264
-894130
-683362
128572
-578
503363
748809
-961864
489139
933051
-717815
633417
-918381
88877
583475
481251
114179
-570043
-232855
-453594
-258536
178346
-190065
377606
-806055
-699905
373998
-242962
87479
-376758
-722060
902301
-164765
-306483
502248
340162
-355555
-235495
-977203
431172
213637
976625
-512415
-61051
-578535
-117322
17873
668974
-387158
-410408
-996464
301962
-924626
552153
60243
729476
950571
-823295
-704432
996091
-579391
295420
249852
-54134
712510
273962
541881
-986216
983360
136062
-655053
-74835
-378692
-466633
-87476
208950
372009
566847
-47793
-501673
339330
-677816
279774
579587
-418951
-203499
723842
-28739
640971
722697
-876082
-194729
567860
40739
797708
-307656
992875
632752
873448
-995254
-973531
-106303
760102
-439214
-614554
148362
486839
885289
-329659
-890999
578671
-221681
758553
39554
45858
-556897
-612241
60640
-662171
877137
756168
-495477
146751
-428813
-723802
586571
-523486
-881938
-191732
134773
502810
-15878
189940
-171456
-49197
773559
-335080
977884
-733441
348957
-922304
798833
827620
-24729
617445
-780053
339307
650390
-795348
-211846
-15588
-899943
130893
735221
25505
-647570
800690
-725111
-645374
-87848
-127565
522260
364890
285445
-150580
647504
-88005
-152537
498513
588048
-10736
641625
991332
-124296
664709
-324368
-674214
483142
889270
108160
98576
-217886
-344741
48475
585254
-300737
-668691
558303
-57542
926975
404189
-769413
-728551
-908606
549619
-804703
444215
-291962
-832973
-983345
-934416
-944958
-92826
-463334
12021
-386019
-231185
-592944
-23369
-787078
521767
421744
492540
-729496
-975737
-573955
176981
-384770
-893959
-4480
776638
-99278
-218180
639002
684810
694843
881919
-802231
879383
690296
-225959
-590004
650981
878133
-487103
-949698
-988369
717198
-206386
167950
-212211
891980
-915293
923677
692173
120717
819682
609677
-388609
-556217
-266519
950741
-421486
-76534
942196
-481569
707712
-33797
-139831
287104
602162
-75024
-917966
-467090
250104
411808
-307847
-129316
690173
-88988
590423
-920638
369319
80412
-680687
275905
521298
557829
-128980
-209804
-344591
-864477
-498175
-73287
-987692
400121
-64106
-109628
-472869
571446
-5144
873114
-23802
-676591
706656
738954
27746
-159518
-458581
-584248
66388
-680171
957536
-947263
21642
-801454
544552
778741
-112601
-188474
66467
740414
-245508
-23859
-203778
423216
417613
-692580
337113
-787712
937411
821784
901503
-428777
766003
716346
-293994
-87403
620195
-8864
300412
-984032
-535618
-422140
-731615
407192
619539
223966
755885
-69384
384257
188321
724985
-974718
-668539
685592
166756
710810
-103784
-330017
264377
453081
499509
690438
-18321
281466
-747872
78663
773408
-833189
-160312
-244723
-151223
-6000
-773270
-775023
902147
362016
72221
-51970
328201
791633
909689
379968
553091
411924
725818
529870
-559351
844143
-112470
-576047
654583
489013
-833626
-456481
24759
-58100
-843653
-270037
831429
-102114
-520644
-396788
-666991
-515599
-122108
902785
-792387
288747
-493282
735391
876549
-25435
-80360
307910
457373
347873
901714
356001
-853049
893426
912609
-502159
-834254
363730
412431
-550223
-87622
-835753
-583190
281846
63657
-595936
102917
205541
526961
172742
-430105
158046
543587
-88326
588258
-899806
665757
827836
732457
568260
-630683
-136745
-964298
-279884
-747933
374207
454037
-10662
897659
-361653
-116535
870380
-333391
-269255
753896
-72056
-584952
590154
-955302
-883047
-733117
642290
411134
-482508
820598
-765435
436781
-674640
527733
-811399
227736
741473
-608720
769076
-837462
145282
501238
12329
-72105
903605
128062
200590
-942704
-244642
287147
-51967
-740133
905012
-939669
216153
-821024
258381
-104998
92878
-199391
6790
-406888
448733
740988
-686141
525913
310390
276781
-58455
239566
162984
-345499
-930147
876895
543833
862876
907633
-414434
463513
359733
507774
851366
-738094
563112
337817
-431216
625459
29766
-762764
586258
837299
712037
-631218
-247751
626891
825054
535486
-679691
179745
-16302
231937
302028
721122
288245
329128
544306
-777390
-831804
-591937
-700928
680359
949589
-424635
444863
975202
630921
55348
446639
696371
-438639
-173404
688093
243421
-539318
-621493
226050
-638822
166396
-810819
-360432
-750583
-969666
438820
-400705
927914
-774578
-473108
-818407
712098
311764
-387980
-952068
-933692
104174
-609252
-494285
-673237
363940
-935978
528927
-240084
626223
968844
321815
-20383
-69824
504311
262411
-218164
-50273
501651
-679809
-847669
-15427
-132353
444802
-470031
168522
-913264
874625
631421
776150
-955949
321056
458636
-800471
-260168
-99634
759750
-199674
66789
266475
-245062
-192156
-539684
760097
858859
146326
725812
363349
-838812
181792
99760
-933981
362120
-6937
111505
-469923
307330
243028
-548298
710541
598909
609298
147613
-24561
582452
-177040
207894
-128470
168731
803395
97918
606806
302157
-219950
-224714
327539
907449
434773
-215573
-270040
-713075
168939
-101422
-424122
-141826
875764
150508
-190279
-712306
13575
-202679
-317789
22505
-346328
546588
709482
-904763
-280430
513738
109472
-182089
-712088
-907943
-503393
-728057
865901
861219
-305593
-210587
-67809
589950
-721974
926570
392565
516916
120257
-225760
28594
600509
-705768
836951
-898168
794435
378906
862389
-414911
495040
-139404
720546
838276
-84942
-520997
-470910
789630
168627
453856
728
-516671
19027
-816065
133604
864025
197291
499943
56988
-507510
529473
290906
384303
-304692
-703103
523738
-354869
837879
814389
430084
-687400
718074
-418743
699799
205432
-126078
-332710
736417
-505810
-630333
-544915
-297541
-501433
-127179
-953230
-146882
276668
-434613
-597039
1175
29880
438955
-713576
860996
698175
-929129
979780
963698
-652927
496006
161758
494906
-971027
-771436
-506792
-742679
-300294
-619643
-101932
314129
218763
-21457
452136
601169
-623638
62473
-909228
-938563
692324
-969405
-24269
53773
156944
509590
-98939
442343
-127324
205709
249095
319237
630356
-202873
-339522
-408016
864221
-368894
-620404
953780
-272955
955881
-407386
-281974
-879256
-235574
601902
655373
-409928
-804140
184024
-144932
-686353
910070
-200452
342415
-319899
-851201
854378
-11943
401778
197237
400753
587577
417244
-683591
739530
-304473
548607
-115567
-219759
229446
-843899
-936643
-360467
496115
-40680
-470523
71108
445811
829754
149539
-562995
-583500
939689
-272156
-352480
-535412
-715315
908668
-216656
-751727
447804
-599896
-836270
-634764
-356467
-151439
-871442
-362510
-16844
726488
-202685
-663607
-342109
-495066
-370877
357525
458785
448645
-840081
-826014
848487
-992862
-248389
-386639
200173
-257066
-330138
903669
-566528
601234
-135339
-939070
-969490
196396
-701567
493323
-922803
171678
-244852
-77168
-978489
162830
-877286
-359487
109757
498129
-973400
-870528
977516
786556
-852280
-952232
79917
371574
-913436
-867584
381758
361258
-852548
-80372
114754
-771320
-266021
-489917
816285
-645707
757982
-139466
-926377
-758032
312821
-806444
16747
-70373
705763
209021
431097
922300
-765037
916141
-822060
353840
781857
442215
996405
613683
132675
-379338
353917
-430284
-828345
-212451
-96976
-347463
199531
-495706
-262673
-488800
113137
-529340
-216171
-710237
372623
32846
753850
-917811
845684
640818
466225
-913851
-583949
-200143
-763815
-15590
967080
294802
-795983
851009
831642
-145611
440970
536263
157189
422107
-551192
98491
-766876
169257
64501
568389
-889258
-261164
355318
557392
-942222
-168431
470218
-919076
6215
163158
-252938
744134
670796
628098
-661327
-318574
269032
545662
-709774
-188786
-56110
499597
104797
863570
391895
666636
-691800
-514259
81361
-964871
-726250
983039
-662342
297462
-816320
889358
120705
139818
-985392
851612
-884260
108098
-957564
-585197
-306568
473817
333296
-949076
-591606
-637674
416502
-708208
-431196
99240
-140260
-290625
-376053
-39378
654517
147661
723668
-815763
-41868
-853571
670314
159227
691442
-529782
-500929
366730
-678158
445068
531918
-39213
-648262
-480166
335123
-400809
78808
997363
-20945
-957529
-176273
-480987
-49165
104279
-572900
-60412
-469508
556195
-51860
195373
334433
-432373
-228649
-66470
823489
-541065
726156
-596720
-700032
819182
-258256
-988054
-371613
935855
426021
751964
-604661
-201157
-553832
-572289
-293078
84525
716719
-901472
-926471
-750441
-751630
-721270
-913032
996326
-803473
452079
-576520
-522537
-311788
-834627
145818
152171
451255
484215
659648
-423744
394795
792616
427451
-700241
488572
77388
716925
422117
331067
-54440
-909078
187539
382334
930567
-106808
-269805
-462127
574589
-43469
296069
-640656
-796626
-177591
744522
-550786
-22538
-480053
-463303
449371
970624
-101125
808106
679044
-446205
261853
-649480
173655
-439023
312563
395606
-929760
111648
-489388
-360104
437774
-751103
169940
-652200
340634
-591967
-810561
489011
476986
-174730
-803136
786024
353606
486666
-719965
-976305
-649975
907952
522401
-581918
996413
47485
99671
940339
-475261
-367248
272547
428765
918330
391083
-302133
294946
173283
781187
791885
-172442
-259807
-159472
110076
924879
502138
-370861
-131982
-191860
-592105
713574
248898
-925807
-739135
-639162
-170366
-553834
-530392
595414
-313387
923015
145062
337770
-202620
-88957
-694111
-757463
-501475
-740971
994509
77652
695043
649883
-675961
167531
887952
-71455
-96591
-298042
990516
51955
-4390
536689
-53209
974422
676381
184274
-859557
225174
207785
23551
773337
-820724
822962
-361757
-322797
538576
543195
292731
754673
-174994
-313258
832782
-301288
-300484
-633206
-939499
-324958
585269
-705825
-507875
161422
431408
397340
11582
517193
-905636
-305175
-593730
-334176
336834
-907950
562161
593008
-334311
593026
-930191
-259291
-917878
317593
842508
539175
921705
-14132
870371
299857
283711
238617
618726
-51906
631525
-138827
-62101
-188430
3459
-181463
-955431
965417
-866362
312872
-94794
618864
-897358
-523243
-17087
-719209
-412269
900780
-857991
-980259
626478
238384
64890
-422250
551269
-738585
-934457
-944789
639331
-826246
-203341
598574
-647091
178161
-120613
-861074
-975806
37677
846201
-510808
-470021
504054
247241
748201
423
169979
940879
-567730
553158
-382946
-858094
16532
309767
836549
274192
-513576
-773278
-964056
-402079
-117518
-968132
382255
802921
455689
904955
200798
389175
-462498
-429438
-998712
-360261
522059
-133006
-353615
-228527
-500440
721884
-944952
-71605
-70181
166563
-860499
822263
-392100
-798861
-360804
895611
-850214
562929
950281
254302
640320
-444781
-456390
-133284
496862
-885659
666505
-810228
-562760
971519
-86120
937768
-167905
432630
-144366
145827
-351466
-640556
-922170
-65888
-647566
745461
685123
853402
922307
-156804
131646
-525524
544293
191134
643499
-529364
393159
-14768
-573954
-78445
652883
-967628
-835145
428723
-811516
172856
485285
-648359
-260075
724526
532422
958561
127075
-133043
-853749
15256
-384855
249807
124658
-919170
465743
-689823
-593575
-905796
108498
157163
96847
-960092
-161544
185092
-709947
517283
-304375
955579
-185528
-218073
765850
750037
882306
316846
-720091
745897
-63115
785086
419157
-415604
479226
769992
-154516
-555300
-329163
-634651
-730004
618447
657444
-781842
-567211
202134
603151
-336627
191740
648995
776301
331067
-841470
103934
-723870
-65072
-332068
-122847
558114
610836
-936679
129256
408158
167220
170106
85693
-80280
612960
-996176
239979
-172061
446136
-685132
-728863
-37300
-20986
76664
-23693
912293
242771
-499013
-981068
-450456
-73153
-126232
-764664
897673
775597
-664659
818699
-714904
-479785
900693
-356009
-232632
971988
676080
701452
740749
-58434
287147
886168
-165820
131556
-328003
704978
754009
134570
-624317
-778613
634625
-339365
-835144
-932285
-835775
-14552
-733435
-657913
-949545
888996
-119461
-760484
-130773
-960077
64395
843595
-221843
479178
874713
349748
-49177
-295923
-642998
512614
138130
990713
53621
354940
-576767
100386
285222
885439
531620
88788
-97717
-706179
-688185
551338
630151
974048
-808436
-424963
688598
436929
634803
-554436
-908718
-879509
100122
-182485
-179179
604960
-46059
663974
938336
900237
-405169
-988860
-776339
538462
596516
819942
-444294
-460314
-943844
-264331
-973745
116370
679749
453096
564025
684826
956103
163237
391078
137342
917253
-250165
344008
629597
650280
949547
180687
198786
776875
-332294
-837915
531180
-75887
-567615
646538
907475
-245931
262447
150556
-572068
382611
773829
868705
-428194
-386015
-852384
-94679
-36652
-584325
337651
957267
-534219
-432160
-996530
-156130
301367
578087
-556423
34250
-655554
-812014
641362
698277
832128
526266
-158339
-749884
-569814
-35356
-671768
-104511
394361
690044
409009
8795
958565
856485
-45000
-331116
514530
203726
959538
-748325
-94383
-804190
494433
480149
-97930
344320
-720865
-295774
234353
287186
-146542
-530027
-605795
-795077
-850660
-831349
254294
556949
-385780
428289
821114
573938
-682036
335030
355291
793756
898543
-33786
783664
-729562
39546
-344036
-97930
162783
-832464
860925
-91493
-441500
-633424
-646783
751350
68855
-348805
-568237
-383075
936967
833855
-601248
-957941
-258567
-218034
636695
-671055
640174
182600
-407976
771673
-121831
-879244
-753174
-167192
45954
213295
-956941
-908457
-903989
912220
31246
-446564
964642
-62510
-891932
-135078
786692
598847
202634
492190
-197611
-124357
-162002
-679174
-949375
-450351
801684
-495898
549735
-800086
344360
178064
188865
-260802
-161171
895687
-145528
503653
258239
-238049
-75448
-272520
-3307
886883
-642052
-534032
605418
907996
787605
-141448
-488847
67008
782656
-329644
712556
424572
-530041
700511
837431
441959
-551077
815732
741383
-786690
426158
-449074
993304
28244
619663
826196
476738
815848
862226
241868
82996
-996610
818855
844979
228420
-102582
924563
180381
-55012
-106190
91227
683039
478459
482035
-189998
703146
138168
204794
374120
-582266
518851
-930945
-903774
-782995
613127
-370729
220196
640705
607206
50366
366456
-766790
790391
-513951
214622
-977794
-179348
-763219
-829873
-999133
-968646
57714
717845
782687
-793100
-820819
177913
-500802
-994985
702863
-344381
-931119
-304352
-524305
-886702
939828
484779
-324615
-582059
264268
522039
578390
779833
-344788
822758
496143
-666391
831209
344821
743761
-309038
-295533
-38924
664945
361219
-567588
-781649
730979
-43738
687315
490962
-550595
-97084
-239055
-208781
103909
-970323
951311
-256589
153717
-682051
463023
-140205
-398370
-579731
-62451
384940
-509739
-479178
799476
563728
-338208
496252
-185555
5220
443314
688986
779182
-560594
265617
133928
-607368
-662791
25167
-883709
-972268
253976
-898276
-100559
181105
418369
-463118
607681
-650274
765486
-496354
250550
-958459
794570
-899525
-2466
-922862
-387734
-652175
434989
-899414
-359197
-711761
651049
852308
888205
-359538
-643816
-922453
-105364
-747621
-363713
-157419
87769
-724803
575048
-403821
-235618
-927379
810884
-56852
-763632
317867
969398
-270673
-466728
206222
902927
448422
930620
360404
-530113
748582
12760
421446
-561972
548787
43023
-252713
94996
604579
102290
-116343
539010
-340134
842619
51139
-677859
938537
-444141
796133
578404
215908
742959
-995847
-340283
174003
-541079
459189
988711
-486602
300242
4566
-343908
135409
851616
389678
638552
-904255
766609
-291054
172327
266861
733600
317784
-604201
-280082
607915
308013
524617
-261973
678929
67307
363551
567363
-231550
-279979
-309502
-412773
-112671
-513223
-472037
-911221
176247
-872371
-939878
-586533
636263
-674330
-13581
-345114
-802749
-136362
-943381
358209
237800
4425
-210247
-173372
-542077
-684718
817349
425640
-441898
-380263
-91909
932733
-210134
952096
458444
-285357
54011
-524661
-648733
839039
380004
-4574
231918
-16422
-827064
948513
754652
-425517
-1630
300999
345646
897625
424996
35294
476611
223416
-299743
-638801
-821174
141069
-445398
153183
-771588
446704
3923
663469
-569831
687949
-586492
-416239
707728
-107471
987142
242169
-770557
-650538
643716
383404
-701290
-577387
729638
72958
135704
337620
-112247
823055
782058
-70254
923445
-211440
-379762
631472
-62940
-79217
483194
442682
539061
226918
834037
711816
-909584
-719561
-882976
-402725
821537
345447
-551554
594547
-233814
-202158
-543299
-147418
423247
-868824
-649630
10717
750441
569508
19334
-397429
311649
627645
988459
-85856
-375622
399061
-388347
606648
-460696
-722519
-598316
311111
-506674
475020
624074
-578068
-872976
-301860
-243025
527814
222027
-941488
-804046
913963
353248
405018
-351949
-624615
355113
689263
-84787
-428299
50432
-988994
-841576
268823
-750800
-200057
-694735
703511
-302375
828663
432582
-191895
489717
-673495
657370
879445
-34176
-997424
-709327
75194
-906137
745605
-712825
833721
-707809
-550100
-444427
95003
589665
429158
849434
111176
381217
694595
526955
697401
-707110
-169281
192345
-849555
-825481
591219
-721660
-684528
144609
-421595
234325
727003
463708
791149
111651
-838864
-878262
144198
-590391
291247
-872944
631821
-819705
689670
-258326
878218
-538847
947182
288432
330744
890093
-69656
194043
-789655
-911201
-288538
-530436
-717418
-108179
71032
852770
-658687
544660
-176604
573215
-520620
14219
998067
-856266
-571877
-482626
843007
-468424
670844
-831343
-213923
698351
-326463
-803321
374048
-7081
797903
-407663
931348
-599328
-142130
-462834
995075
-139635
-673771
-328877
231849
657166
-77981
-491737
-474643
713046
597749
477737
-79632
-591026
-517885
644427
-344065
726956
750026
166887
865254
775453
351959
273097
352845
-856916
365143
-767714
121960
-187833
522083
-941120
-716058
-415332
-931469
-266379
-14619
-738089
274945
984616
-679456
-502840
-704083
156212
516352
580791
948149
836861
-53796
-838299
-960623
614423
635161
-323792
162737
-610190
853816
414835
742235
-438915
-101646
-420198
-423547
-188785
-256648
-502168
-929625
-130089
-692451
-731458
211461
610006
587166
-384412
-481497
-982293
762717
283769
593883
-772867
-119178
269568
207846
-664527
-412249
-517727
-113405
109674
209782
75411
742998
-107517
-303780
-763016
638356
-825776
389568
-221979
117420
-369981
-203880
245943
847987
-248051
-385314
781929
89205
-837999
-439354
746782
628071
-59308
633140
-76381
-86011
-176660
805761
-542275
127542
534700
-823902
669728
-531232
-249615
-969285
-806524
884132
867503
581416
-335889
969027
792173
357893
-384001
399942
-350652
-616187
-692773
-659223
62849
-620540
-842102
597115
275323
688552
857960
858562
485980
-752027
-514796
996760
945615
260261
380891
306772
-617519
-158162
881772
-77549
-209390
896425
-91024
667033
-999371
-859446
-75457
-495727
-344084
494192
-667171
-132893
-596642
40759
-878034
-266590
326391
480360
-545852
-211831
286614
-517079
114458
-340526
-622852
301035
-267756
561599
-303414
624813
-13876
-842259
-337407
-258131
-909175
655620
-253064
969285
-545031
-755396
-255818
272537
610997
-62888
287623
-518957
-135329
563547
475485
479012
-447290
-823712
-950298
873268
719961
-852767
259288
80597
898131
928854
314045
981262
-973553
150168
-975846
-332101
834362
-429303
-57594
14698
250813
-506352
439073
693675
-781804
-796150
388743
504084
-726868
494653
290117
-205504
-924833
168842
-505779
-501919
-361818
-517620
767072
842869
706275
313606
723725
-989981
-783205
-61250
-923337
-400218
986962
836836
315372
-597915
-266514
-455303
-329271
-272822
-256623
186821
-512703
-404693
139234
-392137
739964
-742339
-683643
-407687
136833
415310
-114218
-771222
-151126
269246
-182127
-559852
-642723
920044
636721
501694
-305730
-329910
250254
-657876
36990
828385
574150
-114834
818646
521891
-455603
-668325
-759111
132145
-779446
820211
-688021
-349136
37709
-85113
-422850
-400353
-338387
173268
572778
-149912
-603632
-934298
251825
-353501
297636
-170726
329098
697386
650326
-340692
938663
-598728
840607
-688021
246208
-532015
-40309
184876
-861789
925706
-204353
-114792
-58889
-922975
357632
-630278
-891416
-674727
-27306
-598504
-433158
-961622
118329
-478734
784034
-414964
369955
5544
866732
916466
257965
-600699
-700325
349313
280920
-751875
-38357
-481584
562777
-776041
990621
-92900
852473
-84192
647160
694078
-132570
530341
401039
-812260
652093
495081
-515442
-78160
599202
218972
-894103
-606676
178037
-199691
-479699
-289249
-784225
177705
-140838
541858
764887
-85918
47389
-200241
-123663
411942
969598
-65523
472010
556214
394750
-67017
-220444
-328476
539299
-688557
398623
336507
-716978
-814270
-803083
-845729
-677282
942909
20329
-317121
183457
692619
772134
-368252
-530343
356419
937291
101825
641964
-520972
-513704
-399773
-776809
-962641
309087
-335802
213408
937505
527990
-477000
-991073
852397
-278635
957040
64105
-353360
24435
-116471
329808
827061
-83729
915864
-225602
-283556
947726
380461
-116300
406287
-722231
647252
-875922
-253070
316618
628429
-886020
959163
-399487
-126313
-793280
5951
243328
-576916
749362
581542
-550340
-661240
865853
188106
10563
-132444
-304352
-611909
20154
115196
-206720
823808
368914
778774
382079
-970904
455727
121525
686049
-623196
788362
-415983
16255
202865
231032
-114028
-918046
-747978
-950467
687437
826715
-699727
809222
-158409
-737308
-43090
358953
692013
-841822
-407236
-203118
-823533
-600375
-159538
-714457
-529582
-779567
-198375
-787586
257483
2033
-579668
-314947
-381567
614136
-577956
593227
171122
593832
-142239
-445979
976961
-442301
-657062
691777
220439
-641559
-972468
166547
274180
-858992
406494
-522992
653087
756614
-793543
350588
-362154
617510
657818
-216144
248129
199561
368085
-698184
578599
-591241
122550
-526723
-275937
40776
312916
-516229
-236528
-903035
-80534
-122022
-954407
-518125
277668
-524632
-565735
947797
-75297
427257
351372
-105391
470703
-255448
504446
-595686
331294
-187073
-462823
-981983
615567
-774339
847087
-301621
633832
39239
-337075
-409017
-918648
301804
-867624
696181
495612
-440556
-59119
-360042
-668230
-689161
-850796
-985812
-216311
714462
-859784
-13107
-600498
-246627
-458780
934818
-636652
-950186
147047
341626
276255
-853023
-332920
146901
-886319
-581489
533689
549984
-674804
-486816
381646
-830717
588660
732569
408133
114277
514404
-629886
41646
-408437
616499
588710
-248919
-145945
-693345
-210729
-132149
551852
-816864
685175
-681557
-309754
884602
-400437
-238225
-230686
309016
-394537
933433
-345371
-432624
-119028
-908707
-67149
547408
-743593
598347
735344
297804
-452078
310376
954628
47197
-810663
273280
-587179
69986
-594405
-682694
864237
114560
209234
-886751
665067
628862
431387
-996617
-799597
-375633
750048
-846562
-91391
-546446
698282
-50738
605878
971124
668823
916095
339981
503584
-808861
621077
-796726
287593
712480
-871125
400253
46284
46436
853882
-465609
-52479
531329
946904
-611007
-60490
618560
-722276
-395206
403607
971997
-131195
-479702
289432
-982459
-789784
-105764
727514
508695
832558
-575257
-448878
-226965
-973601
297183
-946790
860356
362571
-513328
584192
100866
426433
975983
438869
-313901
121328
320841
-943364
27992
-109157
45023
-265974
923030
592307
-284803
-482412
-705280
-509692
-178397
761369
702183
385264
732298
183367
-178950
821926
347232
-272926
-683760
-581637
-526307
535951
631361
471787
39328
-978486
573617
-302033
88219
25692
-897405
-619589
899758
-863299
-550352
-126295
-512560
962701
564185
-315079
290676
387755
332123
-853408
-432026
490542
-378977
-661528
-780954
-934225
498286
-979636
-186230
-70499
-332160
366368
244405
552351
244446
827664
222790
772152
246097
727596
710082
-186108
-785848
97941
915904
-395785
-701917
506446
162050
-676081
-855303
503716
622655
-651995
654900
24440
-917926
-123132
-495445
-661876
-737677
-774038
734797
-105823
-622696
-219748
-892780
380938
-981895
330991
-230447
18448
714262
51951
284968
193890
-445573
-791366
-139495
-984307
-790119
-912359
-91454
318290
520535
814580
708901
336672
-763301
62461
291987
-107717
-931197
570979
856797
647025
364409
-450437
-570955
-131290
-773590
-594842
-577151
797349
-651885
-354135
-314627
549763
-108834
913712
-72348
696288
145025
-576632
-98461
-713097
259841
974889
-537623
-703582
841703
856483
520518
689480
506643
-921147
-796423
-598720
-184981
-518038
-449382
574583
890239
470277
-596219
378637
488622
757639
311205
673658
-118434
908787
614688
-587610
439901
-236782
-964944
763785
-158699
604106
-197103
-674473
-217104
-468826
-991911
490572
251146
353085
-844577
48130
-455771
676269
-754362
-673182
-620150
926843
389651
-650409
419099
106254
-103717
908800
-256608
232181
943001
169760
-696520
-972082
-5814
-682163
-555313
625475
-599108
-464339
-469382
622113
657633
800470
-508952
-265818
805322
372942
982811
-548451
795538
818571
716150
-711307
144467
865070
-932875
-83293
829670
-305021
-151362
-700005
-725885
-213322
327625
-188204
-897443
617754
649448
863046
-81742
-404972
-444035
342718
-327871
789416
-670343
-394759
-636053
-343447
-342482
-200639
15815
837779
-796358
-588148
282514
51162
-726705
926312
-349537
-334489
-419804
326376
589479
840513
131839
-713566
-240477
-622445
702900
120839
276532
151865
-718605
46931
867049
581984
-95565
946194
-524747
982546
-601555
-693547
365640
59577
186639
-560130
690527
872396
87851
-972516
-845249
-972006
539137
-391419
562828
748334
634661
-373700
287761
-689040
335629
-19470
798141
-478759
465101
669115
233727
527183
-693353
-308582
-522323
322634
972409
588236
785741
377545
-245008
-20149
-898852
838611
782160
141200
-15065
-369146
-510409
-248399
162618
415175
256080
526515
941192
557860
-857610
547805
-463756
650449
45886
400671
-253970
-252427
706425
-333930
642484
97615
608601
192670
-574137
-148250
-615184
66734
487440
-998817
-632556
810494
531457
122092
-365561
46989
-607837
661009
-527398
-423119
800119
940195
-593580
-689531
176341
-568435
390775
-868998
-819884
-316951
-344046
-445612
201472
-544819
-426555
-927481
454282
576494
680368
-912374
-589051
-748998
-361739
864664
-182189
633247
-377793
498547
1636
-330703
781537
891149
-33834
910503
586924
-630337
583934
663452
-61948
129018
778945
-389983
-82121
67081
-600130
-509325
-854236
233217
749378
-483385
993622
-104339
291812
-273538
-67919
76895
335885
54980
773360
490952
366551
-289128
14273
-260413
967310
-859488
631475
-841704
-937321
-886639
-300874
-103732
-555758
971248
-953952
-742194
-522815
-688018
580432
679373
861052
-699309
-304686
501798
-374705
85588
-452746
915196
-986250
808844
-323682
-740162
827604
479258
841864
665717
275037
797758
922326
-304363
142649
693478
238752
-991089
323668
477855
-121509
878432
66155
481242
170337
129481
-413670
-777659
238955
932178
749086
862065
-728097
404210
185813
-547888
362615
-642866
-362341
473492
427066
-498622
879769
164521
122665
-29645
-270048
-517554
-410463
179373
-711305
-104572
198186
72061
-435222
-865274
450310
475209
214918
713798
250443
421814
313814
-838105
-741372
580057
480350
-43474
-611113
7634
166601
-522838
462922
-634473
-55233
-687102
-330390
30206
-694350
-92158
63648
523135
957069
-141830
867305
105514
-502000
404671
-969426
-120798
-513906
-423766
907329
-218599
-662413
360598
404418
-156742
483580
22049
-784933
246346
-462048
90630
-485959
-588939
275496
-196937
-566221
-798202
-166704
272748
-24512
669161
176975
206110
669399
387085
827494
711778
696512
736619
-334329
-438690
588790
517839
439132
787756
-108724
-977058
455777
910372
-997598
431380
-305020
-795191
910995
-365018
-916126
-79510
-341170
653326
50840
-910013
683932
-866069
354869
-780600
-548882
404912
-454613
-271010
-162923
533800
-150037
152801
467760
-230483
474673
-800530
61361
487129
-863108
-21389
-163553
-397624
-13377
-77114
679603
-214719
-164291
347597
-106916
754931
981066
-808461
129148
-990178
-519527
859656
-719531
-120005
201176
678119
218442
212181
901679
-261530
413585
-806951
-465483
18348
-535015
-759091
-620992
105794
980200
-331950
513657
89245
-858133
-554027
-490471
34533
-234931
80002
203256
-314502
-911698
400375
-802237
-272268
162329
-699372
517123
461058
716256
771534
231110
795706
305773
759289
428825
-170700
-335698
229441
237999
-797836
-639931
-165115
804961
-200433
393137
903418
-428416
735956
-402825
63295
-900461
-293327
-639358
-962397
-93985
-103990
667095
-320561
34338
197378
-746360
91450
643142
811042
-169956
832220
-63173
-965183
541306
-114642
464631
387454
-509681
-839754
-222801
820878
-782704
-579952
280756
-405294
922351
505056
-185102
629475
-937479
882733
-871591
-36808
25684
-808280
627486
190928
-81220
-623966
857197
120997
549668
607869
-480321
-510857
-74871
803197
-49862
-684755
603314
-770563
898526
-278919
-477338
147563
870636
-724387
612998
375185
-523661
-643256
-66491
-555266
460810
-364490
-172149
-190950
842226
50914
-373563
-329859
-486256
485211
-853492
419431
-398206
991081
566926
-679829
338475
812868
777075
51714
91590
912821
-868459
904714
552057
579203
379894
190999
901991
-486731
-409742
594465
681029
-732445
-155676
-668833
742157
232119
-444071
892296
-269088
-97362
-783926
161451
663215
-451634
203115
-112642
26797
328308
-103419
640135
751056
671243
792320
331531
-806560
-922094
921962
661680
-336487
-389241
164159
907891
-439654
-583578
317846
-525201
-197374
244214
-825750
-103220
-423546
-918547
-180063
-382736
-622545
-543096
-725540
-992982
-56096
-685723
-374406
-406087
428783
-531055
865329
493617
648149
-353043
-316330
688998
5055
-45426
-664298
-904404
785904
-255968
-148061
458085
391862
-688666
-956031
547137
-95811
-400716
631863
77880
791575
121874
-440169
-965394
-742243
839408
-366403
287295
607554
-842580
173161
-362164
-850212
641843
-736888
613596
586337
474536
347185
-566370
-2126
473144
-727085
-956845
821529
871235
831768
927150
931504
-452277
683379
751068
-282552
-430593
-763651
-807187
-915504
262086
123438
-595034
-761219
141048
-58462
461605
-417921
-377524
703862
671524
424548
575645
-193448
-224311
474013
470144
-747234
-470117
526455
-975785
563371
101225
-189434
-449064
510732
715446
591117
-510097
972502
388205
586421
722384
-566312
-414458
-465722
510267
-916056
-781992
-645577
-40672
-172312
465620
-257989
-344126
906888
-861115
876390
-357149
-419951
686384
981907
-515763
799882
-127617
236153
213785
-980804
-673391
109599
-819636
506715
250163
172455
546910
379395
-323670
367628
588787
-172868
-209978
541730
-563289
418152
834109
36895
800400
-29036
294227
345319
659443
-812886
866477
-990929
-146237
49143
-45180
-194229
56891
-325172
-526389
861691
-362727
669560
461754
-152824
-140973
-297157
392660
424291
872190
-873783
-297536
7209
-629479
514492
-855873
-331037
-188664
-833368
257377
788039
621227
-130513
859657
915513
769308
604567
-673746
-150002
496822
334395
-767181
-38880
160081
404162
-462270
-422799
389350
413746
-833920
212728
-342822
-687531
703486
-853248
-666556
-95259
-601649
587663
17486
-32149
100522
-43671
-120561
694611
558579
-7591
369660
-814893
-232450
-298552
355091
-757942
-173224
35970
-556720
-77471
679469
-512057
-355247
-114787
-91138
486262
-249076
366204
580685
-22489
-240648
-930515
-222041
337498
-387468
78354
456952
-413679
621539
384194
-107693
-223350
55947
510192
-971940
431340
367778
28867
-797149
444934
-531487
-227432
-187447
968781
446785
-89758
-151689
503978
646998
113182
681892
217155
575577
341039
879396
956002
48485
-654207
535896
-716809
261618
-994120
778225
-617741
417909
781470
-614403
-912623
-248247
-156229
-162846
151209
151366
863749
727907
-52692
-303184
-188878
-511050
-192023
-426852
-402645
542904
457826
883874
-230212
-980904
-221213
918792
102437
652123
11516
-94821
-812591
870689
38588
342196
124069
-224432
-176334
-362086
-810116
-806532
-261198
-198111
80638
85094
-925012
649311
-698762
885829
807033
-71330
830039
102168
-905901
68285
-522291
-791166
-528087
-996252
81922
802090
-465992
218868
-711165
-203830
-902455
-707401
785897
-682425
-227776
426689
202596
765977
467717
513522
927737
458320
129093
678994
-490674
287309
551578
830992
-63949
-308445
-53131
-809881
184800
358412
-157490
254272
730984
880440
106731
187556
174583
-38943
-478057
-919769
616083
964498
622469
722929
301771
-468666
378023
-890566
-277450
-215127
777616
39480
487746
-681152
783039
-47602
-3535
-541013
303014
511835
824536
-398238
832388
-92371
146616
638957
585488
472548
42776
41341
897144
923719
-265583
539235
-225593
-115746
-104877
715517
312562
-241025
720017
-639824
-217795
-991488
459799
803308
-999863
-280693
-640737
-376876
10393
-515692
-465361
925732
-42692
-343644
274928
626387
396624
-829111
419718
-196894
915733
-926602
823780
668743
-862141
-755387
120043
289496
-232886
946102
488318
65815
238717
-681183
-705913
-738830
907002
638538
-629554
626145
-349661
-565257
179068
406420
775954
677206
-811794
-388830
309293
224935
897109
536167
116494
-772214
-976534
330882
-730592
-838359
-141286
39656
679226
893872
864886
713262
-786203
662972
702206
-193217
683382
-387821
189926
-819859
-56524
452843
609449
-939260
-104395
343022
-606734
-530352
-532660
-176253
610846
-696137
-725355
236804
-709206
-357296
-838566
-422701
385463
327549
-491207
-743247
447904
458172
-719838
377396
621579
-122337
846564
-107107
-384519
-125817
-670687
-252916
927903
722298
-466087
844363
438033
483139
-378567
-349352
824968
555488
-857742
-860706
-877444
820384
-477633
637422
-435110
-54736
-502321
-808979
16015
949202
-716417
-413442
123222
641545
-145499
-47133
53353
-84985
-49260
347549
730338
-476752
-420430
-190918
-927715
-926542
857822
261533
-941282
990362
905201
-956107
972205
-583855
-439879
-208276
-950050
906673
-316754
583682
727000
-643362
-679830
-393742
-901682
209703
464882
580449
260074
492069
-537685
-631574
-388541
437185
169779
-377873
472898
-618018
-202375
238824
-315536
79961
863017
-237424
169681
830027
419753
688374
60890
-117707
317151
124839
441615
339605
-155142
837321
-872981
-854707
-475147
-735361
-638309
997318
161238
200036
-563710
-797561
-260010
766796
510117
444017
367706
-421965
311133
-966993
-896503
114080
-94219
418630
-364049
-936384
474176
-877471
19398
541125
227729
204604
-843717
729076
-52979
-800858
217400
315203
-301747
-212043
531515
665630
-435115
965472
-206180
-667931
746472
-355108
16862
-984507
-903010
-270969
-706241
-650027
-988069
667225
-716978
642797
-2550
699168
-482756
-847603
-365988
-102608
546258
186110
674652
937818
-152263
463033
360242
-189855
277670
400143
203106
333749
522615
-798416
394322
859638
54333
-504823
768984
744755
-579824
-305451
62619
-402175
404578
230007
-762891
448940
389314
-490476
-198517
876782
-245162
68742
385631
372680
725765
-98100
-577344
-238916
-972548
251950
53133
-759450
520915
768047
758991
171423
674611
566338
938046
-69219
739904
411100
346112
335030
-298734
-538898
-299711
-370164
-676692
-315230
-285595
-831289
-62133
-714720
548954
-506872
-935882
-948939
-556213
-651775
621319
-404781
-252569
534105
-755618
322843
172239
-932193
382147
-328584
-661665
-154654
158151
-714789
363527
447281
-273372
151632
-468053
-743457
899415
890559
222461
866161
600795
635679
832914
-736685
764770
-775309
372876
-206288
538321
-631578
532698
151534
103662
-127903
657759
7557
57695
-756499
523385
292880
274292
-495978
410716
-811719
470232
-723014
955712
-252272
-256245
-800041
692416
-252824
238513
89664
234427
-893857
-477484
979778
346181
36770
-56615
-254570
-839239
-756693
-436350
-102379
886742
-52396
-971182
-876133
-56390
489306
-27543
57322
-239082
322544
-647945
-430465
729891
-22083
-159995
-818854
-304880
258131
-892961
825899
-324637
126064
263782
469418
232295
-18979
-71354
996484
336909
785562
-277425
-880974
577130
371934
-391663
338205
400721
-813696
-125639
563580
475381
-638317
-421348
-917678
218761
-366924
559499
-250116
146089
-692462
-578079
695007
842019
42473
-235360
-528475
-732288
163822
947423
-166432
-244479
804044
624202
939413
854822
943199
300435
217573
-798888
358792
695385
155198
-226430
416583
-657674
-702314
274414
987395
778772
173756
600548
275024
-91645
-317288
884741
-956722
-25893
-533791
809185
-609682
-218487
447772
68128
-174270
-766354
5049
139021
360863
-115793
517691
76479
-984264
-361389
792214
-646251
-549899
-451115
124229
-683370
-537114
433302
363725
541958
425868
-997540
-574973
346083
421876
301667
97296
-184574
517588
-19712
13411
325040
-884184
-140585
-122821
-257719
-205611
-833751
510987
498562
-337237
-511843
-298331
933346
732783
-984179
-433859
-159117
421300
910258
-166510
985254
28277
-906738
948906
50125
-146367
-448787
-537250
502774
-856053
615637
-750272
657001
-631628
77132
545690
-86722
722648
664713
376926
85486
649425
184642
405287
225036
-165541
188134
478495
-188909
-102848
-699973
-71804
-891652
-920186
-777741
125622
-874414
-232251
-40363
-251135
-454726
896439
-290605
-544248
653738
-662206
-439130
-118810
-62664
-438803
-360830
-27707
18014
390513
-787851
396435
607215
961461
-486986
-796129
-507824
-410274
-900415
153517
512766
-564054
342155
-726780
93686
-494626
43982
-850609
-998770
744698
-96717
-861002
680757
935177
240198
593135
431586
-900797
634090
-617280
174520
-974535
454234
652225
886656
-93351
-713803
337364
-170553
-439110
358835
921738
77202
-563358
-941253
871709
852701
403665
685886
-802964
-617758
-944518
-210986
839529
830896
235719
375803
971248
734509
929705
-71051
554771
-771764
109680
100998
631358
-173878
123887
-657136
-818574
-866243
-104238
-432166
-275447
-761360
-442597
-923372
943922
888559
-595229
-324751
128416
-764561
-279694
292980
560899
-554901
725381
-919612
-258857
-181249
-335045
-72477
-547133
283107
408507
830138
328327
-488090
-524026
-242254
50219
-655541
-462424
418148
376181
-635159
749002
-36139
166001
-857850
871337
-696548
-554675
415327
606737
-423545
-204986
278986
586283
990279
-86056
-650148
310550
-466100
-867257
323416
-282507
930435
-758363
-227161
-441274
233664
409390
-795666
-568640
973816
567377
-84957
413069
993447
-39088
633816
403721
-618771
-347131
336040
-402000
-758122
73517
-844606
333045
-701178
280217
-645482
-876316
-860485
308467
410291
583136
46661
-233581
-473516
127898
-766971
610492
-49086
-569828
-226318
-633854
724947
-440603
-800721
-652423
65399
267883
-823733
-896677
881323
749079
451105
-796354
912046
806850
-585454
407001
433392
263863
-214495
-433136
961277
-622000
-924154
922854
-203556
65765
788113
-47727
303219
968939
841181
463008
484544
624168
-635336
404240
-249134
-956916
-107697
269189
-362325
648457
-623028
525705
558397
886737
24197
-201655
433327
-426889
448981
-861877
212003
880428
971882
-51383
659144
533529
376925
-415465
-703205
976252
935520
814740
-531368
-84707
999342
-501805
709950
-237813
-961734
-79132
-455345
-316228
-907960
386580
778921
958300
385839
496616
-434443
-601084
-902334
-478732
136212
281828
300495
-777345
-279730
-580563
325417
489990
-406614
124592
-243782
533890
-805081
232953
-586271
-853994
-846285
317397
277478
-40428
-394049
-465783
-883106
-373721
912019
849897
415897
936426
-973430
-462680
818912
-495111
-964528
881527
-276000
-443983
-17483
-22241
498422
282753
434604
-160973
261394
-408067
-468591
741547
168824
137232
648033
310558
-397473
310376
534267
708036
-308437
656570
695187
416386
759303
-615115
722888
273520
268046
-605299
880656
-190857
-32513
-306445
219809
707125
533038
484075
569848
-18806
148427
-820280
-126896
191818
-195023
-674567
-399165
-180052
-184204
-673684
877657
5190
-758145
357098
-554976
-213735
-611421
-817738
238273
-92977
-232845
-349849
-129963
170376
254666
-510660
-383365
867782
-463577
647476
878514
-782871
288130
-726424
-994493
-112322
545619
-912123
808386
234615
-651739
778473
753859
-190342
-288290
-388321
857551
5369
-924711
991378
-852824
-575004
-472759
-230545
268249
152283
88279
-957274
557882
827063
137511
-898675
631639
-789917
-626711
-728202
656893
-334046
546302
576680
882605
518251
446447
-597095
-33653
498558
-187113
-958649
-962704
865292
957561
15912
683582
964532
527880
582316
823943
-362600
557205
265694
-961596
125830
192758
685748
-560684
329156
-433668
443445
909029
-828542
-617787
293665
240204
360294
-731602
504338
-280660
-223054
772948
-24397
-104869
7816
-64319
629476
343309
569383
189825
186378
110765
-964338
-608746
458637
23907
-652318
-921490
-181861
-30751
-925450
886006
138674
56911
-144842
146931
255391
-736678
-165380
531343
96707
-602557
-469283
879844
198909
398984
-180219
-210055
556524
-658098
-685942
439827
432607
371978
104479
-472085
-82765
-181381
600016
438508
133247
-361338
609212
-399970
842819
145514
514093
354814
117123
-844756
749408
203237
834609
559826
-925252
444491
321637
701443
763507
238493
532575
-616377
940296
511318
-518599
-961339
-414637
710948
516517
820645
489170
585443
914211
757440
923546
417746
-893915
878081
824600
-924906
-773635
-39129
-530176
-126545
-569721
119873
-368996
-148169
504363
-637377
427483
-64780
-251701
-911740
996747
187443
756971
-788975
-792609
-634514
-280826
886520
-172759
371005
875239
208216
758194
220136
324127
-393815
995354
614483
845424
-905626
-915307
715221
981200
545774
594760
-340185
77763
-189121
495588
425415
-597300
-148350
533900
739178
-382565
734514
509325
-748772
695680
786625
-978047
895650
371068
-682597
-824723
-525789
416983
-300684
301168
582765
41468
-990791
-607372
-490255
-134420
-731166
598972
-537215
413975
-330076
-581930
-57066
300184
-818652
-188593
583877
196607
733829
579142
877728
775181
497435
846726
447744
378522
-121999
492721
388748
-666309
-374277
-942578
-148189
293387
714538
753877
997031
-840318
907158
312409
421547
-961412
-727890
463388
-37346
7340
948608
-870325
347431
-121855
244776
617524
-370935
670902
-89296
-904464
-965891
-750440
-715009
133608
364721
-390025
-246130
-961960
-121827
184882
-829071
-329983
-758245
153870
221491
-812018
-283070
523747
296896
-115304
684082
-775642
257000
190353
-948175
151895
-848082
-154538
740394
503171
23271
47133
64545
656435
-602508
-381836
-427266
-622683
388027
-171155
-394050
-467630
210443
632127
-658397
762630
-5745
959046
773874
546596
905143
315205
699752
8683
56231
405467
311368
848817
-752354
-302952
-74087
-283659
-928361
446487
-369092
-22494
15463
199984
-903081
-134703
928802
217316
-403564
-35274
647048
886686
775277
-74197
55178
-182394
528994
-885293
-274076
-171874
-632127
-864317
361260
-839951
-690221
-163618
811883
760894
-173020
112070
-939927
977037
-779186
-566447
-851822
205775
428921
335650
-579066
98719
836220
-402904
857998
-615801
972312
319435
-857493
457045
-286742
858812
294794
-662339
568512
-816670
-789307
-716864
199410
929659
-685329
-825071
631251
-390051
-856564
569336
369279
736474
-121179
-300757
451437
-377780
838575
-446361
-102274
-180445
46407
959814
-489371
939563
100352
-870596
-451815
296449
-706834
167246
656071
-158223
-802975
-49344
552616
-617689
698014
667092
-742344
993355
-690172
189999
-386427
-80510
-839653
-629276
-794349
-156807
120187
-768305
-636240
777853
470701
-878695
-168116
-552612
-581818
386773
702486
-132661
123225
-995737
735956
98291
-987404
112855
324294
433346
12299
10505
691722
-851021
-998649
-341526
193482
322329
-339646
-132323
401718
-544267
975829
423098
520938
274392
-199894
-868273
-789531
299131
-96716
-483057
441677
193233
575762
31135
-177779
611205
131454
-258336
-412768
-412421
210676
-582691
900787
-715512
331579
-609200
-38237
33145
-300524
36165
224535
-954484
-894520
436384
291167
235244
161796
409023
129018
-424729
-996635
456687
791382
-184978
599016
756871
-418645
-276829
-262445
-802339
776031
-256005
159085
-447713
510177
204837
-945366
606446
897752
-739255
-616444
-309707
652953
-705743
-715927
449555
-487418
-754078
-793074
-782452
-777467
-600235
-102532
612438
953923
679074
-34566
-795103
656680
-737444
-496971
712416
-81521
423248
-842495
-294450
481648
916757
-207623
-476726
661193
-77355
-613109
-829831
357348
-799059
-341542
-640645
659379
-491411
758577
973682
573136
580812
237542
-191732
-485737
-91708
-126832
-755976
-579772
945992
-52846
-517025
405794
337147
-438460
311835
-73785
85091
-210943
640615
541534
259875
902079
353288
946930
839171
898175
207290
333731
-268747
710451
-816743
85600
-798365
-246058
55973
219304
908134
794609
460272
269158
-250970
-179639
-215694
-847390
166204
-714947
-349498
69969
-671097
-200525
643180
-355409
461823
198535
-416087
-385490
-766654
344281
-995878
-47272
-222498
153985
-910608
36190
971282
296634
-255121
151888
605014
-532580
-395985
-942296
387380
612820
-306715
-624032
864647
-556658
128036
-245301
-514611
190695
-175089
-127592
-182305
-33970
262475
183649
825719
619565
-174745
-34570
314836
-812929
-351215
891464
491514
-243638
-860983
351553
-191824
22112
-43358
436830
992447
200302
-241816
578045
-586428
628515
419320
-269528
206622
646650
497663
428481
-386619
690037
-873016
-224436
-901959
-473674
-222209
-770319
-541379
735568
-352932
958543
295551
-310149
398696
136803
472131
478140
670862
-270261
47039
-810600
635727
20935
-366350
528997
-418914
536904
-960467
-741540
536871
844508
695088
611399
657071
-84864
-148227
-905828
313139
-584940
727028
-935217
797558
-80732
405301
-71721
-39852
353099
159614
-241812
-598279
945161
286878
133376
729269
-902245
-797228
501588
762303
-736866
-515657
-316550
207233
-575321
-136577
659793
-474380
958544
234891
-925944
4735
37182
-237648
701628
507727
-285835
-359564
856200
422199
26446
953354
869783
-909388
330725
-699579
-212988
-558951
-32786
254694
216657
-477443
494816
-187845
294168
-186788
-801848
969410
-644897
-987635
-979886
402572
-710263
896612
699595
-842529
-204180
39135
-719844
-504297
-792003
867331
-130595
739631
-453055
516972
-365861
-735874
827220
-123656
563313
64612
695161
382933
817839
475767
-304096
-871102
124603
887035
964553
430639
849929
-664038
919317
-281251
410508
-599923
-421084
811608
-507251
600818
-907242
-744532
-510968
632093
-808895
426162
-775885
23049
-667342
-994966
552216
-499077
494724
-974645
-19747
-11797
-461656
-410321
168744
406826
164007
222561
242814
-497884
309302
782783
-194671
731508
278805
90916
-900488
911262
-775044
626903
577702
559443
977391
217122
675419
778844
-208185
-507147
596147
767979
281095
-973048
560881
-449615
-364340
22928
-452395
-710626
129039
-525176
993455
694346
-495534
-717773
-480438
-554560
871921
-651116
-981484
388292
-144813
76581
-165676
26010
415553
-249672
896908
-781090
347862
-315773
190153
-193629
946429
193591
-747108
678927
-135375
981394
-346497
582472
-818307
389652
168758
536518
-284619
779688
-498058
669664
61131
-917197
-651907
-306137
-144126
775586
631578
182441
952794
125432
45898
-795312
-468880
-777992
671222
-431544
761164
287712
-9175
-646114
859029
-759858
887763
165258
-548278
-32112
-476643
584872
-878092
-474413
325612
23290
-882079
-280202
798396
-305210
-752688
699004
266831
-380322
-829984
-346774
-166666
987321
-198588
63656
-59058
-525444
-368247
-863217
269157
-430743
-307635
587427
-726008
943140
-842646
517507
-458413
-344428
-250538
37342
-317097
637446
48459
-392020
-448559
76481
-302321
-808813
-898682
467467
324461
762393
566953
254352
850317
-838070
599856
551874
-146878
-989904
-578561
-846976
-510514
-36293
-354488
-805518
778483
173667
-436795
-477802
75714
-84650
-110855
-350537
-630690
-473797
-387539
-986918
136366
-400264
114008
936821
987597
205278
469584
800210
-194877
805789
-397383
-392757
443458
817850
-525175
-421381
-181708
989521
-37546
374913
713306
-383619
-327458
228141
449284
-439641
-815497
-875654
197175
372672
816513
250740
-496359
709097
-453764
-842106
394665
689744
-622838
560080
-439458
-264184
-702116
180953
-830744
-349847
564626
216141
367925
951158
-723060
173967
-945378
-975621
316859
209774
-996083
-642447
-669317
111268
-386252
-61110
-349153
-467463
20442
329494
635805
-970095
-297858
-417762
-980292
773223
53793
477213
359505
629469
-240441
-556951
473671
-716801
559121
247718
-279621
-825490
33786
621380
-755867
-571071
450245
-510308
902028
384469
-583030
889034
-468078
-214927
-706863
139080
-599452
-171274
165741
718566
-8152
447454
890158
-105871
585757
-440337
-592623
-682786
-885354
-400301
206744
172563
-500293
929267
290718
-915706
696379
440865
-766545
-298863
-482662
110726
-188
225642
-903328
-594295
-518652
967920
342272
649002
912572
-780911
223332
-840836
890094
377576
59936
878202
261378
-181105
-364114
398599
-444176
147305
-847568
329386
-744693
118970
-113836
477657
-845650
777783
252775
-890803
-899701
427129
-55608
953695
-621895
-76664
655422
-116636
717206
-941486
506448
-640164
398761
-166629
527014
-422306
-387927
-222788
784506
-163405
-271257
761751
714453
-214389
632585
463098
69328
-229913
-829615
757971
346464
522947
-484907
-386870
870213
-436894
-966099
-422365
630053
-447218
-590550
-467250
244258
351441
-198347
-210920
339925
389470
-440176
86306
-781307
-695791
-205316
-928550
-794648
-75711
-358689
185072
872284
-605957
-816505
338331
-541239
-542833
952597
-689552
506740
-348607
735456
712264
-257401
579276
4800
-193522
-106209
180703
-991831
-697222
298009
586355
-256346
-70244
-647817
918963
-338544
919265
351252
-303980
304951
170540
750953
-391157
-700054
-469947
296273
270033
666760
-201555
135786
-591029
58564
180277
-952976
-331238
488600
-486188
904858
818916
-839099
-146305
574831
-172668
167415
-406863
-987315
-967518
-543637
-639629
241246
-21815
-649449
165740
-27726
-403808
99537
-693814
930721
-364475
706535
690490
-151210
-256580
308591
162278
718669
-730331
814934
-472055
-676355
266478
780225
-412917
898689
515066
487856
-636910
718115
-42032
-857006
693396
872316
966876
-104326
-964567
-862654
40308
-432539
-194071
-792660
-649715
-241311
10654
-84111
71512
827415
-14796
-162479
200490
753193
609503
785691
222307
780747
-840693
-566214
-891122
976049
105190
-172145
479648
987539
677899
411681
-906872
12764
-555409
906283
-115938
878038
646968
-354294
-99969
-563555
-812976
-546201
956810
618467
504044
785513
469172
-696930
-785358
500904
400986
-928762
287640
-174287
866468
-342332
492654
-912257
-208631
-584708
519440
-88646
273368
-991254
762297
-165514
-473940
-883796
236482
827618
-398150
-916566
-739446
264181
-424406
-666379
-250368
-439308
-894246
-117188
-887153
396932
440499
994812
-370368
316783
674462
-581274
798518
458350
9683
405198
315785
253396
-316170
493620
-688550
400869
285263
-424523
645144
-759050
-925567
-145851
-980555
-110708
-961614
619319
764160
-818931
749105
669545
946279
771009
-504936
632660
-87697
-530784
263600
-443674
401406
223557
330417
580540
-405447
-489302
-658626
-366078
-33886
765305
-465545
-696631
372823
835559
374042
332177
35731
-823265
125316
-560193
475810
-98797
-53277
-652046
547651
-560236
-180024
-312821
180119
-347936
-604101
-749202
-87899
-965976
-338132
-479137
-813635
-139591
165730
-392230
391543
-510655
416540
-6982
40676
-923765
7144
-935614
-558633
-62422
-85739
-101207
-145805
984122
283637
955357
-793949
-238458
642453
-907284
-607564
-224267
-36872
-109543
-808347
-331452
-267308
478966
138255
-390008
481740
-811289
318367
811206
-563127
-607823
827469
-855924
615478
-354092
839347
-766284
154315
-72277
-281281
33349
908274
39257
62004
-787526
585875
-789907
637529
-423394
-204267
980028
119479
-445327
-670191
-936484
821320
-702324
-998115
-813642
-156291
436455
-979162
-458948
-805353
943234
-976953
149760
-961621
-293571
-621284
311666
27234
-596505
169179
-936787
560896
807382
-326847
675957
45253
116935
759404
-538849
-632089
-518180
743816
-496066
285935
380571
-48935
-948023
-270509
869157
-591891
478695
913178
116258
509712
-53172
31130
871016
-276340
693272
866588
7855
-546752
-985098
144991
-941900
-404004
702371
776657
567742
995811
-415601
318036
66226
-938016
-940703
436000
710183
144244
-72825
-670294
570210
-202526
-872461
642209
998642
-613539
169973
596915
106361
-183494
873324
78308
308500
-560012
-680178
212478
-768345
-389138
470389
-866970
-770609
262697
-679531
732276
596266
516793
-118781
-759474
-909558
-215397
282830
-227173
-300108
842726
-621719
698311
-11357
-92633
937468
-198922
-544662
-578895
-821344
561948
210251
-938768
548230
538356
366663
-982989
421603
-605644
-139710
241432
795474
182445
-235309
-366440
-794593
685462
-749032
-484055
238617
-756702
-544048
964120
-474847
-720802
-547885
452820
-802057
207648
-68858
320031
-518767
-439995
-209388
502429
-500724
880705
300900
833769
636301
258222
939625
442349
-548698
221258
982057
492631
725612
110389
-354386
-190364
252463
262280
-166048
-83957
882060
-318919
-325222
957550
379497
-678335
661429
13053
886577
-551931
-16418
-608927
-466876
-895060
381697
-446962
837951
71788
-474379
-800270
276535
-438749
308141
583222
956565
802237
-883758
76720
-609491
317697
-117748
-640391
835114
623459
-720486
-266621
677030
-393728
-312427
602346
-624768
-52126
-446643
-912642
-839523
10516
607405
159876
-651533
-476553
574980
-149561
-686335
468380
641115
-888045
959413
-248923
287106
-888218
-937475
-219775
298125
-472548
817531
-666952
145729
523192
820086
754758
-743666
245962
-800887
-630927
108480
-355734
460061
710490
-663392
539637
-122504
-916295
-902965
852431
571551
-831012
261049
-254143
163091
-295714
-921880
241073
122054
247158
893126
-384782
760889
-258577
-425592
170159
87975
481655
-561086
449098
509549
644909
-930053
-239795
385624
-57438
-709567
-539681
-249547
-586294
505208
-650236
913940
-160231
-948147
-25817
-456054
-173708
123868
-405136
-707321
483630
-706184
528297
85412
-895763
-213936
-769204
281575
489762
-614026
93956
78313
-934881
788114
777513
768193
974628
416565
898172
123495
2319
-309383
150782
687403
-550895
-558521
-77303
16778
353314
630895
-442075
-63995
-366433
-575049
-756181
975550
-155000
-485546
-380856
452382
254842
-719179
-595677
-377086
-478150
603565
177767
317117
-166592
-940552
-48895
-905514
244849
-857982
331874
-895078
697370
303324
572688
-157263
-728673
174056
850901
-734226
-550262
43509
305782
850416
767017
159597
-613951
986543
756217
133223
497369
555670
143820
763169
-690409
223537
105479
-737409
595439
-772456
-340850
419002
516457
-899589
820911
-565016
263010
-582286
823322
618548
658651
-810322
925567
-530277
-645238
755292
614129
-375547
81661
-190846
473207
-558862
372965
139899
664030
99893
611015
-276990
-525470
-376676
-997568
437869
751327
-872762
-510928
-294033
346044
311460
742111
868932
207930
126945
-455267
-860850
-308427
-548528
-790276
327396
-346713
13868
2218
-815311
-349355
-85858
351226
753481
143561
525330
-78843
433859
796797
619299
150634
-122359
130028
-61541
-968664
-232530
-596628
-104724
-945942
49799
930931
-662748
318053
-954045
-852538
-661872
334947
687389
-434348
-211204
828827
845841
210942
929129
505639
-942824
-631011
986049
-156202
380374
-610072
-375231
-877795
-751658
-103716
623470
-478858
502521
783559
-962485
-773391
-706983
-67299
-981518
518290
931225
18250
243180
93372
-498754
-452367
730270
608178
968786
758197
-672763
904837
-750580
973415
231854
-61116
-664074
844198
38190
651867
-693713
120952
-955314
-648496
164646
-505881
147511
489913
-689321
-503583
-914404
524593
-44411
624911
-152171
120558
913912
-797471
436640
908537
996538
949327
-356197
736084
369388
261239
343066
443454
-874807
-568822
-30598
253576
-751933
564499
-77562
-610738
-55924
91284
816592
-599938
-269810
-614564
-917542
-865828
-998758
-459148
265199
-616268
-953736
762428
-831665
934860
-978023
821605
-688117
386008
-63286
-635241
-693722
161152
-642593
-851565
98875
-126303
977274
251289
672736
372770
524171
779956
-598133
-722521
-87797
293988
-379769
368241
-251775
-108811
612212
-747408
224623
222354
-450153
137320
-854642
323262
718093
449964
-594439
-68491
-567276
-170263
532799
-900670
695079
-602126
467176
169857
723230
176087
127235
-134390
-112235
-176422
993854
-457799
962339
44340
940066
393362
308264
652729
893388
-816609
206398
390573
318305
177965
-132877
-39419
-641675
-48248
-165394
377634
-581450
922063
-301318
-128521
763854
388040
365898
463537
640992
-38907
311851
766946
198185
636483
197478
-604297
50060
540495
-219461
-585135
-371378
682355
-633888
193036
858771
665941
874979
476295
-257652
597327
-568029
4967
212329
-503897
425102
-915199
-24790
-239784
-884333
81593
629587
-139563
722880
218556
-972585
518483
920365
321228
169570
-936124
154945
-19398
583374
816250
-320081
922375
-652384
662680
-165502
-799980
-835523
-312431
-466921
687559
-345893
-959800
-895746
171208
621659
706278
115540
711800
736433
458971
-601285
648332
985311
-63692
314220
-379694
927222
-455493
687562
-731636
-547053
747239
370964
709881
-701466
-688571
549039
-259405
413249
-775364
-784934
-874932
646280
-530608
-272099
-416709
253912
892100
-684563
680786
-41507
593305
580201
369081
-662526
149039
422137
-596521
-938503
-91048
555202
345859
-586122
3009
840500
-561042
296516
-898377
-968853
963713
-891159
597889
-437390
-304468
-621945
-30381
693538
203101
751704
-962496
820679
993767
-79269
-710900
837082
-770161
657170
-499901
78999
-626980
73960
306494
995239
-85669
-144305
574821
395914
-820842
172662
190428
-520748
-283117
-739482
-753338
-809526
308937
247971
365837
-306266
655355
-968771
-121174
-191667
297932
120615
-623028
805361
-915927
-346419
-961487
-792401
226095
-717514
-808326
-617665
-62804
336125
-755487
500517
136981
-129279
-391212
-35902
-677995
-864875
303119
-740973
482891
-472335
-401293
407612
176759
911432
879946
457627
-186029
441675
365965
-482621
-784945
-770697
167034
-741590
977180
-69950
-830205
-397966
-744686
-884778
-751653
981754
-885324
-110561
410389
255047
141319
365185
-161557
-538163
12537
936329
-959138
2838
923217
53749
-572957
-62856
163129
-573128
622749
153911
-273113
-924360
616659
533680
-48416
467278
-42849
-22547
61322
-849815
-453659
772600
-861167
623105
886268
475588
-213539
-784347
-293966
-644560
-765945
397469
-814422
86012
69012
217787
-546626
-909660
-432883
-667752
-191436
478845
540574
-924944
-929405
-45440
-867371
17560
207230
932903
-778934
884526
-511950
886066
790435
72945
-725279
121584
-267874
-640816
351525
353520
646018
923762
-580451
-165392
115651
-885649
-42259
684376
-648308
828063
752686
-886983
208830
-838726
84522
-854916
-537685
35629
-600258
421170
-198746
659411
200428
-696303
-115982
-327747
-848551
-389039
672079
-844579
853533
24418
512352
-772290
-653579
-188585
664070
500066
-83206
442717
311803
-651165
-489219
801816
18567
-49088
966989
760518
-692089
-743931
489861
-218949
667511
-90278
-85593
409066
699756
-792760
-130282
269120
274335
953107
-478320
903137
-924285
567423
-360741
195600
-358322
857563
807522
-392377
-121913
-884624
443838
-212090
79733
389157
-549611
912680
-362115
790047
-214932
-429130
-565651
-868647
446233
-543084
-276965
578708
624400
894772
499558
-234154
-358902
937458
-494184
141332
149234
-374044
260525
564626
-8420
-53159
-348408
229782
-39839
302056
-355286
577797
-770044
-452160
-176711
947997
560272
-62769
666413
-370232
516095
50722
84490
-744044
-209547
890613
-680730
107564
644182
-452684
-26026
355620
-549286
-527300
-153690
-471883
-782411
-849184
-739656
387841
294535
361155
-595339
-843893
-238771
-978760
667295
426479
773712
-803260
-861086
-425681
792966
362509
-77479
-878268
851699
856289
868538
-235406
577146
-793370
953735
-468612
-929725
204981
-456355
-179992
825877
188673
-609728
989133
159095
-195856
818785
-716711
-365842
18990
44534
-310945
-968744
501195
-38442
271984
-66632
488165
910536
-172154
881171
537284
100188
-146119
742407
388788
230540
-183357
780799
-219742
998379
-30426
-411533
-754668
-704943
966194
677535
349014
506852
183361
116977
820116
659219
359297
685940
973670
-419312
-702361
915288
814168
76006
709266
-104134
-396525
-266880
241210
-227224
-960535
-938548
-779521
-866350
147834
534882
-648320
300239
786231
810651
-366100
-802007
391863
-547430
962998
36831
198386
275906
-203456
-624383
-92758
761717
-326262
285222
-807823
14590
-473189
825224
-298859
364046
-951514
-603386
253922
188261
-538586
-547298
90735
-697146
534658
-38242
-543308
64966
-813678
104323
-418087
-405321
-654132
43205
101486
-814202
413385
489013
-79079
646109
-532843
-628104
-328130
956361
159827
858383
-400599
827757
141357
798669
-663316
38771
382282
-187176
662972
-809868
193907
-379040
-711378
-325030
773652
601720
845006
-324425
783723
689874
-544894
505145
942030
-833105
-40570
126829
669179
-951772
898909
978342
-392446
-225519
528959
-748389
683148
984726
407023
-26595
227501
934717
-832996
-289608
-563555
758813
-578597
-352980
52768
-94433
608057
-227869
-915940
-72259
956003
38279
-943143
-981091
-401317
-482190
-84589
708947
119564
931111
579454
-96066
-784547
-842049
817043
821753
-17397
287415
933601
-663862
126443
578155
-168814
-815784
-378197
-271611
965403
266649
-418529
-354449
968667
599636
-246640
450420
405269
-436765
-838706
-742024
-637353
929378
680650
-401744
812197
995585
-706772
624741
-795518
-465835
-908498
-22685
856050
-584643
685897
-21363
-341553
231664
529713
61356
-173399
-482852
-290786
527625
-331542
143901
220748
420364
-707452
944970
130661
514293
-122103
791200
721309
-623717
334956
-17733
292410
-322737
127598
-915763
-58011
565112
757441
-705542
-219610
-995688
593665
-310998
434182
375281
872225
951213
-136136
452345
-554182
-371182
-806872
-342411
-695072
-99362
-387153
-66961
156767
109071
74742
268314
-503770
254787
-891751
-263035
-782853
-527262
-387648
-513162
247413
-775336
-107501
114938
449500
454094
-848997
-773611
169623
22120
-378583
371362
-662301
-171453
805312
358921
-89544
823617
-310013
225019
-428626
-221111
-31384
-722360
-228573
-39585
247174
-521949
164087
34540
403561
32638
-23658
-1261
497312
-559151
-426930
-656531
761836
-752844
944811
-574951
-153069
-82570
-813975
-318920
-108261
-509664
199110
-351280
690953
-331944
831295
715760
-393493
819268
-290115
562411
654407
726917
-356553
483607
133861
-222719
-721728
920597
775680
974087
-673093
-27994
231838
-397555
602600
102103
607062
-998884
912148
-246154
-420734
426860
