-999958
-999887
-999861
-999575
-999561
-999550
-999469
-999408
-999367
-999323
-999315
-999243
-999242
-999121
-999112
-999050
-998974
-998963
-998749
-998717
-998653
-998599
-998551
-998461
-998342
-998288
-998218
-998154
-998139
-998026
-997959
-997715
-997549
-997406
-997382
-997334
-997291
-997163
-997058
-996969
-996924
-996880
-996831
-996769
-996730
-996587
-996553
-996546
-996545
-996433
-996385
-996349
-996318
-996221
-996121
-996028
-995987
-995961
-995889
-995765
-995748
-995728
-995655
-995604
-995573
-995501
-995451
-995434
-995414
-995380
-995339
-995321
-995231
-995122
-994911
-994898
-994836
-994806
-994777
-994700
-994685
-994465
-994442
-994417
-994283
-994195
-994013
-994000
-993995
-993982
-993884
-993866
-993859
-993726
-993645
-993633
-993615
-993533
-993519
-993504
-993494
-993455
-993430
-993384
-993353
-993274
-993251
-993200
-993062
-993004
-992987
-992975
-992887
-992881
-992875
-992845
-992790
-992677
-992665
-992646
-992634
-992441
-992431
-992322
-992314
-992312
-992247
-992160
-992091
-992024
-992009
-991993
-991971
-991951
-991892
-991880
-991854
-991848
-991797
-991689
-991678
-991635
-991560
-991544
-991429
-991368
-991278
-991228
-991164
-991052
-990992
-990853
-990820
-990644
-990444
-990426
-990157
-990075
-990063
-990063
-989973
-989960
-989820
-989813
-989804
-989688
-989622
-989595
-989485
-989431
-989269
-989267
-989233
-989212
-989184
-989145
-989141
-989121
-988970
-988904
-988836
-988808
-988763
-988696
-988684
-988680
-988648
-988593
-988531
-988499
-988435
-988359
-988359
-988114
-988064
-988044
-987856
-987818
-987785
-987727
-987577
-987571
-987518
-987483
-987454
-987432
-987421
-987381
-987218
-987199
-987168
-987164
-986858
-986828
-986703
-986603
-986513
-986428
-986389
-986331
-986240
-986174
-986136
-986132
-986089
-986043
-985913
-985901
-985896
-985806
-985754
-985740
-985703
-985585
-985576
-985482
-985412
-985354
-985353
-985097
-985024
-984908
-984907
-984887
-984834
-984831
-984709
-984613
-984564
-984560
-984539
-984422
-984286
-984249
-984184
-984073
-983954
-983949
-983783
-983762
-983729
-983639
-983581
-983450
-983330
-983249
-983229
-983113
-983100
-983097
-983053
-983028
-982902
-982872
-982801
-982790
-982663
-982464
-982453
-982403
-982340
-982079
-982012
-982006
-981965
-981934
-981825
-981454
-981397
-981376
-981229
-980827
-980710
-980653
-980523
-980511
-980250
-980205
-980193
-980080
-980044
-979994
-979865
-979811
-979772
-979772
-979581
-979536
-979513
-979506
-979495
-979486
-979390
-979381
-979349
-979142
-979124
-978991
-978958
-978935
-978846
-978834
-978688
-978680
-978653
-978615
-978585
-978569
-978473
-978463
-978349
-978242
-978082
-978076
-978065
-977976
-977955
-977891
-977809
-977750
-977740
-977739
-977570
-977547
-977464
-977454
-977426
-977326
-977322
-977268
-977190
-977175
-977154
-977059
-977055
-976888
-976857
-976839
-976816
-976802
-976769
-976651
-976574
-976534
-976406
-976361
-976360
-976352
-976037
-976024
-975959
-975826
-975796
-975785
-975761
-975735
-975691
-975628
-975485
-975458
-975443
-975304
-975298
-975256
-975217
-975187
-975146
-975141
-975038
-974972
-974846
-974802
-974767
-974758
-974562
-974513
-974421
-974286
-974277
-974231
-974167
-974061
-973912
-973895
-973882
-973874
-973816
-973605
-973588
-973575
-973479
-973236
-973215
-973191
-973181
-973041
-973024
-972955
-972895
-972838
-972631
-972551
-972483
-972296
-972259
-972237
-972172
-972102
-971814
-971807
-971732
-971662
-971619
-971583
-971553
-971547
-971400
-971392
-971358
-971327
-971274
-971149
-971097
-970808
-970668
-970619
-970603
-970285
-970142
-970139
-970133
-969913
-969901
-969840
-969831
-969730
-969566
-969566
-969497
-969480
-969407
-969406
-969391
-969362
-969330
-969311
-969213
-969156
-969127
-969102
-968808
-968692
-968503
-968401
-968324
-968312
-968266
-968225
-968198
-968196
-968160
-967993
-967886
-967614
-967594
-967541
-967429
-967357
-967355
-967317
-967310
-967258
-967186
-967182
-967131
-967013
-966958
-966810
-966708
-966691
-966528
-966485
-966459
-966287
-966233
-966051
-965864
-965816
-965754
-965749
-965689
-965653
-965463
-965430
-965331
-965310
-965288
-965287
-965112
-965079
-964945
-964865
-964679
-964645
-964474
-964321
-964312
-964303
-964286
-964255
-964218
-964184
-964067
-963992
-963877
-963852
-963842
-963810
-963797
-963768
-963766
-963719
-963603
-963555
-963542
-963538
-963409
-963346
-963182
-963156
-963111
-962999
-962877
-962844
-962784
-962772
-962609
-962606
-962600
-962581
-962483
-962468
-962418
-962405
-962326
-962194
-962194
-962174
-962108
-962056
-961999
-961957
-961945
-961921
-961890
-961826
-961824
-961814
-961791
-961778
-961733
-961727
-961698
-961690
-961621
-961613
-961581
-961475
-961436
-961394
-961355
-961330
-961212
-961193
-961168
-961154
-961129
-961099
-961084
-961078
-961008
-960952
-960931
-960889
-960794
-960753
-960707
-960659
-960650
-960638
-960598
-960542
-960444
-960384
-960189
-960175
-960175
-960166
-960158
-959933
-959700
-959687
-959629
-959603
-959538
-959497
-959387
-959276
-959270
-958968
-958918
-958855
-958852
-958773
-958735
-958684
-958667
-958594
-958593
-958506
-958468
-958392
-958337
-958309
-958265
-958126
-958041
-958021
-957842
-957717
-957630
-957543
-957540
-957497
-957425
-957314
-957211
-957185
-957180
-957131
-957034
-956918
-956862
-956827
-956826
-956728
-956698
-956615
-956518
-956478
-956466
-956306
-956305
-956201
-956022
-955858
-955590
-955498
-955425
-955423
-955421
-955401
-955361
-955240
-955199
-955195
-955115
-955041
-955037
-955017
-954946
-954750
-954698
-954593
-954589
-954545
-954461
-954394
-954369
-954324
-954300
-954255
-954141
-954132
-954122
-954120
-954105
-954045
-954017
-954014
-953750
-953702
-953667
-953536
-953505
-953481
-953475
-953454
-953426
-953422
-953370
-953252
-953070
-953065
-952944
-952931
-952922
-952796
-952564
-952453
-952244
-952214
-952212
-952150
-952020
-951917
-951846
-951801
-951770
-951756
-951709
-951579
-951546
-951480
-951309
-951280
-951103
-951102
-951082
-950856
-950776
-950761
-950654
-950642
-950617
-950444
-950437
-950408
-950403
-950368
-950295
-949884
-949792
-949711
-949697
-949677
-949524
-949466
-949383
-949225
-949159
-949138
-949118
-949048
-949008
-948932
-948813
-948715
-948626
-948617
-948584
-948578
-948517
-948485
-948431
-948395
-948361
-948269
-948199
-948167
-948008
-947884
-947716
-947701
-947700
-947663
-947558
-947525
-947509
-947471
-947467
-947435
-947355
-947271
-947266
-947225
-947129
-947076
-946968
-946964
-946930
-946882
-946833
-946710
-946652
-946598
-946523
-946067
-945848
-945761
-945698
-945582
-945562
-945541
-945395
-945361
-945251
-945163
-945138
-945060
-945052
-945033
-945014
-944965
-944951
-944926
-944899
-944805
-944714
-944564
-944530
-944242
-944181
-944167
-944150
-944133
-944119
-944081
-943907
-943897
-943844
-943799
-943778
-943772
-943765
-943685
-943631
-943549
-943534
-943255
-943239
-943097
-943058
-943044
-943027
-943025
-942878
-942873
-942863
-942836
-942753
-942326
-942323
-942220
-942192
-942021
-942016
-942004
-941940
-941939
-941788
-941772
-941639
-941538
-941307
-941240
-941144
-941139
-941094
-941066
-940867
-940866
-940841
-940817
-940768
-940747
-940720
-940600
-940541
-940268
-940199
-940150
-940028
-939918
-939571
-939561
-939558
-939477
-939344
-939308
-939178
-939093
-938937
-938933
-938851
-938805
-938785
-938666
-938512
-938430
-938394
-938373
-938362
-938317
-938149
-937948
-937864
-937641
-937586
-937387
-937385
-937370
-937323
-937296
-937269
-937180
-937158
-937141
-937127
-937125
-937094
-937035
-936750
-936604
-936571
-936560
-936551
-936459
-936451
-936451
-936356
-936310
-936131
-936077
-935839
-935808
-935784
-935748
-935522
-935321
-935261
-935256
-935243
-935205
-935194
-935094
-934990
-934950
-934697
-934686
-934643
-934554
-934424
-934418
-934355
-934287
-934269
-934256
-934173
-934151
-934085
-934056
-934036
-933983
-933917
-933840
-933828
-933718
-933618
-933569
-933517
-933509
-933498
-933356
-933215
-933188
-933179
-933101
-932918
-932856
-932851
-932838
-932642
-932562
-932408
-932382
-932380
-932339
-932271
-932190
-931965
-931917
-931891
-931747
-931687
-931620
-931556
-931552
-931486
-931172
-931148
-931137
-931118
-931117
-930776
-930694
-930568
-930531
-930523
-930518
-930431
-930422
-930342
-930332
-930292
-930195
-930140
-930133
-930077
-930037
-930032
-930024
-930013
-929996
-929913
-929844
-929820
-929788
-929755
-929716
-929708
-929584
-929417
-929401
-929305
-929202
-929186
-929147
-929068
-929029
-928969
-928795
-928704
-928647
-928634
-928619
-928593
-928479
-928405
-928349
-928339
-928323
-928319
-928205
-928191
-928173
-928172
-928005
-927874
-927855
-927746
-927587
-927502
-927494
-927425
-927302
-927274
-927147
-927032
-927006
-926964
-926929
-926822
-926817
-926780
-926772
-926758
-926729
-926502
-926461
-926426
-926333
-926201
-926176
-926128
-926125
-925996
-925845
-925574
-925514
-925456
-925305
-925274
-925166
-925143
-924973
-924955
-924886
-924855
-924658
-924566
-924435
-924406
-924355
-924197
-924191
-924145
-924091
-924029
-924006
-923893
-923753
-923620
-923607
-923582
-923541
-923515
-923475
-923362
-923355
-923347
-923313
-923254
-923224
-923201
-923134
-923049
-922899
-922829
-922734
-922587
-922558
-922499
-922481
-922397
-922356
-922351
-922220
-922110
-922089
-921935
-921764
-921744
-921724
-921679
-921602
-921572
-921564
-921425
-921379
-921147
-921144
-921113
-921090
-920988
-920919
-920796
-920695
-920677
-920676
-920576
-920573
-920568
-920495
-920466
-920421
-920303
-920291
-920277
-920240
-920233
-920212
-920175
-920164
-920074
-920063
-919990
-919959
-919906
-919890
-919786
-919781
-919781
-919638
-919611
-919550
-919488
-919471
-919299
-919199
-919168
-919058
-918706
-918407
-918357
-918187
-918121
-918114
-918110
-918047
-918017
-917960
-917959
-917926
-917918
-917906
-917891
-917839
-917785
-917751
-917672
-917592
-917532
-917493
-917457
-917442
-917327
-917293
-917289
-917222
-917207
-917199
-917167
-917159
-917088
-916961
-916903
-916806
-916763
-916726
-916678
-916665
-916601
-916545
-916502
-916459
-916127
-916111
-916103
-915864
-915797
-915770
-915761
-915638
-915530
-915489
-915476
-915445
-915348
-915348
-915292
-915233
-915109
-915079
-915054
-914951
-914852
-914847
-914833
-914813
-914759
-914700
-914457
-914454
-914302
-914173
-914159
-914158
-914029
-913997
-913986
-913928
-913827
-913810
-913732
-913535
-913516
-913449
-913442
-913433
-913348
-913300
-913291
-913214
-913171
-912993
-912986
-912882
-912865
-912858
-912840
-912831
-912642
-912593
-912567
-912532
-912475
-912432
-912385
-912153
-912119
-912046
-912027
-911890
-911871
-911781
-911775
-911718
-911649
-911544
-911509
-911473
-911432
-911427
-911225
-911201
-911194
-911143
-911091
-910964
-910912
-910817
-910814
-910811
-910684
-910681
-910510
-910410
-910227
-910190
-910065
-910025
-909919
-909914
-909865
-909835
-909704
-909641
-909626
-909611
-909585
-909530
-909458
-909371
-909229
-909228
-909209
-909062
-908953
-908847
-908809
-908762
-908721
-908318
-908306
-908258
-908239
-908180
-908133
-908066
-908027
-907956
-907950
-907768
-907723
-907497
-907421
-907382
-907293
-907285
-907159
-907129
-907088
-907070
-907046
-907035
-906775
-906656
-906616
-906483
-906468
-906423
-906290
-906262
-906262
-906205
-906190
-905987
-905978
-905974
-905822
-905776
-905698
-905666
-905609
-905562
-905548
-905416
-905330
-905326
-905284
-905178
-905171
-905154
-905101
-904909
-904758
-904750
-904725
-904623
-904607
-904604
-904550
-904470
-904444
-904375
-904326
-904302
-904281
-904266
-904248
-904131
-903977
-903864
-903862
-903637
-903623
-903465
-903418
-903339
-903304
-903162
-903155
-903129
-903076
-902969
-902904
-902734
-902645
-902625
-902528
-902470
-902360
-902269
-902148
-902118
-902050
-902034
-901953
-901892
-901883
-901870
-901843
-901735
-901607
-901557
-901506
-901488
-901278
-901244
-901070
-901044
-901009
-900822
-900794
-900772
-900718
-900689
-900662
-900604
-900568
-900452
-900451
-900446
-900362
-900328
-900308
-900285
-900280
-900260
-900249
-900189
-900174
-900107
-900100
-900051
-900012
-900004
-899914
-899913
-899881
-899878
-899690
-899576
-899303
-899234
-899148
-899027
-898840
-898807
-898575
-898555
-898418
-898343
-898270
-898149
-898111
-898084
-897946
-897911
-897888
-897723
-897696
-897685
-897671
-897670
-897639
-897583
-897549
-897498
-897398
-897386
-897252
-897151
-897068
-896994
-896788
-896773
-896741
-896579
-896460
-896438
-896419
-896418
-896418
-896305
-896240
-896101
-895988
-895933
-895635
-895573
-895520
-895474
-895447
-895446
-895403
-895309
-895264
-895026
-894929
-894929
-894922
-894859
-894845
-894775
-894774
-894633
-894565
-894530
-894504
-894475
-894437
-894421
-894169
-893944
-893901
-893896
-893806
-893759
-893747
-893725
-893721
-893537
-893504
-893423
-893411
-893356
-893328
-893279
-893072
-893034
-892938
-892868
-892760
-892703
-892690
-892457
-892276
-892225
-892023
-891990
-891905
-891873
-891620
-891371
-891039
-890988
-890957
-890916
-890904
-890837
-890775
-890761
-890673
-890655
-890635
-890568
-890390
-890280
-890256
-890238
-890155
-890116
-890041
-889961
-889909
-889837
-889834
-889693
-889558
-889504
-889466
-889450
-889414
-889391
-889332
-889272
-889253
-889246
-889175
-889149
-889117
-889035
-888984
-888781
-888697
-888644
-888503
-888160
-888128
-888115
-887986
-887904
-887854
-887819
-887767
-887751
-887745
-887636
-887606
-887580
-887577
-887537
-887498
-887472
-887302
-887184
-887145
-886889
-886863
-886821
-886793
-886761
-886418
-886337
-886255
-886218
-886129
-886089
-886041
-886016
-885971
-885902
-885750
-885672
-885653
-885652
-885592
-885297
-885280
-885263
-885193
-885110
-885033
-884980
-884882
-884848
-884753
-884722
-884690
-884684
-884671
-884596
-884511
-884491
-884279
-883992
-883991
-883984
-883895
-883845
-883793
-883779
-883725
-883692
-883650
-883592
-883573
-883557
-883518
-883476
-883450
-883443
-883340
-883335
-883320
-883311
-883267
-883210
-883069
-883013
-882971
-882954
-882932
-882888
-882857
-882800
-882745
-882739
-882603
-882516
-882515
-882513
-882503
-882503
-882340
-882333
-882327
-882240
-882220
-882166
-882099
-882058
-882052
-882017
-881966
-881905
-881861
-881821
-881767
-881636
-881623
-881572
-881452
-881366
-881346
-881222
-881115
-880988
-880950
-880780
-880758
-880753
-880531
-880445
-880335
-880316
-880306
-880294
-880220
-880108
-880098
-880023
-879962
-879929
-879885
-879858
-879811
-879732
-879689
-879669
-879645
-879594
-879581
-879559
-879515
-879457
-879454
-879439
-879429
-879373
-879273
-879187
-879156
-879101
-878982
-878979
-878977
-878934
-878896
-878733
-878678
-878668
-878466
-878461
-878384
-878296
-878140
-878092
-878074
-878061
-878017
-877952
-877933
-877870
-877854
-877806
-877796
-877754
-877695
-877680
-877668
-877655
-877647
-877607
-877558
-877480
-877347
-877344
-877292
-877048
-877040
-876760
-876704
-876652
-876561
-876437
-876430
-876303
-876184
-876170
-876170
-876054
-876018
-876000
-875954
-875944
-875919
-875851
-875787
-875764
-875681
-875663
-875548
-875225
-875155
-874988
-874910
-874605
-874560
-874498
-874487
-874387
-874376
-874263
-874193
-874178
-874105
-874007
-873727
-873599
-873518
-873467
-873427
-873369
-873230
-873064
-873043
-873006
-872946
-872731
-872674
-872610
-872593
-872477
-872451
-872387
-872380
-872350
-872292
-872266
-872112
-872109
-872064
-872017
-871989
-871939
-871870
-871855
-871783
-871599
-871535
-871515
-871353
-871332
-871329
-871208
-871108
-871063
-871017
-870802
-870577
-870533
-870468
-870424
-870324
-870164
-870161
-870065
-869936
-869932
-869904
-869874
-869803
-869755
-869671
-869598
-869577
-869520
-869425
-869319
-869258
-869243
-869209
-869133
-869122
-869084
-869060
-869021
-868948
-868934
-868895
-868830
-868717
-868629
-868623
-868600
-868589
-868574
-868525
-868464
-868406
-868363
-868356
-868314
-868270
-868231
-868092
-868061
-868046
-867944
-867897
-867847
-867753
-867629
-867468
-867464
-867310
-867238
-867107
-866975
-866802
-866784
-866765
-866673
-866632
-866422
-866328
-866323
-866314
-866237
-866180
-866127
-866008
-865974
-865944
-865859
-865844
-865687
-865590
-865456
-865373
-865359
-865306
-865303
-865079
-865062
-865056
-864999
-864891
-864866
-864834
-864828
-864826
-864773
-864730
-864676
-864622
-864595
-864505
-864436
-864432
-864172
-864091
-864028
-863883
-863826
-863808
-863788
-863767
-863725
-863722
-863712
-863610
-863574
-863533
-863438
-863405
-863317
-863282
-863186
-863182
-863136
-863075
-862981
-862891
-862891
-862798
-862703
-862609
-862565
-862318
-862269
-862177
-861998
-861989
-861959
-861946
-861775
-861725
-861713
-861655
-861516
-861484
-861449
-861164
-861111
-861065
-860949
-860916
-860870
-860729
-860726
-860701
-860615
-860597
-860554
-860553
-860463
-860332
-860318
-860291
-860086
-860084
-860032
-859829
-859581
-859378
-859153
-859078
-858926
-858920
-858872
-858711
-858631
-858583
-858566
-858405
-858357
-858334
-858237
-858169
-858023
-857561
-857418
-857346
-857263
-857248
-857246
-857192
-857178
-857130
-857051
-856977
-856967
-856741
-856581
-856411
-856252
-856173
-856154
-856064
-856059
-856013
-856004
-855984
-855918
-855594
-855581
-855572
-855570
-855548
-855440
-855252
-855209
-855208
-855180
-855068
-855010
-854947
-854927
-854888
-854872
-854859
-854795
-854783
-854775
-854773
-854682
-854666
-854635
-854606
-854568
-854481
-854450
-854391
-854348
-854329
-854229
-854227
-854149
-854089
-853982
-853934
-853930
-853767
-853642
-853563
-853555
-853512
-853379
-853109
-852969
-852920
-852775
-852739
-852687
-852643
-852299
-852211
-852098
-852023
-851965
-851954
-851939
-851934
-851917
-851846
-851797
-851793
-851782
-851781
-851709
-851612
-851532
-851376
-851279
-851249
-851231
-851194
-851189
-851066
-851059
-851050
-851006
-851000
-850861
-850773
-850755
-850725
-850690
-850593
-850409
-850406
-850372
-850313
-850203
-850075
-850004
-849985
-849983
-849937
-849848
-849848
-849776
-849734
-849673
-849668
-849604
-849572
-849479
-849455
-849411
-849294
-849266
-849246
-849242
-849229
-849215
-849191
-849174
-849156
-849131
-849098
-849094
-849061
-849017
-848923
-848903
-848878
-848861
-848847
-848839
-848812
-848729
-848725
-848621
-848600
-848591
-848566
-848487
-848286
-848163
-848161
-848146
-848007
-848000
-847989
-847968
-847959
-847931
-847927
-847916
-847905
-847677
-847532
-847507
-847467
-847411
-847334
-847314
-847305
-847300
-847293
-847282
-847246
-847114
-847032
-847012
-847008
-846866
-846797
-846777
-846718
-846712
-846707
-846686
-846603
-846600
-846587
-846546
-846525
-846457
-846438
-846423
-846397
-846342
-846334
-846186
-846133
-846064
-846044
-845962
-845932
-845666
-845601
-845590
-845510
-845355
-845327
-845210
-845171
-845159
-845102
-844841
-844837
-844774
-844721
-844671
-844665
-844566
-844534
-844530
-844516
-844477
-844291
-844277
-844132
-844030
-844005
-843999
-843994
-843883
-843813
-843747
-843580
-843553
-843434
-843426
-843399
-843363
-843302
-843186
-843176
-843159
-843011
-843001
-842886
-842858
-842847
-842844
-842701
-842459
-842297
-842258
-842231
-842167
-842067
-841979
-841959
-841735
-841666
-841584
-841486
-841412
-841384
-841304
-841055
-840803
-840798
-840768
-840742
-840724
-840719
-840680
-840678
-840623
-840605
-840454
-840447
-840393
-840297
-840281
-840254
-840084
-839993
-839737
-839602
-839513
-839479
-839473
-839468
-839458
-839227
-839112
-838924
-838902
-838836
-838817
-838810
-838722
-838697
-838626
-838602
-838584
-838390
-838269
-838170
-838071
-838069
-838041
-838001
-837892
-837795
-837714
-837551
-837538
-837527
-837424
-837367
-837326
-837231
-837208
-837088
-836926
-836924
-836867
-836757
-836680
-836280
-836262
-836120
-836066
-836058
-835937
-835901
-835853
-835779
-835661
-835580
-835440
-835170
-835112
-835098
-834889
-834796
-834755
-834702
-834649
-834645
-834628
-834528
-834487
-834486
-834476
-834434
-834392
-834352
-834025
-833927
-833774
-833622
-833528
-833498
-833471
-833456
-833390
-833388
-833328
-833299
-833254
-833252
-833166
-832975
-832676
-832615
-832611
-832576
-832377
-832354
-832217
-832111
-832100
-832095
-832054
-831998
-831931
-831896
-831826
-831805
-831784
-831649
-831580
-831542
-831516
-831376
-831272
-831231
-831175
-831113
-830993
-830960
-830832
-830820
-830779
-830742
-830671
-830572
-830549
-830544
-830510
-830430
-830326
-830221
-830211
-830003
-829991
-829970
-829891
-829845
-829792
-829610
-829544
-829517
-829467
-829448
-829425
-829415
-829142
-829094
-828995
-828980
-828883
-828883
-828646
-828628
-828608
-828589
-828579
-828468
-828464
-828454
-828318
-828235
-828225
-828170
-828135
-828128
-828117
-827999
-827981
-827974
-827956
-827938
-827878
-827823
-827815
-827743
-827636
-827523
-827514
-827468
-827449
-827435
-827111
-827062
-827044
-826972
-826955
-826932
-826562
-826551
-826524
-826517
-826406
-826307
-826298
-826206
-826161
-826109
-826061
-825995
-825990
-825848
-825792
-825592
-825522
-825512
-825498
-825276
-825259
-825216
-825152
-825137
-824828
-824657
-824645
-824482
-824390
-824362
-824169
-824131
-824025
-824005
-823969
-823954
-823815
-823709
-823595
-823526
-823465
-823438
-823424
-823369
-823175
-823168
-823120
-823025
-822980
-822967
-822956
-822869
-822840
-822673
-822639
-822617
-822548
-822538
-822515
-822483
-822346
-822331
-822306
-822256
-822211
-822170
-822132
-822093
-822055
-821990
-821979
-821940
-821845
-821778
-821772
-821729
-821698
-821653
-821607
-821433
-821381
-821294
-821176
-821043
-821010
-820657
-820558
-820552
-820479
-820438
-820117
-820079
-820049
-819905
-819820
-819819
-819813
-819807
-819800
-819516
-819482
-819448
-819414
-819346
-819049
-818976
-818746
-818729
-818718
-818685
-818560
-818275
-818147
-818115
-817916
-817865
-817852
-817831
-817797
-817703
-817599
-817591
-817513
-817453
-817414
-817337
-817293
-817221
-817102
-817087
-817053
-817049
-816946
-816940
-816828
-816684
-816614
-816434
-816424
-816401
-816354
-816272
-816186
-816164
-816110
-816090
-816079
-816017
-815961
-815647
-815483
-815362
-815280
-815269
-815233
-815214
-815105
-815057
-814859
-814744
-814638
-814619
-814613
-814543
-814542
-814540
-814519
-814498
-814488
-814475
-814464
-814322
-814263
-814006
-813966
-813791
-813776
-813731
-813690
-813671
-813660
-813506
-813433
-813396
-813383
-813336
-813287
-813213
-813213
-813196
-813077
-812982
-812972
-812916
-812899
-812834
-812759
-812687
-812661
-812640
-812619
-812560
-812538
-812478
-812469
-812442
-812413
-812253
-812166
-812140
-812074
-812069
-812053
-811992
-811863
-811831
-811802
-811710
-811584
-811465
-811442
-811269
-811234
-811183
-811182
-811180
-811147
-811143
-810939
-810936
-810859
-810853
-810659
-810310
-810308
-810223
-810198
-810191
-810182
-810165
-810138
-810126
-810021
-809979
-809963
-809942
-809923
-809890
-809797
-809569
-809545
-809533
-809530
-809486
-809485
-809477
-809306
-809278
-809262
-809239
-809225
-809195
-809188
-809036
-809030
-809026
-808905
-808859
-808804
-808796
-808536
-808535
-808522
-808360
-808313
-808210
-808140
-808109
-808103
-807888
-807867
-807859
-807855
-807734
-807685
-807117
-807073
-807067
-807017
-807011
-807006
-806987
-806868
-806770
-806766
-806764
-806754
-806632
-806558
-806251
-806240
-806233
-806014
-805971
-805953
-805930
-805900
-805872
-805855
-805756
-805681
-805536
-805434
-805403
-805385
-805352
-805303
-805096
-804991
-804891
-804864
-804594
-804469
-804385
-804318
-804271
-804186
-804150
-804088
-804041
-803998
-803938
-803867
-803860
-803747
-803724
-803695
-803587
-803567
-803520
-803421
-803334
-803235
-803170
-803150
-803061
-802859
-802835
-802763
-802738
-802634
-802531
-802443
-802341
-802284
-802224
-802116
-802018
-801885
-801867
-801859
-801704
-801563
-801532
-801524
-801511
-801481
-801379
-801359
-801257
-801252
-801206
-801145
-801059
-801042
-801033
-800989
-800967
-800798
-800796
-800783
-800683
-800657
-800653
-800590
-800560
-800514
-800459
-800435
-800399
-800274
-800075
-800064
-800029
-799853
-799851
-799769
-799767
-799724
-799713
-799709
-799680
-799545
-799527
-799525
-799409
-799036
-799006
-799003
-798976
-798973
-798876
-798830
-798816
-798805
-798674
-798582
-798577
-798515
-798420
-798308
-798229
-798206
-798061
-798038
-798031
-797770
-797737
-797681
-797677
-797652
-797612
-797571
-797559
-797489
-797402
-797323
-797322
-797186
-797172
-797138
-796960
-796913
-796896
-796744
-796405
-796295
-796108
-796071
-795935
-795931
-795793
-795678
-795601
-795589
-795485
-795481
-795467
-795425
-795395
-795350
-795252
-795107
-795095
-795055
-794934
-794924
-794857
-794738
-794713
-794595
-794477
-794469
-794317
-794294
-794284
-794157
-794096
-794029
-794021
-793999
-793973
-793950
-793724
-793671
-793623
-793533
-793493
-793470
-793362
-793303
-793221
-793058
-792911
-792899
-792789
-792459
-792368
-792355
-792343
-792331
-792305
-792266
-792181
-792181
-792125
-792097
-792049
-792002
-791921
-791916
-791915
-791870
-791835
-791818
-791683
-791674
-791545
-791484
-791391
-791269
-791246
-791217
-791200
-791096
-791059
-791044
-791008
-790965
-790890
-790854
-790785
-790725
-790722
-790649
-790640
-790555
-790541
-790536
-790382
-790268
-790258
-790201
-790163
-790111
-790033
-790019
-789893
-789691
-789647
-789458
-789238
-789213
-789143
-789128
-789093
-788732
-788683
-788538
-788449
-788405
-788279
-788189
-788125
-788102
-787984
-787793
-787572
-787458
-787426
-787407
-787399
-787396
-787380
-787281
-787278
-787257
-787248
-787243
-787145
-786990
-786850
-786772
-786733
-786687
-786669
-786606
-786556
-786391
-786366
-786314
-786312
-786271
-786212
-786173
-786075
-785903
-785839
-785812
-785806
-785800
-785596
-785518
-785429
-785310
-785190
-785186
-785086
-785021
-784983
-784835
-784827
-784815
-784754
-784717
-784711
-784706
-784669
-784661
-784647
-784609
-784584
-784551
-784524
-784516
-784484
-784426
-784415
-784411
-784221
-784025
-784013
-783972
-783970
-783929
-783924
-783921
-783842
-783809
-783762
-783751
-783715
-783697
-783555
-783335
-783328
-783301
-783245
-783193
-783067
-783045
-783018
-782969
-782961
-782875
-782583
-782572
-782545
-782524
-782337
-782151
-782058
-781969
-781846
-781683
-781652
-781652
-781643
-781642
-781641
-781618
-781580
-781241
-780978
-780967
-780947
-780905
-780899
-780857
-780780
-780602
-780542
-780406
-780401
-780389
-780298
-780262
-780126
-780115
-779900
-779848
-779822
-779805
-779768
-779748
-779718
-779665
-779647
-779562
-779424
-779409
-779380
-779327
-779276
-779257
-779186
-779143
-779065
-779036
-779023
-778916
-778865
-778814
-778755
-778710
-778636
-778578
-778503
-778385
-778251
-778234
-778196
-778092
-778052
-778032
-778002
-777985
-777978
-777913
-777867
-777857
-777832
-777800
-777726
-777417
-777351
-777349
-777339
-777310
-777309
-777288
-776990
-776949
-776888
-776839
-776831
-776758
-776400
-776205
-776187
-776051
-776049
-775927
-775847
-775771
-775711
-775672
-775670
-775641
-775632
-775479
-775415
-775351
-775314
-775240
-774983
-774969
-774945
-774578
-774536
-774359
-774350
-774305
-774304
-774284
-774044
-773952
-773898
-773820
-773816
-773808
-773804
-773794
-773776
-773765
-773752
-773592
-773475
-773437
-773266
-773236
-773229
-773177
-773094
-773014
-772934
-772859
-772735
-772712
-772699
-772673
-772635
-772620
-772363
-772260
-771992
-771917
-771727
-771572
-771253
-771069
-770928
-770726
-770671
-770637
-770632
-770597
-770578
-770560
-770525
-770480
-770444
-770416
-770258
-770060
-770045
-770005
-769879
-769871
-769843
-769742
-769708
-769689
-769629
-769622
-769573
-769546
-769542
-769498
-768881
-768829
-768817
-768725
-768661
-768553
-768527
-768431
-768360
-768282
-768275
-768162
-768148
-768120
-768115
-768108
-768090
-768064
-767909
-767850
-767834
-767821
-767817
-767744
-767635
-767320
-767316
-767284
-767268
-767248
-767242
-767205
-767180
-767099
-767020
-767001
-766986
-766867
-766845
-766799
-766740
-766609
-766467
-766274
-766118
-766011
-765961
-765960
-765755
-765593
-765478
-765392
-765355
-765345
-765254
-765039
-764902
-764882
-764881
-764859
-764824
-764821
-764732
-764724
-764621
-764618
-764607
-764589
-764476
-764472
-764444
-764403
-764348
-764190
-764149
-764076
-764023
-763814
-763711
-763570
-763467
-763453
-763449
-763429
-763400
-763379
-763362
-763347
-763332
-763229
-763199
-763139
-763122
-762913
-762850
-762738
-762735
-762704
-762592
-762577
-762546
-762482
-762431
-762371
-762303
-762021
-761972
-761756
-761692
-761553
-761382
-761370
-761314
-761275
-761254
-761225
-761095
-761026
-760999
-760791
-760748
-760658
-760637
-760552
-760552
-760523
-760357
-760306
-760119
-760105
-760096
-760002
-760001
-759951
-759920
-759771
-759718
-759660
-759600
-759346
-759333
-759325
-759270
-759264
-759241
-759184
-759181
-759148
-759038
-759027
-758906
-758808
-758610
-758568
-758447
-758426
-758380
-758256
-758251
-758244
-758169
-758165
-758164
-758075
-757990
-757640
-757574
-757511
-757502
-757488
-757313
-757285
-757204
-757174
-757140
-757040
-757038
-757032
-757013
-756993
-756891
-756864
-756847
-756805
-756803
-756637
-756599
-756492
-756478
-756431
-756354
-756342
-756312
-756293
-756184
-756015
-755958
-755945
-755928
-755862
-755753
-755709
-755675
-755626
-755399
-755319
-755312
-755293
-755160
-755146
-755126
-755051
-755031
-754754
-754697
-754690
-754640
-754638
-754494
-754379
-754326
-754136
-754057
-754013
-753939
-753836
-753719
-753690
-753466
-753365
-753247
-753205
-753189
-753176
-753143
-753035
-752977
-752902
-752894
-752885
-752883
-752845
-752792
-752562
-752521
-752475
-752207
-751909
-751778
-751777
-751769
-751748
-751717
-751688
-751480
-751182
-751141
-751135
-751057
-751023
-750995
-750965
-750962
-750959
-750859
-750811
-750783
-750774
-750657
-750624
-750584
-750436
-750088
-750077
-750069
-749916
-749873
-749868
-749797
-749765
-749705
-749653
-749647
-749634
-749525
-749522
-749440
-749433
-749293
-749286
-749235
-749220
-749125
-749111
-749106
-749091
-749015
-749012
-748917
-748825
-748823
-748746
-748666
-748384
-748261
-748157
-748088
-748048
-747971
-747958
-747936
-747932
-747920
-747857
-747792
-747669
-747598
-747462
-747421
-747311
-747225
-747192
-747109
-747052
-747013
-746944
-746939
-746930
-746897
-746786
-746760
-746749
-746634
-746563
-746404
-746309
-746207
-746164
-746127
-745991
-745966
-745956
-745778
-745695
-745626
-745545
-745519
-745479
-745471
-745379
-745338
-745297
-745243
-745240
-745130
-745100
-744881
-744877
-744796
-744765
-744746
-744706
-744696
-744657
-744576
-744569
-744559
-744422
-744386
-743799
-743782
-743763
-743688
-743646
-743603
-743491
-743338
-743286
-743286
-743265
-743207
-743204
-743087
-743077
-743044
-742808
-742798
-742778
-742704
-742679
-742593
-742534
-742530
-742504
-742494
-742485
-742409
-742398
-742397
-742372
-742371
-742370
-742333
-742277
-742122
-742037
-741959
-741955
-741943
-741910
-741804
-741736
-741693
-741616
-741484
-741433
-741391
-741253
-740991
-740975
-740962
-740961
-740946
-740864
-740606
-740591
-740489
-740431
-740396
-740331
-740231
-740187
-740173
-739927
-739888
-739862
-739830
-739698
-739661
-739633
-739536
-739396
-739376
-739338
-739263
-739219
-739206
-739132
-739127
-739114
-739105
-739062
-739046
-738975
-738971
-738964
-738867
-738664
-738523
-738500
-738430
-738405
-738275
-738185
-738117
-737984
-737924
-737860
-737668
-737611
-737561
-737537
-737534
-737382
-737382
-737258
-737099
-737092
-737014
-736963
-736928
-736869
-736718
-736522
-736463
-736438
-736248
-736234
-736217
-736101
-736053
-736022
-735951
-735847
-735742
-735632
-735621
-735552
-735538
-735526
-735486
-735484
-735469
-735434
-735412
-735376
-735309
-735280
-735258
-735199
-735197
-735133
-735123
-734999
-734958
-734861
-734860
-734806
-734754
-734689
-734635
-734591
-734572
-734340
-734333
-734274
-734212
-734201
-734146
-734059
-734039
-734033
-734013
-733995
-733973
-733957
-733891
-733865
-733782
-733676
-733655
-733561
-733558
-733378
-733335
-733256
-733250
-733195
-733123
-733056
-732917
-732887
-732703
-732690
-732546
-732192
-732149
-732086
-731898
-731871
-731804
-731717
-731646
-731433
-731344
-731325
-731298
-731215
-731166
-731113
-731069
-731051
-730975
-730900
-730837
-730733
-730645
-730625
-730535
-730432
-730375
-730256
-730092
-730024
-729413
-729358
-729302
-729287
-729174
-729137
-729079
-728943
-728856
-728583
-728566
-728395
-728393
-728383
-728341
-728172
-728150
-728025
-727965
-727910
-727857
-727794
-727744
-727695
-727625
-727585
-727499
-727480
-727394
-727320
-727293
-727279
-727202
-727131
-727119
-726997
-726933
-726933
-726906
-726881
-726829
-726725
-726716
-726682
-726642
-726534
-726489
-726459
-726382
-726375
-726305
-726242
-726048
-726028
-726011
-725853
-725732
-725546
-725530
-725506
-725493
-725449
-725448
-725397
-725396
-725292
-725207
-725205
-725147
-725087
-724922
-724906
-724902
-724744
-724727
-724648
-724634
-724633
-724617
-724549
-724399
-724391
-724335
-724330
-724218
-724130
-723974
-723919
-723906
-723869
-723852
-723828
-723811
-723786
-723742
-723715
-723633
-723500
-723493
-723490
-723445
-723378
-723365
-723327
-723254
-723243
-723203
-723195
-723118
-723087
-723083
-723070
-722930
-722919
-722906
-722868
-722850
-722721
-722592
-722376
-722345
-722333
-722306
-722304
-722263
-722183
-722099
-722035
-722023
-722021
-721929
-721797
-721710
-721533
-721442
-721422
-721357
-721310
-721272
-721230
-721206
-721104
-721006
-721003
-720976
-720773
-720756
-720703
-720600
-720505
-720460
-720441
-720413
-720343
-720277
-720275
-720267
-720140
-720054
-720017
-719947
-719932
-719859
-719819
-719801
-719797
-719776
-719717
-719667
-719655
-719554
-719502
-719431
-719405
-719260
-719218
-719183
-719177
-719174
-719157
-719032
-718999
-718707
-718649
-718626
-718606
-718584
-718532
-718353
-718271
-718187
-718072
-717982
-717932
-717894
-717890
-717799
-717784
-717778
-717641
-717409
-717314
-717284
-717259
-717241
-717211
-717153
-717085
-716986
-716829
-716782
-716730
-716661
-716654
-716588
-716362
-716226
-716202
-716161
-716058
-716027
-715839
-715734
-715673
-715605
-715588
-715552
-715542
-715476
-715474
-715201
-715173
-715137
-715079
-714914
-714839
-714784
-714584
-714330
-714235
-714145
-714120
-714079
-713882
-713780
-713718
-713673
-713585
-713583
-713503
-713432
-713070
-712920
-712852
-712796
-712734
-712712
-712594
-712573
-712522
-712491
-712482
-712319
-712088
-712066
-712026
-711961
-711739
-711634
-711502
-711368
-711221
-711201
-711080
-711005
-710952
-710847
-710679
-710671
-710662
-710517
-710444
-710381
-710350
-710340
-710134
-710124
-710104
-710082
-710061
-709924
-709881
-709839
-709544
-709461
-709389
-709305
-709301
-709241
-709218
-709198
-709173
-709132
-709013
-709005
-708977
-708934
-708913
-708882
-708846
-708791
-708695
-708643
-708564
-708530
-708524
-708323
-708255
-708160
-708129
-707783
-707694
-707686
-707590
-707577
-707564
-707141
-707103
-707100
-707057
-707037
-707005
-706904
-706667
-706643
-706613
-706396
-706345
-706281
-706231
-706169
-706168
-705973
-705712
-705680
-705629
-705504
-705395
-705217
-705196
-705157
-705156
-705147
-705091
-705058
-705043
-704971
-704903
-704853
-704756
-704750
-704740
-704721
-704717
-704689
-704501
-704137
-704129
-704123
-704116
-704098
-703707
-703607
-703403
-703336
-703326
-703214
-703152
-703078
-703011
-702915
-702863
-702851
-702820
-702758
-702736
-702670
-702667
-702647
-702643
-702534
-702432
-702414
-702337
-702205
-702204
-701999
-701990
-701956
-701891
-701853
-701842
-701812
-701789
-701689
-701663
-701585
-701582
-701498
-701355
-701278
-701275
-701254
-701249
-701192
-701119
-701069
-701029
-700952
-700931
-700919
-700913
-700844
-700753
-700719
-700697
-700657
-700589
-700488
-700455
-700400
-700396
-700378
-700331
-700276
-700243
-700190
-700088
-699945
-699712
-699624
-699501
-699463
-699431
-699343
-699303
-699255
-699251
-698991
-698976
-698947
-698866
-698865
-698823
-698812
-698755
-698708
-698595
-698522
-698470
-698417
-698134
-698123
-698117
-698078
-698040
-697887
-697856
-697795
-697693
-697593
-697537
-697414
-697303
-697268
-697198
-697168
-697056
-696964
-696660
-696633
-696599
-696491
-696466
-696360
-696179
-696122
-695980
-695947
-695912
-695849
-695843
-695675
-695655
-695595
-695546
-695438
-695365
-695349
-695334
-695257
-694839
-694780
-694759
-694695
-694687
-694535
-694534
-694525
-694513
-694501
-694495
-694472
-694425
-694294
-694227
-694051
-694013
-694011
-693914
-693914
-693690
-693676
-693670
-693629
-693606
-693586
-693523
-693441
-693434
-693344
-693236
-693144
-693100
-693011
-692959
-692950
-692913
-692709
-692708
-692661
-692650
-692583
-692385
-692287
-692252
-692236
-692217
-692187
-692169
-692017
-691984
-691900
-691874
-691753
-691694
-691641
-691598
-691444
-691420
-691377
-691215
-691200
-691088
-690938
-690866
-690828
-690699
-690497
-690460
-690454
-690443
-690338
-690331
-690271
-690258
-690251
-690213
-690180
-690018
-689823
-689764
-689763
-689744
-689610
-689507
-689455
-689421
-689416
-689315
-689286
-689191
-689151
-689007
-688993
-688865
-688856
-688854
-688768
-688687
-688562
-688538
-688326
-688263
-688208
-688166
-688090
-687937
-687931
-687914
-687910
-687889
-687845
-687801
-687796
-687730
-687704
-687523
-687495
-687336
-687333
-687314
-687246
-687243
-687079
-687002
-686747
-686722
-686680
-686651
-686593
-686585
-686573
-686462
-686382
-686322
-686296
-686293
-686251
-686238
-686083
-685814
-685536
-685470
-685341
-685168
-685087
-685067
-685034
-685013
-684958
-684694
-684690
-684583
-684547
-684522
-684468
-684203
-684119
-683957
-683869
-683869
-683846
-683844
-683811
-683799
-683620
-683465
-683438
-683406
-683406
-683307
-683210
-682974
-682967
-682740
-682585
-682542
-682480
-682440
-682436
-682395
-682302
-682170
-682106
-682053
-682052
-682025
-681999
-681980
-681965
-681855
-681817
-681802
-681707
-681691
-681641
-681511
-681504
-681366
-681363
-681324
-681319
-681317
-681242
-681177
-681070
-681061
-680952
-680929
-680905
-680874
-680780
-680751
-680681
-680664
-680663
-680333
-680299
-680212
-680174
-680065
-680018
-679967
-679907
-679814
-679712
-679699
-679671
-679601
-679532
-679520
-679492
-679480
-679478
-679464
-679177
-679131
-679126
-679122
-679091
-678916
-678870
-678814
-678695
-678684
-678673
-678430
-678409
-678314
-678281
-678247
-678009
-677988
-677965
-677949
-677786
-677765
-677740
-677725
-677717
-677710
-677704
-677700
-677674
-677597
-677595
-677551
-677497
-677485
-677301
-677166
-677114
-677098
-677075
-677067
-676982
-676943
-676936
-676936
-676831
-676806
-676746
-676720
-676542
-676306
-676277
-676257
-676216
-676159
-676045
-676000
-675923
-675908
-675821
-675732
-675687
-675668
-675646
-675449
-675416
-675330
-675329
-675325
-675195
-675057
-675016
-674805
-674753
-674687
-674578
-674466
-674454
-674439
-674395
-674327
-674229
-674218
-674093
-673993
-673981
-673906
-673820
-673719
-673651
-673487
-673458
-673362
-673248
-673108
-673053
-673022
-672899
-672792
-672785
-672732
-672712
-672676
-672622
-672597
-672530
-672362
-672337
-672185
-672138
-672104
-672083
-672067
-671961
-671873
-671555
-671313
-671293
-671263
-671085
-670994
-670959
-670887
-670730
-670635
-670586
-670525
-670480
-670391
-670358
-670323
-670294
-670278
-670204
-670184
-670163
-670145
-670086
-670070
-670067
-669934
-669834
-669794
-669747
-669736
-669660
-669562
-669532
-669428
-669420
-669416
-669378
-669369
-669351
-669347
-669346
-669304
-669213
-669193
-669172
-669093
-669061
-669038
-669028
-668953
-668816
-668713
-668560
-668444
-668302
-668286
-668274
-668185
-668161
-668043
-667949
-667823
-667817
-667733
-667576
-667507
-667505
-667427
-667382
-667363
-667360
-667297
-667277
-667275
-667120
-666994
-666939
-666848
-666808
-666746
-666708
-666683
-666601
-666580
-666565
-666548
-666543
-666498
-666348
-666312
-666276
-666221
-666191
-666024
-666018
-665981
-665920
-665914
-665844
-665799
-665788
-665760
-665663
-665626
-665610
-665465
-665456
-665408
-665395
-665259
-665134
-665119
-665109
-665007
-664905
-664902
-664727
-664519
-664497
-664410
-664367
-664363
-664352
-664294
-664197
-664082
-664060
-664005
-663931
-663902
-663740
-663719
-663718
-663385
-663369
-663350
-663336
-663229
-663224
-663101
-663093
-663048
-662905
-662895
-662823
-662795
-662671
-662275
-662211
-662101
-662030
-662007
-661992
-661984
-661887
-661849
-661822
-661777
-661724
-661695
-661618
-661516
-661473
-661465
-661412
-661247
-661160
-661155
-661149
-660986
-660949
-660921
-660904
-660879
-660849
-660728
-660720
-660696
-660677
-660666
-660666
-660652
-660599
-660550
-660500
-660396
-660347
-660337
-660294
-660292
-660251
-660234
-660210
-660135
-660073
-660055
-659964
-659812
-659807
-659771
-659648
-659633
-659301
-659290
-659246
-659051
-659001
-658880
-658852
-658735
-658687
-658601
-658524
-658490
-658421
-658407
-658350
-658291
-658285
-658156
-658102
-657922
-657919
-657894
-657861
-657859
-657781
-657707
-657682
-657679
-657673
-657614
-657612
-657611
-657610
-657604
-657536
-657341
-657298
-657214
-657203
-657175
-657155
-657145
-657127
-657120
-657087
-657069
-657002
-656980
-656978
-656830
-656760
-656742
-656700
-656696
-656672
-656619
-656566
-656547
-656538
-656532
-656528
-656522
-656506
-656268
-656222
-656221
-655903
-655880
-655848
-655796
-655794
-655756
-655723
-655680
-655676
-655666
-655655
-655420
-655346
-655105
-655076
-655047
-654924
-654793
-654610
-654425
-654373
-654249
-653949
-653939
-653914
-653891
-653795
-653758
-653581
-653502
-653480
-653256
-653207
-653171
-653105
-652822
-652724
-652677
-652612
-652582
-652565
-652529
-652501
-652492
-652468
-652402
-652383
-652350
-652185
-652011
-651831
-651785
-651677
-651609
-651443
-651425
-651406
-651030
-650991
-650944
-650901
-650873
-650808
-650747
-650687
-650650
-650604
-650352
-650328
-650317
-650264
-650188
-650154
-650069
-650038
-650018
-650016
-649875
-649866
-649823
-649816
-649733
-649660
-649604
-649592
-649567
-649488
-649456
-649408
-649357
-649175
-649160
-649130
-649127
-649116
-649083
-649051
-649020
-649003
-648965
-648936
-648896
-648760
-648718
-648647
-648590
-648495
-648375
-648310
-648304
-648284
-648131
-648050
-648028
-647870
-647858
-647840
-647835
-647710
-647677
-647670
-647651
-647530
-647487
-647466
-647418
-647407
-647253
-647138
-647124
-647107
-647060
-647046
-647005
-646985
-646812
-646615
-646555
-646446
-646403
-646390
-646301
-646264
-646236
-646194
-646154
-646097
-646065
-645951
-645768
-645714
-645533
-645351
-645302
-645280
-645154
-645108
-644926
-644857
-644828
-644825
-644783
-644763
-644656
-644490
-644479
-644441
-644418
-644308
-644290
-644283
-644232
-644132
-644033
-643999
-643989
-643959
-643857
-643844
-643701
-643656
-643593
-643591
-643583
-643513
-643512
-643495
-643472
-643439
-643199
-643165
-643156
-643145
-643072
-643059
-642922
-642670
-642665
-642576
-642520
-642468
-642423
-642357
-642257
-642243
-642141
-641895
-641787
-641739
-641574
-641520
-641400
-641289
-641144
-641102
-641036
-641023
-641014
-640973
-640929
-640826
-640806
-640799
-640754
-640726
-640673
-640629
-640556
-640424
-640419
-640413
-640282
-640205
-640077
-639912
-639793
-639762
-639653
-639543
-639508
-639310
-639275
-639275
-639259
-639072
-639017
-638995
-638959
-638879
-638854
-638851
-638838
-638723
-638706
-638668
-638445
-638419
-638348
-638335
-638240
-638202
-638093
-638040
-638031
-637966
-637965
-637796
-637700
-637567
-637563
-637543
-637492
-637482
-637404
-637375
-637298
-637276
-637275
-637220
-637108
-637095
-636878
-636805
-636785
-636706
-636640
-636618
-636587
-636558
-636535
-636430
-636120
-636071
-635976
-635910
-635897
-635881
-635756
-635631
-635425
-635419
-635380
-635187
-635131
-635096
-635029
-635017
-635009
-634855
-634562
-634540
-634497
-634406
-634231
-634221
-634172
-634165
-634146
-634082
-634042
-634038
-634009
-633997
-633976
-633921
-633825
-633771
-633610
-633581
-633466
-633411
-633384
-633173
-633128
-633113
-633065
-633058
-633050
-632945
-632836
-632651
-632587
-632513
-632487
-632390
-632384
-632229
-632181
-632117
-632075
-632051
-632029
-632019
-631881
-631731
-631662
-631552
-631311
-631249
-631225
-631201
-631153
-631112
-630992
-630977
-630935
-630806
-630692
-630661
-630636
-630498
-630356
-630329
-630324
-630138
-630115
-630086
-629954
-629791
-629779
-629679
-629579
-629531
-629521
-629520
-629510
-629408
-629361
-629295
-629290
-629262
-629152
-629144
-628900
-628719
-628616
-628526
-628472
-628412
-628327
-628299
-628286
-628260
-628214
-628184
-628148
-628085
-627960
-627944
-627849
-627818
-627791
-627773
-627756
-627746
-627721
-627696
-627683
-627643
-627521
-627447
-627433
-627364
-627329
-627275
-627268
-627189
-627124
-627003
-626952
-626852
-626756
-626697
-626633
-626603
-626482
-626404
-626403
-626372
-626345
-626277
-625988
-625987
-625982
-625699
-625657
-625584
-625498
-625485
-625472
-625367
-625306
-625215
-625104
-625097
-625069
-625053
-624966
-624959
-624706
-624607
-624603
-624593
-624357
-624288
-624284
-624263
-624201
-624187
-624137
-624116
-624067
-624060
-624046
-623967
-623927
-623909
-623827
-623525
-623332
-623209
-623181
-623166
-622943
-622842
-622658
-622634
-622585
-622492
-622329
-622226
-622199
-621921
-621894
-621819
-621781
-621721
-621718
-621666
-621654
-621647
-621577
-621339
-621323
-621143
-621101
-621068
-620814
-620671
-620652
-620637
-620627
-620564
-620517
-620495
-620453
-620415
-620382
-620359
-620342
-620245
-620216
-620170
-620111
-619852
-619610
-619572
-619565
-619555
-619477
-619477
-619413
-619333
-619320
-619268
-619235
-619226
-619200
-619103
-619074
-618917
-618810
-618758
-618705
-618642
-618634
-618629
-618474
-618352
-618332
-618278
-618219
-618185
-618172
-618136
-617960
-617945
-617898
-617890
-617739
-617553
-617534
-617360
-617306
-617243
-617222
-617178
-617109
-617102
-617098
-617096
-617079
-616971
-616916
-616814
-616814
-616750
-616582
-616560
-616540
-616532
-616509
-616478
-616398
-616162
-616103
-616059
-616016
-615977
-615970
-615946
-615924
-615780
-615754
-615522
-615498
-615470
-615234
-615214
-615113
-615092
-615024
-615015
-614945
-614941
-614890
-614780
-614777
-614698
-614659
-614609
-614515
-614464
-614360
-614285
-614281
-614220
-614205
-614203
-614159
-614157
-614156
-614148
-614143
-614135
-614111
-614081
-614041
-613941
-613894
-613813
-613660
-613646
-613569
-613461
-613432
-613431
-613424
-613411
-613389
-613309
-613282
-613171
-613151
-613124
-612971
-612940
-612758
-612661
-612583
-612293
-612281
-612274
-612217
-612213
-612093
-611962
-611922
-611911
-611884
-611863
-611783
-611732
-611663
-611606
-611539
-611499
-611457
-611384
-611299
-611279
-611208
-611037
-611004
-610980
-610738
-610712
-610615
-610516
-610379
-610369
-610164
-610154
-610124
-610095
-610051
-610000
-609980
-609858
-609854
-609793
-609751
-609710
-609638
-609554
-609466
-609442
-609416
-609397
-609349
-609280
-609221
-609198
-609150
-608980
-608793
-608762
-608733
-608691
-608666
-608577
-608524
-608448
-608444
-608193
-608120
-608117
-608054
-607962
-607948
-607874
-607865
-607853
-607816
-607757
-607726
-607701
-607579
-607493
-607475
-607455
-607436
-607373
-607310
-607167
-607166
-607058
-607050
-607049
-606891
-606801
-606731
-606717
-606716
-606485
-606444
-606410
-606313
-606265
-606170
-606120
-606049
-605970
-605955
-605725
-605671
-605635
-605551
-605529
-605504
-605477
-605378
-605321
-605295
-605229
-605199
-605130
-605124
-605068
-605043
-605039
-605029
-604900
-604830
-604812
-604750
-604748
-604727
-604696
-604556
-604505
-604472
-604426
-604425
-604397
-604380
-604350
-604154
-604078
-603995
-603982
-603963
-603854
-603848
-603826
-603816
-603772
-603701
-603656
-603571
-603525
-603522
-603429
-603419
-603375
-603331
-603184
-603171
-603140
-603140
-603120
-603085
-603040
-603036
-602792
-602780
-602760
-602476
-602346
-602315
-602160
-602155
-602140
-602110
-602010
-601958
-601945
-601931
-601900
-601876
-601815
-601726
-601683
-601541
-601452
-601439
-601413
-601403
-601369
-601329
-601271
-601158
-601142
-601140
-600952
-600927
-600880
-600804
-600793
-600746
-600704
-600557
-600556
-600509
-600495
-600411
-600390
-600339
-600311
-600299
-600299
-600249
-600215
-600157
-599985
-599938
-599778
-599740
-599664
-599421
-599416
-599384
-599230
-599097
-599065
-598908
-598906
-598753
-598742
-598670
-598597
-598583
-598530
-598524
-598440
-598416
-598163
-598162
-598129
-598128
-598115
-598083
-598041
-598004
-597961
-597956
-597953
-597943
-597925
-597852
-597729
-597661
-597636
-597572
-597510
-597169
-597111
-596926
-596900
-596829
-596741
-596707
-596699
-596601
-596548
-596541
-596485
-596405
-596266
-595993
-595972
-595855
-595846
-595678
-595402
-595296
-594913
-594906
-594780
-594565
-594554
-594484
-594436
-594434
-594428
-594414
-594157
-594122
-594113
-594095
-594023
-594002
-593876
-593832
-593683
-593661
-593573
-593542
-593354
-593344
-593261
-593226
-593197
-593170
-593099
-592838
-592827
-592780
-592746
-592703
-592592
-592577
-592557
-592515
-592498
-592492
-592417
-592377
-592377
-592361
-592334
-592264
-592261
-592155
-592143
-592101
-592080
-592045
-592009
-591926
-591865
-591842
-591814
-591729
-591708
-591611
-591577
-591534
-591514
-591500
-591402
-591321
-591316
-591284
-591233
-591159
-591019
-590936
-590845
-590827
-590760
-590625
-590611
-590473
-590286
-590282
-590242
-590191
-589945
-589791
-589759
-589737
-589729
-589607
-589603
-589467
-589417
-589390
-589317
-589300
-589148
-588973
-588965
-588851
-588843
-588812
-588787
-588734
-588729
-588676
-588649
-588624
-588481
-588480
-588300
-588291
-588162
-588099
-588034
-587938
-587931
-587923
-587890
-587864
-587841
-587811
-587777
-587718
-587568
-587534
-587483
-587476
-587447
-587409
-587361
-587344
-587256
-587222
-587193
-587102
-587052
-586933
-586779
-586773
-586750
-586741
-586720
-586699
-586670
-586636
-586636
-586628
-586514
-586487
-586413
-586260
-586219
-586107
-586026
-586019
-586011
-585930
-585916
-585777
-585767
-585676
-585533
-585418
-585257
-585224
-585209
-585149
-584979
-584900
-584797
-584756
-584664
-584650
-584597
-584453
-584343
-584297
-584228
-584188
-584155
-584036
-583917
-583880
-583856
-583502
-583455
-583445
-583411
-583359
-583311
-583301
-583300
-583225
-583133
-583073
-583016
-582888
-582861
-582826
-582752
-582715
-582628
-582592
-582524
-582493
-582380
-582373
-582324
-582302
-582284
-582268
-582160
-582150
-582117
-582058
-581851
-581847
-581745
-581722
-581586
-581581
-581568
-581566
-581353
-581350
-581119
-581110
-581091
-581027
-580981
-580947
-580866
-580847
-580811
-580784
-580748
-580665
-580431
-580386
-580350
-580309
-580309
-580240
-580189
-580118
-580088
-580049
-580049
-579993
-579984
-579966
-579963
-579939
-579755
-579754
-579693
-579635
-579624
-579618
-579356
-579230
-579092
-579058
-578876
-578822
-578801
-578675
-578540
-578478
-578457
-578327
-578291
-578200
-578192
-578114
-578071
-578068
-578067
-578050
-577987
-577839
-577708
-577696
-577556
-577508
-577476
-577323
-577302
-577248
-577116
-577027
-576930
-576845
-576839
-576796
-576677
-576587
-576522
-576470
-576223
-576095
-575927
-575834
-575829
-575773
-575621
-575586
-575507
-575305
-575240
-575163
-575159
-575158
-575105
-575036
-574980
-574966
-574839
-574596
-574540
-574537
-574468
-574389
-574368
-574348
-574330
-574319
-574112
-574046
-573990
-573988
-573883
-573880
-573856
-573835
-573824
-573812
-573739
-573532
-573434
-573428
-573323
-573309
-573121
-573109
-573066
-572942
-572929
-572894
-572847
-572767
-572696
-572666
-572564
-572531
-572514
-572417
-572230
-571907
-571861
-571828
-571792
-571623
-571466
-571457
-571304
-571290
-571207
-570976
-570962
-570863
-570812
-570800
-570629
-570621
-570510
-570487
-570486
-570445
-570439
-570250
-570206
-570086
-570021
-570017
-569972
-569948
-569920
-569880
-569761
-569736
-569727
-569696
-569608
-569608
-569562
-569497
-569403
-569314
-569313
-569216
-569106
-569075
-569022
-568946
-568899
-568879
-568720
-568646
-568551
-568462
-568391
-568212
-568117
-568099
-567968
-567857
-567802
-567737
-567688
-567646
-567451
-567353
-567304
-567045
-567027
-567024
-566969
-566966
-566958
-566922
-566856
-566662
-566654
-566598
-566587
-566585
-566569
-566539
-566484
-566439
-566432
-566354
-566279
-566264
-566252
-566206
-566194
-566114
-565985
-565815
-565776
-565686
-565638
-565535
-565525
-565519
-565413
-565413
-565148
-565085
-565078
-564837
-564811
-564804
-564725
-564703
-564690
-564566
-564533
-564451
-564451
-564391
-564302
-564264
-564234
-564168
-564093
-564053
-563904
-563835
-563773
-563753
-563738
-563593
-563538
-563531
-563525
-563341
-563328
-563241
-563210
-563037
-563035
-562964
-562957
-562773
-562665
-562498
-562421
-562418
-562383
-562351
-562305
-562303
-562245
-562235
-562205
-562175
-562114
-562041
-561957
-561930
-561830
-561767
-561572
-561569
-561453
-561409
-561175
-561105
-561070
-561027
-560974
-560966
-560879
-560764
-560703
-560682
-560660
-560606
-560498
-560491
-560386
-560302
-560300
-560251
-560250
-560219
-560192
-560184
-560006
-559997
-559931
-559915
-559870
-559732
-559573
-559466
-559383
-559357
-559334
-559308
-559259
-559217
-559201
-559122
-559080
-558902
-558844
-558659
-558610
-558570
-558513
-558506
-558483
-558456
-558252
-558224
-558135
-558081
-558069
-558028
-558003
-557899
-557734
-557721
-557691
-557674
-557637
-557605
-557588
-557553
-557507
-557475
-557455
-557352
-557304
-557280
-557272
-557137
-557131
-557127
-557043
-556988
-556976
-556952
-556942
-556874
-556846
-556750
-556729
-556708
-556694
-556651
-556644
-556583
-556569
-556542
-556462
-556462
-556387
-556314
-556286
-556278
-556145
-556114
-556102
-556050
-555859
-555836
-555811
-555787
-555773
-555659
-555639
-555636
-555571
-555402
-555267
-555264
-555196
-555046
-554944
-554718
-554716
-554679
-554524
-554497
-554459
-554292
-554233
-554108
-554063
-553899
-553825
-553342
-553143
-553085
-553028
-553023
-552940
-552931
-552804
-552765
-552751
-552723
-552691
-552648
-552593
-552564
-552548
-552545
-552397
-552396
-552369
-552193
-552056
-552039
-552022
-551993
-551816
-551799
-551724
-551652
-551617
-551616
-551546
-551407
-551397
-551291
-551218
-551140
-551072
-551045
-550993
-550993
-550782
-550648
-550629
-550557
-550490
-550416
-550377
-550338
-550257
-550221
-550218
-550189
-550121
-550113
-550045
-550040
-549942
-549933
-549878
-549864
-549792
-549585
-549546
-549478
-549442
-549400
-549369
-549339
-549245
-549231
-548996
-548957
-548851
-548684
-548664
-548647
-548619
-548587
-548494
-548476
-548445
-548443
-548388
-548291
-548276
-548199
-548088
-547982
-547969
-547753
-547743
-547725
-547667
-547450
-547434
-547415
-547393
-547390
-547344
-547234
-547216
-547189
-547136
-547087
-547078
-546974
-546954
-546948
-546942
-546708
-546627
-546611
-546513
-546398
-546234
-546207
-546186
-546134
-546131
-546085
-545939
-545896
-545888
-545886
-545775
-545695
-545649
-545622
-545590
-545321
-545246
-545202
-545089
-544999
-544957
-544934
-544932
-544868
-544804
-544681
-544612
-544590
-544549
-544534
-544426
-544419
-544330
-544239
-544167
-544033
-543999
-543974
-543972
-543963
-543879
-543805
-543685
-543648
-543595
-543438
-543311
-543220
-543190
-543173
-542986
-542975
-542814
-542767
-542748
-542633
-542594
-542584
-542490
-542380
-542229
-542098
-542098
-542041
-542015
-541967
-541937
-541908
-541904
-541692
-541686
-541625
-541515
-541454
-541398
-541351
-541327
-541314
-541230
-541189
-541112
-541057
-540970
-540959
-540940
-540814
-540685
-540516
-540491
-540317
-540238
-540196
-540165
-540161
-540145
-540078
-540061
-540048
-539995
-539815
-539803
-539611
-539587
-539541
-539519
-539480
-539411
-539363
-539246
-539204
-539167
-539157
-538944
-538940
-538862
-538854
-538784
-538762
-538448
-538387
-538377
-538358
-538289
-538284
-538278
-538204
-538193
-538165
-538137
-538106
-538078
-538013
-537960
-537723
-537648
-537634
-537607
-537586
-537577
-537533
-537489
-537407
-537306
-537181
-537150
-537113
-537105
-537013
-536997
-536900
-536885
-536851
-536845
-536807
-536787
-536658
-536467
-536419
-536310
-536265
-536226
-536177
-536119
-536024
-535843
-535705
-535692
-535518
-535509
-535466
-535425
-535378
-535322
-535119
-535105
-535061
-535037
-534967
-534922
-534905
-534899
-534858
-534800
-534728
-534720
-534683
-534597
-534519
-534494
-534479
-534451
-534434
-534331
-534239
-534190
-534109
-533897
-533822
-533636
-533603
-533594
-533569
-533469
-533458
-533457
-533419
-533393
-533339
-533300
-533253
-533244
-533111
-533104
-533020
-532971
-532836
-532695
-532338
-532322
-532250
-532212
-532157
-532078
-532040
-531982
-531965
-531944
-531934
-531909
-531873
-531773
-531772
-531729
-531633
-531594
-531580
-531574
-531345
-531314
-531306
-531288
-531177
-531136
-531132
-531061
-531053
-530969
-530812
-530808
-530758
-530737
-530606
-530527
-530518
-530483
-530440
-530398
-530319
-530204
-530032
-530017
-529920
-529912
-529846
-529831
-529824
-529757
-529678
-529631
-529539
-529494
-529492
-529446
-529280
-529160
-529150
-529122
-529094
-529039
-529000
-528898
-528885
-528736
-528603
-528602
-528585
-528509
-528499
-528471
-528469
-528328
-528321
-528265
-528262
-528187
-527913
-527845
-527834
-527691
-527689
-527668
-527642
-527618
-527498
-527496
-527252
-527093
-527020
-526935
-526932
-526917
-526885
-526873
-526754
-526739
-526578
-526570
-526467
-526433
-526337
-526324
-526278
-525961
-525688
-525635
-525554
-525517
-525504
-525470
-525392
-525138
-525099
-525078
-525017
-525002
-524923
-524900
-524783
-524775
-524519
-524362
-524311
-524248
-524225
-524147
-524090
-523910
-523813
-523638
-523605
-523576
-523542
-523512
-523459
-523436
-523395
-523334
-523274
-523244
-523217
-523213
-523169
-523113
-523011
-522972
-522917
-522897
-522854
-522813
-522801
-522748
-522739
-522412
-522397
-522390
-522330
-522312
-522294
-522254
-522208
-522009
-521673
-521627
-521465
-521423
-521405
-521376
-521356
-521311
-521271
-521270
-521257
-521228
-521218
-520983
-520908
-520894
-520864
-520819
-520710
-520686
-520592
-520561
-520537
-520439
-520351
-520272
-520233
-520084
-520063
-520062
-519966
-519956
-519684
-519657
-519581
-519542
-519516
-519487
-519444
-519357
-519342
-519245
-519238
-519236
-519192
-519173
-519172
-519142
-519139
-518619
-518405
-518329
-518202
-518095
-518047
-518026
-518018
-517996
-517887
-517850
-517836
-517825
-517740
-517721
-517615
-517588
-517538
-517521
-517471
-517392
-517303
-517175
-517140
-516815
-516811
-516750
-516622
-516591
-516575
-516454
-516413
-516402
-516339
-516320
-516096
-516044
-515715
-515700
-515682
-515675
-515656
-515588
-515517
-515515
-515371
-515302
-515285
-515262
-515138
-515021
-515003
-514923
-514918
-514854
-514847
-514797
-514549
-514446
-514439
-514374
-514353
-514298
-514190
-514189
-514159
-514155
-514131
-514095
-514010
-513993
-513993
-513920
-513894
-513871
-513719
-513592
-513560
-513536
-513364
-513140
-513097
-512993
-512974
-512840
-512774
-512660
-512618
-512403
-512392
-512365
-512332
-512203
-512018
-512016
-511965
-511934
-511866
-511793
-511772
-511548
-511421
-511388
-511280
-511247
-511196
-511055
-511050
-511003
-510748
-510681
-510671
-510560
-510530
-510427
-510338
-510299
-510239
-510199
-510179
-510160
-510150
-510037
-509912
-509817
-509777
-509756
-509712
-509666
-509622
-509619
-509617
-509492
-509269
-509211
-509196
-509061
-508842
-508601
-508598
-508521
-508517
-508494
-508381
-508150
-508013
-507999
-507991
-507927
-507919
-507857
-507824
-507763
-507725
-507707
-507636
-507623
-507607
-507556
-507553
-507501
-507476
-507409
-507403
-507294
-507186
-507138
-507079
-506911
-506895
-506807
-506749
-506691
-506562
-506534
-506527
-506472
-506472
-506460
-506408
-506403
-506376
-506243
-506179
-506179
-506163
-506005
-506001
-505952
-505776
-505754
-505720
-505710
-505466
-505447
-505362
-505068
-505059
-504957
-504955
-504842
-504767
-504757
-504753
-504751
-504717
-504703
-504694
-504594
-504571
-504514
-504503
-504493
-504411
-504368
-504367
-504275
-504169
-504106
-504054
-504010
-504003
-503931
-503869
-503610
-503599
-503554
-503443
-503389
-503387
-503167
-503137
-503135
-503105
-503104
-503101
-502904
-502854
-502833
-502624
-502611
-502588
-502584
-502360
-502342
-502340
-502323
-502302
-502277
-502201
-502150
-502114
-501970
-501903
-501875
-501806
-501682
-501629
-501459
-501437
-501287
-501285
-501172
-501167
-501148
-501100
-501066
-500960
-500834
-500824
-500795
-500755
-500747
-500746
-500666
-500643
-500640
-500549
-500485
-500420
-500364
-500105
-499889
-499836
-499702
-499610
-499567
-499508
-499502
-499499
-499483
-499462
-499444
-499346
-499338
-499297
-499238
-499068
-498996
-498902
-498883
-498746
-498744
-498698
-498606
-498574
-498502
-498460
-498456
-498424
-498333
-498308
-498270
-498266
-498212
-498066
-497931
-497902
-497717
-497673
-497672
-497655
-497589
-497568
-497551
-497519
-497501
-497486
-497428
-497409
-497354
-497344
-497289
-497231
-497182
-497107
-497027
-496973
-496887
-496865
-496720
-496616
-496611
-496609
-496593
-496588
-496561
-496532
-496306
-496199
-496174
-496168
-496161
-496130
-496115
-496048
-496026
-496007
-495981
-495864
-495778
-495767
-495760
-495743
-495733
-495703
-495498
-495464
-495423
-495222
-495052
-494933
-494800
-494731
-494377
-494164
-494136
-494110
-494063
-494017
-494006
-494004
-493952
-493825
-493719
-493694
-493631
-493517
-493496
-493406
-493400
-493362
-493221
-493148
-493122
-493067
-493011
-492902
-492813
-492615
-492591
-492570
-492567
-492438
-492437
-492434
-492355
-492318
-492269
-492159
-492158
-492111
-491946
-491941
-491928
-491767
-491715
-491702
-491688
-491676
-491628
-491489
-491362
-491246
-491083
-491075
-491036
-490895
-490854
-490846
-490731
-490696
-490629
-490607
-490558
-490454
-490436
-490418
-490349
-490261
-490192
-490188
-490165
-490135
-490101
-490014
-490002
-489995
-489931
-489911
-489871
-489862
-489724
-489655
-489638
-489475
-489240
-489223
-489152
-489138
-489112
-489049
-489030
-489019
-489009
-488987
-488843
-488756
-488658
-488613
-488378
-488303
-488144
-488117
-488096
-488076
-488057
-488026
-487967
-487884
-487881
-487874
-487657
-487509
-487485
-487418
-487418
-487411
-487267
-487137
-487104
-487101
-487097
-487003
-486978
-486976
-486863
-486432
-486427
-486404
-486347
-486212
-486122
-486111
-486023
-485991
-485748
-485730
-485717
-485716
-485603
-485371
-485370
-485344
-485234
-485218
-485093
-484994
-484935
-484928
-484814
-484780
-484709
-484686
-484673
-484394
-484356
-484324
-484143
-483946
-483943
-483782
-483772
-483718
-483698
-483669
-483618
-483567
-483516
-483505
-483442
-483440
-483258
-483245
-483244
-483230
-483180
-483127
-483107
-483065
-482792
-482682
-482640
-482580
-482574
-482534
-482531
-482528
-482401
-482338
-482292
-482220
-482205
-482094
-482075
-482063
-481991
-481960
-481912
-481895
-481843
-481683
-481552
-481475
-481410
-481241
-481202
-481202
-481190
-481127
-481032
-480985
-480947
-480828
-480750
-480736
-480602
-480549
-480496
-480288
-480285
-480281
-480240
-480092
-479944
-479927
-479810
-479743
-479737
-479661
-479534
-479510
-479502
-479450
-479438
-479421
-479415
-479284
-479227
-479047
-479021
-478966
-478906
-478730
-478673
-478651
-478411
-478339
-478338
-478309
-478303
-478047
-477945
-477892
-477854
-477762
-477620
-477588
-477403
-477391
-477374
-477365
-477341
-477285
-477269
-477196
-477190
-477181
-477162
-477152
-477117
-477102
-477090
-476981
-476942
-476904
-476889
-476841
-476649
-476590
-476261
-476177
-476036
-475919
-475888
-475852
-475737
-475722
-475670
-475548
-475546
-475481
-475429
-475423
-475423
-475403
-475393
-475308
-475150
-474990
-474946
-474920
-474866
-474809
-474798
-474792
-474618
-474607
-474466
-474453
-474431
-474416
-474383
-474380
-474312
-474272
-474155
-474124
-474117
-474099
-474014
-473996
-473990
-473814
-473812
-473799
-473766
-473754
-473723
-473709
-473670
-473525
-473523
-473472
-473281
-473229
-473220
-473095
-472973
-472959
-472939
-472923
-472834
-472826
-472751
-472546
-472473
-472385
-472258
-472216
-472214
-471945
-471758
-471751
-471738
-471627
-471403
-471316
-471273
-471257
-471181
-471164
-471108
-470853
-470852
-470786
-470725
-470699
-470665
-470554
-470501
-470415
-470414
-470390
-470376
-470282
-470081
-470080
-470059
-470009
-469984
-469886
-469740
-469725
-469669
-469612
-469561
-469544
-469507
-469450
-469427
-469369
-469263
-469135
-469035
-468994
-468929
-468882
-468617
-468585
-468558
-468534
-468496
-468484
-468472
-468446
-468443
-468426
-468406
-468310
-468260
-468203
-468162
-468145
-468106
-468092
-468062
-467988
-467749
-467672
-467605
-467517
-467471
-467388
-467339
-467314
-467236
-467212
-467206
-467155
-467149
-467139
-466928
-466901
-466782
-466441
-466435
-466348
-466329
-466294
-466224
-466174
-466159
-466122
-466121
-466091
-466079
-466072
-466052
-466011
-466004
-465948
-465931
-465921
-465914
-465886
-465873
-465858
-465760
-465735
-465734
-465648
-465644
-465608
-465598
-465472
-465431
-465415
-465407
-465364
-465325
-465258
-465254
-465240
-465233
-465001
-464816
-464743
-464720
-464647
-464618
-464576
-464524
-464523
-464315
-464308
-464303
-464295
-464289
-464027
-464013
-463964
-463937
-463917
-463773
-463751
-463749
-463649
-463642
-463389
-463324
-463313
-463156
-463075
-462867
-462825
-462753
-462711
-462610
-462577
-462556
-462495
-462269
-462224
-462005
-461970
-461961
-461949
-461936
-461934
-461877
-461785
-461774
-461725
-461405
-461329
-461327
-461271
-461192
-461191
-461101
-461094
-460920
-460920
-460919
-460912
-460888
-460840
-460753
-460729
-460705
-460552
-460195
-460154
-460141
-460099
-460068
-460016
-459990
-459839
-459482
-459390
-459360
-459346
-459269
-459252
-459242
-459151
-459029
-459011
-458903
-458849
-458833
-458798
-458711
-458708
-458621
-458568
-458448
-458317
-458293
-458287
-458248
-458208
-457986
-457779
-457702
-457605
-457576
-457367
-457348
-457278
-457247
-457234
-457187
-457184
-457175
-457092
-457010
-456980
-456974
-456916
-456810
-456672
-456642
-456628
-456460
-456380
-456293
-456258
-456226
-456109
-455965
-455726
-455688
-455623
-455441
-455431
-455352
-455233
-455049
-454991
-454949
-454824
-454744
-454705
-454588
-454403
-454315
-454002
-453960
-453863
-453669
-453651
-453645
-453603
-453594
-453569
-453559
-453515
-453477
-453442
-453411
-453394
-453361
-453294
-453288
-453253
-453218
-453080
-453042
-453041
-453016
-452857
-452821
-452733
-452721
-452710
-452675
-452602
-452510
-452409
-452377
-452375
-452288
-452275
-452270
-452249
-452099
-452037
-451999
-451971
-451967
-451958
-451923
-451767
-451763
-451685
-451678
-451657
-451406
-451337
-451280
-451172
-451109
-451098
-451062
-451020
-451013
-450983
-450621
-450558
-450510
-450508
-450484
-450446
-450412
-450290
-450252
-450234
-450121
-450095
-450068
-450035
-449990
-449942
-449861
-449835
-449776
-449769
-449638
-449618
-449592
-449579
-449545
-449474
-449453
-449410
-449405
-449325
-449312
-449186
-448894
-448843
-448810
-448520
-448479
-448436
-448398
-448386
-448229
-448159
-448085
-448073
-448007
-447971
-447922
-447898
-447812
-447791
-447757
-447673
-447629
-447620
-447586
-447479
-447325
-447239
-447237
-447233
-447089
-446908
-446900
-446831
-446814
-446809
-446704
-446692
-446580
-446418
-446312
-446008
-446002
-445972
-445913
-445911
-445867
-445702
-445668
-445582
-445542
-445451
-445356
-445342
-445289
-445237
-445163
-445119
-444988
-444957
-444867
-444838
-444753
-444714
-444711
-444578
-444539
-444488
-444451
-444390
-444385
-444344
-444260
-444257
-444224
-444189
-444181
-444068
-444064
-444053
-444049
-444039
-444002
-443927
-443777
-443728
-443694
-443675
-443641
-443631
-443453
-443381
-443358
-443326
-443320
-443189
-443092
-443077
-442880
-442804
-442802
-442771
-442728
-442673
-442615
-442550
-442540
-442518
-442513
-442488
-442467
-442316
-442285
-442263
-442077
-442009
-441969
-441845
-441818
-441797
-441769
-441614
-441549
-441526
-441469
-441467
-441304
-441275
-441077
-440891
-440859
-440837
-440673
-440672
-440661
-440598
-440582
-440505
-440390
-440375
-440224
-440223
-440177
-440088
-440059
-439958
-439938
-439865
-439845
-439777
-439670
-439607
-439591
-439385
-439257
-439213
-439208
-439199
-439127
-439018
-438987
-438774
-438718
-438680
-438652
-438626
-438261
-438182
-438063
-438037
-437872
-437861
-437838
-437825
-437806
-437662
-437657
-437627
-437626
-437586
-437546
-437527
-437501
-437359
-437288
-437284
-437223
-437128
-436963
-436963
-436954
-436942
-436887
-436880
-436788
-436780
-436768
-436573
-436573
-436493
-436493
-436366
-436296
-436277
-436273
-436261
-436205
-436184
-436066
-436035
-436024
-435968
-435856
-435840
-435837
-435769
-435762
-435724
-435679
-435675
-435517
-435478
-435477
-435433
-435391
-435294
-435286
-435280
-434971
-434878
-434870
-434811
-434697
-434610
-434603
-434601
-434572
-434478
-434126
-434094
-434046
-434028
-434020
-433969
-433903
-433822
-433817
-433798
-433790
-433688
-433684
-433638
-433630
-433614
-433495
-433369
-433210
-433184
-433156
-433133
-433057
-433005
-432908
-432804
-432696
-432653
-432582
-432539
-432286
-432282
-432141
-432139
-432073
-432062
-431956
-431930
-431911
-431813
-431802
-431767
-431717
-431685
-431681
-431497
-431466
-431445
-431380
-431268
-431258
-431225
-431162
-431105
-431094
-430989
-430969
-430910
-430889
-430824
-430783
-430676
-430662
-430568
-430508
-430499
-430440
-430437
-430305
-430184
-430040
-430040
-429944
-429753
-429321
-429317
-429289
-429225
-429152
-429052
-428978
-428961
-428721
-428696
-428620
-428452
-428369
-428303
-428256
-428176
-428148
-428114
-428112
-428050
-427922
-427893
-427758
-427646
-427631
-427580
-427553
-427490
-427469
-427398
-427304
-427285
-427276
-427247
-427238
-427224
-427072
-427017
-426852
-426735
-426627
-426616
-426563
-426538
-426402
-426383
-426296
-426255
-426185
-426148
-426085
-425970
-425884
-425880
-425710
-425610
-425494
-425456
-425340
-425290
-424985
-424898
-424881
-424853
-424643
-424567
-424434
-424388
-424314
-424156
-423997
-423952
-423946
-423881
-423788
-423718
-423445
-423426
-423315
-423150
-423148
-423111
-423001
-422855
-422783
-422744
-422723
-422623
-422615
-422589
-422570
-422501
-422462
-422440
-422349
-422308
-422183
-422065
-422056
-422029
-421981
-421960
-421923
-421882
-421717
-421691
-421679
-421660
-421583
-421447
-421332
-421320
-421315
-421306
-421225
-421180
-421132
-421106
-421096
-421083
-421034
-420998
-420807
-420761
-420594
-420581
-420566
-420435
-420380
-420358
-420288
-420187
-420118
-420106
-420020
-419963
-419962
-419877
-419847
-419817
-419808
-419758
-419738
-419650
-419639
-419593
-419530
-419430
-419378
-419326
-419319
-419076
-419057
-418984
-418895
-418872
-418725
-418683
-418668
-418598
-418585
-418532
-418516
-418503
-418218
-418081
-417968
-417886
-417763
-417738
-417657
-417630
-417559
-417533
-417474
-417451
-417383
-417313
-417266
-417261
-417253
-417188
-417162
-416820
-416687
-416668
-416623
-416285
-416282
-416153
-416153
-416112
-416076
-416056
-416035
-416014
-416010
-415991
-415931
-415786
-415626
-415500
-415382
-415373
-415322
-415288
-415215
-415136
-415109
-415106
-415052
-415037
-415018
-414967
-414952
-414924
-414805
-414765
-414686
-414655
-414543
-414503
-414404
-414102
-414052
-413993
-413970
-413941
-413929
-413923
-413869
-413862
-413843
-413839
-413731
-413669
-413667
-413460
-413382
-413369
-413215
-413170
-413164
-413034
-412991
-412977
-412961
-412941
-412833
-412831
-412752
-412729
-412642
-412419
-412271
-412176
-412144
-411879
-411810
-411776
-411650
-411474
-411118
-410950
-410932
-410919
-410903
-410811
-410763
-410695
-410627
-410588
-410580
-410575
-410485
-410327
-410322
-410320
-410034
-409959
-409877
-409837
-409810
-409619
-409615
-409575
-409546
-409502
-409479
-409419
-409391
-409311
-409258
-409229
-409150
-409038
-408905
-408848
-408793
-408786
-408670
-408631
-408515
-408480
-408419
-408413
-408362
-408308
-408232
-408100
-408096
-408072
-408070
-408026
-407955
-407866
-407860
-407848
-407614
-407559
-407461
-407395
-407384
-407244
-407179
-407052
-407025
-406965
-406872
-406870
-406811
-406735
-406696
-406690
-406616
-406596
-406345
-406138
-406068
-406017
-405949
-405929
-405619
-405528
-405523
-405508
-405322
-405171
-405114
-404945
-404904
-404880
-404760
-404589
-404500
-404447
-404354
-404315
-404240
-404185
-404177
-404111
-404108
-403942
-403890
-403889
-403840
-403817
-403802
-403413
-403403
-403349
-403292
-403276
-403163
-403151
-403139
-402989
-402962
-402904
-402774
-402671
-402481
-402451
-402316
-402267
-402242
-402100
-401977
-401923
-401892
-401871
-401870
-401859
-401851
-401600
-401586
-401487
-401351
-401210
-401184
-401032
-400882
-400769
-400665
-400601
-400565
-400558
-400470
-400394
-400332
-400322
-400290
-400259
-400123
-400095
-400065
-400057
-400044
-400039
-400021
-399877
-399857
-399780
-399736
-399717
-399689
-399558
-399524
-399436
-399393
-399369
-399335
-399291
-399137
-399042
-398926
-398784
-398754
-398750
-398716
-398698
-398697
-398594
-398404
-398393
-398313
-398303
-398285
-398225
-398205
-398191
-398184
-398046
-397731
-397667
-397598
-397567
-397546
-397398
-397352
-397350
-397266
-397257
-397250
-397143
-397107
-397050
-396981
-396977
-396920
-396884
-396873
-396866
-396823
-396686
-396596
-396498
-396459
-396209
-396207
-396200
-396056
-395842
-395789
-395680
-395632
-395623
-395576
-395560
-395558
-395511
-395391
-395196
-395128
-395070
-394852
-394840
-394826
-394824
-394765
-394760
-394730
-394689
-394687
-394683
-394673
-394590
-394550
-394432
-394403
-394360
-394031
-393882
-393696
-393694
-393660
-393653
-393497
-393151
-393040
-392931
-392822
-392741
-392727
-392660
-392598
-392590
-392588
-392524
-392496
-392329
-392312
-392199
-391930
-391854
-391642
-391629
-391618
-391612
-391594
-391488
-391447
-391447
-391261
-391246
-390949
-390909
-390904
-390841
-390829
-390779
-390733
-390709
-390588
-390581
-390576
-390541
-390462
-390461
-390403
-390378
-390295
-390291
-390231
-390223
-390212
-390209
-390125
-390112
-390050
-390005
-389949
-389929
-389861
-389758
-389738
-389694
-389665
-389659
-389615
-389593
-389549
-389419
-389397
-389361
-389268
-389245
-389133
-389053
-388869
-388851
-388846
-388845
-388589
-388516
-388510
-388484
-388239
-388194
-388141
-388131
-388065
-388054
-387973
-387914
-387912
-387890
-387809
-387580
-387471
-387457
-387372
-387181
-387134
-387104
-386928
-386898
-386708
-386704
-386589
-386526
-386523
-386264
-386153
-386133
-386097
-385973
-385973
-385929
-385841
-385785
-385784
-385687
-385570
-385381
-385292
-385213
-385192
-385177
-384913
-384874
-384869
-384755
-384503
-384498
-384348
-384315
-384211
-383825
-383669
-383655
-383653
-383535
-383454
-383453
-383450
-383414
-383299
-383204
-383201
-383168
-383112
-383022
-382824
-382727
-382720
-382698
-382543
-382540
-382486
-382482
-382389
-382224
-382179
-382156
-382041
-382038
-381952
-381948
-381869
-381830
-381685
-381547
-381490
-381337
-381291
-381275
-381268
-381239
-381192
-381170
-381156
-380931
-380908
-380899
-380815
-380785
-380710
-380631
-380389
-380258
-380250
-380089
-380065
-380000
-379998
-379985
-379929
-379873
-379859
-379817
-379767
-379454
-379404
-379284
-379216
-379210
-379111
-379092
-379088
-379049
-378816
-378687
-378667
-378594
-378562
-378327
-378272
-378260
-378119
-378022
-378003
-377960
-377954
-377937
-377933
-377920
-377864
-377687
-377609
-377527
-377503
-377438
-377328
-377239
-377178
-377134
-377089
-377069
-377029
-377009
-376830
-376790
-376620
-376585
-376570
-376207
-376140
-376135
-376046
-375992
-375985
-375893
-375884
-375873
-375847
-375656
-375611
-375567
-375526
-375508
-375418
-375365
-375260
-375184
-375121
-375086
-375082
-375071
-375061
-374954
-374916
-374853
-374812
-374776
-374776
-374684
-374595
-374503
-374462
-374445
-374424
-374393
-374391
-374386
-374382
-374380
-374349
-374237
-374115
-374107
-374098
-374040
-374020
-373988
-373704
-373667
-373487
-373429
-373428
-373291
-373276
-373244
-373229
-373162
-373126
-373122
-373104
-373036
-373035
-372947
-372870
-372856
-372759
-372732
-372654
-372627
-372615
-372530
-372523
-372523
-372508
-372339
-372330
-372221
-372219
-372182
-372153
-372119
-372094
-372075
-372056
-371931
-371909
-371871
-371748
-371715
-371688
-371630
-371560
-371528
-371493
-371484
-371479
-371345
-371301
-371122
-371118
-371063
-370840
-370758
-370756
-370699
-370590
-370520
-370471
-370467
-370465
-370382
-370366
-370262
-370057
-369940
-369911
-369792
-369736
-369719
-369684
-369646
-369636
-369615
-369526
-369449
-369392
-369320
-369213
-369158
-369147
-369089
-369076
-369050
-368993
-368930
-368929
-368911
-368834
-368782
-368639
-368582
-368502
-368441
-368438
-368256
-368159
-368156
-368052
-368002
-367963
-367963
-367863
-367808
-367737
-367734
-367666
-367543
-367497
-367482
-367458
-367392
-367379
-367217
-367135
-367114
-367082
-367054
-366763
-366717
-366703
-366658
-366599
-366572
-366478
-366200
-366136
-366121
-366116
-365996
-365972
-365736
-365729
-365648
-365615
-365608
-365573
-365546
-365478
-365407
-365283
-365282
-365057
-364932
-364897
-364865
-364731
-364685
-364623
-364591
-364495
-364445
-364439
-364432
-364409
-364402
-364384
-364089
-364021
-363946
-363924
-363901
-363879
-363694
-363652
-363633
-363491
-363452
-363292
-363259
-363223
-363179
-363173
-363117
-363093
-363039
-362980
-362964
-362786
-362762
-362706
-362673
-362663
-362635
-362577
-362439
-362359
-362294
-362237
-362168
-362167
-361977
-361901
-361860
-361816
-361813
-361807
-361725
-361669
-361519
-361299
-361229
-361222
-361078
-360949
-360932
-360930
-360834
-360820
-360802
-360745
-360592
-360584
-360530
-360472
-360459
-360280
-360267
-360245
-360225
-360137
-360133
-360130
-360123
-359963
-359955
-359954
-359867
-359857
-359756
-359726
-359648
-359540
-359518
-359351
-359330
-359326
-359309
-359284
-359267
-359080
-359038
-358916
-358903
-358891
-358647
-358637
-358626
-358568
-358568
-358567
-358556
-358506
-358471
-358445
-358415
-358410
-358239
-358153
-358101
-358080
-358074
-357950
-357727
-357662
-357611
-357609
-357345
-357278
-357252
-357143
-357107
-357095
-357093
-357000
-356949
-356934
-356897
-356893
-356804
-356803
-356645
-356641
-356535
-356521
-356502
-356394
-356388
-356292
-356272
-356220
-356200
-356100
-356025
-355992
-355906
-355884
-355750
-355715
-355714
-355505
-355402
-355295
-355254
-355107
-355098
-355023
-355008
-354944
-354895
-354801
-354736
-354730
-354724
-354684
-354639
-354609
-354574
-354472
-354430
-354384
-354193
-354172
-354123
-354099
-354011
-353791
-353757
-353693
-353607
-353584
-353584
-353582
-353549
-353511
-353476
-353424
-353263
-353249
-353226
-353156
-353078
-353031
-352968
-352962
-352942
-352908
-352882
-352758
-352662
-352580
-352524
-352422
-352374
-352363
-352337
-352154
-352087
-351958
-351952
-351858
-351847
-351706
-351551
-351514
-351506
-351381
-351347
-351298
-351195
-351128
-351093
-351046
-350926
-350897
-350896
-350871
-350849
-350812
-350718
-350656
-350628
-350609
-350578
-350545
-350535
-350528
-350514
-350502
-350484
-350349
-350304
-350112
-349960
-349863
-349363
-349298
-349226
-349136
-349122
-349099
-349063
-349055
-348956
-348925
-348910
-348892
-348875
-348739
-348664
-348640
-348504
-348502
-348420
-348362
-348193
-348099
-348053
-347978
-347977
-347920
-347902
-347894
-347890
-347864
-347733
-347725
-347619
-347547
-347497
-347484
-347431
-347423
-347421
-347365
-346962
-346960
-346949
-346927
-346915
-346852
-346827
-346811
-346771
-346633
-346525
-346506
-346500
-346497
-346327
-346310
-346303
-346280
-346220
-346195
-346162
-345978
-345897
-345803
-345745
-345632
-345502
-345465
-345448
-345398
-345385
-345370
-345329
-345238
-345232
-344957
-344943
-344926
-344899
-344753
-344730
-344727
-344715
-344683
-344539
-344275
-344217
-344194
-344145
-344096
-344008
-344007
-343947
-343944
-343944
-343884
-343834
-343826
-343798
-343797
-343767
-343648
-343635
-343597
-343540
-343538
-343521
-343495
-343435
-343415
-343354
-343309
-343287
-343271
-343261
-343222
-343190
-342987
-342952
-342840
-342793
-342779
-342672
-342640
-342584
-342580
-342438
-342355
-342335
-342088
-342045
-341982
-341919
-341912
-341875
-341850
-341784
-341700
-341649
-341641
-341560
-341495
-341478
-341431
-341364
-341361
-341336
-341233
-341163
-341137
-341107
-341028
-341020
-341017
-340922
-340909
-340815
-340814
-340676
-340587
-340551
-340473
-340386
-340372
-340331
-340276
-340271
-340255
-340236
-340235
-340224
-340149
-340121
-340086
-340044
-340038
-340025
-340022
-340021
-340019
-339976
-339887
-339861
-339804
-339689
-339566
-339538
-339283
-339202
-339060
-339019
-338930
-338858
-338737
-338730
-338645
-338627
-338566
-338516
-338490
-338486
-338414
-338393
-338191
-338164
-338161
-338158
-338086
-338027
-337804
-337769
-337768
-337760
-337754
-337713
-337679
-337613
-337548
-337504
-337503
-337420
-337393
-337360
-337303
-337259
-337077
-337056
-336941
-336882
-336718
-336612
-336448
-336428
-336306
-336042
-335956
-335930
-335866
-335849
-335830
-335814
-335798
-335725
-335712
-335549
-335535
-335478
-335448
-335404
-335335
-335212
-335207
-335195
-335157
-335137
-334938
-334842
-334836
-334771
-334741
-334740
-334738
-334541
-334411
-334389
-334285
-334201
-334195
-334183
-334094
-333965
-333935
-333876
-333704
-333692
-333653
-333610
-333569
-333564
-333455
-333401
-333237
-333131
-333118
-333030
-332886
-332831
-332787
-332686
-332609
-332606
-332535
-332467
-332400
-332376
-332296
-332237
-332233
-332207
-332196
-332192
-332009
-331903
-331796
-331742
-331739
-331711
-331647
-331562
-331558
-331495
-331259
-331243
-331169
-331139
-331105
-331083
-331070
-331063
-331028
-331015
-331011
-330959
-330929
-330852
-330850
-330774
-330732
-330727
-330369
-330195
-330140
-329941
-329915
-329901
-329870
-329843
-329826
-329806
-329800
-329772
-329749
-329653
-329630
-329615
-329585
-329569
-329543
-329524
-329493
-329488
-329478
-329434
-329373
-329313
-329215
-329210
-329176
-329107
-328992
-328816
-328511
-328465
-328264
-328255
-328210
-328104
-327960
-327646
-327640
-327621
-327614
-327608
-327581
-327545
-327516
-327488
-327414
-327349
-327319
-327274
-327247
-327054
-327042
-326920
-326901
-326834
-326780
-326749
-326683
-326669
-326617
-326437
-326433
-326306
-326270
-326222
-326186
-326138
-326010
-325917
-325865
-325838
-325837
-325798
-325768
-325605
-325581
-325411
-325276
-325240
-325107
-325096
-324964
-324917
-324887
-324873
-324819
-324783
-324649
-324570
-324485
-324418
-324322
-324262
-324119
-324111
-323975
-323922
-323883
-323867
-323861
-323741
-323712
-323627
-323547
-323515
-323488
-323434
-323301
-323212
-323140
-323120
-323070
-323061
-323044
-322905
-322899
-322663
-322652
-322561
-322476
-322418
-322395
-322389
-322354
-322218
-322153
-322092
-322043
-321982
-321950
-321946
-321742
-321562
-321544
-321426
-321339
-321325
-321305
-321302
-321287
-321260
-321183
-321159
-321133
-321102
-321095
-321027
-320959
-320902
-320859
-320758
-320726
-320703
-320675
-320640
-320608
-320521
-320473
-320470
-320431
-320318
-320228
-320215
-320201
-320007
-319804
-319802
-319753
-319724
-319672
-319623
-319519
-319509
-319460
-319272
-319010
-318999
-318983
-318871
-318777
-318700
-318644
-318630
-318616
-318602
-318592
-318578
-318560
-318496
-318415
-318408
-318152
-318110
-318072
-318022
-318000
-317975
-317929
-317887
-317867
-317703
-317559
-317538
-317517
-317494
-317461
-317396
-317364
-317359
-317315
-317301
-317175
-317021
-316983
-316916
-316915
-316912
-316908
-316869
-316869
-316807
-316806
-316797
-316611
-316601
-316519
-316163
-316137
-315994
-315964
-315864
-315858
-315727
-315673
-315650
-315556
-315422
-315416
-315252
-315170
-315110
-315061
-315048
-315008
-314993
-314959
-314910
-314865
-314820
-314615
-314549
-314480
-314474
-314331
-314298
-314270
-314263
-314012
-314001
-313989
-313847
-313833
-313755
-313747
-313616
-313580
-313479
-313460
-313455
-313446
-313444
-313381
-313368
-313281
-313239
-313045
-312705
-312664
-312653
-312576
-312484
-312347
-312326
-312292
-312196
-312177
-312172
-312003
-311877
-311572
-311534
-311516
-311365
-311335
-311305
-311285
-311144
-311077
-311045
-310891
-310877
-310678
-310574
-310523
-310490
-310475
-310408
-310349
-310178
-310167
-310138
-310126
-310035
-309553
-309349
-309057
-308992
-308792
-308725
-308670
-308458
-308405
-308384
-308358
-308169
-308089
-308089
-308013
-307987
-307926
-307851
-307681
-307676
-307597
-307548
-307389
-307189
-307159
-307101
-307067
-306952
-306858
-306755
-306601
-306578
-306543
-306475
-306462
-306404
-306370
-306322
-306235
-306087
-306064
-306045
-306021
-305934
-305836
-305803
-305730
-305527
-305521
-305494
-305387
-305371
-305324
-305185
-305122
-305103
-305060
-304992
-304919
-304918
-304858
-304830
-304741
-304710
-304704
-304701
-304690
-304583
-304561
-304555
-304500
-304308
-304292
-304260
-304205
-304133
-304108
-304068
-303984
-303965
-303914
-303794
-303725
-303628
-303529
-303525
-303492
-303447
-303361
-303325
-303318
-303164
-303102
-303050
-302925
-302888
-302866
-302824
-302814
-302659
-302655
-302641
-302610
-302517
-302517
-302510
-302505
-302474
-302467
-302428
-302208
-302059
-301964
-301953
-301883
-301853
-301747
-301705
-301701
-301669
-301615
-301587
-301333
-301179
-301038
-300941
-300835
-300825
-300778
-300713
-300692
-300622
-300594
-300501
-300497
-300494
-300489
-300473
-300449
-300407
-300380
-300362
-300308
-300183
-300152
-299982
-299933
-299931
-299912
-299860
-299812
-299705
-299572
-299398
-299341
-299088
-299064
-299008
-298986
-298977
-298924
-298810
-298763
-298710
-298696
-298662
-298642
-298419
-298340
-298304
-298237
-298171
-298105
-298028
-297978
-297905
-297883
-297790
-297543
-297527
-297520
-297445
-297349
-297309
-297254
-297246
-297235
-297020
-296919
-296810
-296763
-296710
-296642
-296618
-296614
-296548
-296546
-296490
-296468
-296301
-296210
-296205
-296103
-296020
-295987
-295746
-295739
-295655
-295240
-295220
-295067
-294989
-294962
-294768
-294754
-294702
-294569
-294291
-294276
-294226
-294014
-294004
-293906
-293817
-293808
-293791
-293688
-293640
-293616
-293614
-293580
-293519
-293459
-293329
-293328
-293232
-293186
-293166
-293142
-293118
-293020
-292944
-292896
-292883
-292871
-292841
-292836
-292812
-292723
-292720
-292672
-292665
-292637
-292544
-292494
-292479
-292451
-292423
-292422
-292287
-292284
-292230
-292191
-292039
-291961
-291882
-291882
-291875
-291659
-291609
-291603
-291543
-291523
-291482
-291364
-291334
-291295
-291244
-291139
-291072
-291017
-290907
-290892
-290867
-290787
-290755
-290604
-290587
-290512
-290507
-290497
-290492
-290478
-290442
-290440
-290434
-290402
-290381
-290362
-290301
-290255
-290166
-290131
-290124
-290014
-289897
-289876
-289851
-289849
-289848
-289781
-289721
-289655
-289619
-289613
-289606
-289562
-289545
-289509
-289412
-289195
-289169
-289103
-289044
-289028
-289023
-288825
-288802
-288739
-288715
-288710
-288599
-288551
-288440
-288423
-288408
-288372
-288345
-288340
-288250
-288145
-288006
-287853
-287772
-287542
-287465
-287451
-287384
-287357
-287332
-287282
-287268
-287115
-287079
-287030
-287023
-286973
-286824
-286675
-286651
-286647
-286576
-286558
-286554
-286449
-286429
-286418
-286383
-286339
-286218
-286173
-286168
-286121
-286071
-285829
-285747
-285728
-285703
-285516
-285330
-285329
-285261
-285232
-285173
-285111
-284989
-284930
-284877
-284864
-284764
-284600
-284498
-284483
-284444
-284353
-284292
-284213
-284172
-284171
-284114
-284110
-284094
-284080
-284038
-284008
-283973
-283923
-283917
-283889
-283786
-283689
-283650
-283539
-283397
-283360
-283321
-283094
-283039
-282758
-282750
-282581
-282576
-282562
-282559
-282426
-282391
-282238
-282221
-282135
-282128
-282050
-282041
-281992
-281949
-281827
-281812
-281491
-281456
-281346
-281235
-281221
-281161
-281144
-281122
-280989
-280796
-280753
-280658
-280644
-280621
-280548
-280471
-280421
-280377
-280342
-280339
-280177
-280174
-280126
-280015
-279758
-279717
-279672
-279666
-279612
-279547
-279519
-279517
-279512
-279506
-279458
-279360
-279327
-279236
-279232
-279218
-279197
-279129
-279071
-278939
-278821
-278819
-278787
-278718
-278689
-278525
-278435
-278433
-278403
-278286
-278253
-278056
-278034
-278017
-277968
-277878
-277839
-277807
-277791
-277646
-277632
-277612
-277588
-277541
-277433
-277417
-277362
-277318
-277212
-277208
-277180
-277167
-277050
-277007
-276567
-276555
-276547
-276424
-276422
-276420
-276381
-276272
-276231
-276228
-276211
-276210
-276181
-276161
-276045
-275844
-275832
-275819
-275792
-275773
-275657
-275642
-275490
-275385
-275366
-275343
-275343
-275322
-275249
-275200
-275128
-275021
-275014
-274924
-274906
-274894
-274884
-274767
-274760
-274747
-274591
-274563
-274461
-274447
-274315
-274255
-274242
-274213
-274144
-274105
-274027
-273976
-273867
-273837
-273632
-273631
-273593
-273564
-273528
-273509
-273435
-273310
-273237
-273171
-273151
-273129
-273064
-273005
-272834
-272780
-272681
-272380
-272297
-272286
-272215
-272208
-272017
-271838
-271837
-271832
-271819
-271811
-271739
-271616
-271577
-271485
-271442
-271416
-271185
-271054
-270989
-270884
-270785
-270749
-270669
-270588
-270302
-270283
-270118
-270012
-269983
-269878
-269729
-269672
-269671
-269622
-269544
-269460
-269423
-269396
-269293
-269290
-269247
-269207
-269115
-269081
-269042
-268997
-268904
-268846
-268702
-268560
-268533
-268411
-268402
-268340
-268330
-268286
-268266
-268235
-268229
-268055
-268017
-268003
-267872
-267716
-267695
-267641
-267639
-267466
-267417
-267384
-267332
-267228
-267160
-267108
-267024
-266970
-266877
-266847
-266841
-266801
-266693
-266570
-266433
-266280
-266176
-266078
-266070
-266041
-265997
-265986
-265845
-265840
-265789
-265670
-265640
-265539
-265459
-265454
-265439
-265317
-265178
-265174
-265115
-265103
-264983
-264841
-264799
-264693
-264587
-264562
-264530
-264343
-264322
-264298
-264222
-264197
-264194
-264149
-264078
-263905
-263829
-263723
-263575
-263570
-263497
-263476
-263342
-263309
-263238
-263158
-263157
-263133
-263020
-263017
-262978
-262974
-262938
-262924
-262869
-262848
-262769
-262687
-262650
-262635
-262625
-262577
-262485
-262469
-262467
-262427
-262372
-262234
-262154
-262004
-261972
-261928
-261803
-261587
-261569
-261517
-261513
-261490
-261433
-261426
-261422
-261376
-261257
-261217
-261169
-261029
-260960
-260877
-260825
-260753
-260721
-260710
-260683
-260672
-260662
-260633
-260633
-260624
-260589
-260512
-260425
-260414
-260328
-260304
-260248
-260051
-259993
-259831
-259325
-259322
-259271
-259014
-258975
-258964
-258921
-258910
-258844
-258683
-258645
-258561
-258543
-258478
-258455
-258419
-258392
-258321
-258269
-258253
-258189
-258178
-258110
-258027
-257990
-257985
-257910
-257788
-257734
-257713
-257677
-257622
-257596
-257526
-257512
-257441
-257424
-257408
-257387
-257298
-257023
-256943
-256783
-256725
-256597
-256519
-256420
-256386
-256334
-256240
-256210
-256189
-256161
-256133
-256102
-256046
-256019
-255996
-255921
-255831
-255811
-255720
-255620
-255590
-255485
-255461
-255446
-255421
-255376
-255332
-255302
-255269
-255257
-255216
-255135
-255107
-255047
-255037
-254998
-254951
-254929
-254929
-254907
-254767
-254650
-254580
-254541
-254503
-254434
-254426
-254402
-254401
-254326
-254296
-254282
-254273
-254168
-254144
-253863
-253717
-253658
-253479
-253435
-253356
-253300
-253146
-253069
-253001
-252873
-252857
-252610
-252594
-252583
-252235
-252210
-252209
-252159
-252158
-252155
-252008
-251959
-251906
-251859
-251855
-251774
-251680
-251415
-251350
-251336
-251320
-251306
-251282
-251045
-250909
-250890
-250804
-250765
-250398
-250125
-250078
-249805
-249776
-249759
-249729
-249702
-249679
-249663
-249649
-249464
-249271
-249240
-249055
-248930
-248910
-248746
-248743
-248666
-248664
-248441
-248429
-248412
-248406
-248282
-248158
-248054
-248037
-247985
-247968
-247935
-247908
-247882
-247788
-247650
-247633
-247524
-247519
-247497
-247411
-247327
-247201
-247146
-247117
-247011
-246978
-246978
-246976
-246944
-246920
-246837
-246684
-246678
-246672
-246392
-246245
-246180
-246144
-246122
-246044
-246041
-245984
-245890
-245889
-245857
-245838
-245744
-245728
-245674
-245516
-245475
-245318
-245292
-245283
-245258
-245163
-245056
-245023
-244941
-244826
-244773
-244681
-244632
-244546
-244418
-244404
-244403
-244345
-244224
-244213
-243972
-243935
-243785
-243710
-243609
-243578
-243449
-243297
-243228
-243108
-243092
-243068
-243065
-243043
-243035
-243002
-242945
-242910
-242811
-242730
-242697
-242688
-242532
-242483
-242463
-242444
-242398
-242174
-242129
-242061
-242028
-241810
-241777
-241772
-241735
-241721
-241709
-241703
-241471
-241461
-241326
-241299
-241181
-241145
-241000
-240727
-240527
-240480
-240217
-240149
-240048
-240044
-239873
-239855
-239812
-239798
-239778
-239665
-239602
-239565
-239551
-239543
-239467
-239282
-239213
-239211
-239150
-239137
-239136
-239058
-239031
-238766
-238753
-238638
-238617
-238536
-238522
-238481
-238432
-238332
-238322
-238285
-238270
-238214
-238209
-238190
-238167
-238161
-238136
-238134
-238134
-238028
-238017
-237862
-237821
-237719
-237668
-237630
-237562
-237347
-237334
-237311
-237283
-237272
-237248
-237047
-237026
-237021
-237011
-236990
-236927
-236795
-236764
-236622
-236583
-236510
-236506
-236379
-236305
-236281
-236250
-236160
-236053
-236050
-236038
-236010
-235998
-235949
-235944
-235927
-235913
-235851
-235715
-235496
-235479
-235466
-235431
-235383
-235376
-235199
-235187
-235090
-234994
-234970
-234878
-234869
-234776
-234724
-234667
-234605
-234447
-234410
-234314
-234276
-234117
-234096
-234092
-233984
-233965
-233918
-233826
-233815
-233757
-233723
-233691
-233623
-233596
-233543
-233478
-233449
-233367
-233315
-233157
-233076
-233075
-232956
-232926
-232924
-232913
-232902
-232843
-232819
-232806
-232727
-232683
-232500
-232441
-232428
-232400
-232206
-232203
-232182
-232080
-232071
-232043
-231996
-231996
-231962
-231879
-231755
-231734
-231699
-231658
-231580
-231572
-231350
-231062
-231053
-230896
-230832
-230816
-230758
-230749
-230715
-230619
-230456
-230220
-230152
-230135
-230095
-229935
-229893
-229864
-229788
-229774
-229505
-229460
-229433
-229293
-229232
-229229
-229222
-229134
-229088
-229065
-228761
-228677
-228602
-228562
-228516
-228491
-228472
-228416
-228351
-228334
-228302
-228262
-228184
-228123
-228058
-228034
-227673
-227665
-227659
-227648
-227644
-227565
-227547
-227408
-227339
-227307
-227304
-227264
-227105
-227059
-226816
-226753
-226692
-226542
-226495
-226486
-226378
-226357
-226127
-226075
-225878
-225786
-225676
-225652
-225257
-225229
-225202
-225068
-225065
-225032
-224987
-224980
-224826
-224803
-224774
-224763
-224725
-224718
-224683
-224676
-224624
-224579
-224358
-224354
-224330
-224309
-224265
-224222
-224180
-224112
-224027
-224008
-223861
-223833
-223731
-223712
-223680
-223575
-223557
-223498
-223433
-223413
-223394
-223220
-223207
-223148
-223133
-222993
-222686
-222677
-222569
-222551
-222547
-222546
-222462
-222462
-222429
-222284
-222256
-222252
-222171
-222135
-222128
-222104
-222074
-222072
-221955
-221952
-221930
-221883
-221681
-221649
-221625
-221596
-221557
-221453
-221367
-221362
-221115
-221079
-220958
-220947
-220945
-220861
-220636
-220549
-220470
-220443
-220398
-220398
-220085
-219955
-219857
-219726
-219669
-219634
-219551
-219499
-219442
-219399
-219354
-219352
-219277
-219235
-219104
-219028
-218972
-218949
-218934
-218861
-218773
-218753
-218591
-218591
-218450
-218423
-218392
-218234
-218220
-218131
-218105
-218051
-217909
-217903
-217885
-217762
-217629
-217579
-217564
-217513
-217499
-217381
-217342
-217309
-217299
-217198
-217079
-216976
-216969
-216938
-216930
-216921
-216905
-216835
-216771
-216769
-216727
-216550
-216493
-216453
-216438
-216419
-216399
-216398
-216372
-216161
-216047
-216011
-216010
-215979
-215969
-215892
-215873
-215702
-215240
-215172
-215160
-215068
-215009
-214930
-214894
-214894
-214871
-214810
-214640
-214621
-214539
-214533
-214503
-214477
-214446
-214445
-214391
-214269
-214126
-214022
-213931
-213928
-213911
-213909
-213825
-213825
-213794
-213339
-213209
-213093
-213086
-213013
-212998
-212942
-212919
-212900
-212785
-212661
-212576
-212533
-212527
-212469
-212316
-212307
-212231
-211962
-211933
-211916
-211884
-211858
-211819
-211772
-211726
-211685
-211597
-211528
-211524
-211395
-211344
-211292
-211194
-211090
-211027
-210967
-210962
-210889
-210869
-210765
-210690
-210648
-210577
-210569
-210561
-210306
-210212
-210180
-210153
-209985
-209776
-209588
-209418
-209132
-209115
-209110
-208995
-208904
-208767
-208715
-208697
-208663
-208563
-208481
-208453
-208409
-208369
-208317
-208185
-208139
-208069
-208035
-207967
-207932
-207877
-207855
-207808
-207776
-207653
-207597
-207595
-207540
-207486
-207424
-207349
-207284
-207150
-207137
-207063
-206991
-206990
-206986
-206880
-206858
-206784
-206741
-206708
-206617
-206551
-206515
-206405
-206295
-206196
-206012
-205935
-205865
-205848
-205803
-205770
-205714
-205692
-205684
-205513
-205509
-205417
-205361
-205169
-205166
-205045
-204764
-204757
-204665
-204650
-204632
-204580
-204555
-204367
-204172
-204139
-203928
-203909
-203871
-203690
-203687
-203649
-203519
-203466
-203420
-203388
-203362
-203244
-203094
-202981
-202767
-202739
-202678
-202624
-202597
-202563
-202539
-202487
-202402
-202328
-202103
-202085
-201743
-201735
-201379
-201307
-201298
-201255
-201192
-201156
-201138
-201059
-201037
-201026
-200954
-200892
-200764
-200745
-200648
-200640
-200617
-200563
-200446
-200416
-200389
-200279
-200273
-200272
-200271
-200214
-200188
-200102
-200046
-199933
-199924
-199734
-199727
-199564
-199430
-199363
-199335
-199287
-199287
-199175
-199166
-198991
-198927
-198891
-198689
-198688
-198651
-198634
-198627
-198558
-198496
-198469
-198187
-198111
-198063
-197964
-197955
-197869
-197757
-197635
-197602
-197537
-197534
-197519
-197508
-197454
-197420
-197354
-197311
-197279
-197246
-197124
-197122
-196856
-196667
-196598
-196526
-196434
-196293
-196192
-196119
-196092
-196070
-195788
-195785
-195647
-195642
-195609
-195399
-195393
-195383
-195344
-195336
-195288
-195271
-195246
-195213
-195199
-195026
-194950
-194791
-194656
-194586
-194517
-194385
-194385
-194301
-194233
-194223
-194173
-193950
-193910
-193852
-193802
-193785
-193772
-193765
-193732
-193707
-193678
-193613
-193575
-193425
-193375
-193277
-193177
-193097
-193074
-193051
-192855
-192796
-192783
-192760
-192615
-192578
-192413
-192277
-192196
-192152
-192136
-192122
-192103
-192092
-192065
-191931
-191838
-191748
-191563
-191458
-191457
-191363
-191302
-191218
-191217
-191153
-191127
-190940
-190916
-190861
-190854
-190830
-190552
-190540
-190539
-190492
-190480
-190355
-190342
-190323
-190305
-190305
-190207
-190142
-190117
-190108
-189986
-189899
-189853
-189842
-189726
-189599
-189501
-189447
-189419
-189399
-189266
-189253
-189227
-189149
-189137
-188746
-188689
-188661
-188540
-188492
-188401
-188344
-188195
-188182
-188138
-188047
-187867
-187802
-187800
-187717
-187701
-187657
-187656
-187600
-187368
-187338
-187303
-187206
-187155
-187045
-186992
-186934
-186904
-186615
-186557
-186440
-186433
-186429
-186400
-186284
-186086
-186080
-185760
-185745
-185704
-185673
-185616
-185597
-185482
-185455
-185345
-185298
-185279
-185241
-185231
-185165
-185107
-185042
-184968
-184956
-184837
-184779
-184749
-184669
-184545
-184513
-184358
-184302
-184251
-184246
-184220
-184182
-184127
-184012
-183918
-183829
-183783
-183781
-183747
-183722
-183588
-183474
-183464
-183449
-183443
-183401
-183393
-183328
-183237
-183233
-183206
-183179
-183087
-183047
-182803
-182536
-182495
-182471
-182446
-182414
-182399
-182328
-182291
-182079
-182069
-181999
-181998
-181889
-181876
-181861
-181589
-181584
-181422
-181351
-181338
-181337
-181245
-181220
-181142
-181096
-181078
-180996
-180988
-180986
-180911
-180861
-180824
-180768
-180535
-180455
-180422
-180335
-180292
-179982
-179980
-179837
-179784
-179681
-179642
-179639
-179556
-179523
-179523
-179453
-179302
-179289
-179192
-179101
-179071
-179015
-178987
-178981
-178940
-178913
-178760
-178641
-178461
-178184
-178166
-177946
-177942
-177917
-177915
-177912
-177884
-177762
-177731
-177671
-177618
-177582
-177372
-177291
-177280
-177275
-177098
-177077
-176799
-176760
-176698
-176675
-176649
-176640
-176613
-176543
-176463
-176457
-176418
-176401
-176368
-176345
-176247
-176224
-176093
-176073
-175988
-175875
-175851
-175776
-175656
-175595
-175519
-175437
-175395
-175320
-175309
-175288
-175210
-175199
-175124
-175119
-174966
-174940
-174878
-174757
-174518
-174432
-174386
-174364
-174319
-174283
-174282
-174140
-174124
-174122
-174111
-173991
-173824
-173751
-173691
-173681
-173659
-173653
-173508
-173488
-173482
-173467
-173446
-173435
-173391
-173137
-173003
-172924
-172887
-172775
-172702
-172611
-172519
-172420
-172243
-172241
-172217
-172071
-172066
-171839
-171838
-171802
-171782
-171758
-171731
-171657
-171563
-171450
-171419
-171410
-171408
-171377
-171305
-171174
-171153
-171072
-170932
-170727
-170726
-170697
-170692
-170559
-170483
-170448
-170363
-170357
-170248
-170167
-170154
-170043
-170038
-169861
-169844
-169550
-169513
-169458
-169408
-169404
-169224
-169135
-169052
-169004
-168968
-168963
-168830
-168751
-168723
-168648
-168633
-168606
-168559
-168432
-168389
-168340
-168191
-168151
-168061
-167996
-167971
-167947
-167945
-167940
-167935
-167933
-167813
-167760
-167693
-167685
-167624
-167526
-167436
-167376
-167334
-167268
-167251
-167247
-167227
-167085
-167010
-167008
-166966
-166948
-166791
-166740
-166726
-166680
-166421
-166280
-166242
-166145
-166128
-166107
-166009
-165602
-165588
-165540
-165539
-165449
-165443
-165427
-165381
-165380
-165366
-165321
-165305
-165280
-165260
-165229
-165186
-165081
-165055
-165041
-164989
-164980
-164860
-164849
-164770
-164528
-164379
-164325
-164302
-164164
-163950
-163881
-163702
-163384
-163245
-163219
-163167
-163123
-162905
-162731
-162632
-162621
-162618
-162608
-162565
-162555
-162401
-162222
-162147
-162070
-162026
-162011
-161718
-161676
-161522
-161498
-161458
-161160
-161140
-161129
-161122
-161051
-160880
-160831
-160771
-160673
-160579
-160252
-160233
-160108
-160007
-159906
-159903
-159698
-159599
-159584
-159363
-159242
-158984
-158897
-158861
-158802
-158754
-158732
-158700
-158688
-158669
-158585
-158572
-158560
-158552
-158518
-158488
-158486
-158305
-158293
-158276
-158251
-158223
-158153
-158038
-157985
-157971
-157904
-157845
-157828
-157820
-157802
-157785
-157732
-157640
-157637
-157623
-157540
-157429
-157376
-157318
-157230
-157150
-157086
-157073
-157030
-156846
-156768
-156702
-156547
-156525
-156378
-156315
-156292
-156252
-156248
-156115
-155998
-155787
-155773
-155765
-155710
-155710
-155690
-155686
-155638
-155605
-155552
-155517
-155467
-155457
-155450
-155400
-155324
-155265
-155263
-155036
-155034
-154908
-154844
-154792
-154781
-154764
-154635
-154478
-154438
-154434
-154407
-154397
-154348
-154237
-154130
-154077
-153938
-153814
-153795
-153753
-153580
-153578
-153569
-153487
-153354
-153258
-153240
-153234
-153097
-152842
-152831
-152745
-152413
-152290
-152229
-152193
-152130
-152093
-151981
-151834
-151810
-151775
-151652
-151538
-151430
-151391
-151361
-151276
-151234
-151180
-151150
-151106
-151048
-151026
-150804
-150793
-150740
-150701
-150664
-150629
-150508
-150451
-150275
-150220
-150135
-149861
-149769
-149635
-149584
-149574
-149569
-149490
-149489
-149488
-149467
-149460
-149441
-149410
-149405
-149397
-149196
-148947
-148943
-148889
-148868
-148839
-148801
-148782
-148755
-148632
-148580
-148578
-148444
-148414
-148287
-148221
-148193
-148134
-148077
-148009
-147891
-147884
-147858
-147788
-147772
-147698
-147563
-147441
-147423
-147264
-147130
-147116
-147113
-147081
-147055
-147050
-146857
-146851
-146838
-146770
-146741
-146654
-146647
-146605
-146582
-146573
-146564
-146378
-146368
-146237
-146182
-146147
-146138
-146114
-145913
-145906
-145820
-145768
-145767
-145693
-145511
-145310
-145225
-145221
-145184
-145038
-144885
-144868
-144867
-144786
-144766
-144726
-144675
-144668
-144579
-144517
-144478
-144342
-144333
-144305
-144305
-144297
-144269
-144244
-144226
-144114
-144105
-144096
-144077
-143980
-143977
-143871
-143857
-143832
-143822
-143815
-143682
-143639
-143564
-143558
-143405
-143385
-143347
-143249
-143240
-143177
-143171
-143099
-143062
-143052
-142939
-142903
-142874
-142865
-142800
-142796
-142777
-142708
-142446
-142359
-142307
-142301
-142198
-142185
-142171
-142007
-141763
-141618
-141541
-141445
-141412
-141398
-141318
-141211
-141200
-141189
-141047
-140835
-140831
-140823
-140764
-140706
-140703
-140686
-140617
-140571
-140504
-140401
-140384
-140361
-140283
-140254
-140246
-140244
-140118
-140107
-140064
-139976
-139951
-139858
-139777
-139720
-139612
-139608
-139495
-139449
-139423
-139343
-139182
-139145
-139112
-139062
-138948
-138921
-138882
-138825
-138654
-138635
-138619
-138575
-138440
-138389
-138324
-138239
-138225
-138113
-138065
-137987
-137714
-137331
-137241
-137147
-136966
-136917
-136828
-136827
-136813
-136812
-136694
-136602
-136581
-136552
-136503
-136451
-136302
-136301
-136230
-136105
-136028
-135943
-135941
-135922
-135818
-135763
-135630
-135543
-135513
-135413
-135257
-135216
-135136
-135128
-135101
-135033
-134987
-134952
-134899
-134726
-134638
-134573
-134549
-134529
-134517
-134499
-134468
-134439
-134343
-134176
-134119
-134025
-133933
-133887
-133830
-133779
-133748
-133492
-133410
-133307
-133144
-133092
-133077
-133030
-132866
-132833
-132767
-132744
-132633
-132565
-132542
-132431
-132414
-132301
-132279
-132198
-132157
-132150
-132121
-132093
-132051
-131960
-131915
-131876
-131853
-131844
-131711
-131676
-131648
-131520
-131477
-131453
-131360
-131197
-130733
-130733
-130721
-130699
-130636
-130518
-130503
-130434
-130311
-130292
-130269
-130258
-130238
-130235
-130138
-130131
-130121
-130008
-129994
-129918
-129901
-129676
-129632
-129606
-129467
-129443
-129303
-129262
-129192
-129045
-128925
-128897
-128759
-128363
-128344
-128183
-128116
-128091
-128064
-128016
-128011
-127996
-127941
-127931
-127916
-127908
-127832
-127765
-127663
-127634
-127610
-127523
-127250
-127211
-127179
-126988
-126985
-126956
-126864
-126774
-126771
-126649
-126648
-126620
-126605
-126554
-126525
-126262
-126185
-126125
-126006
-126005
-125991
-125980
-125938
-125917
-125917
-125844
-125801
-125798
-125763
-125728
-125727
-125543
-125540
-125442
-125162
-125108
-125005
-124975
-124881
-124822
-124798
-124761
-124758
-124713
-124702
-124678
-124569
-124508
-124413
-124328
-124238
-124193
-124178
-124092
-124061
-124019
-123979
-123911
-123701
-123684
-123655
-123582
-123552
-123491
-123453
-123410
-123314
-123272
-123233
-123126
-123039
-123017
-122895
-122845
-122690
-122654
-122377
-122321
-122189
-122167
-122125
-122022
-121859
-121592
-121272
-121269
-121172
-121147
-121114
-121051
-120990
-120966
-120923
-120899
-120772
-120718
-120565
-120516
-120426
-120390
-120341
-120310
-120280
-120202
-120150
-120118
-119979
-119967
-119880
-119715
-119700
-119694
-119677
-119637
-119548
-119413
-119368
-119278
-119088
-119084
-119043
-118976
-118903
-118880
-118878
-118721
-118632
-118619
-118579
-118535
-118500
-118471
-118463
-118226
-118202
-118202
-118073
-117948
-117759
-117711
-117579
-117541
-117397
-117356
-117333
-117309
-117246
-117169
-117126
-117102
-117047
-116940
-116913
-116789
-116591
-116439
-116381
-116364
-116212
-116174
-116169
-116149
-116091
-116080
-116013
-115985
-115896
-115890
-115745
-115671
-115599
-115562
-115506
-115487
-115458
-115388
-115381
-115371
-115309
-115116
-115044
-114987
-114935
-114923
-114905
-114895
-114868
-114802
-114567
-114555
-114523
-114430
-114397
-114383
-114373
-114222
-114002
-113960
-113920
-113890
-113817
-113809
-113783
-113681
-113503
-113503
-113328
-113288
-113217
-113205
-113074
-113008
-112985
-112975
-112959
-112937
-112809
-112711
-112677
-112589
-112577
-112492
-112467
-112463
-112423
-112325
-112314
-112312
-112174
-112108
-112062
-112059
-111920
-111918
-111838
-111818
-111712
-111585
-111483
-111340
-111314
-111266
-111211
-111211
-111175
-111147
-111112
-111033
-111005
-110911
-110909
-110744
-110709
-110704
-110702
-110696
-110655
-110634
-110427
-110355
-109816
-109800
-109795
-109725
-109699
-109669
-109646
-109608
-109593
-109380
-109324
-109289
-109288
-109277
-109270
-109206
-109127
-109108
-109065
-108987
-108933
-108928
-108903
-108820
-108752
-108582
-108491
-108356
-108238
-108238
-108222
-108214
-108133
-108094
-107874
-107863
-107744
-107720
-107657
-107630
-107565
-107336
-107314
-107149
-107145
-107088
-107034
-106933
-106673
-106596
-106545
-106521
-106516
-106464
-106437
-106433
-106432
-106425
-106374
-106373
-106356
-106197
-106093
-106070
-106056
-106022
-105975
-105861
-105770
-105719
-105593
-105500
-105485
-105470
-105365
-105294
-105192
-105170
-105166
-105094
-105064
-105026
-104922
-104911
-104835
-104683
-104663
-104644
-104556
-104523
-104382
-104376
-104285
-104266
-104200
-104011
-103846
-103804
-103743
-103693
-103633
-103631
-103574
-103564
-103549
-103495
-103438
-103408
-103301
-103269
-103266
-103208
-103103
-102964
-102905
-102901
-102775
-102757
-102415
-102227
-102173
-102129
-102125
-102123
-102011
-101969
-101874
-101851
-101790
-101620
-101558
-101518
-101484
-101452
-101440
-101434
-101374
-101369
-101346
-101270
-101267
-101211
-101105
-101069
-100970
-100915
-100896
-100863
-100840
-100763
-100733
-100679
-100645
-100597
-100582
-100533
-100406
-100307
-100288
-100209
-100173
-99995
-99994
-99950
-99940
-99872
-99820
-99808
-99794
-99716
-99657
-99606
-99589
-99581
-99561
-99485
-99459
-99321
-99314
-99307
-99190
-99105
-98951
-98888
-98821
-98776
-98565
-98491
-98389
-98372
-98225
-98154
-98127
-98125
-98084
-97805
-97710
-97677
-97637
-97609
-97559
-97525
-97512
-97477
-97374
-97245
-97207
-97111
-97093
-97083
-97083
-97021
-96968
-96947
-96770
-96713
-96614
-96609
-96470
-96294
-96260
-96240
-96064
-95982
-95920
-95901
-95895
-95781
-95600
-95525
-95421
-95406
-95363
-95338
-95336
-95260
-95066
-94985
-94928
-94823
-94680
-94671
-94600
-94543
-94506
-94497
-94419
-94374
-94372
-94313
-94312
-94310
-94278
-94266
-94244
-94224
-94163
-94119
-94052
-94050
-93980
-93928
-93854
-93792
-93652
-93630
-93571
-93541
-93540
-93519
-93431
-93423
-93395
-93335
-93304
-93215
-93177
-93076
-93068
-93062
-93012
-93003
-92930
-92897
-92717
-92535
-92455
-92357
-92271
-92083
-92049
-91965
-91875
-91870
-91858
-91856
-91782
-91734
-91624
-91623
-91402
-91347
-91302
-91234
-91079
-90876
-90766
-90668
-90416
-90362
-90352
-90305
-90248
-90233
-90230
-90195
-90153
-90084
-90037
-90008
-90006
-89967
-89951
-89942
-89928
-89894
-89804
-89555
-89351
-89297
-89280
-89277
-89142
-88961
-88956
-88910
-88789
-88423
-88390
-88383
-88235
-88193
-88143
-88130
-88114
-88111
-88103
-87945
-87926
-87914
-87744
-87725
-87723
-87717
-87712
-87672
-87276
-87228
-87211
-87184
-87128
-87087
-87080
-86895
-86861
-86799
-86751
-86687
-86530
-86476
-86465
-86450
-86405
-86326
-86119
-86114
-86101
-86083
-86072
-85943
-85905
-85706
-85658
-85563
-85553
-85507
-85419
-85390
-85278
-85209
-85208
-85051
-85037
-85034
-85013
-84995
-84983
-84976
-84942
-84720
-84699
-84647
-84635
-84631
-84614
-84593
-84586
-84581
-84440
-84440
-84414
-84343
-84300
-84293
-84269
-84212
-84174
-84122
-84118
-84052
-83945
-83624
-83341
-83191
-83179
-83136
-83046
-83039
-82933
-82860
-82854
-82825
-82732
-82705
-82682
-82646
-82621
-82400
-82116
-82056
-81996
-81746
-81725
-81648
-81633
-81621
-81562
-81559
-81547
-81494
-81411
-81343
-81339
-81309
-81186
-81182
-81014
-80941
-80939
-80850
-80687
-80600
-80576
-80513
-80415
-80372
-80248
-80198
-80198
-80171
-79982
-79980
-79974
-79944
-79927
-79828
-79818
-79788
-79762
-79685
-79626
-79625
-79596
-79590
-79532
-79415
-79411
-79372
-79315
-79223
-79149
-79114
-79091
-79003
-78977
-78960
-78888
-78755
-78621
-78516
-78486
-78381
-78338
-78191
-78144
-78024
-77934
-77787
-77739
-77705
-77686
-77600
-77513
-77451
-77429
-77420
-77381
-77316
-77281
-77012
-76916
-76614
-76601
-76462
-76425
-76294
-76202
-76083
-75784
-75746
-75715
-75644
-75574
-75549
-75284
-75119
-75105
-75079
-75050
-75045
-74985
-74944
-74676
-74658
-74461
-74439
-74432
-74430
-74409
-74363
-74323
-74232
-74074
-74055
-74047
-74042
-73975
-73917
-73870
-73844
-73770
-73760
-73678
-73662
-73526
-73377
-73194
-73189
-73151
-73137
-73079
-73057
-73049
-72972
-72964
-72882
-72813
-72729
-72651
-72602
-72528
-72524
-72216
-72210
-72136
-72065
-72054
-72006
-71996
-71844
-71809
-71704
-71683
-71378
-71332
-71280
-71235
-71177
-70982
-70981
-70953
-70902
-70881
-70804
-70800
-70730
-70686
-70529
-70400
-70375
-70322
-69988
-69848
-69845
-69771
-69711
-69677
-69655
-69469
-69465
-69392
-69302
-69291
-69238
-69175
-69136
-69121
-69059
-69006
-68995
-68992
-68924
-68854
-68730
-68643
-68539
-68497
-68425
-68342
-68338
-68337
-68298
-68248
-68246
-68210
-68060
-68015
-67879
-67878
-67807
-67784
-67773
-67753
-67697
-67609
-67556
-67527
-67502
-67423
-67421
-67392
-67370
-67338
-67275
-67209
-67206
-67097
-67037
-67032
-67008
-66964
-66942
-66936
-66930
-66912
-66760
-66747
-66465
-66372
-66342
-66324
-66310
-66300
-66298
-66225
-66202
-66181
-66012
-65816
-65733
-65441
-65304
-65275
-65166
-65037
-64994
-64890
-64841
-64820
-64462
-64239
-64174
-64101
-64095
-64007
-63947
-63834
-63805
-63668
-63621
-63581
-63555
-63552
-63498
-63488
-63314
-63270
-63238
-63173
-63162
-63119
-63078
-63052
-63007
-62743
-62676
-62658
-62606
-62490
-62456
-62435
-62418
-62410
-62362
-62183
-62165
-62046
-62045
-62033
-61996
-61994
-61912
-61912
-61883
-61876
-61846
-61832
-61780
-61777
-61748
-61638
-61614
-61488
-61393
-61203
-61130
-61015
-60957
-60837
-60735
-60700
-60689
-60611
-60607
-60445
-60438
-60399
-60166
-59952
-59928
-59898
-59883
-59836
-59713
-59707
-59674
-59634
-59576
-59487
-59478
-59475
-59472
-59435
-59413
-59387
-59204
-59127
-59100
-59075
-59034
-58916
-58874
-58847
-58703
-58701
-58528
-58505
-58449
-58377
-58327
-58325
-58306
-58169
-58128
-57942
-57870
-57857
-57828
-57827
-57772
-57757
-57740
-57663
-57584
-57546
-57462
-57217
-57147
-56825
-56806
-56659
-56566
-56344
-56314
-56311
-56130
-56119
-56064
-55782
-55668
-55609
-55542
-55461
-55369
-55321
-55256
-55239
-55175
-55159
-55157
-55129
-55025
-54909
-54797
-54768
-54692
-54651
-54620
-54593
-54499
-54491
-54455
-54442
-54431
-54246
-54114
-54099
-53993
-53989
-53924
-53905
-53853
-53853
-53847
-53808
-53799
-53692
-53513
-53304
-53299
-53284
-53091
-52924
-52918
-52841
-52718
-52672
-52575
-52405
-52396
-52383
-52362
-52263
-52255
-52228
-52167
-51954
-51849
-51836
-51762
-51759
-51734
-51715
-51611
-51421
-51385
-51367
-51262
-51172
-51148
-51140
-51140
-51123
-51013
-50907
-50783
-50752
-50736
-50522
-50515
-50446
-50302
-50241
-50182
-50158
-50067
-50046
-50037
-50026
-49995
-49823
-49773
-49737
-49643
-49572
-49559
-49536
-49452
-49438
-49294
-49247
-49193
-49177
-49176
-49047
-48973
-48727
-48704
-48603
-48592
-48568
-48493
-48480
-48310
-48224
-48168
-48135
-47967
-47961
-47878
-47865
-47847
-47811
-47720
-47675
-47242
-47078
-47055
-47008
-46857
-46844
-46769
-46760
-46754
-46722
-46678
-46642
-46631
-46485
-46437
-46341
-46310
-46309
-46303
-46194
-46103
-46092
-46070
-46014
-45869
-45842
-45714
-45621
-45463
-45449
-45407
-45224
-45222
-45182
-45132
-45087
-45064
-45022
-45021
-44862
-44849
-44630
-44418
-44404
-44331
-44314
-44305
-44276
-44137
-44060
-44047
-44007
-43825
-43665
-43579
-43542
-43510
-43496
-43469
-43450
-43339
-43276
-43275
-43275
-43232
-43165
-43131
-43122
-43109
-43092
-42934
-42915
-42893
-42807
-42786
-42687
-42649
-42614
-42493
-42475
-42378
-42343
-42131
-42102
-42078
-41981
-41898
-41895
-41616
-41594
-41537
-41511
-41455
-41115
-41065
-40956
-40930
-40844
-40790
-40639
-40559
-40553
-40529
-40467
-40462
-40439
-40243
-40200
-40195
-40075
-40002
-39975
-39944
-39786
-39761
-39683
-39676
-39636
-39628
-39577
-39529
-39423
-39398
-39217
-39109
-39068
-38841
-38814
-38606
-38583
-38541
-38501
-38304
-38263
-38077
-37944
-37938
-37889
-37834
-37771
-37771
-37640
-37607
-37578
-37550
-37493
-37436
-37348
-37297
-37236
-37228
-37119
-36917
-36907
-36725
-36718
-36669
-36299
-36253
-36245
-36236
-36210
-36205
-36151
-36118
-36075
-36069
-35990
-35888
-35864
-35681
-35635
-35461
-35461
-35426
-35338
-35244
-35192
-35043
-35027
-34849
-34812
-34655
-34636
-34594
-34584
-34435
-34357
-34321
-33988
-33984
-33933
-33916
-33854
-33657
-33305
-33300
-33245
-33188
-33031
-32936
-32886
-32881
-32842
-32640
-32615
-32564
-32564
-32500
-32491
-32449
-32391
-32197
-31901
-31860
-31720
-31708
-31504
-31500
-31374
-31302
-31298
-31188
-31082
-31046
-30965
-30921
-30872
-30860
-30846
-30812
-30653
-30596
-30570
-30553
-30480
-30347
-30315
-30312
-30255
-30243
-30234
-30219
-30180
-30167
-30148
-30079
-30078
-30047
-29902
-29881
-29849
-29482
-29401
-29355
-29330
-29235
-29228
-29226
-29129
-29103
-29047
-29003
-28927
-28907
-28851
-28784
-28732
-28723
-28692
-28573
-28572
-28520
-28489
-28474
-28406
-28352
-28298
-28272
-28210
-28187
-28073
-28057
-28029
-27913
-27904
-27898
-27886
-27825
-27658
-27288
-27250
-27128
-27020
-26991
-26956
-26885
-26764
-26619
-26595
-26390
-26359
-26235
-26203
-26163
-26011
-25734
-25689
-25638
-25626
-25573
-25403
-25344
-25268
-25199
-25186
-25177
-25034
-25013
-24959
-24829
-24818
-24777
-24745
-24715
-24708
-24629
-24611
-24600
-24577
-24499
-24479
-24361
-24211
-23994
-23990
-23937
-23918
-23848
-23692
-23661
-23638
-23612
-23611
-23597
-23595
-23588
-23228
-23069
-23065
-23058
-23023
-22893
-22889
-22818
-22785
-22770
-22658
-22639
-22616
-22529
-22504
-22356
-22265
-22173
-22157
-22153
-22018
-21993
-21821
-21816
-21680
-21672
-21487
-21452
-21423
-21203
-21184
-21102
-20802
-20794
-20688
-20687
-20534
-20488
-20437
-20423
-20399
-20366
-20327
-20295
-20198
-20162
-20153
-19945
-19880
-19815
-19793
-19756
-19752
-19714
-19665
-19661
-19659
-19586
-19577
-19411
-19285
-19279
-19181
-19134
-18951
-18927
-18890
-18886
-18777
-18762
-18758
-18740
-18718
-18644
-18366
-18122
-18088
-18060
-18050
-17854
-17620
-17594
-17558
-17440
-17395
-17317
-17203
-17151
-17056
-17031
-16999
-16982
-16958
-16941
-16939
-16893
-16846
-16795
-16730
-16694
-16691
-16670
-16517
-16501
-16452
-16451
-16294
-16251
-16141
-16139
-16083
-16034
-15995
-15966
-15926
-15875
-15713
-15619
-15559
-15555
-15511
-15495
-15495
-15445
-15445
-15424
-15283
-15204
-15096
-14975
-14942
-14892
-14875
-14689
-14601
-14584
-14517
-14486
-14442
-14372
-14249
-14231
-14217
-14211
-14209
-14170
-14149
-14066
-13900
-13786
-13708
-13652
-13618
-13599
-13464
-13304
-13278
-13264
-13223
-13138
-12982
-12928
-12850
-12844
-12754
-12666
-12651
-12580
-12345
-12327
-12208
-11826
-11757
-11629
-11578
-11576
-11467
-11434
-11391
-11339
-11250
-11094
-11077
-11076
-10928
-10909
-10809
-10757
-10753
-10689
-10686
-10643
-10522
-10484
-10408
-10407
-10403
-10367
-10269
-10257
-10236
-10234
-10125
-10032
-9960
-9881
-9618
-9596
-9582
-9509
-9492
-9492
-9424
-9266
-9209
-9193
-9101
-8887
-8882
-8799
-8732
-8725
-8680
-8560
-8516
-8451
-8447
-8433
-8398
-8314
-8265
-8150
-8006
-7957
-7928
-7856
-7679
-7611
-7556
-7519
-7328
-7287
-7252
-7180
-7119
-7090
-7020
-6888
-6839
-6795
-6756
-6677
-6572
-6335
-6129
-6080
-5965
-5904
-5843
-5743
-5700
-5623
-5523
-5522
-5501
-5484
-5405
-5393
-5358
-5337
-5319
-5109
-5052
-5028
-5010
-5002
-4999
-4964
-4955
-4955
-4942
-4886
-4832
-4786
-4730
-4723
-4697
-4691
-4600
-4506
-4453
-4434
-4348
-4205
-4188
-4151
-3864
-3583
-3572
-3518
-3340
-3202
-2834
-2686
-2676
-2643
-2606
-2574
-2507
-2403
-2356
-2244
-2236
-2145
-2002
-1931
-1897
-1874
-1864
-1811
-1781
-1771
-1759
-1631
-1614
-1562
-1442
-1425
-1390
-1335
-1315
-1222
-1133
-972
-954
-930
-910
-868
-838
-818
-622
-608
-594
-581
-459
-432
-399
-279
-193
-79
-9
9
136
199
258
266
273
291
318
553
868
884
901
904
935
1084
1400
1406
1453
1464
1528
1615
1659
1684
1787
1946
1976
1987
2003
2055
2185
2226
2354
2364
2378
2499
2499
2521
2540
2599
2705
2713
2756
2837
2861
2872
2908
2926
3009
3030
3031
3065
3099
3160
3315
3319
3343
3388
3482
3487
3590
3619
3764
3836
4425
4446
4585
4651
4833
4982
5029
5130
5343
5471
5510
5599
5605
5678
5680
5684
5719
5855
5865
5879
6057
6065
6185
6286
6321
6508
6567
6590
6667
6692
6692
6827
6845
6898
6943
6961
7004
7022
7084
7362
7372
7514
7582
7715
7743
7791
7801
7835
7848
7851
7884
7958
8004
8082
8261
8296
8305
8328
8336
8357
8376
8509
8576
8746
8792
8814
8837
8996
9000
9123
9123
9149
9222
9241
9343
9538
9560
9574
9615
9684
9828
9871
9894
9898
9938
10076
10133
10262
10271
10360
10371
10397
10398
10485
10492
10492
10536
10602
10654
10771
10784
10808
10823
10900
11000
11151
11340
11359
11361
11451
11488
11735
11743
11749
11891
11897
12130
12181
12200
12335
12361
12393
12416
12422
12590
12635
12641
12656
12682
12687
12896
12937
12972
12984
13113
13189
13221
13223
13241
13322
13349
13412
13419
13518
13537
13629
13638
13705
13767
13813
13867
13962
13964
14016
14128
14173
14228
14318
14337
14390
14420
14473
14497
14501
14595
14613
14620
14621
14719
14723
14802
14883
14988
15061
15167
15333
15379
15414
15420
15558
15643
15677
15688
15741
15755
15808
15811
15885
16052
16077
16130
16217
16222
16319
16324
16354
16385
16501
16547
16552
16821
16848
16959
16989
17025
17033
17069
17222
17344
17380
17418
17460
17571
17598
17643
17720
17743
18013
18081
18103
18178
18195
18257
18286
18340
18438
18458
18480
18519
18618
18692
18739
18745
18833
18901
18958
19044
19139
19141
19145
19160
19187
19198
19210
19213
19285
19354
19373
19425
19442
19562
19577
19587
19647
19736
19960
19970
19975
20101
20255
20369
20405
20509
20526
20685
20687
20737
21065
21111
21124
21139
21148
21150
21214
21277
21278
21281
21553
21559
21596
21604
21661
21935
21962
21995
22007
22038
22156
22239
22248
22275
22341
22391
22435
22521
22539
22543
22742
22851
22892
22892
22909
23200
23305
23347
23476
23540
23615
23638
23701
23903
23942
24136
24243
24268
24312
24346
24493
24529
24537
24602
24646
24682
24691
24721
24747
24838
24892
24988
25038
25053
25150
25187
25197
25199
25250
25284
25355
25391
25416
25440
25446
25515
25604
25709
25848
25853
25942
26067
26071
26160
26170
26231
26338
26460
26475
26489
26493
26542
26599
26692
26759
26813
26874
26888
26893
26963
27042
27059
27095
27288
27302
27342
27355
27442
27460
27524
27592
27669
27707
27778
27809
27845
27928
28144
28401
28418
28586
28623
28701
28759
28932
28948
29067
29083
29275
29497
29539
29571
29615
29809
29844
29856
29882
29898
29989
30015
30049
30185
30337
30370
30409
30481
30485
30539
30584
30677
30704
30708
30772
30810
30846
30880
30911
30925
30927
30932
30989
30996
31037
31099
31104
31155
31382
31392
31395
31415
31476
31515
31642
31656
31716
31719
31754
31761
31762
31781
31813
31970
31999
32002
32074
32237
32253
32307
32359
32397
32444
32492
32516
32558
32567
32575
32896
32937
32950
32968
32995
33086
33099
33161
33414
33414
33430
33503
33507
33542
33560
33561
33568
33665
33682
33748
33780
33828
34139
34193
34343
34372
34543
34776
34879
34913
35021
35040
35072
35157
35324
35383
35392
35402
35459
35485
35549
35552
35571
35604
35638
35803
35896
36088
36093
36179
36196
36266
36277
36334
36400
36463
36519
36594
36712
36733
36740
36821
36824
36839
36883
37067
37166
37226
37326
37344
37352
37405
37449
37607
37610
37620
37621
37815
37834
38052
38067
38072
38107
38122
38162
38430
38466
38522
38557
38709
38786
38803
38814
39030
39066
39250
39320
39337
39339
39342
39352
39431
39477
39538
39547
39589
39662
39697
39744
39837
39967
39977
39986
40055
40086
40170
40190
40237
40431
40450
40491
40516
40580
40621
40685
40685
40710
40778
40817
40830
40875
40892
40994
41042
41082
41193
41208
41300
41331
41402
41410
41428
41462
41551
41697
41703
41739
41752
41767
41927
41941
42078
42169
42179
42263
42344
42523
42550
42586
42649
42662
42720
42875
42890
42903
42945
43031
43057
43065
43169
43243
43274
43288
43323
43344
43388
43412
43438
43521
43873
43888
44023
44136
44162
44186
44212
44256
44290
44419
44443
44526
44709
44711
44725
44794
44964
44986
45047
45088
45096
45112
45202
45263
45306
45416
45475
45476
45539
45583
45641
45645
45709
45740
45766
45776
45852
45970
46160
46176
46216
46239
46239
46249
46312
46319
46338
46443
46580
46643
46671
46693
46769
46830
46835
46857
46928
46942
46969
47246
47253
47371
47466
47628
47682
47694
47926
47997
48142
48187
48189
48251
48297
48298
48314
48465
48526
48613
48761
49267
49290
49337
49454
49493
49578
49592
49628
49637
49785
49856
49894
50023
50028
50055
50189
50389
50450
50511
50644
50707
50735
50810
50829
50855
50945
50968
51045
51054
51059
51281
51380
51461
51738
51759
51839
51886
51908
51992
52024
52140
52171
52306
52307
52380
52566
52601
52676
52781
52815
52884
52961
52961
53037
53376
53392
53413
53638
53688
53703
53804
53961
53972
54115
54175
54223
54270
54304
54318
54488
54491
54505
54545
54568
54845
54857
54861
55002
55015
55058
55105
55154
55224
55254
55299
55334
55374
55410
55420
55463
55698
55784
55940
55945
56039
56197
56203
56211
56229
56281
56320
56337
56344
56383
56445
56495
56556
56565
56681
56752
56789
56807
56862
56990
57017
57022
57025
57072
57254
57410
57654
57717
57808
57813
57849
57860
57886
57886
57889
57979
58087
58143
58155
58197
58199
58294
58362
58385
58525
58590
58793
58845
58871
58984
58987
59016
59080
59122
59134
59151
59284
59311
59363
59465
59536
59580
59588
59677
59689
59737
59766
59944
60146
60596
60722
60859
60957
60964
61002
61066
61172
61300
61492
61515
61619
61637
61865
61904
61932
61934
62024
62154
62240
62246
62265
62339
62405
62444
62476
62493
62508
62589
62705
62725
62871
62991
63010
63015
63087
63141
63191
63193
63244
63303
63472
63617
63716
63764
63794
63805
63897
64068
64379
64471
64530
64571
64637
64666
64689
64704
64853
64897
65007
65150
65442
65458
65566
65758
65814
65856
65861
65862
65871
65876
66053
66077
66134
66176
66271
66335
66366
66406
66411
66431
66601
66652
66729
66755
66805
66879
66882
66897
67011
67041
67142
67200
67279
67612
67666
67741
67770
67911
67985
68015
68099
68222
68243
68245
68273
68500
68599
68636
68699
68706
68722
68791
68814
68867
68984
68987
69126
69142
69178
69258
69266
69273
69312
69324
69344
69349
69386
69446
69647
69726
69729
69770
69787
69927
69991
69998
70014
70031
70117
70125
70139
70316
70362
70418
70466
70507
70599
70615
70675
70900
70919
71031
71045
71114
71153
71193
71234
71372
71571
71589
71598
71670
71778
71860
72025
72039
72066
72117
72205
72213
72259
72547
72573
72623
72633
72686
72691
72786
72827
72902
72907
72980
73011
73027
73087
73180
73222
73295
73317
73372
73384
73386
73391
73394
73534
73546
73587
73595
73608
73672
73726
73820
73856
73913
73924
73957
74081
74183
74248
74313
74359
74387
74389
74392
74482
74488
74493
74503
74804
75083
75181
75338
75489
75507
75520
75536
75734
75801
75825
75879
75925
76156
76165
76257
76629
76631
76787
76910
76999
77041
77115
77120
77139
77142
77143
77160
77297
77511
77603
77643
77663
77664
77692
77754
77805
77821
77827
77886
77967
78013
78023
78031
78058
78107
78108
78177
78255
78262
78291
78424
78435
78460
78465
78478
78479
78557
78563
78644
78710
78779
78829
79020
79049
79051
79083
79104
79143
79184
79220
79376
79586
79620
79620
79663
79680
80124
80168
80227
80271
80278
80322
80329
80358
80549
80570
80577
80749
80817
81019
81038
81043
81063
81148
81271
81273
81324
81497
81611
81670
81680
81717
81738
81833
81835
81854
81891
81976
82075
82094
82190
82268
82378
82481
82513
82699
82768
82958
82973
83061
83115
83178
83185
83261
83313
83325
83330
83357
83432
83621
83626
83627
83679
83829
83920
83950
83973
84034
84049
84144
84160
84229
84453
84475
84505
84579
84587
84589
84603
84656
84671
84814
84818
84842
84958
84967
85013
85019
85064
85076
85082
85094
85120
85201
85236
85294
85441
85497
85527
85543
85552
85555
85647
85672
85713
85744
85762
85816
85859
85895
86030
86045
86060
86175
86184
86345
86541
86577
86643
86672
86673
86757
86983
87064
87066
87176
87252
87339
87362
87383
87394
87522
87532
87580
87663
87761
87776
87813
87814
87942
88082
88108
88149
88338
88338
88349
88540
88552
88556
88562
88565
88568
88586
88758
88860
88942
89148
89256
89385
89398
89493
89762
89820
89828
89863
89872
90159
90400
90451
90454
90513
90517
90764
90777
90782
90872
90996
91017
91018
91038
91182
91263
91287
91331
91515
91536
91599
91636
91815
91989
92084
92188
92232
92332
92398
92419
92465
92506
92645
92954
93055
93074
93149
93229
93260
93266
93268
93482
93524
93610
93646
93700
93714
93783
93795
93819
94036
94052
94198
94206
94261
94266
94352
94402
94496
94605
94755
94814
95217
95231
95236
95514
95592
95816
95880
95913
95966
95969
96043
96073
96116
96149
96344
96368
96397
96423
96514
96593
96593
96739
96792
96855
97111
97182
97187
97299
97336
97348
97348
97366
97424
97445
97543
97577
97608
97636
97702
97789
97913
98036
98077
98083
98146
98179
98211
98412
98483
98486
98487
98572
98582
98685
98851
98864
98865
98884
98910
98954
99189
99323
99328
99344
99518
99526
99602
99609
99625
99647
99710
99710
99880
99967
99980
100099
100143
100158
100286
100324
100368
100435
100464
100718
100744
100823
100986
101047
101178
101188
101221
101344
101468
101498
101632
101647
101651
101764
101900
101931
101952
102002
102009
102109
102233
102302
102318
102418
102460
102475
102493
102517
102524
102602
102800
102844
102858
103050
103290
103395
103412
103561
103601
103603
103621
103764
103816
103821
103956
104083
104227
104254
104406
104421
104656
104672
104775
104788
104882
105117
105131
105232
105249
105258
105313
105505
105522
105562
105692
105953
106060
106122
106320
106333
106556
106591
106593
106629
106775
106782
106863
106921
106932
106952
106963
106997
107045
107099
107281
107306
107351
107441
107502
107522
107613
107621
107813
107829
107835
107906
107945
107989
108003
108062
108079
108097
108179
108193
108203
108263
108536
108581
108605
108636
108690
108767
108827
108917
108933
108975
108979
109004
109090
109175
109188
109199
109239
109248
109434
109487
109534
109654
109719
109776
109877
109899
109910
109995
110153
110217
110256
110258
110316
110420
110576
110667
110800
110886
110908
110928
111013
111029
111144
111508
111523
111582
111737
111760
111804
111840
112035
112129
112216
112251
112254
112280
112353
112360
112412
112427
112469
112651
112749
112753
112762
112804
112811
112898
113234
113238
113266
113383
113468
113520
113550
113689
113772
113775
114124
114370
114389
114460
114495
114551
114667
114690
114791
114894
114923
114988
115025
115208
115231
115494
115715
115753
115773
115945
115962
116023
116181
116184
116198
116225
116253
116442
116546
116585
116664
116878
116970
117016
117041
117046
117063
117150
117214
117224
117234
117446
117447
117598
117645
117655
117660
117685
117758
117821
118017
118068
118114
118118
118258
118419
118430
118474
118519
118610
118809
119002
119093
119248
119272
119296
119328
119331
119431
119439
119447
119727
119823
119902
120007
120034
120126
120149
120207
120481
120501
120545
120591
120627
120853
121046
121085
121096
121197
121207
121247
121256
121360
121436
121572
121628
121714
121820
121871
121917
122015
122076
122115
122285
122328
122386
122401
122463
122515
122557
122559
122622
122662
122861
122879
123051
123158
123358
123429
123470
123489
123512
123531
123572
123576
123668
123753
123835
123885
123969
124155
124215
124356
124604
124620
124686
124740
124790
124795
124932
125009
125260
125387
125432
125439
125467
125523
125610
125684
125701
125765
125952
125969
126068
126077
126105
126192
126288
126327
126390
126440
126462
126548
126568
126600
126663
126698
126699
126885
126894
126897
126917
126922
127014
127041
127043
127114
127179
127229
127285
127510
127519
127593
127622
127622
127642
128038
128092
128108
128137
128223
128253
128401
128408
128511
128658
128720
128736
128931
128983
128987
128994
129072
129218
129234
129250
129255
129289
129428
129434
129479
129493
129509
129809
129824
129896
129926
130015
130100
130140
130334
130338
130468
130521
130533
130686
130747
130749
130798
130895
130963
131169
131220
131298
131348
131380
131536
131659
131665
131751
131814
131883
131924
131975
132030
132043
132060
132130
132167
132210
132240
132328
132369
132387
132423
132470
132479
132497
132585
132629
132809
132866
132900
132936
133003
133071
133173
133191
133194
133280
133348
133363
133421
133436
133532
133586
133630
133636
133670
133678
133762
133811
133913
133977
134206
134226
134233
134617
134666
134695
134761
134812
134824
134872
134928
134964
135052
135063
135084
135088
135090
135242
135465
135584
135608
135692
135732
135739
135746
135847
135905
135958
136012
136204
136253
136265
136302
136495
136507
136639
136757
136916
136965
136999
137011
137031
137271
137413
137571
137614
137796
138077
138201
138229
138253
138296
138504
138690
138717
138722
138763
138858
138893
138959
139140
139235
139249
139262
139395
139493
139576
139632
139695
139739
139808
139943
139990
140078
140148
140203
140327
140381
140386
140433
140435
140438
140621
140672
140683
140684
140710
140765
140811
140813
140813
140920
140988
141018
141074
141114
141245
141324
141365
141579
141699
141707
141764
141825
141843
141869
141892
141921
142005
142055
142142
142146
142147
142181
142316
142393
142398
142428
142469
142593
142647
142656
142728
142730
142739
142787
142807
142845
142898
142920
143039
143062
143082
143116
143132
143180
143232
143354
143399
143543
143559
143679
143693
143760
143793
143805
143878
144040
144235
144245
144329
144397
144527
144734
144758
144872
144897
144998
145006
145060
145100
145145
145148
145282
145286
145300
145337
145361
145422
145423
145432
145527
145707
145825
145861
145919
145946
145999
146001
146022
146030
146048
146114
146122
146443
146487
146493
146522
146599
146699
146699
146922
146993
147086
147153
147230
147266
147318
147327
147632
147733
147824
147859
147863
147896
147935
147970
148025
148117
148182
148193
148236
148371
148562
148624
148753
148772
148944
149105
149137
149158
149255
149296
149345
149379
149454
149783
149786
149856
150032
150347
150410
150495
150553
150589
150675
150705
151060
151199
151233
151278
151563
151632
151637
151652
151662
151697
151723
151897
151951
152000
152089
152138
152158
152174
152192
152329
152485
152592
152645
152817
153067
153104
153218
153247
153327
153483
153513
153636
153684
153704
153759
153824
153884
153904
153979
154124
154333
154390
154532
154682
154733
154830
154886
154924
155300
155379
155393
155512
155572
155711
155724
155762
155882
155917
155935
156017
156090
156107
156123
156232
156282
156350
156358
156422
156449
156488
156571
156573
156667
156783
156789
156885
156905
156986
156999
157103
157126
157175
157220
157221
157354
157397
157402
157417
157463
157469
157547
157709
157726
157817
157845
157908
157969
158033
158173
158173
158222
158234
158263
158310
158327
158333
158347
158386
158408
158431
158467
158545
158572
159114
159398
159477
159596
159723
159799
159844
159906
159984
160062
160130
160198
160209
160236
160302
160385
160418
160483
160634
160729
160809
160812
160921
160976
161144
161158
161193
161200
161390
161437
161473
161579
161615
161691
161856
162018
162018
162041
162047
162111
162158
162175
162321
162352
162447
162538
162548
162549
162554
162567
162581
162613
162635
162791
162839
162870
162926
162930
163051
163138
163342
163472
163515
163532
163709
163742
163803
163923
164042
164047
164049
164059
164146
164216
164252
164268
164414
164529
164618
164684
164717
164797
164854
164883
164893
164910
165004
165053
165126
165150
165246
165417
165422
165571
165586
165616
165693
165705
165729
165918
166019
166148
166303
166323
166548
166556
166718
166743
166888
166956
166965
167006
167160
167211
167229
167229
167304
167335
167348
167354
167392
167393
167427
167628
167631
167751
167797
167837
167889
167921
167923
167966
168200
168350
168350
168390
168436
168501
168583
168591
168591
168738
168816
168822
168857
168867
168878
168925
169124
169340
169563
169603
169660
169673
169676
169689
169748
169748
169756
169791
169929
169936
169985
170125
170162
170179
170238
170293
170336
170378
170418
170440
170447
170461
170510
170569
170660
170754
170793
170801
170905
170986
171048
171066
171077
171090
171283
171332
171432
171484
171495
171612
171637
171884
171891
171920
172011
172028
172213
172479
172506
172564
172566
172568
172737
172746
172755
172887
172946
172996
173000
173205
173227
173315
173456
173614
173785
173826
173909
173980
174000
174111
174128
174200
174290
174315
174405
174408
174456
174472
174503
174663
174678
174684
174707
174833
174995
175075
175080
175081
175114
175197
175220
175259
175262
175286
175305
175320
175377
175566
175712
175718
175723
175842
175897
175898
175923
175958
176010
176104
176140
176199
176300
176310
176335
176398
176444
176527
176572
176608
176626
176777
176800
176899
177184
177208
177427
177500
177510
177536
177630
177731
177800
177810
177824
177856
177877
177888
177899
177921
177956
177987
178031
178080
178326
178340
178341
178402
178479
178495
178547
178566
178617
178621
178792
178974
179009
179076
179106
179151
179202
179282
179289
179419
179454
179516
179535
179543
179590
179634
179785
179787
179853
180040
180044
180081
180143
180150
180195
180311
180340
180392
180420
180479
180540
180576
180648
180666
180689
180870
180932
181082
181105
181260
181298
181335
181342
181420
181426
181445
181494
181503
181507
181548
181612
181843
181996
182017
182055
182186
182280
182298
182485
182520
182576
182747
182771
182808
182976
182996
183039
183098
183108
183125
183183
183208
183234
183272
183302
183345
183416
183439
183454
183529
183546
183604
183711
183794
184355
184368
184374
184399
184601
184646
184667
184681
184720
184759
184841
184875
184894
184941
185114
185205
185301
185367
185646
185776
185881
185881
185931
185961
185989
185991
185997
186034
186070
186117
186125
186174
186178
186254
186470
186470
186515
186570
186590
186754
186838
186930
186978
187021
187050
187098
187108
187114
187118
187209
187215
187288
187405
187448
187466
187679
187689
187695
187895
188015
188021
188064
188068
188085
188095
188136
188187
188330
188339
188411
188488
188532
188562
188683
188715
188719
188757
188798
189086
189230
189242
189268
189681
189684
189703
189732
189786
189920
190032
190045
190056
190068
190118
190187
190213
190257
190299
190306
190534
190625
190630
190682
190686
190717
190718
190743
190907
190972
190973
190974
190998
191019
191220
191355
191386
191487
191498
191866
191915
191942
191965
191968
192094
192137
192424
192479
192579
192786
192789
192834
192838
192851
192852
192866
192975
193027
193072
193131
193242
193259
193275
193351
193402
193447
193634
193658
193684
193816
193826
193829
193866
193867
193906
194025
194055
194084
194089
194144
194204
194221
194294
194426
194454
194540
194558
194562
194594
194683
194703
194767
194831
194885
195134
195184
195214
195251
195307
195337
195505
195530
195547
195660
195781
195808
195852
195925
196148
196183
196196
196266
196359
196372
196419
196513
196541
196559
196585
196590
196622
196658
196668
196738
197027
197084
197113
197187
197209
197216
197323
197387
197433
197518
197575
197638
197656
197669
197780
197829
197845
197949
197970
197987
198006
198063
198072
198083
198275
198297
198327
198365
198427
198538
198580
198674
198793
198813
198888
198985
199213
199378
199427
199531
199534
199557
199738
199768
199865
200112
200191
200196
200233
200261
200282
200368
200402
200406
200460
200585
200619
200785
200799
200833
200834
200999
201086
201122
201174
201193
201210
201280
201280
201345
201395
201402
201464
201507
201536
201571
201635
201647
201669
201693
201745
201799
201814
201829
201859
201870
201881
201949
202116
202212
202248
202402
202689
202732
202782
202880
202887
203024
203261
203303
203441
203485
203527
203653
203724
203727
203734
203797
203831
203866
203874
204018
204186
204320
204329
204352
204385
204434
204483
204528
204546
204570
204590
204655
204682
204789
204840
204886
204921
205066
205095
205164
205376
205415
205484
205521
205638
205801
205877
205899
205942
205956
206108
206146
206251
206258
206277
206357
206365
206440
206503
206504
206545
206546
206642
206675
206758
206765
206780
206968
206993
207003
207043
207115
207596
207620
207708
207950
207988
208039
208112
208171
208263
208277
208302
208345
208370
208388
208441
208473
208509
208579
208602
208602
208690
208798
208872
208874
208905
209298
209411
209495
209564
209616
209699
209722
209850
209983
209994
210053
210054
210206
210308
210336
210569
210737
210855
210863
210901
210902
210983
211047
211049
211065
211173
211300
211391
211408
211410
211412
211422
211445
211464
211471
211609
211662
211808
211823
211921
212055
212221
212249
212277
212596
212692
212804
212805
212899
212925
212940
212970
212973
212978
213018
213063
213255
213306
213356
213359
213416
213612
213686
213717
213781
213881
213919
214066
214087
214104
214355
214429
214500
214550
214564
214591
214624
214718
214781
214784
214819
214918
215072
215122
215145
215150
215167
215242
215474
215521
215557
215667
215752
215779
215854
215880
216152
216199
216273
216366
216568
216569
216895
216929
217035
217327
217394
217625
217651
217656
217863
218069
218086
218091
218262
218331
218434
218464
218479
218484
218669
218703
218776
218830
218968
219037
219061
219112
219148
219241
219271
219285
219359
219413
219422
219492
219622
219629
219808
219836
219840
219865
219919
219963
220111
220313
220465
220477
220491
220643
220670
220872
220909
220913
220994
221055
221125
221149
221250
221298
221304
221321
221395
221445
221536
221621
221666
221671
221715
221738
221814
221920
221963
222183
222508
222510
222747
222916
222918
223003
223007
223061
223081
223094
223133
223182
223201
223252
223253
223283
223286
223303
223322
223368
223371
223439
223469
223524
223546
223557
223577
223588
223733
223763
223937
224213
224309
224390
224407
224417
224489
224522
224593
224621
224693
224766
224913
225065
225156
225249
225336
225397
225423
225454
225515
225534
225585
225722
225782
225789
225976
226076
226202
226248
226293
226305
226423
226579
226590
226619
226772
226853
227033
227036
227156
227284
227313
227327
227420
227453
227470
227478
227492
227578
227605
227634
227662
227722
227834
227856
227880
227891
227916
228019
228105
228129
228140
228253
228292
228357
228488
228503
228516
228522
228673
228832
228841
228942
229025
229044
229168
229207
229272
229301
229362
229384
229439
229449
229620
229642
229720
229824
229919
230140
230792
230867
230980
230980
231067
231083
231223
231243
231254
231284
231296
231336
231352
231358
231395
231395
231442
231514
231518
231579
231628
231750
231850
231856
232007
232051
232056
232214
232232
232234
232288
232322
232331
232394
232411
232461
232480
232496
232527
232542
232611
232717
232952
233092
233102
233313
233372
233464
233563
233671
233986
234069
234312
234415
234530
234601
234611
234689
234778
234901
235091
235106
235206
235215
235290
235328
235344
235602
235613
235643
235659
235752
235757
235889
235942
235965
235974
236147
236277
236446
236575
236739
236785
236995
237017
237083
237086
237148
237160
237187
237385
237395
237410
237452
237539
237555
237571
237751
237766
237817
237848
237955
238133
238225
238253
238278
238353
238429
238610
238616
238707
238725
238767
238888
239199
239222
239223
239237
239284
239617
239718
239798
239888
239896
239944
240031
240063
240161
240290
240317
240321
240324
240335
240433
240681
240690
240736
240765
240800
240858
241118
241122
241132
241157
241162
241221
241262
241303
241371
241382
241514
241591
241597
241670
241740
241759
241835
241928
241964
241970
241990
242000
242110
242120
242208
242312
242393
242511
242562
242577
242614
242860
242911
242966
243074
243077
243220
243243
243387
243394
243416
243549
243638
243707
243732
243785
243838
243976
243984
244147
244151
244237
244299
244383
244450
244476
244480
244550
244597
244604
244606
244681
244692
244854
244946
245045
245102
245126
245176
245228
245264
245389
245389
245424
245434
245442
245485
245527
245624
245637
245734
245893
246130
246191
246212
246322
246332
246437
246644
246759
246763
246860
246900
246935
246984
247036
247154
247200
247276
247572
247572
247684
247942
247943
247961
248173
248184
248208
248438
248503
248666
248684
248719
248752
248803
248806
248958
248970
248978
249113
249171
249321
249342
249424
249437
249454
249471
249479
249540
249823
249847
249932
249962
250066
250081
250090
250094
250123
250176
250225
250344
250373
250401
250424
250476
250492
250508
250603
250610
250665
250707
250749
250792
250884
250969
251020
251080
251192
251272
251281
251297
251311
251409
251505
251547
251584
251602
251695
251788
251804
251831
251918
252041
252137
252181
252356
252404
252423
252432
252737
252749
252767
252775
252800
252857
252934
252957
253013
253026
253128
253160
253311
253364
253381
253543
253557
253596
253655
253719
253779
253853
253853
253861
253888
254243
254456
254484
254557
254570
254627
254852
254865
255047
255155
255173
255442
255522
255565
255590
255609
255630
255687
255720
255830
255948
256057
256128
256142
256155
256182
256203
256209
256244
256248
256297
256377
256418
256501
256568
256665
256700
256742
256767
256842
257071
257214
257462
257468
257562
257593
257606
257617
257665
257722
257772
257801
257839
257857
257896
257919
257966
258035
258106
258150
258249
258252
258302
258303
258349
258354
258394
258410
258431
258469
258512
258517
258545
258589
258683
258768
258890
259005
259019
259081
259108
259115
259180
259296
259341
259398
259442
259569
259676
259747
259755
259771
259796
259820
259879
259934
259987
259992
260027
260048
260092
260174
260204
260351
260520
260568
260698
260739
260767
260795
260929
261013
261171
261237
261275
261491
261502
261556
261561
261935
262026
262082
262173
262176
262241
262242
262303
262350
262368
262388
262606
262616
262677
262694
262734
262751
262913
263011
263054
263086
263098
263159
263263
263304
263422
263455
263574
263744
263796
263855
264070
264276
264393
264582
264893
264960
265078
265201
265293
265455
265466
265644
265713
265772
265783
265893
265994
266035
266060
266106
266113
266268
266344
266473
266584
266622
266637
266733
266749
266760
266803
266902
266916
266921
266997
267064
267147
267245
267294
267360
267418
267540
267609
267773
267845
267884
267890
268069
268180
268212
268268
268451
268465
268506
268541
268559
268633
268637
268734
268775
268817
268880
268955
268966
269122
269233
269257
269262
269452
269486
269501
269572
269611
269659
269834
269921
270023
270070
270082
270090
270191
270264
270297
270422
270569
270636
270756
270794
270833
270941
270945
270952
270964
270976
271013
271347
271366
271367
271376
271525
271536
271574
271614
271619
271645
271842
271897
271917
271920
271971
271971
272078
272161
272165
272262
272302
272343
272367
272375
272392
272418
272436
272578
272624
272676
272676
272722
272748
272789
272821
272844
273000
273108
273277
273436
273464
273535
273591
273794
273883
273932
273987
274008
274029
274091
274181
274184
274281
274333
274522
274574
274582
274692
274735
274811
274876
274953
274957
274967
274972
274993
275096
275158
275192
275321
275366
275412
275521
275542
275547
275574
275732
275800
275888
276352
276455
276512
276553
276785
276803
276877
276923
276998
277000
277042
277240
277246
277350
277510
277522
277540
277600
277603
277806
277848
277851
277857
277876
277980
277985
278020
278061
278154
278288
278353
278358
278413
278429
278544
278567
278643
278643
278649
278680
278863
278911
278959
279172
279199
279273
279281
279288
279393
279427
279507
279537
279637
279652
279666
279673
279711
279752
279755
279838
279870
279887
279929
279933
279939
279972
279980
280008
280135
280164
280203
280231
280298
280305
280313
280399
280509
280693
280745
280768
280772
280944
281007
281025
281060
281092
281130
281155
281174
281281
281306
281324
281371
281371
281391
281422
281578
281580
281591
281610
281638
281768
281830
281851
281917
281978
282008
282027
282183
282235
282316
282417
282495
282539
282595
282741
282766
282769
282876
282891
282899
282961
283046
283123
283156
283169
283179
283468
283469
283539
283540
283748
283824
283937
283998
284019
284022
284082
284087
284167
284235
284497
284554
284636
284712
284790
284886
284896
285005
285166
285167
285219
285249
285263
285269
285284
285332
285396
285424
285443
285460
285494
285545
285602
285611
285637
285644
285738
285819
285847
285889
285996
286093
286183
286301
286346
286396
286398
286509
286543
286605
286707
286716
286811
286885
287035
287083
287089
287097
287119
287127
287164
287181
287183
287259
287264
287337
287401
287459
287506
287556
287585
287623
287628
287665
287873
287884
288103
288105
288502
288505
288522
288551
288735
288798
288835
289071
289114
289148
289158
289217
289225
289266
289267
289293
289339
289372
289436
289503
289549
289623
289651
289681
289691
289721
289722
289851
289854
289863
289886
289925
290139
290172
290194
290248
290294
290305
290358
290419
290437
290501
290730
290754
290762
290854
290874
290984
291017
291023
291062
291267
291270
291383
291384
291405
291430
291488
291499
291578
291651
291672
291907
291988
292069
292107
292213
292221
292295
292366
292465
292489
292585
292686
292729
292763
292903
292945
292998
293001
293010
293081
293123
293188
293222
293264
293448
293638
293640
293659
293691
293762
293867
294056
294081
294216
294417
294536
294591
294626
294667
294885
294915
294964
294971
294989
295003
295017
295068
295271
295297
295440
295459
295588
295602
295704
295809
295870
295936
295989
295994
296071
296178
296337
296424
296606
296609
296732
296757
296776
296795
296886
297044
297116
297145
297205
297450
297621
297864
297914
297975
298080
298174
298181
298220
298267
298483
298606
298650
298685
298772
298911
298924
298950
298963
299145
299220
299230
299232
299386
299459
299621
299703
299882
299978
300014
300032
300140
300152
300284
300302
300359
300420
300431
300565
300678
300760
300803
300846
300887
300959
300987
301136
301231
301301
301324
301372
301438
301469
301512
301525
301528
301553
301559
301745
301907
302000
302188
302280
302371
302397
302426
302484
302489
302501
302507
302633
302671
302704
302728
302756
302864
302888
302961
302997
303180
303425
303573
303650
303724
303753
303875
303922
304148
304270
304271
304544
304556
304657
304690
304736
304753
304825
304848
304925
304927
304929
305026
305058
305316
305429
305439
305444
305468
305484
305556
305586
305601
305722
305739
305815
305942
305954
306059
306094
306136
306317
306340
306430
306444
306463
306467
306502
306566
306626
306670
306694
307036
307199
307249
307250
307459
307508
307569
307626
307665
307721
307740
307851
307876
307887
308086
308186
308206
308240
308389
308406
308502
308527
308557
308580
308605
308627
308656
308668
308782
308821
308917
308978
309063
309190
309192
309231
309387
309572
309619
309704
309820
309891
309923
309925
309998
310009
310042
310249
310382
310412
310439
310451
310510
310636
310644
310856
310868
310928
310938
310945
310990
311044
311068
311194
311287
311391
311409
311436
311514
311585
311601
311835
311901
311938
312007
312036
312063
312116
312251
312288
312289
312480
312494
312498
312537
312680
312795
312819
312903
312988
313012
313149
313296
313523
313567
313576
313580
313679
313721
313793
313987
314005
314027
314038
314043
314056
314090
314109
314138
314140
314164
314369
314369
314523
314533
314539
314540
314544
314661
314675
314804
315021
315233
315276
315410
315452
315504
315590
315592
315648
315846
315879
316060
316112
316335
316383
316433
316448
316573
316730
316738
316745
316901
316989
317017
317189
317240
317419
317422
317741
317741
317918
318000
318015
318142
318169
318279
318325
318342
318501
318520
318553
318562
318564
318871
318889
318915
318996
319098
319152
319233
319614
319718
319775
320078
320093
320123
320151
320158
320187
320234
320320
320433
320508
320512
320545
320579
320581
320609
320718
320740
320800
320830
320943
321076
321076
321128
321208
321211
321337
321363
321468
321577
321592
321692
321748
321780
321847
321892
321904
321998
322051
322146
322265
322346
322348
322440
322470
322507
322630
322674
322720
322772
322854
322883
322915
322917
323006
323118
323125
323146
323232
323364
323377
323465
323505
323509
323571
323574
323631
323633
323671
323690
323766
323783
323801
323913
323928
323933
323956
324080
324110
324171
324231
324282
324305
324322
324339
324419
324519
324545
324681
324739
324838
324839
324857
324964
325096
325111
325220
325288
325307
325319
325429
325431
325467
325728
325824
325954
325989
326133
326283
326468
326511
326524
326713
326738
326773
326785
326823
326842
326917
326944
327007
327027
327123
327185
327354
327398
327427
327463
327498
327511
327609
327609
327724
327888
327933
327937
327949
327960
327995
328079
328161
328165
328203
328342
328441
328507
328538
328566
328615
328619
328694
328976
329054
329067
329078
329118
329281
329293
329333
329405
329432
329434
329452
329708
329743
329779
329829
329830
329840
330049
330103
330120
330170
330321
330348
330349
330377
330398
330528
330559
330571
330632
330646
330783
330845
330864
330924
330959
330961
330990
331031
331270
331384
331519
331589
331620
331809
331830
331923
331941
332053
332110
332110
332129
332157
332278
332309
332323
332375
332402
332466
332641
332680
332808
332811
332828
332863
333003
333009
333044
333064
333134
333145
333166
333213
333225
333345
333416
333571
333630
333699
333757
333876
333966
334129
334267
334387
334457
334470
334488
334541
334619
334644
334744
334747
334750
334951
334974
334989
335000
335079
335122
335143
335144
335263
335271
335303
335365
335514
335522
335583
335620
335917
335926
335997
336130
336244
336267
336316
336366
336540
336553
336687
336722
336808
336928
337007
337009
337150
337264
337283
337298
337309
337360
337435
337492
337525
337544
337668
337708
337796
337835
337965
338115
338241
338263
338306
338353
338443
338493
338539
338752
338841
338842
338885
338941
338996
339021
339037
339272
339391
339395
339426
339532
339537
339652
339667
339810
339867
339958
340017
340198
340377
340382
340399
340401
340549
340602
340712
340744
340854
340856
340897
340903
340981
341001
341013
341039
341173
341190
341248
341398
341575
341787
341791
341826
341925
342008
342087
342088
342177
342185
342199
342232
342294
342359
342460
342475
342550
342585
342595
342621
342633
342700
342761
342795
343116
343206
343241
343492
343587
343620
343689
343696
343743
343847
343875
344004
344029
344330
344334
344409
344588
344608
344711
344756
344758
344852
344902
344932
344947
344970
344977
345003
345123
345144
345235
345394
345410
345411
345417
345466
345608
345616
345765
345818
345988
345991
346051
346060
346081
346133
346150
346209
346231
346392
346452
346457
346465
346558
346596
346615
346721
346804
346989
347015
347024
347046
347059
347082
347119
347240
347250
347259
347286
347311
347420
347445
347462
347470
347497
347515
347544
347573
347627
347650
347722
347736
347814
347814
347953
347987
348063
348065
348066
348076
348136
348151
348356
348379
348567
348603
348624
348664
348685
348851
348877
348914
349001
349015
349047
349144
349428
349570
349628
349636
349639
349938
349946
350044
350104
350142
350189
350232
350396
350446
350500
350510
350523
350577
350771
350772
350788
350899
350908
351005
351098
351236
351268
351402
351566
351582
351627
351724
352005
352008
352025
352090
352124
352198
352302
352362
352487
352583
352647
352657
352678
352749
352774
352786
352795
352837
352932
352941
352954
352997
353040
353098
353151
353168
353292
353297
353340
353366
353380
353415
353425
353540
353610
353615
353631
353684
353801
353888
354018
354077
354105
354131
354153
354225
354272
354294
354351
354368
354400
354433
354453
354575
354690
354834
354902
355048
355279
355313
355523
355663
355696
355738
355873
355972
356023
356157
356191
356280
356318
356404
356409
356447
356681
356717
356727
356937
357021
357222
357297
357309
357346
357366
357392
357511
357620
357623
357674
357720
357806
357964
357972
358002
358054
358061
358068
358089
358162
358187
358446
358507
358511
358649
358669
358707
358740
358747
358763
358859
358863
358900
358915
358927
359041
359077
359124
359210
359271
359396
359407
359486
359487
359552
359569
359787
359833
359861
359885
359916
359948
359949
359967
359995
360153
360193
360258
360323
360496
360556
360601
360702
360853
360860
360904
360906
360954
360994
361045
361060
361216
361390
361666
361740
361813
361829
361931
362005
362019
362269
362312
362344
362416
362480
362517
362804
362896
362961
363039
363041
363051
363126
363134
363183
363192
363244
363248
363270
363338
363496
363527
363576
363938
364143
364269
364430
364436
364477
364531
364625
364636
364638
364653
364721
364913
364938
365020
365022
365134
365163
365264
365427
365467
365523
365548
365560
365565
365628
365646
365672
365740
365774
365912
366013
366168
366214
366225
366253
366378
366386
366523
366539
366714
366734
366789
366798
366817
366870
366893
366900
366957
366977
367044
367125
367285
367331
367620
367668
367689
367720
367725
367783
367901
367912
368055
368169
368228
368304
368379
368427
368584
368780
368810
368811
368868
368896
369033
369078
369130
369183
369233
369236
369255
369296
369339
369377
369404
369627
369651
369784
369812
369843
369865
369905
369945
370000
370054
370126
370261
370277
370309
370401
370407
370429
370469
370475
370497
370544
370669
370681
370735
370843
370992
370996
371012
371058
371482
371541
371563
371603
371691
371719
371798
371975
372008
372182
372208
372251
372342
372470
372856
372889
372891
372891
372927
373038
373081
373177
373181
373192
373210
373269
373284
373397
373476
373501
373573
373582
373614
373714
373715
373914
373925
373960
373981
374095
374121
374170
374371
374503
374586
374623
374674
374741
374768
374777
374778
374864
374905
374908
374953
375057
375059
375131
375149
375152
375205
375208
375213
375230
375287
375295
375304
375440
375504
375758
375785
375838
375950
376318
376385
376429
376438
376541
376560
376672
376714
376831
376861
376928
376953
377000
377152
377154
377260
377310
377318
377387
377433
377502
377508
377520
377670
377673
377701
377740
377815
377945
378100
378196
378208
378317
378536
378640
378718
378801
379059
379081
379150
379170
379255
379294
379391
379423
379474
379485
379608
379826
379829
379831
379888
380071
380127
380280
380404
380448
380459
380464
380504
380699
380710
380718
380763
380781
380789
380850
380907
380960
380988
381056
381132
381164
381189
381205
381477
381569
381627
381858
381974
382021
382227
382247
382254
382287
382406
382468
382699
382777
382892
383095
383160
383464
383476
383597
383646
383687
383696
383780
383850
383876
384008
384104
384152
384242
384312
384401
384513
384693
384721
384826
384845
385032
385091
385115
385205
385312
385318
385362
385399
385430
385452
385470
385572
385874
385897
385942
386036
386065
386098
386151
386153
386232
386244
386344
386418
386491
386496
386534
386565
386636
386707
386799
387000
387131
387154
387173
387244
387311
387338
387406
387444
387721
387772
387786
387874
387882
387947
388027
388186
388220
388258
388290
388324
388434
388476
388503
388545
388649
388709
388758
388794
388824
388840
388868
388936
389352
389453
389609
389645
389698
389815
389942
389970
390094
390100
390163
390207
390366
390588
390638
390784
390830
390847
390992
390998
391115
391268
391507
391547
391558
391592
391599
391648
391653
391745
391863
391901
391949
392034
392100
392178
392218
392228
392407
392438
392465
392569
392632
392701
392873
392874
392880
392928
392951
392958
392962
392971
392997
393003
393346
393379
393385
393640
393652
393835
393844
393981
394002
394201
394212
394241
394248
394260
394360
394400
394407
394441
394496
394549
394762
394771
394786
395083
395172
395182
395217
395269
395279
395332
395386
395410
395533
395541
395564
395589
395633
395657
395662
395826
395842
395868
396018
396056
396068
396156
396424
396436
396474
396489
396789
396933
396952
396961
396990
397033
397052
397107
397134
397168
397214
397289
397458
397476
397549
397625
397985
398060
398154
398155
398209
398222
398237
398414
398587
398619
398673
398720
398889
399040
399045
399128
399248
399463
399606
399648
399843
399958
399986
400097
400103
400146
400416
400481
400569
400588
400668
400681
400720
400872
400985
401032
401092
401101
401193
401204
401216
401252
401295
401309
401309
401397
401648
401680
401718
401804
401842
402095
402172
402196
402403
402497
402556
402561
402570
402616
402702
402895
402945
403214
403221
403254
403272
403293
403309
403557
403685
403732
403805
403822
404024
404065
404130
404217
404232
404415
404520
404533
404535
404536
404611
404671
404699
404876
404917
404966
405067
405200
405245
405314
405390
405404
405426
405624
405687
405817
405895
405908
405999
406033
406054
406105
406203
406314
406333
406397
406441
406506
406664
406671
406673
406693
406788
406808
406952
406953
407099
407147
407168
407285
407327
407331
407420
407503
407524
407620
407728
407989
407989
408035
408112
408125
408245
408250
408280
408390
408587
408677
408726
408803
408806
408835
408918
408972
409281
409282
409284
409293
409349
409486
409486
409511
409549
409595
409667
409719
409842
409846
409892
409974
409988
409994
410105
410108
410121
410256
410387
410466
410595
410608
410643
410820
410827
410962
411081
411107
411204
411234
411315
411344
411391
411430
411485
411546
411555
411762
411791
411824
411830
411857
411883
412063
412071
412071
412088
412095
412099
412210
412231
412251
412255
412305
412448
412505
412545
412676
412772
412797
412821
412928
413188
413410
413445
413525
413530
413571
413677
413685
413723
413756
413798
413864
413965
414031
414032
414051
414059
414092
414107
414131
414165
414262
414324
414414
414443
414525
414734
414744
414837
414847
414971
415024
415069
415078
415080
415171
415426
415507
415581
415719
415798
415943
416000
416006
416072
416102
416111
416119
416161
416223
416364
416386
416410
416434
416435
416444
416488
416547
416568
416669
416731
416790
416794
416838
417040
417121
417188
417346
417387
417396
417450
417614
417741
417751
417761
417804
417910
418100
418145
418159
418283
418305
418440
418469
418619
418642
418749
418811
418891
418950
419036
419096
419124
419131
419144
419177
419178
419207
419220
419231
419267
419339
419368
419492
419528
419543
419556
419617
419715
419755
419807
419812
419813
419825
419877
419884
419912
420090
420197
420254
420362
420405
420450
420504
420519
420525
420649
420690
420696
420842
420860
420959
420972
421047
421073
421103
421146
421267
421311
421324
421435
421458
421492
421496
421577
421585
421670
421817
421926
421933
422031
422072
422235
422413
422415
422524
422526
422536
422569
422616
422647
422665
422709
422710
422819
422869
422914
422943
423038
423059
423089
423153
423277
423351
423546
423556
423560
423561
423600
423655
423669
423703
423728
423835
423940
424024
424100
424112
424114
424145
424322
424330
424407
424452
424547
424558
424588
424595
424603
424639
424702
424705
424787
424790
424933
425018
425019
425069
425082
425131
425223
425283
425367
425452
425477
425525
425539
425571
425572
425617
425648
425815
425855
425856
425902
425944
426006
426010
426042
426119
426149
426308
426320
426434
426436
426483
426503
426564
426568
426719
426755
426828
426841
426979
427021
427088
427303
427322
427403
427432
427473
427543
427638
427700
427700
427737
427813
427828
427838
428059
428063
428231
428263
428470
428473
428570
428691
428721
428731
428847
428865
428871
428908
428959
429040
429053
429081
429193
429196
429290
429440
429441
429469
429482
429502
429666
429691
429716
429770
429829
429868
429923
429942
429972
429984
430106
430196
430250
430264
430280
430288
430338
430484
430490
430495
430518
430542
430547
430565
430566
430577
430625
430850
431023
431125
431125
431161
431208
431240
431264
431272
431275
431437
431633
431689
431792
431870
431939
432033
432055
432087
432105
432106
432277
432335
432398
432437
432473
432584
432650
432784
432964
433074
433109
433120
433337
433338
433413
433586
433644
433676
433713
433715
433782
433788
433840
433845
433877
433902
434097
434115
434124
434134
434141
434214
434324
434331
434380
434409
434424
434477
434615
434629
434649
434705
434803
434934
434939
435224
435239
435264
435308
435364
435483
435555
435692
435716
435733
435735
435786
435801
435936
435981
436070
436172
436174
436239
436265
436306
436357
436358
436400
436516
436586
436608
436609
436628
436683
436733
436734
436773
436774
436800
436809
436921
437106
437120
437138
437216
437440
437554
437629
437722
437787
437798
437833
437872
437943
437966
438102
438112
438168
438187
438380
438395
438454
438489
438492
438495
438497
438570
438678
438729
438813
438851
438932
438951
439005
439019
439045
439089
439120
439191
439272
439281
439285
439347
439371
439388
439426
439426
439435
439491
439498
439664
439733
439756
439776
439785
439795
440098
440451
440462
440557
440613
440638
440672
440729
440860
440873
440967
441060
441414
441499
441621
441689
441807
441917
442053
442206
442307
442362
442417
442541
442602
442629
442742
442762
442863
443046
443082
443155
443159
443184
443255
443292
443308
443361
443409
443447
443484
443535
443647
443719
443773
443792
443874
443895
443962
444054
444211
444258
444308
444313
444331
444445
444510
444710
444745
444797
444891
444949
444960
445007
445075
445190
445215
445361
445426
445476
445509
445562
445562
445606
445657
445712
445718
445943
446009
446123
446129
446130
446132
446301
446335
446437
446489
446605
446607
446656
446693
446818
446865
446868
446899
447216
447266
447368
447375
447379
447571
447597
447605
447615
447669
447798
447810
447830
447837
447844
447954
447969
448054
448074
448090
448134
448285
448403
448585
448615
448620
448638
448656
448680
448762
448824
448850
448899
448966
449026
449164
449276
449280
449298
449365
449474
449581
449781
449811
449881
449894
449941
449975
449993
450024
450046
450063
450080
450083
450163
450244
450308
450338
450502
450742
450834
450864
450886
450956
451033
451077
451117
451278
451284
451427
451453
451581
451606
451730
451780
451841
451985
452026
452101
452329
452405
452553
452689
452828
452834
452884
452939
452958
452981
453041
453225
453306
453318
453319
453377
453436
453564
453592
453743
453778
453787
453901
453921
454024
454054
454169
454187
454361
454565
454594
454613
454691
454738
454888
455161
455172
455201
455207
455270
455371
455385
455411
455507
455665
455829
455839
455955
455976
456014
456047
456065
456121
456437
456446
456500
456537
456890
456909
456984
457217
457356
457391
457421
457565
457837
457839
457897
457955
457968
458123
458132
458151
458156
458378
458389
458564
458643
458859
458919
459071
459116
459152
459234
459252
459278
459342
459380
459380
459466
459549
459666
459713
459752
459815
459989
460042
460364
460472
460499
460609
460610
460833
460899
460973
460978
461064
461094
461117
461170
461250
461272
461314
461379
461382
461389
461441
461514
461534
461578
461593
461792
461930
461992
462021
462047
462086
462191
462198
462201
462211
462217
462230
462301
462306
462373
462441
462558
462628
462641
462650
462776
462887
463078
463079
463154
463245
463332
463423
463441
463512
463569
463574
463579
463727
463860
463977
463991
464078
464214
464281
464306
464341
464362
464413
464414
464466
464555
464659
464722
464855
464862
464889
464961
465069
465201
465281
465359
465392
465427
465486
465525
465607
465662
465713
465781
465840
465843
465859
465950
465976
466013
466040
466236
466301
466318
466420
466462
466540
466568
466576
466603
466662
467376
467409
467464
467539
467579
467654
467669
467729
467838
467848
467901
467917
468028
468030
468072
468174
468353
468357
468363
468394
468427
468558
468764
468769
468977
469066
469069
469088
469299
469382
469523
469527
469534
469695
469720
469738
469772
469873
469896
469912
469975
470073
470103
470213
470234
470280
470475
470597
470691
470837
470876
470882
470948
470957
470958
471013
471058
471135
471140
471360
471390
471397
471452
471483
471526
471541
471585
471593
471594
471645
471706
471736
471920
472511
472515
472560
472610
472637
472728
472802
472820
472832
472918
472946
472980
473156
473259
473352
473399
473447
473513
473531
473585
473645
473653
473682
473749
473815
473847
473875
473919
473941
473958
474043
474086
474138
474160
474181
474188
474241
474299
474359
474407
474534
474689
474804
474844
474959
474976
475033
475057
475088
475241
475283
475326
475418
475426
475453
475482
475486
475510
475646
475723
475812
475849
475885
475906
475983
476045
476052
476088
476092
476128
476237
476249
476286
476454
476622
476666
476743
476768
476844
476928
476967
476969
477048
477094
477106
477118
477199
477249
477317
477330
477345
477497
477502
477509
477593
477621
477674
477734
477759
477826
477833
477921
477981
477992
478022
478030
478037
478050
478065
478094
478265
478364
478364
478378
478500
478501
478611
478644
478669
478695
478696
478715
478745
478803
478804
478999
479216
479220
479268
479320
479419
479425
479470
479494
479638
479679
479793
479829
479862
479903
480082
480094
480133
480179
480197
480216
480284
480333
480532
480579
480589
480633
480729
480814
480848
480922
480966
480967
480973
481015
481092
481246
481304
481367
481430
481520
481558
481677
481710
481869
481894
481964
482002
482033
482054
482221
482231
482327
482341
482400
482501
482517
482588
482646
482693
482745
482745
482944
482987
483197
483313
483336
483352
483361
483764
483853
484017
484066
484154
484165
484292
484299
484344
484352
484425
484456
484510
484522
484698
484720
484797
484813
484816
484940
485138
485156
485203
485237
485551
485551
485692
485730
485831
485914
485920
486092
486155
486227
486333
486367
486476
486607
486612
486620
486651
486663
486682
486690
486932
487018
487035
487051
487180
487310
487325
487329
487529
487668
487691
487740
487741
487748
487860
487877
487932
487990
487996
488000
488116
488192
488231
488373
488408
488429
488605
488617
488664
488800
488882
488973
488995
489059
489083
489172
489206
489220
489239
489299
489435
489525
489567
489592
489722
489748
489806
489877
489941
489988
490056
490147
490376
490383
490390
490401
490421
490520
490536
490571
490696
490741
490844
490866
490883
490885
490955
491115
491250
491259
491489
491518
491541
491554
491659
491807
491915
491922
491958
492037
492102
492132
492144
492166
492207
492325
492367
492392
492394
492425
492556
492633
492638
492743
492758
492794
492871
492928
492979
493014
493160
493296
493397
493513
493536
493554
493570
493578
493595
493683
493703
493867
493922
493967
494053
494108
494122
494243
494278
494318
494465
494486
494537
494640
494647
494657
494670
494705
494910
495031
495113
495149
495160
495241
495342
495398
495492
495504
495602
495624
495793
495827
496051
496057
496135
496330
496365
496460
496483
496512
496601
496739
496809
496815
496847
496852
496866
496886
496949
496959
496975
497205
497219
497307
497322
497369
497559
497642
497680
497746
497939
497953
498024
498082
498208
498210
498265
498550
498724
498727
498766
498769
498960
498964
499121
499173
499234
499249
499267
499294
499406
499548
499554
499562
499578
499597
499646
499762
499768
499838
499999
500029
500097
500170
500317
500333
500335
500487
500527
500610
500616
500652
500749
500772
500820
500833
500962
501073
501078
501082
501151
501176
501191
501235
501266
501400
501405
501429
501441
501450
501491
501502
501571
501665
501740
501775
501797
501894
502209
502228
502260
502270
502317
502364
502367
502382
502434
502471
502676
502686
502767
502840
502897
502903
502913
502947
502955
502964
503028
503054
503195
503226
503273
503283
503302
503440
503496
503501
503843
503959
504076
504196
504206
504217
504261
504337
504533
504543
504547
504559
504567
504596
504610
504774
504896
504935
504952
505047
505205
505232
505266
505454
505523
505526
505688
505870
505911
506118
506162
506183
506353
506475
506678
506784
506801
506812
506857
506917
506919
506980
506992
506997
507132
507148
507150
507303
507322
507407
507427
507569
507690
507715
507755
507794
507883
507885
507927
508025
508118
508147
508166
508223
508315
508365
508368
508445
508446
508488
508645
508819
508883
509077
509097
509199
509477
509490
509511
509531
509542
509618
509755
509784
509886
509888
510003
510124
510293
510326
510597
510692
510801
510824
510877
510938
510939
510987
511016
511038
511113
511116
511166
511499
511521
511870
511903
511982
511989
512016
512017
512030
512039
512110
512146
512347
512379
512522
512534
512587
512741
512802
512828
512990
513005
513132
513206
513458
513485
513688
513723
513766
513785
513803
513850
513928
513966
514024
514069
514113
514141
514180
514225
514353
514476
514481
514516
514570
514664
514712
514841
514998
515067
515094
515144
515146
515340
515386
515417
515511
515554
515660
515690
515740
515741
515748
515818
515840
515942
516001
516091
516125
516201
516203
516258
516323
516426
516459
516520
516560
516604
516710
516728
516815
516886
517022
517119
517467
517514
517682
517687
517693
517779
517798
518000
518012
518110
518172
518214
518404
518452
518457
518546
518602
518620
518631
518684
518689
518703
518929
518963
519003
519027
519135
519155
519189
519269
519367
519467
519496
519517
519704
519846
519852
519853
519864
520019
520113
520173
520196
520431
520505
520616
520700
520735
521013
521125
521192
521270
521311
521340
521376
521486
521491
521573
521576
521662
521691
521805
521897
522006
522032
522047
522061
522099
522256
522267
522339
522402
522527
522542
522545
522570
522617
522642
522732
522873
522956
523015
523059
523138
523159
523272
523284
523495
523500
523513
523566
523631
523652
523887
523891
524007
524033
524093
524169
524188
524207
524295
524316
524331
524481
524542
524621
524691
524763
524814
524914
524927
525013
525042
525166
525194
525301
525377
525599
525647
525747
525854
525922
526008
526029
526056
526092
526102
526226
526236
526256
526309
526391
526407
526505
526583
526628
526641
526690
526716
526717
526756
526764
526858
526936
526954
526992
527009
527219
527261
527282
527346
527349
527495
527571
527679
527746
527778
527796
527831
527949
528010
528110
528118
528180
528291
528299
528373
528391
528547
528584
528587
528646
528725
528760
528829
528843
528923
528927
528948
528992
529076
529086
529125
529131
529151
529231
529236
529237
529261
529286
529299
529516
529570
529632
529696
529760
530095
530131
530161
530246
530430
530439
530503
530579
530609
530627
531059
531105
531171
531350
531383
531419
531422
531474
531519
531534
531536
531639
531680
531712
531783
531811
531873
531904
531927
531996
532064
532151
532217
532273
532298
532424
532499
532558
532734
532764
532836
532885
532892
533009
533261
533342
533367
533484
533534
533583
533621
533636
533820
533849
533923
533932
533995
534115
534128
534149
534206
534344
534355
534383
534468
534582
534639
534673
534729
534739
534780
534896
534903
534925
534936
534961
535015
535060
535085
535086
535125
535181
535260
535311
535377
535489
535629
535661
535848
535876
535918
535933
536003
536111
536137
536224
536231
536261
536349
536386
536497
536562
536676
536696
536817
536863
536864
537083
537153
537193
537248
537307
537420
537500
537509
537523
537552
537618
537716
537882
537927
537950
537965
537982
537982
538133
538340
538366
538523
538628
538683
538760
538775
539007
539024
539060
539189
539290
539323
539354
539441
539459
539632
539783
539818
539849
539961
540251
540303
540313
540377
540412
540647
540668
540742
540745
540756
540778
540809
540841
540862
540878
540923
540962
541180
541303
541585
541683
541715
541784
541882
541886
542018
542027
542084
542126
542130
542279
542411
542426
542436
542494
542606
542947
542948
542996
543047
543051
543087
543206
543307
543578
543600
543694
543753
543828
544169
544232
544327
544348
544389
544445
544478
544484
544564
544576
544650
544705
544713
544748
544761
544808
544896
544933
544976
544977
545071
545128
545135
545201
545249
545272
545388
545404
545424
545443
545599
545661
545662
545668
545729
545878
545917
546028
546148
546150
546293
546480
546492
546555
546605
546702
546748
546774
546799
546855
546921
546937
546955
546972
547084
547183
547186
547200
547295
547308
547383
547469
547553
547604
547675
547682
547750
547767
547991
548032
548047
548085
548094
548107
548150
548189
548261
548311
548335
548379
548536
548601
548625
548628
548716
548743
548860
549242
549381
549419
549471
549568
549610
549623
549632
549782
549833
549835
550073
550078
550160
550215
550281
550333
550363
550371
550375
550380
550461
550563
550680
550730
550907
550981
551057
551069
551279
551314
551416
551418
551513
551558
551582
551622
551628
551756
551814
551825
551861
551888
551889
552064
552071
552075
552083
552108
552231
552265
552448
552560
552577
552617
552634
552646
552676
552804
552837
552866
553024
553115
553223
553254
553255
553387
553453
553466
553520
553544
553659
553684
553704
553744
553927
554064
554072
554143
554198
554281
554356
554394
554844
554875
554906
554942
554988
555013
555050
555279
555292
555339
555355
555367
555441
555481
555558
555646
555654
555810
555832
555834
555892
555901
556008
556112
556119
556268
556294
556362
556489
556579
556685
556687
556725
556786
556837
556901
556944
556985
557101
557206
557271
557278
557280
557327
557690
557784
557913
557962
558041
558070
558354
558363
558460
558641
558669
558687
558871
558940
558977
559025
559190
559212
559260
559315
559348
559484
559520
559609
559623
559684
559706
559786
559788
559972
560000
560171
560198
560483
560490
560508
560652
560655
560743
560830
560885
561114
561121
561178
561240
561425
561632
561680
561681
561685
561856
561911
561989
562001
562058
562067
562135
562186
562186
562261
562304
562378
562521
562559
562563
562569
562689
562696
562710
562760
562823
562936
563058
563096
563136
563308
563439
563478
563494
563518
563581
563593
563691
563737
563801
563831
563854
563865
563938
563982
564058
564135
564278
564391
564435
564514
564527
564564
564622
564850
564875
564912
565026
565160
565417
565553
565559
565608
565812
565875
565945
566014
566027
566031
566065
566075
566102
566127
566217
566307
566509
566515
566517
566532
566690
566824
566829
566878
566906
566963
567009
567103
567141
567164
567198
567299
567454
567487
567502
567588
567669
567684
567765
567818
567882
567960
568070
568248
568252
568281
568294
568302
568306
568326
568413
568508
568525
568592
568674
568695
568768
568845
568900
568924
569004
569057
569113
569154
569186
569312
569343
569369
569401
569582
569796
569848
569913
569953
570007
570066
570100
570102
570327
570334
570582
570742
570781
570844
571035
571059
571106
571196
571253
571319
571338
571340
571375
571454
571536
571678
571751
571798
571828
571858
571869
571995
571996
572044
572151
572235
572247
572306
572430
572595
572597
572606
572628
572783
572979
573380
573423
573434
573583
573603
573724
573888
573905
574084
574176
574186
574237
574363
574423
574439
574472
574472
574493
574507
574567
574617
574711
574903
574915
574926
574952
575054
575073
575122
575150
575211
575225
575286
575343
575365
575374
575499
575573
575640
575645
575940
576045
576206
576361
576558
576675
576785
576788
576803
576826
576976
576995
576996
577010
577110
577338
577391
577487
577493
577537
577614
577624
577771
577821
577828
577877
577920
577976
578003
578040
578072
578123
578215
578610
578657
578728
578883
579068
579073
579191
579247
579313
579397
579421
579468
579591
579662
579724
579764
579793
579818
579821
580248
580312
580335
580361
580362
580388
580452
580553
580588
580592
580594
580597
580650
580786
581105
581131
581206
581345
581360
581371
581450
581498
581554
581629
581691
581751
581795
581815
581888
581898
582066
582097
582164
582374
582628
582796
582868
582888
582894
582897
582993
583038
583104
583109
583170
583190
583200
583205
583242
583246
583278
583490
583563
583567
583572
583630
583667
583674
583714
583730
583818
583875
584000
584071
584077
584116
584183
584233
584236
584350
584410
584464
584564
584587
584744
584760
584856
584913
584928
584977
585156
585156
585280
585332
585381
585491
585527
585540
585615
585689
585707
585732
585800
585884
585885
585893
585896
585985
586255
586309
586331
586378
586391
586544
586547
586552
586582
586607
586642
586765
586782
586809
586900
586938
586981
587169
587257
587507
587523
587527
587537
587641
587749
587837
587911
587939
587980
587994
588131
588260
588311
588323
588352
588355
588434
588448
588602
588750
588758
588918
588919
588990
589000
589185
589206
589226
589470
589516
589755
589997
590101
590123
590190
590202
590283
590289
590442
590520
590612
590638
590690
590759
590882
590913
590921
591315
591356
591374
591451
591488
591532
591572
591573
591657
591690
591749
591830
591910
592004
592056
592104
592149
592190
592295
592422
592479
592577
592603
592675
592737
592742
592930
592937
593103
593110
593245
593258
593347
593488
593530
593971
594066
594070
594140
594212
594297
594343
594370
594417
594483
594553
594714
594834
594856
594913
594951
594997
595013
595022
595061
595127
595170
595201
595238
595244
595292
595320
595340
595474
595550
595635
595768
595793
595922
596036
596058
596182
596182
596431
596513
596530
596606
596661
596710
596718
596827
596866
596883
596965
596974
597054
597071
597101
597119
597168
597297
597346
597381
597457
597459
597556
597626
597686
597749
597756
598075
598105
598140
598164
598200
598201
598218
598230
598309
598420
598421
598672
598854
598858
598866
598885
598986
599256
599256
599280
599289
599337
599421
599495
599585
599622
599731
599772
599780
599834
599949
600028
600052
600059
600170
600180
600227
600389
600428
600492
600517
600593
600652
600671
600714
600734
600771
600837
600890
601005
601044
601081
601099
601181
601214
601324
601413
601416
601429
601623
601653
601709
601803
601964
602003
602022
602044
602162
602167
602237
602247
602291
602297
602442
602513
602552
602627
602729
602776
602892
602937
602995
603031
603084
603103
603308
603511
603598
603739
603849
603911
603931
604005
604143
604204
604240
604298
604329
604342
604489
604528
604553
604560
604583
604614
604647
604664
604741
604879
604929
604967
605026
605057
605137
605203
605226
605227
605241
605294
605400
605462
605500
605528
605606
605768
605779
605815
605831
605888
605932
606005
606090
606158
606274
606320
606347
606421
606927
606965
607124
607129
607142
607151
607251
607355
607404
607435
607550
607610
607636
607730
607824
607965
607998
608210
608264
608334
608472
608589
608823
608869
608885
608922
608940
609036
609045
609160
609188
609342
609457
609492
609544
609568
609655
609797
609827
609828
609831
609848
609949
609977
610009
610064
610177
610235
610274
610290
610298
610307
610397
610530
610596
610611
610612
610657
610740
610879
610881
610988
611013
611094
611187
611268
611282
611319
611365
611459
611474
611521
611529
611558
611606
611690
611897
611913
611999
612001
612004
612517
612548
612560
612585
612625
612672
612681
612734
612855
612883
612895
612914
613125
613165
613352
613417
613424
613467
613480
613545
613647
613650
613665
613687
613743
613794
613984
614054
614060
614175
614243
614295
614307
614314
614345
614650
614713
614854
614893
615044
615102
615117
615186
615362
615435
615452
615506
615586
615733
615821
615899
616040
616058
616072
616072
616106
616232
616244
616256
616380
616388
616481
616602
616707
616718
616925
616988
617019
617066
617185
617239
617272
617301
617439
617468
617479
617507
617729
617893
617980
618187
618236
618379
618419
618645
618913
618991
619007
619033
619171
619399
619410
619471
619531
619586
619604
619647
619649
619796
619806
619890
619890
619969
620001
620080
620101
620161
620203
620228
620354
620370
620387
620424
620482
620516
620570
620575
620583
620608
620728
620730
620906
621040
621112
621149
621176
621226
621281
621330
621362
621451
621452
621481
621489
621563
621598
621642
621686
621719
621908
621908
621952
621971
622115
622136
622201
622247
622439
622452
622593
622622
622623
622701
622755
622808
622887
622889
623006
623049
623071
623197
623297
623331
623407
623545
623568
623581
623756
623807
623854
623889
624035
624095
624111
624199
624243
624297
624335
624344
624353
624422
624426
624467
624483
624626
624683
624791
624857
624882
624923
625028
625080
625273
625287
625343
625355
625507
625513
625563
625568
625737
625789
625834
625958
626019
626086
626104
626170
626340
626429
626602
626912
626932
627019
627054
627108
627137
627146
627214
627336
627390
627442
627512
627522
627691
627698
627826
627833
627846
627915
628042
628054
628138
628176
628271
628303
628325
628339
628348
628387
628394
628476
628755
628810
628905
628930
628951
628991
629011
629183
629197
629296
629378
629457
629568
629579
629662
629726
629728
629826
629872
629993
630011
630048
630081
630093
630284
630358
630366
630449
630534
630538
630556
630557
630612
630647
630667
630691
630727
630895
630913
631005
631093
631124
631125
631154
631179
631241
631248
631266
631320
631442
631452
631779
631807
631901
631988
632183
632301
632319
632445
632448
632531
632547
632578
632625
632663
632740
632866
632919
632933
633045
633214
633235
633334
633374
633414
633487
633647
633679
633714
633787
633806
633837
633866
633882
634258
634323
634417
634427
634635
634641
634693
634725
634791
634804
634805
634832
634836
634976
634990
635098
635289
635437
635494
635613
635622
635630
636027
636262
636311
636451
636505
636511
636517
636518
636564
636675
636756
636855
636948
637038
637127
637144
637153
637185
637304
637399
637712
637769
637834
637875
637913
638035
638102
638102
638136
638142
638291
638372
638407
638422
638446
638530
638605
638753
638771
638853
638884
638981
639028
639152
639259
639471
639643
639772
639776
639915
639942
639952
640059
640062
640077
640131
640151
640234
640291
640306
640396
640587
640592
640998
641106
641171
641214
641265
641277
641442
641595
641637
641745
641948
642000
642068
642272
642465
642508
642542
642553
642606
642617
642634
642777
642820
642828
642899
642906
642925
642935
642992
643001
643019
643048
643129
643155
643226
643230
643319
643457
643480
643627
643681
643770
643852
643860
644005
644070
644146
644237
644246
644247
644256
644278
644307
644323
644476
644626
644703
644766
644767
644836
644923
645084
645127
645127
645292
645373
645408
645423
645488
645514
645722
645826
645862
645936
645948
646004
646142
646202
646232
646335
646482
646543
646609
646693
646696
646767
646775
646809
646860
646897
647077
647175
647220
647246
647302
647379
647435
647479
647687
647828
647837
647935
647970
648068
648131
648166
648245
648368
648387
648442
648466
648609
648636
648649
648687
648744
648748
648760
648870
648960
649015
649112
649333
649582
649595
649639
649641
649733
649931
649966
650011
650034
650068
650479
650638
650785
650843
650871
650888
650895
650988
651050
651097
651209
651244
651364
651367
651372
651377
651455
651477
651484
651502
651562
651598
651610
651803
651864
651895
651898
651905
651966
652107
652129
652185
652209
652210
652241
652274
652280
652418
652466
652595
652714
652811
652853
652994
653068
653090
653123
653167
653177
653226
653267
653321
653365
653428
653492
653517
653573
653579
653668
653677
653811
653844
653869
653899
653948
653976
653983
654114
654173
654174
654288
654564
654668
654710
654721
654818
654836
654874
654892
654934
655071
655082
655113
655147
655188
655217
655314
655336
655421
655507
655585
655625
655806
655871
655968
655970
656043
656128
656302
656309
656333
656360
656469
656484
656546
656714
656809
656910
656974
656980
657121
657149
657169
657246
657403
657569
657596
657661
657667
657676
657767
657844
657861
657863
657956
657974
658186
658191
658341
658522
658792
658916
659106
659123
659144
659196
659283
659632
659642
659711
659954
659971
660012
660082
660204
660226
660248
660409
660414
660496
660500
660513
660617
660638
660698
660852
660859
660894
660981
661076
661371
661398
661652
661658
661726
661745
661758
661915
661951
661977
662020
662029
662040
662101
662108
662172
662189
662201
662379
662397
662405
662430
662615
662641
662840
662842
662934
662962
663029
663033
663078
663105
663133
663181
663186
663578
663679
663680
663752
663778
663801
663913
663965
664059
664099
664187
664187
664245
664247
664266
664464
664734
664759
664815
664861
664886
664995
665137
665380
665411
665475
665828
665858
665990
666008
666031
666079
666226
666456
666498
666543
666653
666732
666742
666899
666995
667080
667118
667189
667231
667244
667272
667310
667421
667471
667478
667558
667722
667724
667814
667871
667879
667911
667982
668023
668146
668307
668386
668451
668466
668475
668580
668591
668654
668708
668714
668733
668809
669061
669105
669141
669170
669184
669262
669424
669487
669513
669559
669590
669604
669662
669797
669858
669885
670028
670028
670051
670125
670416
670441
670451
670614
670691
670697
670762
670837
670847
671115
671169
671172
671228
671363
671373
671405
671417
671534
671548
671591
671599
671642
671745
672027
672027
672199
672252
672288
672297
672314
672335
672528
672574
672613
672721
672752
672958
672972
673016
673140
673238
673318
673381
673419
673420
673442
673502
673584
673633
673657
673766
673833
673908
673921
673931
673956
674049
674092
674111
674342
674349
674379
674383
674431
674451
674554
674677
674746
674868
674879
674907
674918
674961
675100
675158
675162
675407
675484
675504
675605
675606
675702
675737
675742
675865
675888
675939
676027
676076
676122
676160
676289
676301
676381
676402
676403
676450
676521
676524
676528
676581
676636
676644
676669
676771
676891
676985
677070
677146
677239
677430
677484
677552
677670
677759
677778
677824
677903
677920
677936
677942
677966
678040
678085
678096
678096
678108
678232
678271
678312
678484
678586
678623
678669
678765
678859
678921
679004
679335
679345
679351
679362
679373
679401
679552
679577
679658
679684
679861
679876
679949
680135
680145
680203
680204
680244
680252
680327
680338
680418
680500
680519
680577
680599
680647
680714
680777
680873
680897
680900
680940
681043
681062
681139
681141
681146
681157
681181
681308
681312
681323
681354
681379
681387
681423
681468
681501
681551
681573
681594
681597
681721
681725
681741
681750
681777
681809
681928
681948
681990
682144
682190
682199
682217
682435
682510
682595
682607
682760
682841
682953
682992
683105
683277
683398
683428
683453
683491
683580
683720
683723
683773
683795
683900
683942
684217
684286
684297
684300
684369
684384
684401
684408
684466
684561
684580
684636
684661
684717
684821
684872
684938
684977
685013
685222
685280
685304
685324
685376
685396
685549
685667
685804
685824
685870
685901
685940
685965
685975
686315
686461
686465
686526
686549
686666
686670
686697
686799
686879
686906
686947
686956
686988
687027
687151
687190
687202
687406
687529
687638
687733
687796
687962
688069
688184
688283
688284
688299
688309
688357
688525
688567
688569
688573
688595
688658
688748
688837
688895
689231
689237
689250
689375
689388
689390
689412
689445
689447
689604
689621
689627
689667
689823
689852
689957
690050
690057
690093
690167
690748
690788
690801
690949
691002
691043
691149
691320
691366
691402
691424
691440
691572
691757
691806
691838
691875
691927
691931
692005
692024
692063
692202
692257
692437
692469
692476
692576
692582
692603
692716
692733
692758
692837
692949
693072
693129
693132
693142
693154
693290
693370
693415
693432
693453
693509
693626
693850
693861
694093
694122
694228
694267
694273
694331
694429
694459
694497
694785
694877
694924
694970
695021
695071
695167
695229
695252
695265
695319
695358
695422
695506
695641
695810
695905
695947
696043
696152
696362
696371
696501
696633
696677
696685
697264
697310
697443
697558
697803
697838
697920
697928
697965
698049
698085
698529
698591
698603
698695
698723
698745
698864
698968
699040
699235
699335
699339
699408
699427
699522
699604
699870
699892
699956
700071
700155
700180
700191
700330
700331
700396
700405
700494
700551
700610
700822
700876
701027
701067
701123
701168
701175
701190
701263
701345
701360
701374
701622
701642
701804
701831
701919
701987
701992
701993
702057
702158
702206
702277
702343
702343
702530
702649
702669
702755
702843
702929
702934
702983
702984
703023
703130
703140
703224
703279
703315
703390
703467
703469
703490
703493
703526
703537
703548
703687
703876
703993
704010
704049
704058
704171
704367
704558
704725
704759
704780
704835
704963
704964
705087
705171
705215
705231
705297
705391
705430
705436
705479
705711
705780
705828
705828
705908
705988
706022
706089
706100
706170
706182
706320
706331
706510
706559
706617
706695
706777
706865
706897
706942
707158
707272
707294
707342
707446
707483
707506
707538
707618
707655
707696
707734
707786
707814
707820
707829
708001
708013
708035
708071
708158
708186
708471
708472
708523
708535
708606
708714
708765
708804
708963
708974
709032
709057
709106
709170
709270
709281
709463
709576
709648
709723
709759
709887
709947
709950
710068
710132
710249
710249
710353
710490
710595
710666
710678
710805
710844
710889
710938
710939
710969
710985
711057
711081
711300
711303
711442
711509
711664
711709
711765
711804
711858
711925
711950
711981
711996
712113
712137
712195
712203
712218
712239
712261
712294
712320
712324
712521
712550
712557
712561
712621
712628
712777
712845
712884
712997
713036
713067
713138
713253
713300
713340
713351
713393
713510
713637
713669
713714
713768
713816
713873
714095
714226
714366
714420
714632
714707
714730
715095
715293
715301
715328
715338
715371
715417
715426
715872
715896
715912
715965
716005
716044
716050
716130
716190
716344
716388
716412
716650
716709
716809
716836
717013
717014
717045
717071
717080
717181
717276
717282
717327
717409
717566
717643
717666
717868
717911
717933
718061
718117
718147
718213
718225
718269
718302
718379
718401
718425
718471
718597
718634
718672
718750
718789
718806
719000
719006
719076
719080
719357
719490
719630
719812
719816
719950
719981
719995
720006
720116
720123
720151
720191
720225
720249
720293
720463
720519
720532
720534
720691
720758
720878
720911
720976
720988
720997
721141
721388
721410
721446
721598
721602
721829
721849
721969
722014
722061
722125
722177
722181
722182
722239
722344
722428
722440
722458
722475
722491
722544
722651
722852
722878
723068
723120
723299
723549
723692
723778
723819
723869
724005
724058
724077
724152
724191
724222
724242
724244
724250
724264
724331
724388
724406
724424
724433
724454
724454
724572
724629
724658
724666
724680
724696
724698
724700
724788
724827
724831
724840
724886
724949
725002
725093
725166
725185
725206
725243
725376
725540
725587
725648
725649
725649
725676
725693
725777
725832
725835
725982
726010
726077
726091
726152
726160
726366
726666
726684
726696
726706
726858
727031
727056
727058
727167
727196
727273
727318
727414
727446
727555
727581
727711
727813
727856
727864
727997
728073
728149
728158
728231
728252
728269
728312
728460
728519
728550
728592
728747
728793
728938
728982
729039
729067
729129
729254
729665
729814
729823
729854
729955
730099
730173
730221
730296
730672
730778
730787
730792
730815
730830
731011
731040
731089
731127
731128
731145
731263
731285
731348
731432
731491
731596
731686
731900
731947
731989
732088
732164
732229
732349
732450
732867
732902
732976
733034
733102
733148
733170
733274
733275
733299
733309
733544
733695
733726
733836
733941
733987
734022
734113
734209
734239
734249
734330
734346
734405
734411
734438
734687
734741
734766
734796
734846
734897
735036
735059
735119
735171
735215
735281
735301
735485
735495
735528
735557
735588
735605
735656
735667
735680
735871
735880
735908
735938
736017
736025
736065
736163
736178
736267
736322
736390
736406
736524
736551
736567
736594
736645
736696
736867
737205
737436
737455
737509
737519
737533
737554
737638
737682
737746
737757
737797
737900
737926
737961
738058
738067
738321
738366
738424
738577
738583
738592
738629
738645
738718
738824
738835
738846
738879
738917
738939
738969
738984
739134
739144
739342
739363
739455
739498
739580
739700
739709
739916
739927
739949
740018
740076
740115
740244
740261
740307
740357
740441
740456
740528
740532
740641
740696
740742
741120
741144
741305
741396
741437
741566
741609
741682
741792
741799
742056
742089
742118
742125
742159
742182
742199
742217
742298
742332
742358
742535
742632
742687
742687
742743
742783
742832
742864
742913
743012
743014
743132
743145
743336
743364
743410
743602
743610
743650
743710
743726
743813
743929
743966
743975
744094
744185
744191
744204
744267
744327
744468
744638
744724
744756
744821
744848
744875
744923
744928
745014
745028
745082
745090
745136
745136
745160
745179
745188
745485
745493
745569
745784
745835
745878
745882
745916
745968
746037
746048
746090
746119
746145
746146
746195
746317
746359
746363
746474
746564
746576
746624
746753
746912
746936
746988
747046
747276
747304
747389
747518
747532
747613
747618
747629
747647
747746
747754
747761
747853
747881
748088
748156
748161
748193
748201
748213
748253
748317
748500
748548
748549
748560
748640
748661
748802
748839
748881
749027
749156
749297
749375
749404
749419
749548
749572
749730
749915
749944
749945
749991
750008
750064
750207
750251
750453
750576
750587
750807
750820
750905
750918
751085
751147
751159
751186
751306
751399
751501
751650
751658
751681
751706
751724
751798
751833
751951
752063
752073
752152
752189
752213
752243
752291
752472
752510
752763
752776
752796
752823
752859
752994
753003
753022
753027
753032
753037
753121
753295
753316
753361
753413
753415
753640
753670
753862
753911
754011
754017
754098
754147
754175
754360
754444
754448
754498
754636
754899
754903
754918
755077
755184
755261
755264
755264
755317
755381
755614
755687
755739
755758
755784
755787
755887
755963
756410
756426
756462
756464
756484
756554
756692
756764
756776
756960
757013
757023
757032
757114
757145
757202
757221
757246
757367
757382
757433
757572
757601
757605
757806
757931
757948
757981
758009
758128
758220
758303
758312
758355
758455
758457
758477
758491
758578
758581
758613
758757
758880
758957
759036
759135
759158
759247
759277
759347
759388
759714
759718
759723
759735
759834
759903
759907
760028
760256
760346
760459
760479
760493
760563
760629
760656
760656
760726
760747
760980
761094
761168
761185
761233
761323
761366
761557
761739
761753
761756
761974
762026
762051
762259
762333
762338
762458
762477
762489
762597
762641
762712
762716
762771
762795
762948
762981
762995
763150
763217
763230
763356
763357
763363
763370
763389
763447
763565
763643
763732
763739
763853
763859
763868
763972
763991
764093
764116
764179
764198
764254
764321
764425
764437
764523
764538
764669
764875
764931
764984
765003
765015
765083
765181
765273
765351
765374
765472
765503
765584
765637
765878
765909
765923
765935
765961
765978
765994
766003
766031
766070
766099
766242
766264
766283
766303
766335
766387
766475
766515
766591
766673
766771
766780
766902
767004
767069
767231
767240
767402
767474
767604
767619
767846
767942
768041
768051
768060
768068
768198
768229
768248
768250
768256
768331
768490
768526
768574
768622
768651
768727
768735
768866
768930
769057
769078
769256
769362
769377
769435
769482
769575
769645
769689
769711
769741
769813
769843
770014
770076
770115
770293
770412
770435
770458
770467
770479
770614
770677
770730
770741
770803
770939
770971
770996
771000
771009
771129
771142
771142
771278
771306
771323
771443
771477
771593
771617
771653
771681
771694
771707
771708
771751
771831
771842
771915
771947
772044
772104
772132
772145
772370
772498
772672
772705
772706
772713
772764
772810
772882
772946
772998
773019
773044
773047
773085
773112
773129
773132
773161
773199
773211
773248
773281
773495
773529
773539
773570
773584
773688
773758
773772
773800
773909
773909
773910
773928
774002
774134
774201
774229
774246
774275
774305
774399
774564
774613
774789
774797
774903
774957
775067
775138
775199
775247
775299
775325
775393
775467
775473
775542
775563
775777
775788
775809
775861
775886
775896
776139
776141
776195
776221
776301
776305
776346
776497
776502
776526
776627
776693
776881
776931
777018
777076
777234
777279
777380
777461
777475
777499
777599
777760
777761
777836
777916
777938
778024
778040
778065
778070
778180
778200
778238
778244
778265
778491
778498
778569
778608
778641
778658
778833
778915
778931
778946
778957
779103
779117
779166
779214
779353
779439
779603
779643
779654
779693
779813
779857
779987
780031
780089
780139
780272
780293
780313
780329
780332
780345
780425
780454
780557
780571
780627
780690
780700
780705
780710
780817
780818
780855
780872
781025
781088
781103
781164
781169
781458
781508
781514
781572
781622
781695
781702
781767
781865
781865
781870
781887
782086
782109
782115
782182
782184
782351
782488
782573
782574
782982
783087
783117
783255
783330
783360
783377
783396
783404
783478
783870
783938
783948
783976
783980
784055
784139
784247
784467
784543
784561
784603
784793
784854
784918
784936
785000
785048
785082
785094
785352
785397
785478
785546
785588
785637
785642
785643
785692
785801
785863
785925
786024
786089
786125
786309
786415
786519
786545
786602
786603
786653
786675
786776
786868
786948
786990
787022
787159
787291
787349
787350
787377
787475
787570
787634
787644
787682
787855
787968
787982
787995
788041
788075
788099
788159
788225
788322
788425
788449
788696
788732
788769
788771
788840
788934
788937
788972
789015
789033
789125
789140
789254
789292
789294
789326
789363
789419
789454
789484
789591
789625
789655
789742
789775
789943
790045
790097
790194
790225
790232
790350
790392
790434
790855
790872
790905
790910
790959
791028
791048
791058
791463
791493
791500
791530
791554
791706
791777
791798
791802
791961
791963
792024
792247
792263
792311
792333
792430
792430
792493
792510
792521
792545
792566
792604
792700
792842
792885
792969
793019
793039
793311
793335
793577
793611
793619
793644
793670
793687
793765
793816
793890
793982
794062
794130
794210
794284
794288
794330
794395
794413
794663
794711
794746
794754
794799
794978
795003
795005
795070
795199
795201
795202
795252
795382
795398
795622
795715
795727
795745
795808
795831
795939
796034
796339
796369
796428
796453
796465
796470
796475
796532
796682
796695
796703
796899
796914
797125
797163
797338
797356
797601
797660
797664
797689
797698
797701
797818
797905
798094
798096
798179
798237
798286
798386
798462
798471
798546
798553
798627
798650
798729
798758
798819
798934
798955
798957
799222
799406
799441
799490
799791
799903
800046
800051
800200
800290
800394
800690
800761
800794
800912
801123
801124
801246
801420
801464
801533
801675
801683
801979
802056
802127
802213
802357
802362
802456
802537
802598
802631
802730
802743
802802
802840
802867
802913
802939
802989
803012
803104
803213
803237
803334
803410
803475
803524
803530
803573
803597
803619
803732
803783
804076
804203
804295
804326
804394
804395
804420
804471
804532
804570
804578
804638
804641
804726
804727
804859
804920
804942
805001
805011
805034
805040
805210
805224
805283
805287
805325
805402
805458
805569
805600
805692
805696
805712
805731
805841
805928
806082
806089
806092
806094
806137
806146
806218
806239
806431
806458
806464
806471
806556
806594
806662
806664
806722
806882
806893
807105
807145
807247
807303
807327
807375
807401
807446
807450
807718
807808
807893
808071
808132
808262
808274
808400
808470
808515
808547
808577
808702
808720
808803
808869
808913
808965
808985
809096
809141
809276
809283
809359
809486
809608
809703
809712
809829
809836
809848
809951
810012
810035
810089
810152
810227
810294
810462
810499
810516
810576
810578
810676
810711
810712
810718
810826
810870
810871
811004
811019
811055
811102
811323
811374
811377
811471
811492
811528
811669
811672
811815
811830
811839
811848
811865
811871
812021
812029
812054
812127
812138
812192
812276
812278
812293
812299
812304
812354
812364
812688
812731
812749
812793
812820
812843
813056
813147
813161
813183
813205
813260
813343
813481
813498
813546
813552
813613
813655
813704
813705
813736
813832
813869
813900
813980
813990
814127
814208
814329
814335
814347
814608
814647
814666
814782
814829
814847
814861
814936
814959
814997
815028
815051
815246
815270
815282
815286
815338
815339
815501
815557
815589
815596
815607
815635
815643
815667
815774
815810
815880
815888
815968
816070
816092
816122
816213
816243
816681
816688
816716
816750
816824
816969
817002
817115
817240
817340
817374
817419
817774
817839
817848
817886
817897
817934
817985
818015
818127
818232
818365
818376
818406
818435
818473
818488
818499
818515
818522
818651
818694
818723
818744
818832
818858
818949
819108
819484
819563
819756
819761
819796
819858
819950
820162
820322
820328
820382
820423
820438
820600
820638
820703
820754
820853
820979
821012
821045
821188
821188
821225
821230
821273
821329
821333
821365
821400
821403
821456
821495
821525
821582
821653
821674
821794
821806
821818
821857
821890
822038
822089
822096
822192
822215
822218
822384
822421
822618
822663
822681
822689
822902
823098
823147
823234
823485
823571
823573
823574
823649
823661
823673
823820
823841
823976
823987
824014
824122
824149
824160
824161
824221
824266
824320
824335
824355
824402
824402
824497
824683
824766
824819
824824
824849
824932
824958
825290
825431
825593
825690
825772
825862
825930
825948
825992
825996
826013
826104
826105
826238
826387
826458
826511
826701
826735
826768
826794
826804
826812
826816
826830
826833
826835
826914
826928
826932
826943
827249
827268
827310
827360
827403
827491
827525
827655
827661
827701
827803
827819
827870
827946
828132
828136
828205
828243
828260
828338
828351
828386
828449
828488
828524
828529
828632
828637
828676
828767
828792
828809
828909
828999
829086
829091
829099
829171
829175
829202
829216
829222
829283
829345
829483
829723
829734
829752
829837
829864
829975
830141
830192
830294
830325
830351
830352
830455
830457
830491
830519
830527
830600
830772
830810
830979
830988
831003
831031
831095
831196
831271
831277
831309
831633
831664
831740
832010
832114
832182
832195
832204
832220
832262
832285
832360
832364
832388
832525
832527
832647
832762
832831
832855
832898
832925
833035
833064
833075
833159
833182
833198
833207
833362
833431
833448
833484
833492
833553
833639
833753
833759
833763
833789
833798
833826
834026
834065
834166
834212
834278
834296
834562
834593
834618
834630
834703
834791
834902
834981
835191
835205
835246
835301
835471
835488
835504
835563
835579
835605
835630
835685
835743
835759
835897
835967
836032
836061
836093
836195
836195
836229
836473
836528
836658
836671
836693
836747
836837
836928
836952
837028
837033
837201
837443
837461
837466
837472
837485
837489
837512
837554
837577
837596
837630
837668
837688
837748
837750
837956
837980
838102
838142
838166
838241
838270
838362
838398
838413
838628
838716
838796
838839
838862
838863
838924
838999
839153
839184
839205
839214
839257
839277
839279
839346
839416
839424
839699
839717
839722
839796
840060
840322
840366
840446
840454
840458
840534
840760
840834
840849
840875
840964
841162
841262
841272
841420
841465
841544
841588
841614
841643
841722
841731
841799
841908
841991
842086
842182
842186
842224
842295
842324
842347
842402
842457
842685
842726
842745
842790
842899
842905
843009
843089
843107
843116
843216
843307
843387
843509
843596
843624
843641
843734
843755
843865
843921
843961
844251
844285
844343
844678
844706
844808
844960
845014
845057
845117
845247
845340
845393
845401
845447
845501
845507
845529
845559
845718
845804
845822
845902
845913
845973
846045
846168
846209
846234
846279
846588
846595
846780
846797
846859
846907
846913
846920
847051
847058
847095
847145
847155
847220
847221
847269
847338
847342
847450
847572
847608
847657
847705
847818
847857
847868
848052
848192
848300
848342
848457
848463
848599
848633
848633
848666
848709
848773
848985
849028
849155
849312
849404
849423
849453
849468
849605
849730
849759
849942
850028
850194
850289
850545
850612
850727
850743
850936
851141
851145
851256
851300
851370
851622
851627
851649
851685
851787
851811
851855
851866
851884
851899
852122
852265
852472
852571
852617
852773
852788
852809
852902
852902
852906
852950
853001
853008
853165
853196
853241
853296
853466
853625
853683
853703
853739
854065
854406
854420
854435
854463
854540
854575
854599
854625
854731
854740
855101
855137
855190
855239
855377
855413
855626
855641
855666
855687
855858
855993
856127
856141
856143
856248
856270
856421
857114
857230
857235
857278
857284
857367
857390
857413
857471
857491
857523
857528
857649
857824
857877
858023
858049
858051
858066
858229
858308
858335
858423
858434
858461
858586
858720
858792
858810
858840
858912
859021
859178
859217
859312
859333
859384
859443
859556
859576
859578
859603
859811
859976
860004
860026
860086
860098
860109
860146
860221
860282
860423
860617
860621
860634
860638
860710
860830
860935
860979
860980
861019
861163
861330
861352
861399
861458
861494
861651
861696
861835
861876
861895
861910
861965
862009
862044
862075
862148
862284
862287
862370
862381
862409
862460
862579
862654
862739
862881
863021
863068
863102
863188
863229
863282
863322
863357
863476
863502
863593
863622
863630
863681
863717
863765
863809
863830
863966
864166
864426
864427
864504
864510
864511
864532
864568
864611
864683
864688
864712
864791
864793
864811
864870
864878
864986
865002
865031
865079
865101
865112
865136
865258
865369
865390
865456
865600
865614
865720
865740
865763
865780
865910
866017
866051
866088
866170
866230
866464
866743
866798
866952
866966
866981
867017
867131
867205
867238
867241
867305
867392
867540
867641
867695
867713
867763
867893
867959
868000
868073
868163
868214
868331
868393
868409
868414
868798
868868
868942
868955
869024
869050
869050
869262
869268
869282
869316
869341
869564
869622
869680
869726
869726
869754
869793
869899
869924
870000
870042
870279
870398
870519
870654
870823
870872
871170
871206
871267
871451
871545
871569
871674
871832
871843
871852
871854
871893
872123
872139
872177
872223
872251
872275
872462
872616
872642
872645
872659
872762
872800
872853
872871
873031
873066
873191
873213
873223
873319
873319
873371
873383
873511
873552
873605
873793
873890
873929
873934
873937
873981
874187
874328
874328
874331
874333
874349
874358
874435
874450
874504
874531
874564
874732
874737
874829
874925
874939
874957
874966
874976
875117
875169
875205
875207
875399
875440
875494
875500
875569
875672
875740
875816
875828
875836
875935
876073
876123
876127
876274
876398
876403
876463
876466
876724
876757
876925
876999
877037
877157
877364
877384
877420
877475
877519
877532
877550
877562
877634
877684
877689
877741
877782
877841
877885
877918
877945
877985
878047
878068
878098
878125
878133
878164
878187
878219
878286
878325
878470
878537
878558
878560
878584
878675
878793
878837
878978
879141
879180
879195
879286
879363
879430
879455
879469
879523
879668
879715
880017
880135
880148
880177
880347
880392
880393
880439
880452
880885
880965
881066
881075
881100
881160
881274
881306
881401
881704
881845
881900
882047
882061
882189
882242
882267
882273
882274
882663
882688
882754
882773
882778
882809
882834
883178
883193
883242
883251
883344
883369
883388
883412
883456
883563
883590
883599
883735
883754
883852
883872
883878
883942
883962
884012
884112
884116
884159
884192
884280
884298
884383
884410
884509
884526
884575
884716
884768
884775
884816
884866
884881
884931
885260
885364
885385
885441
885442
885477
885537
885621
885806
885948
886222
886264
886298
886327
886346
886530
886576
886589
886599
886607
886646
886671
886786
886791
886812
886869
886988
887096
887115
887117
887137
887198
887238
887269
887354
887464
887542
887576
887604
887653
887662
887763
887770
887908
887912
888078
888135
888249
888298
888341
888360
888380
888395
888479
888481
888485
888540
888667
888677
888689
888894
888923
888999
889071
889078
889116
889162
889224
889292
889342
889345
889349
889387
889418
889453
889468
889483
889679
889701
889723
889826
889843
889983
890110
890140
890259
890384
890388
890434
890450
890466
890595
890728
890730
890731
890812
890892
890969
891001
891041
891076
891136
891171
891173
891186
891283
891368
891387
891421
891489
891499
891542
892015
892125
892149
892157
892175
892180
892240
892340
892343
892364
892367
892389
892413
892417
892423
892535
892617
892678
892768
892933
892935
893046
893144
893198
893309
893348
893403
893497
893503
893596
893774
893894
894105
894139
894163
894168
894213
894252
894369
894410
894441
894492
894492
894569
894599
894649
894711
894765
894907
895258
895338
895690
895691
895743
895756
895832
895839
895847
895905
895930
895985
896194
896220
896322
896461
896517
896569
896670
896704
896759
896770
896780
896806
896891
896906
896970
897004
897005
897011
897188
897193
897237
897261
897262
897383
897473
897549
897670
897723
897744
897777
897836
897848
897860
897870
897872
897972
898011
898113
898121
898164
898223
898254
898460
898607
898671
898748
898897
898968
898973
899039
899130
899191
899348
899349
899387
899527
899533
899596
899604
899796
899867
900084
900091
900124
900204
900212
900328
900349
900379
900400
900402
900411
900413
900560
900632
900695
900762
900919
900986
901071
901072
901144
901170
901198
901255
901297
901365
901419
901536
901546
901553
901573
901709
901769
901865
901916
901919
902002
902146
902200
902322
902554
902579
902596
902669
902722
902801
902811
902885
902918
902922
902976
903056
903152
903189
903343
903508
903532
903605
903639
903648
903675
903747
903814
903849
903905
903928
904070
904082
904155
904185
904204
904239
904248
904281
904295
904332
904387
904480
904554
904587
904613
904711
904775
904785
904843
904981
904985
905132
905163
905172
905237
905320
905392
905411
905419
905443
905539
905617
905650
905652
905701
905800
905830
905951
906086
906102
906180
906205
906217
906262
906356
906402
906434
906535
906621
906929
907048
907094
907108
907136
907159
907178
907225
907264
907412
907522
907744
907785
907834
907860
908005
908094
908165
908187
908210
908321
908330
908371
908436
908507
908563
908609
908648
908706
908712
908729
908753
908858
908861
909058
909098
909118
909301
909321
909436
909585
909707
909830
909920
909967
909978
910036
910135
910223
910267
910400
910512
910526
910593
910638
910785
910810
910890
910939
910942
910991
911030
911119
911120
911169
911195
911209
911334
911423
911549
911604
911626
911732
911775
911794
911914
912138
912146
912219
912281
912282
912443
912475
912542
912643
912681
912760
912782
912801
912819
912825
912912
913049
913383
913421
913966
914007
914044
914133
914136
914137
914158
914162
914207
914229
914304
914308
914367
914406
914423
914608
914617
914668
914805
914828
914882
914892
914924
914925
915007
915056
915145
915264
915336
915344
915388
915390
915402
915459
915471
915501
915554
915767
915860
915868
915940
916093
916146
916231
916377
916438
916456
916546
916579
916604
916688
916709
916820
916901
916915
917008
917018
917039
917268
917310
917401
917416
917475
917603
917645
917782
918016
918043
918205
918207
918242
918560
918717
918758
918919
918983
919027
919035
919175
919178
919438
919730
919735
919765
919875
919895
919973
920104
920145
920151
920182
920188
920217
920281
920473
920519
920540
920901
921026
921052
921094
921140
921180
921430
921502
921534
921718
921782
921784
921802
921836
921884
921905
921912
921946
921952
922089
922212
922314
922328
922368
922796
922823
922926
923013
923047
923110
923129
923540
923565
923597
923676
923759
923809
923824
924015
924025
924057
924254
924275
924315
924334
924480
924484
924565
924623
924800
924926
924931
925027
925110
925186
925251
925275
925462
925468
925511
925662
925768
925880
926013
926064
926115
926139
926169
926299
926399
926450
926498
926526
926659
926704
926708
926761
926766
926867
926935
926945
927081
927231
927242
927243
927245
927329
927375
927394
927405
927507
927572
927634
927634
927645
927787
927807
927818
927863
927870
927967
927977
928086
928125
928229
928237
928266
928266
928275
928367
928396
928423
928685
928700
928808
928856
928895
928961
928982
928993
929008
929163
929264
929290
929373
929416
929510
929531
929542
929605
929735
929752
929774
929779
929848
929899
929942
929945
930088
930134
930163
930245
930257
930266
930296
930580
930718
930792
930795
930860
930883
930887
930963
930970
931229
931588
931593
931594
931743
931981
931992
932019
932041
932084
932091
932107
932112
932145
932177
932246
932350
932402
932421
932490
932523
932564
932632
932765
932934
932949
932952
933178
933197
933202
933209
933321
933497
933503
933719
933781
933918
933975
934261
934298
934453
934473
934519
934547
934612
934666
934826
934849
934872
934975
935167
935176
935186
935206
935210
935233
935334
935488
935661
935688
935698
935748
935811
935896
935990
936048
936048
936088
936103
936127
936149
936251
936369
936499
936509
936620
936669
936698
936718
936751
936798
936909
936926
937009
937074
937088
937099
937185
937278
937317
937336
937345
937395
937475
937486
937517
937553
937567
937624
937664
937726
937728
937785
937836
937851
937867
937911
937974
937983
937998
938026
938078
938134
938175
938202
938229
938248
938281
938290
938370
938370
938479
938562
938736
938866
938973
939106
939144
939205
939340
939393
939460
939476
939502
939609
939654
939835
939904
939992
940095
940183
940185
940192
940410
940608
940677
940817
940898
940949
941099
941153
941161
941195
941276
941445
941471
941750
941757
941995
941997
942068
942111
942123
942123
942148
942194
942256
942299
942529
942578
942629
942737
942786
942855
942976
942983
942985
943000
943055
943105
943181
943195
943324
943331
943337
943353
943375
943392
943514
943979
944051
944058
944433
944583
944636
944767
944846
944973
945204
945350
945376
945394
945512
945630
945716
945915
945925
945932
945935
945968
945976
946034
946075
946376
946385
946482
946543
946610
946618
946633
946855
946857
946896
946937
946948
946974
947046
947110
947113
947136
947159
947211
947299
947444
947569
947651
947742
947828
947883
947886
947908
948050
948115
948255
948348
948372
948415
948441
948503
948535
948580
948687
948779
948802
948847
949021
949114
949116
949122
949162
949171
949177
949254
949452
949580
949616
949740
949856
949888
949911
949921
949938
950011
950177
950238
950263
950490
950612
950641
950693
950714
950770
950835
950877
950983
951093
951216
951301
951355
951363
951398
951405
951453
951590
951626
951703
951912
951934
952026
952091
952143
952168
952194
952221
952332
952350
952364
952592
952595
952678
952700
952915
952933
952964
953019
953052
953092
953129
953219
953328
953484
953514
953560
953627
953684
953716
953930
954090
954128
954156
954189
954233
954234
954260
954270
954289
954309
954334
954346
954372
954813
954827
954829
954830
954847
954854
954887
954930
955019
955158
955347
955410
955470
955527
955756
955775
955802
955897
956021
956087
956106
956169
956175
956255
956279
956372
956402
956459
956493
956504
956693
956818
956947
956951
957167
957260
957298
957310
957330
957408
957505
957507
957512
957535
957719
957845
957887
957947
958003
958015
958052
958194
958217
958367
958565
958647
958717
958835
958884
958893
958936
959115
959358
959545
959556
959561
959569
959609
959679
959754
959859
959926
959965
959998
960018
960077
960180
960486
960492
960713
960929
960963
960974
961132
961212
961255
961275
961280
961311
961344
961357
961499
961576
961621
961647
961705
961740
961926
961950
962081
962103
962196
962203
962224
962243
962314
962517
962543
962574
962656
962670
962718
962724
962796
962810
962814
962953
963075
963090
963147
963475
963476
963553
963568
963644
963723
963790
963807
963874
964408
964517
964519
964597
964597
964601
964641
964695
964767
964806
964865
964938
964938
964944
965027
965040
965094
965137
965340
965344
965458
965788
965805
965942
966265
966364
966378
966405
966441
966485
966507
966576
966601
966641
966725
966727
966747
966793
966807
966810
966853
966910
967119
967123
967142
967152
967153
967366
967408
967528
967563
967603
967622
967655
967701
967899
968006
968015
968332
968375
968427
968450
968481
968548
968582
968582
968646
968665
968709
968817
968819
968853
968875
968993
969002
969032
969050
969259
969306
969477
969481
969504
969522
969622
969684
969732
970016
970104
970157
970222
970237
970247
970336
970552
970563
970625
970671
970672
970688
970722
970730
971115
971118
971137
971273
971353
971449
971540
971714
971771
971856
972006
972007
972077
972112
972195
972248
972384
972510
972519
972588
972780
972902
972966
972996
973040
973144
973377
973523
973574
973725
973822
973832
973866
973872
973898
974221
974246
974269
974337
974404
974469
974490
974491
974615
974627
974639
974660
974690
974784
974820
974857
974899
974941
975070
975167
975389
975401
975418
975480
975572
975660
975769
975769
975840
976047
976054
976202
976339
976498
976500
976539
976644
976711
976740
976915
977025
977119
977167
977195
977328
977484
977552
977748
978057
978109
978121
978377
978534
978576
978589
978798
978895
979007
979051
979202
979255
979260
979271
979318
979436
979445
979474
979506
979525
979572
979581
979597
979692
979737
979804
979925
979931
980267
980290
980324
980365
980600
980634
980797
980845
980904
980943
980991
981015
981169
981273
981405
981416
981446
981451
981461
981470
981484
981484
981670
981736
981828
981876
981943
981951
981964
982014
982031
982087
982171
982317
982364
982399
982448
982575
982718
982784
982863
982982
983009
983036
983107
983237
983249
983300
983313
983328
983386
983477
983651
983762
983806
983968
983968
984119
984148
984261
984332
984366
984376
984466
984611
984761
984776
984869
984987
985031
985062
985128
985279
985321
985387
985389
985466
985480
985517
985559
985739
985778
985806
985821
985841
985842
985900
985923
985965
986038
986054
986075
986099
986269
986330
986415
986422
986454
986457
986467
986564
986579
986601
986714
986728
986782
986996
987058
987445
987446
987534
987635
987663
987768
987836
987853
987880
988001
988093
988096
988156
988175
988183
988245
988286
988507
988801
988808
988847
989088
989261
989299
989311
989339
989448
989498
989621
989634
989645
989724
989731
989741
989803
989880
989928
989992
990013
990119
990194
990207
990347
990392
990482
990604
990660
990692
990723
990825
990829
990833
990890
990971
991082
991095
991158
991224
991354
991411
991635
991640
991661
991663
991674
991691
991866
991993
992064
992079
992089
992158
992295
992455
992469
992498
992498
992665
992852
992985
992986
993010
993144
993278
993451
993476
993518
993534
993683
993776
993830
993851
993859
993882
993889
993909
993935
994093
994115
994226
994336
994366
994377
994380
994427
994429
994435
994624
994688
994706
994775
994782
994789
994807
994812
995012
995022
995025
995114
995291
995302
995352
995475
995615
995640
995809
995898
995915
995966
995982
996000
996065
996066
996080
996101
996212
996247
996435
996448
996460
996461
996492
996504
996566
996571
996658
996701
996821
996853
996934
996979
997037
997152
997202
997203
997229
997510
997669
997727
997774
997914
997928
997953
998029
998079
998113
998125
998217
998265
998279
998294
998398
998525
998622
998640
998711
998979
999036
999050
999060
999141
999293
999382
999415
999463
999487
999544
999561
999577
999600
999613
999704
999767
999842
999933
