-999946
-999904
-999885
-999885
-999871
-999871
-999863
-999857
-999848
-999822
-999816
-999802
-999779
-999743
-999740
-999657
-999581
-999559
-999528
-999505
-999453
-999437
-999420
-999371
-999263
-999247
-999218
-999180
-999172
-999161
-999159
-999154
-999138
-999133
-999129
-999115
-999115
-999109
-999108
-999083
-999072
-999060
-999055
-999052
-999050
-999029
-999000
-998972
-998967
-998964
-998936
-998922
-998884
-998845
-998840
-998831
-998817
-998817
-998813
-998770
-998758
-998752
-998736
-998712
-998710
-998704
-998674
-998649
-998645
-998629
-998608
-998592
-998573
-998554
-998543
-998537
-998536
-998529
-998522
-998501
-998465
-998456
-998441
-998425
-998402
-998385
-998375
-998331
-998306
-998297
-998291
-998276
-998222
-998190
-998161
-998138
-998129
-998128
-998126
-998119
-998115
-998083
-998068
-998066
-998056
-998038
-998030
-997992
-997988
-997981
-997978
-997936
-997935
-997842
-997837
-997796
-997783
-997778
-997753
-997753
-997725
-997694
-997678
-997654
-997598
-997595
-997586
-997584
-997578
-997568
-997560
-997557
-997554
-997540
-997537
-997511
-997511
-997477
-997476
-997424
-997411
-997410
-997382
-997350
-997321
-997320
-997307
-997279
-997244
-997242
-997233
-997228
-997221
-997197
-997159
-997092
-997041
-997037
-997007
-997001
-996988
-996987
-996968
-996947
-996931
-996929
-996911
-996910
-996896
-996862
-996836
-996833
-996824
-996813
-996767
-996766
-996740
-996740
-996728
-996724
-996714
-996708
-996692
-996644
-996636
-996635
-996620
-996618
-996617
-996610
-996530
-996524
-996469
-996464
-996464
-996462
-996449
-996430
-996424
-996332
-996289
-996278
-996252
-996249
-996249
-996230
-996223
-996191
-996178
-996176
-996175
-996166
-996083
-996042
-996030
-996010
-995999
-995990
-995973
-995936
-995929
-995915
-995913
-995900
-995885
-995880
-995878
-995853
-995847
-995847
-995837
-995836
-995823
-995793
-995763
-995737
-995727
-995695
-995690
-995688
-995667
-995622
-995562
-995546
-995532
-995531
-995522
-995509
-995494
-995473
-995402
-995390
-995381
-995372
-995372
-995311
-995273
-995254
-995247
-995246
-995197
-995171
-995152
-995152
-995150
-995140
-995139
-995104
-995071
-995068
-995055
-995014
-994993
-994985
-994971
-994966
-994917
-994905
-994894
-994885
-994883
-994831
-994770
-994754
-994750
-994710
-994703
-994681
-994680
-994672
-994654
-994644
-994628
-994590
-994572
-994527
-994523
-994516
-994493
-994477
-994384
-994355
-994346
-994334
-994333
-994325
-994322
-994316
-994303
-994229
-994224
-994120
-994110
-994109
-994095
-994087
-994048
-994045
-994020
-994007
-993943
-993934
-993921
-993921
-993907
-993892
-993887
-993846
-993837
-993829
-993829
-993829
-993816
-993799
-993767
-993750
-993715
-993694
-993688
-993674
-993634
-993620
-993620
-993594
-993594
-993584
-993530
-993528
-993509
-993453
-993440
-993434
-993411
-993402
-993389
-993385
-993315
-993279
-993272
-993185
-993179
-993170
-993137
-993126
-993126
-993119
-993116
-993079
-992992
-992991
-992989
-992982
-992981
-992974
-992933
-992862
-992844
-992828
-992823
-992817
-992811
-992796
-992764
-992741
-992737
-992724
-992652
-992629
-992619
-992617
-992541
-992533
-992500
-992491
-992361
-992346
-992267
-992264
-992262
-992255
-992207
-992201
-992186
-992181
-992158
-992148
-992146
-992145
-992136
-992132
-992086
-992037
-992035
-992015
-991999
-991959
-991911
-991862
-991856
-991846
-991831
-991804
-991766
-991760
-991682
-991676
-991657
-991649
-991645
-991615
-991591
-991587
-991587
-991557
-991535
-991523
-991498
-991492
-991488
-991434
-991422
-991420
-991419
-991418
-991360
-991349
-991285
-991275
-991254
-991247
-991232
-991229
-991195
-991178
-991172
-991148
-991145
-991136
-991133
-991130
-991101
-991089
-991073
-991059
-991057
-991041
-991010
-991008
-991000
-990998
-990979
-990971
-990968
-990952
-990929
-990925
-990875
-990825
-990824
-990803
-990795
-990791
-990785
-990776
-990760
-990747
-990746
-990745
-990743
-990719
-990709
-990668
-990617
-990526
-990522
-990489
-990488
-990446
-990441
-990426
-990420
-990400
-990392
-990386
-990378
-990358
-990352
-990281
-990257
-990253
-990234
-990233
-990220
-990178
-990173
-990158
-990150
-990142
-990076
-990065
-990061
-990058
-990039
-990009
-989981
-989927
-989907
-989907
-989904
-989895
-989865
-989817
-989816
-989813
-989799
-989788
-989753
-989748
-989721
-989703
-989693
-989661
-989661
-989646
-989634
-989615
-989613
-989584
-989581
-989576
-989543
-989541
-989514
-989510
-989475
-989440
-989383
-989360
-989348
-989345
-989311
-989309
-989299
-989289
-989270
-989247
-989246
-989234
-989233
-989192
-989192
-989176
-989172
-989169
-989162
-989159
-989126
-989102
-989101
-989089
-989077
-989076
-989029
-989019
-989015
-989015
-989013
-988994
-988989
-988952
-988918
-988860
-988821
-988807
-988790
-988790
-988744
-988717
-988692
-988687
-988662
-988631
-988630
-988588
-988522
-988515
-988514
-988498
-988490
-988477
-988386
-988369
-988344
-988252
-988238
-988225
-988212
-988196
-988187
-988184
-988150
-988141
-988140
-988139
-988135
-988132
-988123
-988117
-988115
-988069
-988068
-988065
-988063
-988054
-988038
-988017
-988009
-987986
-987960
-987960
-987940
-987914
-987903
-987866
-987861
-987828
-987826
-987800
-987797
-987785
-987776
-987769
-987692
-987679
-987656
-987646
-987641
-987635
-987634
-987600
-987572
-987549
-987546
-987541
-987537
-987467
-987458
-987429
-987404
-987399
-987382
-987355
-987346
-987332
-987325
-987315
-987278
-987272
-987243
-987161
-987137
-987131
-987086
-987078
-987066
-987043
-987008
-986998
-986986
-986967
-986965
-986924
-986918
-986896
-986851
-986810
-986809
-986796
-986748
-986735
-986713
-986708
-986664
-986651
-986647
-986627
-986623
-986573
-986571
-986527
-986489
-986473
-986438
-986434
-986425
-986402
-986402
-986369
-986340
-986312
-986304
-986270
-986250
-986249
-986235
-986232
-986216
-986191
-986178
-986164
-986140
-986120
-986110
-986082
-986077
-986025
-986007
-985955
-985934
-985880
-985868
-985836
-985812
-985793
-985779
-985742
-985724
-985716
-985713
-985683
-985680
-985663
-985662
-985649
-985584
-985546
-985533
-985508
-985507
-985488
-985480
-985470
-985451
-985450
-985450
-985422
-985422
-985419
-985392
-985379
-985370
-985345
-985286
-985274
-985271
-985225
-985190
-985166
-985166
-985121
-985099
-985098
-985082
-985053
-984964
-984928
-984881
-984854
-984839
-984798
-984760
-984707
-984686
-984673
-984654
-984654
-984622
-984614
-984581
-984556
-984507
-984500
-984457
-984408
-984373
-984371
-984307
-984264
-984260
-984229
-984197
-984179
-984165
-984131
-984117
-984094
-984079
-984050
-984047
-984046
-984032
-984002
-983945
-983915
-983894
-983871
-983858
-983856
-983824
-983812
-983804
-983804
-983795
-983782
-983717
-983712
-983694
-983680
-983651
-983636
-983621
-983595
-983594
-983585
-983574
-983547
-983470
-983467
-983450
-983442
-983437
-983432
-983360
-983358
-983354
-983345
-983344
-983332
-983308
-983303
-983278
-983277
-983263
-983263
-983233
-983217
-983215
-983161
-983144
-983140
-983105
-983093
-983089
-983060
-983051
-983043
-983007
-982989
-982962
-982944
-982901
-982869
-982852
-982841
-982822
-982817
-982807
-982761
-982761
-982749
-982739
-982732
-982729
-982693
-982660
-982621
-982599
-982579
-982563
-982554
-982542
-982530
-982519
-982509
-982497
-982489
-982466
-982459
-982443
-982439
-982376
-982373
-982351
-982330
-982326
-982293
-982284
-982248
-982241
-982234
-982229
-982192
-982182
-982181
-982178
-982171
-982118
-982097
-982061
-982042
-982037
-982017
-982003
-981983
-981962
-981923
-981920
-981909
-981901
-981895
-981894
-981889
-981875
-981873
-981795
-981786
-981785
-981776
-981764
-981762
-981733
-981720
-981653
-981644
-981634
-981601
-981555
-981552
-981547
-981542
-981522
-981518
-981516
-981498
-981485
-981484
-981398
-981385
-981358
-981339
-981310
-981297
-981284
-981266
-981257
-981255
-981208
-981202
-981196
-981182
-981169
-981163
-981125
-981091
-981068
-981029
-980972
-980956
-980952
-980938
-980911
-980904
-980858
-980854
-980804
-980778
-980750
-980733
-980723
-980687
-980677
-980657
-980626
-980612
-980568
-980555
-980549
-980541
-980523
-980489
-980484
-980468
-980454
-980426
-980378
-980377
-980343
-980340
-980336
-980328
-980292
-980270
-980265
-980261
-980259
-980255
-980252
-980230
-980230
-980197
-980122
-980116
-980056
-980001
-979975
-979971
-979970
-979933
-979932
-979923
-979907
-979886
-979886
-979868
-979798
-979784
-979784
-979757
-979734
-979729
-979706
-979703
-979670
-979646
-979641
-979638
-979636
-979625
-979603
-979498
-979488
-979452
-979451
-979450
-979429
-979403
-979395
-979385
-979358
-979345
-979330
-979298
-979293
-979292
-979277
-979274
-979254
-979222
-979199
-979162
-979140
-979126
-979118
-979098
-979079
-979061
-979053
-979041
-979038
-979003
-978987
-978975
-978944
-978927
-978891
-978843
-978827
-978781
-978760
-978756
-978722
-978703
-978651
-978637
-978556
-978537
-978532
-978489
-978486
-978484
-978424
-978414
-978399
-978284
-978270
-978269
-978266
-978252
-978243
-978235
-978225
-978221
-978198
-978187
-978138
-978114
-978077
-978047
-978023
-978015
-978015
-978005
-977919
-977911
-977890
-977843
-977794
-977786
-977779
-977770
-977739
-977711
-977686
-977647
-977633
-977608
-977604
-977581
-977554
-977544
-977500
-977482
-977476
-977470
-977461
-977427
-977423
-977402
-977378
-977369
-977343
-977336
-977333
-977333
-977329
-977311
-977281
-977238
-977213
-977211
-977203
-977190
-977120
-977075
-977058
-977044
-977023
-976970
-976953
-976884
-976881
-976838
-976835
-976826
-976826
-976804
-976788
-976773
-976765
-976759
-976740
-976722
-976691
-976674
-976668
-976599
-976566
-976559
-976547
-976534
-976525
-976517
-976493
-976492
-976458
-976453
-976435
-976418
-976377
-976367
-976367
-976357
-976323
-976308
-976305
-976285
-976275
-976269
-976225
-976160
-976139
-976106
-976047
-976035
-976034
-976028
-975981
-975972
-975961
-975941
-975930
-975866
-975851
-975846
-975846
-975806
-975785
-975784
-975737
-975666
-975621
-975563
-975553
-975524
-975510
-975482
-975464
-975419
-975390
-975363
-975270
-975224
-975222
-975215
-975198
-975175
-975157
-975085
-975080
-975078
-975071
-975056
-975054
-975006
-974846
-974828
-974824
-974805
-974760
-974718
-974676
-974670
-974659
-974656
-974645
-974635
-974629
-974593
-974589
-974566
-974553
-974535
-974525
-974523
-974480
-974477
-974441
-974412
-974386
-974322
-974268
-974243
-974229
-974223
-974222
-974218
-974213
-974205
-974202
-974169
-974161
-974148
-974137
-974123
-974121
-974100
-974077
-974048
-974025
-974022
-974018
-973954
-973889
-973825
-973819
-973819
-973796
-973783
-973755
-973745
-973739
-973722
-973704
-973694
-973679
-973670
-973658
-973653
-973628
-973610
-973601
-973598
-973581
-973563
-973553
-973553
-973531
-973516
-973462
-973462
-973435
-973432
-973430
-973415
-973400
-973388
-973325
-973312
-973307
-973288
-973181
-973180
-973166
-973159
-973151
-973119
-973114
-973104
-973090
-973089
-973077
-973071
-973051
-973048
-973011
-972986
-972945
-972901
-972895
-972879
-972850
-972841
-972828
-972790
-972774
-972774
-972748
-972747
-972696
-972690
-972666
-972657
-972653
-972651
-972647
-972615
-972606
-972596
-972585
-972558
-972548
-972521
-972518
-972516
-972468
-972461
-972425
-972418
-972402
-972394
-972381
-972372
-972362
-972273
-972268
-972216
-972207
-972143
-972125
-972124
-972116
-972111
-972082
-972069
-972051
-972034
-972020
-972020
-972006
-972002
-971998
-971971
-971959
-971959
-971945
-971940
-971922
-971902
-971893
-971883
-971882
-971865
-971801
-971765
-971746
-971744
-971734
-971716
-971689
-971659
-971638
-971607
-971602
-971587
-971582
-971571
-971567
-971561
-971561
-971540
-971512
-971506
-971486
-971469
-971444
-971442
-971428
-971419
-971414
-971376
-971357
-971336
-971305
-971290
-971286
-971281
-971268
-971189
-971182
-971066
-971040
-971027
-971023
-970983
-970940
-970921
-970919
-970904
-970903
-970892
-970859
-970855
-970787
-970760
-970714
-970699
-970691
-970600
-970551
-970544
-970521
-970508
-970419
-970397
-970378
-970359
-970354
-970323
-970295
-970292
-970231
-970193
-970095
-970089
-970084
-970036
-970032
-970003
-969991
-969974
-969968
-969956
-969944
-969930
-969894
-969847
-969821
-969798
-969788
-969768
-969765
-969738
-969726
-969719
-969708
-969693
-969671
-969666
-969666
-969652
-969627
-969610
-969596
-969576
-969574
-969522
-969511
-969503
-969490
-969456
-969445
-969426
-969408
-969405
-969404
-969387
-969379
-969373
-969331
-969288
-969285
-969274
-969248
-969247
-969223
-969174
-969124
-969058
-968986
-968957
-968957
-968956
-968956
-968943
-968938
-968907
-968894
-968882
-968878
-968856
-968853
-968809
-968806
-968800
-968792
-968778
-968771
-968754
-968744
-968731
-968682
-968679
-968672
-968668
-968664
-968661
-968659
-968646
-968634
-968608
-968584
-968575
-968553
-968540
-968492
-968475
-968435
-968424
-968346
-968331
-968309
-968300
-968289
-968285
-968274
-968259
-968240
-968228
-968207
-968200
-968165
-968136
-968132
-968132
-968127
-968067
-968059
-968054
-968051
-968050
-968034
-968017
-968015
-968003
-967989
-967977
-967944
-967930
-967924
-967896
-967886
-967872
-967854
-967830
-967825
-967784
-967782
-967770
-967726
-967686
-967676
-967675
-967657
-967657
-967655
-967632
-967628
-967622
-967595
-967573
-967559
-967559
-967548
-967544
-967522
-967518
-967516
-967303
-967257
-967204
-967193
-967156
-967142
-967140
-967133
-967108
-967104
-967054
-967030
-967030
-966993
-966901
-966874
-966858
-966822
-966822
-966818
-966798
-966796
-966724
-966716
-966685
-966684
-966642
-966623
-966589
-966562
-966508
-966505
-966470
-966447
-966445
-966349
-966319
-966314
-966290
-966282
-966274
-966259
-966219
-966216
-966192
-966181
-966160
-966155
-966136
-966124
-966099
-966096
-966095
-966081
-966063
-966061
-966057
-965998
-965977
-965976
-965973
-965950
-965938
-965933
-965915
-965891
-965867
-965848
-965831
-965805
-965800
-965754
-965745
-965734
-965688
-965683
-965672
-965607
-965602
-965598
-965542
-965540
-965537
-965536
-965536
-965534
-965517
-965491
-965454
-965394
-965325
-965275
-965264
-965230
-965204
-965189
-965183
-965171
-965162
-965129
-965124
-965110
-965108
-965108
-965093
-965063
-965058
-965042
-965040
-964997
-964973
-964944
-964929
-964908
-964905
-964892
-964871
-964816
-964801
-964798
-964793
-964785
-964784
-964654
-964650
-964634
-964567
-964561
-964553
-964528
-964522
-964509
-964462
-964452
-964417
-964409
-964380
-964364
-964362
-964360
-964338
-964298
-964252
-964217
-964211
-964198
-964187
-964172
-964069
-964056
-964046
-964037
-964002
-963981
-963963
-963923
-963885
-963882
-963874
-963827
-963815
-963789
-963771
-963752
-963726
-963712
-963707
-963697
-963690
-963679
-963637
-963619
-963615
-963583
-963577
-963520
-963489
-963481
-963438
-963434
-963407
-963403
-963398
-963383
-963381
-963347
-963345
-963343
-963318
-963304
-963301
-963275
-963271
-963222
-963217
-963194
-963169
-963153
-963153
-963142
-963096
-963087
-963053
-963017
-963015
-963006
-962967
-962958
-962938
-962924
-962922
-962887
-962887
-962837
-962806
-962758
-962744
-962735
-962724
-962704
-962690
-962658
-962641
-962576
-962572
-962571
-962564
-962538
-962536
-962506
-962500
-962496
-962485
-962471
-962432
-962411
-962397
-962395
-962373
-962362
-962354
-962334
-962328
-962290
-962273
-962231
-962212
-962156
-962152
-962148
-962108
-962080
-962071
-962070
-962061
-962055
-962032
-962027
-962011
-962009
-962005
-961987
-961961
-961960
-961958
-961917
-961864
-961863
-961852
-961837
-961826
-961781
-961773
-961773
-961734
-961720
-961696
-961676
-961622
-961621
-961614
-961606
-961596
-961586
-961577
-961563
-961559
-961514
-961487
-961476
-961447
-961412
-961393
-961354
-961341
-961339
-961301
-961279
-961275
-961231
-961218
-961205
-961168
-961165
-961163
-961101
-961062
-960952
-960862
-960831
-960829
-960827
-960768
-960728
-960706
-960686
-960680
-960676
-960623
-960553
-960548
-960548
-960535
-960514
-960488
-960467
-960433
-960408
-960350
-960324
-960322
-960264
-960255
-960200
-960191
-960159
-960158
-960154
-960092
-960077
-960075
-960063
-960031
-960026
-960006
-959965
-959962
-959946
-959922
-959905
-959877
-959876
-959832
-959827
-959826
-959816
-959800
-959793
-959744
-959737
-959724
-959718
-959667
-959667
-959631
-959628
-959572
-959559
-959537
-959523
-959491
-959439
-959433
-959416
-959402
-959388
-959379
-959366
-959347
-959338
-959275
-959221
-959219
-959207
-959186
-959173
-959153
-959138
-959097
-959032
-959028
-959024
-958984
-958934
-958934
-958909
-958884
-958884
-958872
-958838
-958833
-958812
-958809
-958791
-958784
-958781
-958747
-958744
-958729
-958724
-958712
-958678
-958649
-958632
-958627
-958622
-958602
-958596
-958583
-958578
-958538
-958505
-958495
-958484
-958471
-958459
-958459
-958432
-958323
-958292
-958261
-958237
-958217
-958132
-958128
-958097
-958095
-958063
-958062
-958060
-958024
-958001
-957989
-957947
-957941
-957922
-957904
-957867
-957855
-957833
-957816
-957813
-957803
-957793
-957715
-957714
-957625
-957596
-957565
-957564
-957531
-957529
-957523
-957512
-957498
-957491
-957490
-957481
-957474
-957437
-957433
-957402
-957394
-957339
-957280
-957274
-957264
-957263
-957258
-957252
-957180
-957174
-957164
-957148
-957141
-957129
-957124
-957103
-957050
-957041
-956994
-956989
-956978
-956968
-956958
-956953
-956950
-956941
-956916
-956895
-956884
-956845
-956843
-956834
-956826
-956825
-956807
-956780
-956769
-956751
-956748
-956722
-956718
-956712
-956700
-956687
-956668
-956667
-956663
-956657
-956652
-956649
-956633
-956606
-956599
-956579
-956557
-956555
-956528
-956511
-956469
-956425
-956359
-956329
-956311
-956240
-956226
-956221
-956214
-956200
-956146
-956130
-956107
-956096
-956094
-956089
-956076
-956066
-956031
-955988
-955949
-955933
-955909
-955889
-955881
-955869
-955825
-955810
-955743
-955690
-955685
-955680
-955667
-955573
-955555
-955433
-955433
-955431
-955425
-955395
-955322
-955314
-955313
-955302
-955292
-955276
-955218
-955194
-955139
-955102
-955074
-954978
-954930
-954864
-954826
-954762
-954743
-954733
-954719
-954704
-954696
-954692
-954668
-954605
-954595
-954593
-954517
-954507
-954503
-954484
-954472
-954458
-954446
-954439
-954425
-954422
-954407
-954360
-954352
-954345
-954339
-954312
-954271
-954265
-954264
-954245
-954233
-954228
-954222
-954222
-954161
-954156
-954090
-954080
-954059
-954045
-954043
-954029
-954023
-953975
-953967
-953952
-953899
-953891
-953857
-953832
-953826
-953786
-953758
-953736
-953727
-953698
-953688
-953667
-953566
-953535
-953525
-953514
-953494
-953463
-953441
-953408
-953400
-953377
-953357
-953350
-953327
-953316
-953308
-953293
-953248
-953230
-953218
-953200
-953194
-953177
-953176
-953162
-953129
-953124
-953108
-953103
-953042
-953031
-953015
-953003
-952994
-952988
-952979
-952976
-952964
-952951
-952925
-952925
-952896
-952885
-952839
-952819
-952801
-952780
-952763
-952743
-952726
-952711
-952708
-952695
-952678
-952646
-952636
-952636
-952543
-952531
-952504
-952435
-952424
-952420
-952351
-952268
-952252
-952242
-952232
-952232
-952224
-952218
-952103
-952096
-952068
-952054
-952039
-952023
-951976
-951967
-951964
-951962
-951953
-951942
-951933
-951892
-951843
-951839
-951812
-951793
-951778
-951772
-951716
-951678
-951673
-951653
-951652
-951651
-951649
-951633
-951607
-951600
-951568
-951563
-951556
-951514
-951495
-951462
-951445
-951441
-951425
-951421
-951394
-951393
-951315
-951299
-951260
-951239
-951138
-951136
-951079
-951067
-951066
-951033
-951028
-951009
-950971
-950914
-950907
-950895
-950836
-950796
-950788
-950785
-950723
-950681
-950640
-950614
-950613
-950592
-950588
-950558
-950557
-950516
-950510
-950500
-950467
-950459
-950425
-950421
-950352
-950326
-950326
-950298
-950280
-950279
-950271
-950268
-950229
-950220
-950217
-950196
-950186
-950170
-950163
-950095
-950091
-950068
-950067
-950056
-950050
-950030
-950012
-949906
-949901
-949897
-949870
-949858
-949813
-949810
-949806
-949790
-949784
-949781
-949757
-949756
-949707
-949698
-949691
-949671
-949652
-949634
-949628
-949603
-949549
-949545
-949485
-949482
-949480
-949476
-949476
-949471
-949471
-949466
-949434
-949422
-949375
-949370
-949364
-949267
-949263
-949218
-949213
-949212
-949166
-949143
-949102
-949076
-949062
-948941
-948939
-948935
-948922
-948920
-948909
-948880
-948847
-948846
-948835
-948812
-948796
-948780
-948771
-948767
-948767
-948747
-948705
-948694
-948675
-948649
-948649
-948623
-948600
-948586
-948568
-948564
-948562
-948552
-948544
-948536
-948530
-948523
-948505
-948503
-948446
-948443
-948429
-948412
-948336
-948301
-948287
-948287
-948273
-948234
-948231
-948229
-948213
-948199
-948175
-948164
-948160
-948147
-948144
-948126
-948097
-948079
-948066
-948052
-948050
-948023
-948022
-948020
-947995
-947977
-947963
-947956
-947943
-947941
-947939
-947937
-947932
-947915
-947893
-947873
-947868
-947832
-947801
-947796
-947765
-947760
-947732
-947679
-947645
-947629
-947617
-947590
-947529
-947518
-947515
-947501
-947497
-947485
-947435
-947424
-947424
-947415
-947405
-947403
-947330
-947315
-947313
-947272
-947263
-947250
-947239
-947173
-947169
-947166
-947137
-947127
-947124
-947090
-947075
-947065
-947057
-947047
-947032
-946962
-946931
-946894
-946884
-946841
-946809
-946790
-946790
-946786
-946758
-946745
-946723
-946711
-946689
-946671
-946665
-946648
-946645
-946634
-946623
-946622
-946614
-946588
-946586
-946580
-946560
-946551
-946531
-946514
-946509
-946508
-946506
-946485
-946465
-946427
-946418
-946412
-946400
-946395
-946389
-946363
-946358
-946349
-946343
-946270
-946254
-946213
-946159
-946137
-946131
-946128
-946095
-946092
-946082
-946070
-946060
-946024
-945996
-945994
-945993
-945949
-945943
-945942
-945902
-945890
-945886
-945829
-945816
-945800
-945774
-945733
-945725
-945709
-945664
-945601
-945572
-945572
-945526
-945525
-945524
-945495
-945491
-945468
-945468
-945451
-945446
-945432
-945426
-945425
-945408
-945400
-945395
-945378
-945370
-945369
-945366
-945349
-945347
-945334
-945332
-945325
-945290
-945219
-945209
-945194
-945180
-945178
-945118
-945111
-945100
-945099
-945065
-944998
-944989
-944983
-944977
-944964
-944961
-944958
-944952
-944872
-944864
-944836
-944835
-944815
-944789
-944728
-944627
-944599
-944598
-944595
-944574
-944527
-944521
-944518
-944480
-944454
-944453
-944436
-944426
-944408
-944391
-944362
-944346
-944344
-944314
-944307
-944292
-944272
-944256
-944212
-944158
-944103
-944086
-944085
-944060
-944029
-943987
-943918
-943914
-943844
-943818
-943807
-943790
-943778
-943731
-943715
-943685
-943683
-943649
-943601
-943580
-943547
-943524
-943522
-943520
-943505
-943477
-943458
-943394
-943381
-943379
-943368
-943364
-943344
-943326
-943320
-943316
-943309
-943302
-943299
-943285
-943215
-943214
-943187
-943170
-943143
-943129
-943080
-943071
-943065
-943017
-942999
-942980
-942963
-942953
-942932
-942911
-942896
-942887
-942863
-942824
-942808
-942805
-942736
-942722
-942704
-942655
-942646
-942618
-942614
-942600
-942578
-942551
-942545
-942496
-942462
-942457
-942455
-942455
-942435
-942410
-942403
-942382
-942354
-942313
-942312
-942306
-942296
-942266
-942222
-942222
-942192
-942180
-942163
-942151
-942138
-942126
-942123
-942115
-942108
-942101
-942081
-942068
-942065
-942064
-942042
-942012
-942001
-941996
-941987
-941987
-941962
-941900
-941891
-941828
-941818
-941770
-941754
-941745
-941744
-941690
-941651
-941634
-941628
-941607
-941592
-941579
-941506
-941505
-941488
-941486
-941472
-941462
-941432
-941426
-941405
-941389
-941360
-941324
-941282
-941282
-941253
-941245
-941211
-941207
-941199
-941156
-941136
-941135
-941126
-941120
-941114
-941061
-941046
-941017
-940996
-940976
-940973
-940965
-940956
-940951
-940945
-940855
-940838
-940820
-940801
-940796
-940785
-940773
-940756
-940704
-940703
-940699
-940698
-940675
-940647
-940641
-940616
-940605
-940599
-940570
-940563
-940552
-940547
-940538
-940508
-940411
-940403
-940383
-940381
-940372
-940370
-940306
-940264
-940242
-940191
-940190
-940159
-940129
-940115
-940052
-940041
-940016
-939927
-939910
-939882
-939878
-939869
-939863
-939849
-939828
-939782
-939763
-939762
-939750
-939736
-939722
-939674
-939669
-939661
-939649
-939618
-939593
-939580
-939562
-939499
-939471
-939465
-939465
-939454
-939436
-939415
-939394
-939384
-939384
-939383
-939373
-939337
-939327
-939306
-939296
-939289
-939278
-939268
-939265
-939262
-939260
-939258
-939240
-939204
-939146
-939129
-939070
-939068
-939009
-938994
-938929
-938923
-938879
-938812
-938810
-938807
-938792
-938773
-938770
-938768
-938765
-938761
-938727
-938725
-938724
-938707
-938678
-938675
-938669
-938643
-938626
-938563
-938548
-938548
-938545
-938538
-938534
-938521
-938510
-938507
-938503
-938498
-938497
-938490
-938484
-938471
-938447
-938342
-938286
-938263
-938173
-938140
-938104
-938077
-938075
-938042
-938016
-938002
-937985
-937980
-937973
-937973
-937959
-937948
-937928
-937905
-937902
-937848
-937785
-937782
-937770
-937762
-937761
-937688
-937687
-937669
-937656
-937570
-937559
-937516
-937510
-937495
-937481
-937479
-937475
-937450
-937404
-937381
-937343
-937321
-937311
-937301
-937293
-937267
-937253
-937225
-937185
-937180
-937175
-937142
-937111
-937101
-937057
-936984
-936975
-936843
-936831
-936822
-936802
-936787
-936751
-936748
-936706
-936686
-936679
-936678
-936671
-936659
-936643
-936607
-936585
-936579
-936573
-936523
-936511
-936491
-936484
-936483
-936442
-936420
-936394
-936384
-936370
-936364
-936355
-936353
-936346
-936345
-936300
-936286
-936283
-936248
-936230
-936219
-936186
-936167
-936144
-936124
-936096
-936092
-936074
-936064
-936044
-936017
-936016
-935994
-935978
-935968
-935932
-935882
-935872
-935839
-935835
-935800
-935784
-935779
-935694
-935646
-935638
-935631
-935614
-935571
-935567
-935567
-935565
-935563
-935546
-935546
-935535
-935528
-935522
-935521
-935514
-935486
-935486
-935437
-935406
-935378
-935355
-935340
-935337
-935317
-935297
-935289
-935221
-935217
-935199
-935165
-935153
-935101
-935077
-935074
-935061
-935044
-934987
-934977
-934976
-934942
-934919
-934908
-934907
-934881
-934853
-934846
-934842
-934829
-934817
-934767
-934740
-934722
-934720
-934708
-934671
-934670
-934655
-934638
-934619
-934614
-934602
-934593
-934584
-934582
-934540
-934528
-934515
-934457
-934442
-934416
-934394
-934360
-934343
-934327
-934312
-934311
-934303
-934298
-934290
-934265
-934245
-934225
-934217
-934139
-934129
-934100
-934077
-934075
-934010
-933998
-933992
-933992
-933981
-933966
-933935
-933913
-933908
-933898
-933896
-933890
-933879
-933859
-933841
-933824
-933807
-933795
-933789
-933757
-933755
-933692
-933684
-933669
-933639
-933622
-933583
-933562
-933513
-933489
-933482
-933413
-933411
-933356
-933354
-933318
-933306
-933280
-933258
-933256
-933253
-933225
-933213
-933146
-933127
-933117
-933116
-933111
-933100
-933081
-932996
-932946
-932912
-932880
-932875
-932866
-932840
-932834
-932796
-932772
-932749
-932736
-932734
-932730
-932729
-932716
-932709
-932658
-932627
-932594
-932587
-932585
-932574
-932557
-932544
-932535
-932529
-932499
-932482
-932450
-932390
-932353
-932351
-932345
-932340
-932336
-932332
-932324
-932311
-932291
-932285
-932285
-932218
-932193
-932153
-932059
-932033
-932005
-932005
-932000
-931973
-931953
-931946
-931927
-931915
-931894
-931849
-931799
-931780
-931728
-931709
-931704
-931703
-931692
-931688
-931671
-931617
-931590
-931577
-931534
-931497
-931469
-931457
-931443
-931435
-931434
-931428
-931409
-931405
-931397
-931394
-931387
-931359
-931342
-931310
-931300
-931284
-931257
-931246
-931217
-931197
-931119
-931048
-931044
-931020
-931009
-930998
-930996
-930995
-930947
-930945
-930944
-930920
-930894
-930862
-930834
-930834
-930820
-930814
-930718
-930688
-930688
-930685
-930678
-930668
-930652
-930644
-930615
-930575
-930559
-930533
-930515
-930454
-930447
-930375
-930358
-930324
-930316
-930300
-930289
-930258
-930209
-930191
-930187
-930186
-930170
-930168
-930147
-930109
-930090
-930053
-930043
-930025
-930025
-930016
-930014
-930000
-929992
-929977
-929931
-929928
-929894
-929859
-929851
-929810
-929797
-929793
-929760
-929725
-929717
-929699
-929673
-929666
-929625
-929625
-929617
-929595
-929566
-929553
-929546
-929531
-929522
-929501
-929492
-929472
-929448
-929430
-929425
-929405
-929399
-929397
-929366
-929340
-929340
-929307
-929288
-929254
-929210
-929197
-929177
-929176
-929171
-929154
-929140
-929129
-929111
-929106
-929079
-929066
-929057
-929023
-929009
-929004
-928913
-928902
-928857
-928829
-928798
-928763
-928762
-928754
-928688
-928678
-928659
-928621
-928550
-928539
-928524
-928509
-928505
-928495
-928452
-928434
-928418
-928393
-928383
-928361
-928357
-928290
-928279
-928276
-928215
-928210
-928203
-928169
-928168
-928150
-928117
-928062
-928045
-928040
-928040
-928020
-927985
-927890
-927875
-927868
-927868
-927862
-927855
-927824
-927814
-927753
-927752
-927733
-927733
-927727
-927726
-927715
-927656
-927643
-927631
-927598
-927529
-927523
-927510
-927488
-927481
-927475
-927447
-927444
-927380
-927379
-927369
-927358
-927337
-927335
-927284
-927271
-927260
-927246
-927215
-927207
-927194
-927152
-927126
-927126
-927101
-927073
-927027
-926948
-926920
-926908
-926907
-926889
-926861
-926848
-926806
-926802
-926765
-926744
-926736
-926721
-926692
-926687
-926685
-926668
-926662
-926651
-926622
-926619
-926602
-926596
-926595
-926567
-926562
-926542
-926519
-926516
-926512
-926471
-926468
-926466
-926453
-926453
-926412
-926402
-926377
-926346
-926339
-926331
-926309
-926233
-926225
-926193
-926169
-926155
-926140
-926133
-926125
-926064
-926058
-925981
-925972
-925969
-925944
-925944
-925834
-925834
-925825
-925807
-925786
-925777
-925775
-925762
-925727
-925684
-925638
-925636
-925611
-925574
-925567
-925552
-925537
-925533
-925501
-925478
-925470
-925468
-925450
-925423
-925411
-925404
-925385
-925336
-925305
-925252
-925242
-925241
-925209
-925179
-925128
-925119
-925106
-925074
-925012
-925001
-924979
-924970
-924944
-924919
-924915
-924906
-924895
-924851
-924847
-924845
-924845
-924840
-924833
-924805
-924801
-924737
-924724
-924713
-924711
-924705
-924700
-924674
-924626
-924612
-924601
-924587
-924558
-924431
-924416
-924393
-924366
-924360
-924301
-924300
-924294
-924285
-924285
-924282
-924274
-924264
-924254
-924241
-924225
-924214
-924179
-924154
-924142
-924136
-924131
-924119
-924095
-924090
-924081
-924072
-924033
-924024
-924023
-924011
-924003
-923971
-923969
-923944
-923914
-923883
-923795
-923778
-923765
-923762
-923686
-923679
-923640
-923635
-923631
-923627
-923622
-923617
-923603
-923586
-923584
-923566
-923547
-923508
-923508
-923498
-923496
-923491
-923478
-923445
-923432
-923380
-923372
-923337
-923327
-923285
-923284
-923260
-923205
-923199
-923188
-923178
-923171
-923151
-923148
-923137
-923133
-923086
-923071
-923064
-923046
-922975
-922947
-922929
-922916
-922915
-922906
-922903
-922903
-922882
-922880
-922869
-922863
-922862
-922861
-922861
-922827
-922815
-922811
-922808
-922803
-922778
-922775
-922734
-922720
-922695
-922680
-922642
-922641
-922638
-922582
-922573
-922553
-922550
-922483
-922479
-922453
-922446
-922415
-922411
-922377
-922369
-922364
-922354
-922342
-922306
-922304
-922296
-922288
-922275
-922253
-922240
-922231
-922206
-922202
-922197
-922194
-922170
-922164
-922127
-922094
-922059
-922057
-922046
-922017
-922015
-921990
-921962
-921908
-921905
-921883
-921880
-921859
-921845
-921769
-921758
-921755
-921745
-921736
-921725
-921721
-921709
-921694
-921691
-921671
-921640
-921633
-921620
-921611
-921605
-921599
-921590
-921584
-921542
-921536
-921490
-921486
-921451
-921442
-921394
-921341
-921340
-921293
-921280
-921254
-921221
-921212
-921205
-921147
-921147
-921146
-921116
-921112
-921112
-921043
-921030
-921027
-920990
-920982
-920980
-920929
-920922
-920861
-920847
-920729
-920708
-920707
-920697
-920684
-920683
-920657
-920641
-920640
-920638
-920598
-920595
-920567
-920529
-920488
-920476
-920458
-920446
-920439
-920424
-920406
-920379
-920376
-920353
-920327
-920304
-920263
-920244
-920221
-920193
-920186
-920184
-920166
-920146
-920132
-920130
-920125
-920119
-920055
-920042
-920042
-920023
-920011
-919961
-919950
-919892
-919884
-919811
-919803
-919802
-919786
-919769
-919766
-919766
-919763
-919748
-919612
-919559
-919552
-919525
-919519
-919508
-919503
-919428
-919416
-919414
-919403
-919363
-919356
-919331
-919291
-919283
-919280
-919271
-919265
-919258
-919232
-919197
-919170
-919141
-919134
-919129
-919076
-919053
-919044
-919035
-919029
-919011
-918980
-918946
-918938
-918929
-918902
-918889
-918862
-918862
-918849
-918843
-918762
-918709
-918702
-918683
-918672
-918648
-918586
-918584
-918562
-918547
-918519
-918498
-918440
-918423
-918387
-918384
-918381
-918365
-918343
-918330
-918296
-918277
-918274
-918267
-918266
-918260
-918258
-918257
-918195
-918165
-918151
-918147
-918123
-918069
-918049
-918046
-918041
-918024
-918012
-917988
-917966
-917926
-917878
-917875
-917821
-917816
-917811
-917791
-917764
-917734
-917726
-917691
-917689
-917681
-917678
-917640
-917640
-917614
-917583
-917583
-917557
-917555
-917552
-917542
-917522
-917514
-917481
-917476
-917470
-917443
-917409
-917403
-917401
-917395
-917381
-917365
-917355
-917330
-917305
-917301
-917233
-917219
-917213
-917197
-917172
-917172
-917162
-917112
-917053
-917010
-916984
-916971
-916957
-916913
-916908
-916899
-916864
-916836
-916830
-916806
-916742
-916725
-916666
-916630
-916627
-916612
-916602
-916596
-916579
-916576
-916573
-916566
-916541
-916463
-916456
-916407
-916401
-916393
-916357
-916356
-916338
-916295
-916270
-916246
-916146
-916128
-916126
-916119
-916056
-916054
-916048
-916038
-916033
-915998
-915945
-915940
-915927
-915897
-915873
-915868
-915866
-915811
-915792
-915763
-915761
-915759
-915717
-915706
-915695
-915690
-915689
-915687
-915680
-915680
-915637
-915595
-915557
-915516
-915504
-915474
-915460
-915448
-915441
-915418
-915410
-915390
-915388
-915385
-915381
-915319
-915307
-915293
-915284
-915259
-915250
-915233
-915230
-915199
-915136
-915122
-915101
-915076
-915055
-915021
-914973
-914964
-914949
-914850
-914817
-914811
-914805
-914785
-914765
-914725
-914723
-914714
-914689
-914661
-914644
-914638
-914636
-914612
-914593
-914570
-914560
-914526
-914519
-914504
-914482
-914462
-914421
-914404
-914399
-914354
-914349
-914349
-914338
-914310
-914302
-914301
-914286
-914283
-914208
-914158
-914157
-914085
-914078
-914068
-914066
-914063
-914052
-914040
-914020
-914009
-913979
-913979
-913969
-913948
-913917
-913851
-913850
-913847
-913807
-913792
-913786
-913768
-913743
-913640
-913574
-913509
-913436
-913429
-913420
-913408
-913392
-913388
-913342
-913320
-913313
-913308
-913297
-913289
-913274
-913268
-913264
-913210
-913206
-913177
-913158
-913140
-913132
-913112
-913099
-913063
-913058
-913055
-913042
-913032
-913025
-912985
-912907
-912893
-912879
-912873
-912828
-912764
-912749
-912748
-912733
-912710
-912666
-912644
-912642
-912627
-912623
-912607
-912574
-912552
-912549
-912542
-912475
-912442
-912395
-912379
-912377
-912375
-912374
-912359
-912339
-912324
-912324
-912298
-912257
-912254
-912220
-912184
-912182
-912154
-912150
-912144
-912139
-912138
-912137
-912123
-912123
-912111
-912105
-912100
-912034
-912033
-912028
-912028
-912011
-912002
-911972
-911956
-911928
-911919
-911883
-911880
-911862
-911786
-911769
-911740
-911728
-911698
-911660
-911605
-911591
-911548
-911525
-911454
-911446
-911375
-911340
-911322
-911310
-911308
-911307
-911297
-911289
-911271
-911270
-911262
-911258
-911248
-911221
-911221
-911201
-911190
-911157
-911112
-911092
-911014
-911014
-911004
-910985
-910934
-910916
-910862
-910856
-910830
-910825
-910807
-910756
-910742
-910716
-910698
-910681
-910677
-910626
-910619
-910608
-910551
-910529
-910492
-910491
-910470
-910418
-910339
-910332
-910320
-910270
-910258
-910179
-910158
-910145
-910130
-910118
-910117
-910096
-910093
-910080
-910055
-910037
-910026
-910013
-909934
-909934
-909914
-909854
-909827
-909795
-909773
-909768
-909728
-909705
-909704
-909704
-909684
-909681
-909670
-909660
-909637
-909634
-909592
-909584
-909558
-909540
-909538
-909528
-909510
-909506
-909499
-909445
-909403
-909388
-909380
-909348
-909327
-909317
-909295
-909281
-909265
-909251
-909228
-909179
-909176
-909175
-909150
-909121
-909117
-909104
-909095
-909078
-909049
-909046
-909033
-909024
-909013
-909006
-908963
-908962
-908956
-908954
-908905
-908867
-908863
-908805
-908757
-908756
-908743
-908718
-908707
-908693
-908691
-908681
-908629
-908616
-908615
-908606
-908584
-908530
-908503
-908498
-908495
-908494
-908469
-908465
-908457
-908356
-908337
-908316
-908305
-908296
-908285
-908281
-908280
-908271
-908270
-908254
-908247
-908205
-908120
-908106
-908092
-908074
-908066
-908021
-907995
-907960
-907950
-907943
-907897
-907884
-907864
-907844
-907814
-907794
-907772
-907742
-907692
-907640
-907632
-907604
-907602
-907587
-907585
-907568
-907518
-907509
-907457
-907435
-907394
-907350
-907348
-907339
-907317
-907301
-907284
-907279
-907242
-907242
-907240
-907209
-907204
-907201
-907179
-907151
-907128
-907107
-907106
-907102
-907061
-907043
-906939
-906934
-906926
-906872
-906859
-906853
-906839
-906742
-906739
-906738
-906737
-906735
-906712
-906699
-906661
-906652
-906598
-906581
-906550
-906539
-906507
-906471
-906396
-906390
-906380
-906318
-906297
-906288
-906287
-906263
-906242
-906224
-906190
-906183
-906137
-906114
-906109
-906099
-906063
-906051
-905978
-905974
-905951
-905935
-905919
-905901
-905862
-905856
-905836
-905828
-905826
-905801
-905796
-905775
-905759
-905735
-905726
-905709
-905691
-905663
-905655
-905653
-905642
-905636
-905630
-905626
-905615
-905609
-905583
-905583
-905566
-905556
-905537
-905514
-905513
-905512
-905505
-905503
-905463
-905411
-905345
-905324
-905280
-905190
-905149
-905141
-905129
-905120
-905110
-905083
-905013
-904974
-904962
-904960
-904949
-904949
-904916
-904898
-904889
-904852
-904825
-904781
-904763
-904691
-904686
-904671
-904640
-904573
-904557
-904542
-904534
-904531
-904529
-904503
-904464
-904460
-904438
-904428
-904404
-904377
-904364
-904327
-904326
-904305
-904292
-904278
-904255
-904236
-904213
-904191
-904171
-904161
-904105
-904104
-904073
-904062
-904026
-904010
-903990
-903989
-903967
-903962
-903956
-903954
-903954
-903874
-903863
-903839
-903828
-903783
-903774
-903759
-903734
-903677
-903670
-903655
-903618
-903609
-903587
-903557
-903544
-903532
-903532
-903400
-903374
-903353
-903342
-903337
-903328
-903312
-903273
-903227
-903221
-903197
-903179
-903163
-903161
-903160
-903149
-903101
-903081
-903065
-903035
-903016
-903010
-902967
-902965
-902963
-902954
-902950
-902944
-902913
-902913
-902910
-902908
-902886
-902854
-902767
-902765
-902743
-902724
-902712
-902688
-902624
-902601
-902475
-902459
-902456
-902455
-902383
-902370
-902368
-902349
-902334
-902332
-902252
-902245
-902202
-902154
-902131
-902105
-902105
-902105
-902098
-902073
-902051
-902034
-902007
-902001
-901995
-901978
-901966
-901959
-901949
-901927
-901918
-901918
-901875
-901847
-901830
-901819
-901814
-901756
-901753
-901749
-901721
-901709
-901682
-901672
-901662
-901660
-901566
-901549
-901535
-901534
-901496
-901486
-901472
-901464
-901463
-901450
-901441
-901432
-901411
-901409
-901365
-901290
-901288
-901233
-901222
-901200
-901193
-901166
-901131
-901071
-901062
-901053
-901031
-901030
-900993
-900981
-900938
-900919
-900870
-900855
-900854
-900851
-900847
-900844
-900819
-900797
-900709
-900670
-900668
-900666
-900641
-900635
-900625
-900599
-900595
-900574
-900541
-900509
-900504
-900502
-900488
-900461
-900437
-900430
-900420
-900415
-900392
-900379
-900372
-900341
-900331
-900323
-900316
-900280
-900263
-900231
-900198
-900107
-900099
-900088
-900079
-900076
-900044
-900022
-899994
-899993
-899989
-899972
-899943
-899931
-899909
-899835
-899806
-899767
-899715
-899701
-899684
-899653
-899648
-899647
-899637
-899601
-899589
-899589
-899568
-899547
-899525
-899492
-899485
-899462
-899435
-899414
-899413
-899404
-899397
-899341
-899328
-899324
-899286
-899272
-899252
-899227
-899207
-899193
-899163
-899133
-899087
-899060
-898894
-898867
-898852
-898850
-898847
-898835
-898827
-898809
-898792
-898754
-898753
-898749
-898745
-898734
-898728
-898705
-898682
-898675
-898670
-898658
-898642
-898623
-898617
-898601
-898557
-898548
-898524
-898523
-898516
-898453
-898434
-898403
-898389
-898377
-898375
-898358
-898357
-898341
-898303
-898300
-898296
-898289
-898276
-898263
-898223
-898208
-898168
-898168
-898167
-898138
-898118
-898095
-898085
-898020
-897994
-897983
-897973
-897965
-897937
-897935
-897903
-897870
-897832
-897831
-897826
-897824
-897787
-897771
-897769
-897711
-897691
-897661
-897659
-897654
-897651
-897645
-897586
-897565
-897543
-897531
-897524
-897474
-897443
-897413
-897405
-897369
-897358
-897355
-897333
-897325
-897314
-897295
-897269
-897263
-897250
-897232
-897228
-897218
-897134
-897104
-897063
-897019
-896980
-896968
-896960
-896913
-896885
-896865
-896864
-896862
-896842
-896800
-896796
-896783
-896781
-896761
-896710
-896692
-896677
-896675
-896649
-896618
-896611
-896606
-896597
-896593
-896582
-896571
-896566
-896562
-896547
-896518
-896508
-896503
-896433
-896424
-896411
-896393
-896390
-896381
-896352
-896276
-896247
-896246
-896215
-896207
-896177
-896176
-896161
-896078
-896066
-896055
-895973
-895972
-895967
-895920
-895880
-895774
-895763
-895756
-895756
-895755
-895746
-895735
-895716
-895686
-895627
-895627
-895609
-895577
-895570
-895566
-895560
-895540
-895538
-895519
-895493
-895491
-895482
-895463
-895461
-895402
-895372
-895371
-895364
-895361
-895347
-895344
-895342
-895328
-895288
-895283
-895260
-895229
-895197
-895195
-895187
-895186
-895178
-895162
-895152
-895115
-895105
-895078
-895060
-895040
-895028
-895012
-894990
-894941
-894922
-894917
-894830
-894829
-894827
-894810
-894809
-894806
-894797
-894781
-894759
-894714
-894697
-894659
-894654
-894631
-894601
-894574
-894568
-894530
-894520
-894520
-894490
-894471
-894467
-894452
-894437
-894429
-894398
-894331
-894326
-894316
-894308
-894277
-894267
-894264
-894263
-894257
-894246
-894238
-894203
-894201
-894184
-894181
-894140
-894130
-894103
-894034
-894021
-893989
-893988
-893969
-893963
-893959
-893929
-893928
-893915
-893857
-893848
-893846
-893777
-893769
-893763
-893746
-893700
-893685
-893668
-893656
-893636
-893619
-893603
-893581
-893537
-893535
-893494
-893492
-893481
-893436
-893421
-893414
-893394
-893389
-893370
-893358
-893325
-893315
-893293
-893255
-893240
-893202
-893182
-893175
-893128
-893124
-893120
-893117
-893115
-893086
-893075
-893066
-893015
-892997
-892977
-892976
-892973
-892967
-892961
-892928
-892922
-892919
-892916
-892911
-892910
-892901
-892851
-892838
-892834
-892815
-892810
-892780
-892695
-892673
-892657
-892645
-892636
-892618
-892597
-892580
-892562
-892511
-892460
-892454
-892454
-892452
-892451
-892450
-892429
-892427
-892424
-892417
-892412
-892408
-892407
-892372
-892279
-892267
-892250
-892204
-892198
-892182
-892150
-892146
-892144
-892137
-892127
-892115
-892109
-892106
-892102
-892100
-892064
-892050
-892049
-892027
-892016
-892012
-891999
-891980
-891956
-891932
-891926
-891925
-891923
-891911
-891904
-891902
-891891
-891885
-891796
-891751
-891687
-891683
-891669
-891652
-891647
-891586
-891583
-891560
-891557
-891489
-891471
-891433
-891432
-891418
-891416
-891372
-891371
-891357
-891342
-891283
-891277
-891253
-891249
-891240
-891227
-891198
-891186
-891159
-891150
-891145
-891138
-891122
-891100
-891038
-891010
-890999
-890966
-890951
-890939
-890930
-890917
-890907
-890891
-890890
-890847
-890837
-890815
-890815
-890803
-890796
-890790
-890765
-890749
-890745
-890737
-890699
-890659
-890621
-890587
-890567
-890566
-890553
-890543
-890519
-890510
-890491
-890487
-890481
-890461
-890421
-890419
-890398
-890384
-890376
-890369
-890343
-890334
-890301
-890294
-890273
-890269
-890266
-890243
-890228
-890202
-890179
-890149
-890125
-890123
-890120
-890107
-890084
-890073
-890044
-890017
-890006
-889985
-889966
-889947
-889936
-889932
-889898
-889881
-889850
-889837
-889810
-889806
-889785
-889768
-889758
-889749
-889738
-889704
-889662
-889575
-889545
-889510
-889502
-889497
-889482
-889440
-889429
-889376
-889373
-889259
-889258
-889204
-889145
-889134
-889124
-889109
-889106
-889099
-889085
-889074
-889069
-888996
-888993
-888951
-888949
-888936
-888929
-888923
-888908
-888877
-888874
-888868
-888841
-888839
-888832
-888808
-888805
-888797
-888796
-888786
-888772
-888768
-888743
-888720
-888716
-888710
-888650
-888618
-888600
-888477
-888468
-888464
-888408
-888392
-888370
-888312
-888291
-888252
-888240
-888235
-888218
-888218
-888202
-888182
-888174
-888166
-888120
-888106
-888076
-888074
-888068
-888045
-887997
-887975
-887954
-887945
-887936
-887915
-887910
-887891
-887884
-887862
-887860
-887831
-887831
-887825
-887817
-887796
-887780
-887772
-887767
-887747
-887721
-887693
-887654
-887633
-887610
-887608
-887581
-887574
-887554
-887486
-887471
-887463
-887456
-887418
-887369
-887326
-887297
-887246
-887237
-887234
-887218
-887200
-887196
-887183
-887165
-887160
-887157
-887153
-887141
-887135
-887129
-887116
-887091
-887073
-887015
-886990
-886983
-886935
-886929
-886891
-886847
-886841
-886838
-886818
-886810
-886803
-886765
-886751
-886722
-886702
-886699
-886694
-886688
-886639
-886544
-886526
-886522
-886495
-886478
-886458
-886450
-886426
-886390
-886370
-886353
-886323
-886319
-886268
-886263
-886243
-886172
-886172
-886149
-886149
-886134
-886118
-886067
-886030
-886020
-886004
-885997
-885966
-885934
-885907
-885901
-885885
-885881
-885851
-885836
-885808
-885797
-885783
-885763
-885753
-885723
-885714
-885659
-885649
-885646
-885631
-885624
-885602
-885575
-885560
-885559
-885542
-885526
-885512
-885431
-885405
-885354
-885345
-885325
-885324
-885293
-885222
-885220
-885215
-885206
-885196
-885196
-885171
-885170
-885168
-885165
-885151
-885145
-885140
-885126
-885089
-885070
-885045
-885038
-885034
-885033
-885011
-884967
-884966
-884924
-884909
-884903
-884893
-884876
-884872
-884860
-884860
-884787
-884784
-884778
-884751
-884692
-884665
-884624
-884608
-884589
-884573
-884557
-884554
-884554
-884551
-884529
-884504
-884488
-884484
-884484
-884463
-884453
-884452
-884414
-884409
-884362
-884356
-884353
-884351
-884335
-884333
-884331
-884309
-884282
-884276
-884261
-884260
-884235
-884220
-884184
-884142
-884127
-884100
-884061
-884052
-884043
-884035
-883987
-883984
-883952
-883936
-883886
-883863
-883850
-883818
-883800
-883796
-883771
-883768
-883758
-883709
-883701
-883685
-883676
-883673
-883671
-883602
-883556
-883500
-883443
-883442
-883353
-883344
-883332
-883263
-883263
-883215
-883211
-883203
-883199
-883186
-883142
-883106
-883100
-883097
-883095
-883065
-883061
-883058
-883050
-883047
-883043
-882993
-882976
-882956
-882954
-882948
-882917
-882881
-882858
-882812
-882802
-882782
-882746
-882726
-882719
-882718
-882684
-882643
-882642
-882629
-882618
-882616
-882590
-882573
-882560
-882551
-882550
-882545
-882531
-882512
-882473
-882457
-882420
-882401
-882392
-882385
-882327
-882301
-882299
-882286
-882286
-882256
-882254
-882247
-882242
-882236
-882229
-882227
-882222
-882211
-882211
-882134
-882122
-882121
-882103
-882079
-882044
-882034
-882022
-882020
-881965
-881957
-881946
-881938
-881917
-881906
-881866
-881824
-881747
-881683
-881662
-881647
-881643
-881640
-881554
-881520
-881494
-881493
-881455
-881435
-881360
-881270
-881268
-881170
-881092
-881065
-881041
-881030
-881003
-880996
-880991
-880987
-880974
-880970
-880951
-880914
-880908
-880903
-880899
-880858
-880856
-880828
-880822
-880818
-880809
-880787
-880753
-880753
-880722
-880700
-880661
-880630
-880627
-880622
-880548
-880542
-880534
-880530
-880482
-880477
-880473
-880451
-880442
-880388
-880379
-880341
-880326
-880323
-880314
-880277
-880259
-880252
-880213
-880194
-880190
-880175
-880163
-880156
-880141
-880140
-880138
-880120
-880110
-880074
-880072
-880024
-880013
-879976
-879949
-879927
-879861
-879843
-879836
-879794
-879779
-879778
-879769
-879758
-879736
-879733
-879706
-879705
-879700
-879695
-879634
-879608
-879594
-879581
-879529
-879524
-879522
-879509
-879479
-879465
-879461
-879437
-879422
-879349
-879282
-879268
-879262
-879256
-879244
-879226
-879183
-879171
-879146
-879136
-879126
-879117
-878996
-878993
-878961
-878906
-878891
-878884
-878847
-878819
-878792
-878724
-878714
-878713
-878695
-878693
-878682
-878592
-878585
-878509
-878424
-878424
-878399
-878396
-878393
-878379
-878375
-878370
-878333
-878326
-878316
-878296
-878291
-878288
-878268
-878262
-878262
-878247
-878247
-878240
-878240
-878238
-878228
-878227
-878178
-878122
-878092
-878066
-878034
-878002
-877984
-877968
-877952
-877925
-877907
-877901
-877870
-877842
-877823
-877819
-877795
-877795
-877717
-877715
-877683
-877682
-877679
-877673
-877588
-877573
-877531
-877512
-877471
-877444
-877435
-877421
-877399
-877387
-877361
-877323
-877318
-877315
-877286
-877258
-877258
-877249
-877245
-877168
-877161
-877158
-877143
-877111
-877104
-877092
-877090
-877074
-877062
-877042
-877039
-877038
-877038
-877000
-876975
-876958
-876948
-876871
-876845
-876840
-876826
-876804
-876796
-876792
-876772
-876769
-876731
-876710
-876676
-876587
-876566
-876563
-876552
-876530
-876524
-876523
-876488
-876466
-876463
-876461
-876452
-876444
-876419
-876402
-876397
-876393
-876392
-876335
-876332
-876329
-876322
-876316
-876301
-876274
-876247
-876234
-876222
-876212
-876196
-876189
-876184
-876176
-876156
-876150
-876142
-876136
-876133
-876094
-876082
-876069
-876057
-876003
-875942
-875922
-875870
-875860
-875845
-875816
-875790
-875775
-875766
-875754
-875731
-875720
-875716
-875654
-875654
-875614
-875565
-875558
-875557
-875533
-875531
-875519
-875489
-875478
-875465
-875413
-875413
-875400
-875390
-875357
-875338
-875288
-875287
-875283
-875265
-875256
-875253
-875251
-875224
-875187
-875165
-875148
-875123
-875113
-875073
-875061
-875060
-875028
-875026
-875018
-874999
-874993
-874934
-874932
-874928
-874913
-874899
-874865
-874858
-874810
-874807
-874804
-874786
-874783
-874767
-874730
-874692
-874686
-874606
-874601
-874584
-874579
-874564
-874549
-874544
-874515
-874475
-874472
-874471
-874459
-874414
-874347
-874345
-874343
-874341
-874328
-874312
-874269
-874250
-874207
-874177
-874160
-874135
-874096
-874053
-874046
-874023
-873975
-873961
-873960
-873917
-873895
-873877
-873783
-873757
-873723
-873707
-873705
-873704
-873644
-873613
-873595
-873576
-873535
-873464
-873457
-873456
-873401
-873363
-873344
-873322
-873317
-873300
-873251
-873243
-873239
-873221
-873208
-873207
-873195
-873189
-873156
-873146
-873146
-873083
-873063
-873020
-873016
-873015
-872987
-872981
-872976
-872970
-872970
-872967
-872944
-872942
-872910
-872889
-872883
-872859
-872792
-872769
-872762
-872744
-872729
-872718
-872705
-872661
-872655
-872461
-872427
-872415
-872402
-872372
-872371
-872308
-872290
-872256
-872235
-872217
-872197
-872145
-872137
-872133
-872117
-872047
-872015
-872003
-871999
-871983
-871972
-871962
-871935
-871875
-871831
-871822
-871785
-871769
-871719
-871708
-871668
-871635
-871632
-871613
-871611
-871609
-871591
-871583
-871557
-871541
-871538
-871536
-871491
-871490
-871450
-871442
-871436
-871435
-871414
-871329
-871312
-871285
-871285
-871283
-871248
-871234
-871217
-871213
-871204
-871159
-871150
-871150
-871142
-871125
-871110
-871103
-871102
-871068
-871056
-871043
-871039
-871038
-871026
-870975
-870908
-870872
-870859
-870852
-870797
-870772
-870735
-870730
-870693
-870688
-870617
-870598
-870596
-870558
-870532
-870528
-870486
-870470
-870467
-870453
-870447
-870410
-870409
-870374
-870362
-870325
-870267
-870261
-870246
-870242
-870232
-870230
-870178
-870162
-870155
-870154
-870138
-870113
-870099
-870093
-870029
-870024
-870019
-870015
-870008
-869998
-869974
-869951
-869912
-869884
-869822
-869809
-869787
-869742
-869707
-869687
-869682
-869650
-869645
-869639
-869584
-869583
-869555
-869553
-869538
-869510
-869509
-869507
-869493
-869489
-869484
-869448
-869441
-869407
-869344
-869297
-869287
-869267
-869265
-869262
-869229
-869223
-869165
-869151
-869129
-869121
-869117
-869096
-869080
-869015
-869013
-868998
-868955
-868903
-868870
-868860
-868842
-868830
-868824
-868824
-868806
-868776
-868764
-868754
-868737
-868727
-868710
-868696
-868690
-868675
-868653
-868647
-868638
-868613
-868609
-868602
-868576
-868576
-868569
-868544
-868542
-868540
-868531
-868522
-868467
-868459
-868451
-868449
-868398
-868391
-868378
-868351
-868343
-868339
-868323
-868301
-868273
-868262
-868224
-868178
-868165
-868152
-868123
-868119
-868040
-868028
-867991
-867967
-867949
-867947
-867947
-867888
-867877
-867846
-867797
-867794
-867785
-867758
-867748
-867736
-867712
-867672
-867662
-867648
-867638
-867628
-867624
-867584
-867575
-867543
-867527
-867492
-867483
-867474
-867446
-867434
-867423
-867400
-867371
-867371
-867346
-867337
-867318
-867296
-867293
-867269
-867261
-867260
-867257
-867230
-867193
-867168
-867160
-867157
-867142
-867120
-867067
-867053
-867010
-866970
-866969
-866966
-866955
-866941
-866934
-866921
-866919
-866888
-866871
-866850
-866828
-866823
-866817
-866759
-866758
-866723
-866713
-866710
-866678
-866656
-866572
-866569
-866525
-866522
-866508
-866508
-866498
-866465
-866444
-866438
-866379
-866362
-866361
-866354
-866350
-866341
-866286
-866272
-866270
-866243
-866229
-866219
-866210
-866135
-866103
-866097
-866075
-866074
-866074
-866069
-866064
-865981
-865973
-865937
-865914
-865899
-865850
-865837
-865828
-865820
-865810
-865803
-865801
-865785
-865782
-865777
-865775
-865771
-865697
-865682
-865673
-865666
-865657
-865586
-865531
-865424
-865408
-865382
-865370
-865364
-865340
-865339
-865315
-865302
-865288
-865274
-865247
-865177
-865161
-865158
-865157
-865141
-865135
-865131
-865099
-865099
-865060
-865060
-865043
-865029
-865025
-864980
-864893
-864878
-864875
-864853
-864837
-864829
-864750
-864693
-864655
-864627
-864522
-864501
-864501
-864487
-864477
-864436
-864419
-864380
-864356
-864336
-864331
-864317
-864305
-864294
-864265
-864236
-864164
-864150
-864142
-864113
-864088
-864048
-863992
-863991
-863990
-863911
-863900
-863879
-863876
-863826
-863819
-863802
-863802
-863794
-863792
-863757
-863754
-863711
-863669
-863666
-863638
-863622
-863621
-863599
-863596
-863479
-863461
-863459
-863451
-863433
-863426
-863408
-863391
-863360
-863351
-863350
-863303
-863299
-863268
-863237
-863229
-863229
-863217
-863203
-863160
-863146
-863116
-863108
-863094
-863093
-863092
-863059
-863018
-863017
-862997
-862989
-862982
-862978
-862975
-862964
-862855
-862770
-862748
-862723
-862668
-862654
-862651
-862648
-862645
-862639
-862527
-862523
-862521
-862515
-862467
-862459
-862436
-862384
-862355
-862351
-862320
-862318
-862292
-862287
-862272
-862232
-862216
-862194
-862141
-862118
-862083
-862045
-862020
-861973
-861947
-861877
-861858
-861789
-861732
-861657
-861656
-861649
-861635
-861629
-861626
-861626
-861615
-861609
-861604
-861592
-861584
-861581
-861570
-861544
-861519
-861455
-861454
-861428
-861420
-861407
-861383
-861380
-861375
-861327
-861307
-861305
-861273
-861244
-861228
-861227
-861199
-861195
-861191
-861182
-861177
-861167
-861125
-861115
-861086
-861076
-861074
-861053
-861042
-861018
-861002
-860983
-860977
-860944
-860912
-860899
-860893
-860858
-860850
-860835
-860801
-860788
-860781
-860766
-860757
-860706
-860656
-860637
-860608
-860583
-860575
-860518
-860499
-860497
-860485
-860479
-860467
-860445
-860363
-860363
-860341
-860317
-860317
-860314
-860313
-860271
-860264
-860256
-860244
-860202
-860189
-860151
-860133
-860118
-860070
-860070
-860024
-860024
-860014
-860011
-859997
-859971
-859964
-859913
-859893
-859889
-859866
-859843
-859802
-859799
-859798
-859784
-859727
-859711
-859683
-859665
-859664
-859648
-859643
-859599
-859570
-859566
-859558
-859557
-859542
-859542
-859531
-859495
-859490
-859488
-859476
-859446
-859424
-859397
-859360
-859356
-859356
-859354
-859336
-859314
-859311
-859298
-859290
-859275
-859258
-859231
-859207
-859171
-859153
-859153
-859148
-859139
-859121
-859078
-859028
-859001
-858992
-858990
-858949
-858931
-858929
-858898
-858790
-858772
-858766
-858760
-858734
-858729
-858705
-858701
-858694
-858671
-858666
-858665
-858659
-858644
-858616
-858596
-858594
-858585
-858559
-858525
-858500
-858474
-858453
-858417
-858410
-858400
-858392
-858308
-858308
-858291
-858279
-858270
-858230
-858133
-858129
-858121
-858110
-858109
-858094
-858064
-857992
-857991
-857982
-857967
-857897
-857887
-857860
-857850
-857843
-857785
-857750
-857742
-857735
-857705
-857697
-857691
-857655
-857655
-857639
-857610
-857583
-857576
-857557
-857556
-857556
-857534
-857531
-857509
-857498
-857493
-857467
-857416
-857411
-857402
-857392
-857359
-857329
-857316
-857308
-857283
-857282
-857232
-857231
-857223
-857216
-857214
-857200
-857194
-857183
-857183
-857182
-857181
-857173
-857167
-857157
-857138
-857063
-857024
-857012
-857006
-856982
-856948
-856942
-856918
-856916
-856897
-856819
-856818
-856810
-856796
-856783
-856741
-856729
-856715
-856692
-856679
-856659
-856639
-856631
-856624
-856612
-856567
-856564
-856556
-856550
-856550
-856525
-856495
-856476
-856475
-856459
-856451
-856442
-856419
-856419
-856415
-856389
-856385
-856338
-856334
-856333
-856308
-856298
-856266
-856263
-856236
-856194
-856145
-856133
-856082
-856054
-856053
-856041
-856038
-856037
-855986
-855974
-855924
-855877
-855874
-855873
-855872
-855830
-855827
-855778
-855777
-855776
-855758
-855749
-855748
-855710
-855684
-855647
-855590
-855570
-855538
-855538
-855521
-855503
-855496
-855455
-855392
-855382
-855345
-855344
-855318
-855304
-855303
-855286
-855275
-855250
-855231
-855181
-855134
-855010
-855009
-855003
-854978
-854977
-854974
-854916
-854851
-854847
-854824
-854801
-854789
-854768
-854735
-854707
-854687
-854682
-854642
-854636
-854585
-854541
-854512
-854490
-854448
-854417
-854236
-854222
-854215
-854211
-854202
-854164
-854155
-854154
-854150
-854149
-854143
-854096
-854080
-854075
-854030
-853994
-853986
-853981
-853975
-853953
-853949
-853918
-853910
-853896
-853889
-853880
-853857
-853854
-853819
-853795
-853792
-853790
-853766
-853749
-853749
-853731
-853721
-853697
-853695
-853669
-853629
-853571
-853570
-853568
-853544
-853539
-853492
-853450
-853425
-853408
-853383
-853359
-853347
-853327
-853323
-853311
-853284
-853277
-853273
-853265
-853248
-853221
-853190
-853176
-853137
-853135
-853131
-853049
-853040
-853023
-853015
-852999
-852982
-852960
-852956
-852946
-852940
-852924
-852899
-852890
-852890
-852890
-852887
-852824
-852814
-852812
-852767
-852733
-852718
-852707
-852700
-852669
-852650
-852619
-852607
-852576
-852571
-852562
-852548
-852538
-852532
-852521
-852521
-852472
-852438
-852384
-852328
-852323
-852317
-852316
-852280
-852258
-852246
-852209
-852090
-852026
-852021
-851994
-851940
-851910
-851902
-851887
-851871
-851868
-851822
-851818
-851809
-851798
-851792
-851763
-851756
-851737
-851649
-851609
-851565
-851548
-851527
-851504
-851495
-851491
-851484
-851481
-851462
-851425
-851421
-851407
-851386
-851372
-851336
-851292
-851290
-851268
-851256
-851254
-851254
-851216
-851209
-851201
-851119
-851114
-851071
-851064
-851056
-851030
-851029
-851021
-850996
-850978
-850962
-850949
-850948
-850945
-850870
-850863
-850852
-850832
-850828
-850808
-850807
-850796
-850791
-850769
-850759
-850737
-850732
-850727
-850722
-850671
-850660
-850636
-850609
-850574
-850555
-850552
-850535
-850534
-850528
-850498
-850495
-850390
-850385
-850345
-850331
-850327
-850318
-850278
-850276
-850267
-850250
-850236
-850235
-850214
-850212
-850201
-850172
-850155
-850140
-850101
-850100
-850088
-850065
-850064
-850005
-849985
-849985
-849944
-849938
-849910
-849877
-849865
-849815
-849805
-849804
-849792
-849788
-849785
-849784
-849753
-849713
-849710
-849694
-849679
-849661
-849644
-849637
-849624
-849615
-849612
-849571
-849555
-849518
-849489
-849452
-849445
-849426
-849392
-849366
-849362
-849361
-849358
-849356
-849350
-849321
-849312
-849263
-849223
-849184
-849140
-849120
-849114
-849095
-849074
-849051
-849048
-849028
-849007
-848997
-848991
-848975
-848960
-848951
-848924
-848876
-848872
-848839
-848810
-848780
-848775
-848769
-848762
-848761
-848745
-848696
-848688
-848643
-848592
-848592
-848551
-848533
-848528
-848499
-848498
-848479
-848462
-848455
-848454
-848417
-848391
-848338
-848298
-848291
-848221
-848212
-848174
-848148
-848134
-848082
-848039
-848020
-848011
-848004
-848003
-847967
-847917
-847877
-847874
-847841
-847835
-847834
-847777
-847776
-847758
-847739
-847713
-847709
-847703
-847695
-847690
-847684
-847676
-847669
-847656
-847640
-847640
-847631
-847614
-847613
-847603
-847579
-847568
-847512
-847508
-847488
-847477
-847475
-847474
-847454
-847454
-847435
-847413
-847401
-847399
-847390
-847380
-847376
-847370
-847354
-847320
-847313
-847310
-847306
-847279
-847244
-847218
-847214
-847207
-847178
-847159
-847134
-847124
-847080
-847058
-847055
-847054
-847032
-847014
-846976
-846952
-846941
-846919
-846919
-846844
-846833
-846801
-846800
-846799
-846791
-846777
-846732
-846723
-846636
-846624
-846607
-846582
-846574
-846562
-846553
-846528
-846492
-846470
-846458
-846429
-846368
-846353
-846342
-846330
-846316
-846294
-846292
-846285
-846246
-846226
-846210
-846187
-846164
-846131
-846110
-846108
-846020
-846014
-846005
-845999
-845982
-845981
-845972
-845969
-845945
-845885
-845850
-845805
-845802
-845757
-845748
-845730
-845729
-845722
-845709
-845691
-845680
-845650
-845650
-845629
-845613
-845548
-845544
-845534
-845479
-845444
-845426
-845417
-845405
-845400
-845397
-845387
-845364
-845351
-845332
-845305
-845257
-845249
-845172
-845147
-845124
-845101
-845099
-844994
-844976
-844958
-844904
-844893
-844877
-844872
-844872
-844859
-844851
-844780
-844756
-844666
-844612
-844606
-844598
-844579
-844577
-844540
-844538
-844520
-844489
-844437
-844415
-844374
-844368
-844331
-844280
-844242
-844238
-844214
-844206
-844149
-844096
-844079
-844027
-844019
-843991
-843954
-843941
-843899
-843895
-843893
-843893
-843854
-843740
-843726
-843717
-843687
-843679
-843653
-843652
-843610
-843604
-843593
-843583
-843566
-843555
-843550
-843547
-843502
-843456
-843442
-843370
-843364
-843354
-843350
-843338
-843320
-843296
-843295
-843265
-843264
-843263
-843254
-843222
-843186
-843184
-843160
-843120
-843085
-843051
-843032
-843029
-842990
-842961
-842961
-842947
-842933
-842874
-842833
-842818
-842813
-842810
-842809
-842775
-842760
-842722
-842669
-842664
-842646
-842602
-842582
-842580
-842546
-842535
-842529
-842524
-842509
-842505
-842495
-842460
-842452
-842382
-842349
-842348
-842342
-842340
-842285
-842281
-842278
-842264
-842259
-842255
-842220
-842180
-842160
-842106
-842105
-842102
-842096
-842068
-842049
-842045
-842035
-842011
-842010
-841934
-841934
-841916
-841910
-841899
-841869
-841822
-841796
-841796
-841790
-841780
-841777
-841761
-841711
-841704
-841700
-841675
-841629
-841598
-841593
-841577
-841576
-841552
-841551
-841526
-841522
-841517
-841470
-841461
-841412
-841380
-841342
-841322
-841313
-841311
-841282
-841233
-841199
-841148
-841131
-841127
-841071
-841065
-841055
-841048
-841046
-841025
-841016
-840993
-840963
-840962
-840950
-840921
-840874
-840836
-840822
-840811
-840761
-840757
-840742
-840716
-840716
-840693
-840681
-840679
-840677
-840661
-840657
-840620
-840611
-840594
-840592
-840576
-840575
-840529
-840508
-840507
-840501
-840497
-840484
-840482
-840467
-840460
-840460
-840444
-840396
-840318
-840250
-840248
-840208
-840175
-840170
-840160
-840157
-840104
-840095
-840081
-840076
-840069
-840060
-840023
-839980
-839951
-839940
-839930
-839903
-839891
-839887
-839862
-839810
-839808
-839758
-839754
-839722
-839700
-839663
-839653
-839651
-839632
-839619
-839585
-839574
-839564
-839561
-839560
-839523
-839521
-839458
-839439
-839419
-839371
-839367
-839366
-839294
-839282
-839246
-839239
-839156
-839099
-839079
-839043
-839032
-839012
-838998
-838986
-838970
-838934
-838923
-838900
-838899
-838887
-838876
-838864
-838856
-838850
-838812
-838780
-838776
-838751
-838744
-838727
-838726
-838721
-838715
-838706
-838690
-838665
-838664
-838651
-838650
-838643
-838640
-838627
-838605
-838586
-838581
-838568
-838566
-838563
-838537
-838517
-838491
-838486
-838481
-838469
-838464
-838451
-838417
-838389
-838370
-838360
-838359
-838355
-838353
-838348
-838319
-838310
-838299
-838273
-838216
-838212
-838183
-838157
-838105
-838095
-838071
-838070
-838053
-838020
-838014
-838007
-837999
-837992
-837946
-837935
-837915
-837895
-837883
-837855
-837824
-837726
-837715
-837711
-837709
-837668
-837623
-837587
-837552
-837514
-837511
-837483
-837462
-837440
-837421
-837391
-837370
-837360
-837328
-837285
-837279
-837253
-837236
-837233
-837185
-837185
-837183
-837183
-837163
-837146
-837143
-837117
-837100
-837082
-837077
-837066
-837062
-837043
-837033
-836972
-836953
-836948
-836921
-836907
-836898
-836852
-836823
-836822
-836814
-836774
-836774
-836762
-836745
-836727
-836725
-836664
-836643
-836643
-836626
-836601
-836591
-836589
-836585
-836569
-836566
-836552
-836550
-836546
-836490
-836453
-836445
-836437
-836434
-836424
-836378
-836377
-836366
-836362
-836357
-836354
-836350
-836321
-836317
-836283
-836270
-836235
-836224
-836222
-836215
-836193
-836191
-836181
-836165
-836163
-836136
-836127
-836115
-836083
-836076
-836074
-836056
-836054
-836047
-836014
-836012
-836011
-835976
-835953
-835946
-835927
-835858
-835851
-835851
-835790
-835789
-835775
-835765
-835765
-835753
-835747
-835735
-835695
-835671
-835657
-835628
-835616
-835613
-835585
-835579
-835560
-835548
-835542
-835523
-835500
-835499
-835495
-835481
-835461
-835436
-835403
-835397
-835393
-835368
-835366
-835239
-835223
-835217
-835213
-835202
-835201
-835169
-835145
-835144
-835070
-835064
-835039
-835035
-835021
-834983
-834930
-834912
-834894
-834877
-834852
-834831
-834783
-834771
-834771
-834689
-834682
-834639
-834637
-834634
-834627
-834627
-834626
-834625
-834620
-834577
-834569
-834526
-834520
-834486
-834444
-834437
-834431
-834419
-834402
-834303
-834292
-834254
-834229
-834225
-834208
-834182
-834140
-834128
-834064
-834041
-834005
-833967
-833920
-833914
-833880
-833879
-833868
-833831
-833806
-833781
-833774
-833764
-833751
-833740
-833740
-833726
-833706
-833695
-833682
-833652
-833631
-833626
-833622
-833617
-833564
-833497
-833473
-833463
-833440
-833380
-833368
-833367
-833342
-833327
-833315
-833260
-833250
-833196
-833189
-833105
-833097
-833074
-833042
-832996
-832973
-832968
-832942
-832941
-832925
-832905
-832889
-832847
-832834
-832794
-832791
-832775
-832707
-832705
-832695
-832688
-832651
-832614
-832603
-832596
-832583
-832577
-832545
-832543
-832537
-832525
-832521
-832508
-832501
-832464
-832462
-832454
-832440
-832408
-832402
-832392
-832376
-832370
-832362
-832344
-832343
-832320
-832310
-832270
-832260
-832236
-832220
-832180
-832169
-832158
-832128
-832109
-832109
-832035
-831896
-831895
-831876
-831865
-831855
-831855
-831850
-831847
-831838
-831822
-831815
-831804
-831712
-831665
-831665
-831634
-831595
-831553
-831497
-831446
-831439
-831425
-831418
-831368
-831352
-831349
-831343
-831337
-831289
-831228
-831179
-831138
-831132
-831130
-831130
-831115
-831112
-831101
-831097
-831084
-831076
-831029
-831012
-830957
-830919
-830882
-830850
-830836
-830818
-830778
-830769
-830754
-830751
-830744
-830729
-830722
-830720
-830718
-830717
-830710
-830695
-830655
-830648
-830644
-830609
-830601
-830592
-830563
-830532
-830510
-830502
-830499
-830489
-830478
-830456
-830446
-830428
-830428
-830412
-830385
-830370
-830349
-830327
-830314
-830312
-830307
-830301
-830222
-830217
-830205
-830200
-830177
-830161
-830157
-830136
-830082
-830073
-830068
-830029
-830029
-830026
-830013
-830002
-829984
-829960
-829934
-829918
-829895
-829873
-829855
-829850
-829843
-829831
-829825
-829815
-829809
-829802
-829786
-829745
-829711
-829693
-829690
-829656
-829615
-829580
-829564
-829546
-829539
-829530
-829521
-829515
-829510
-829496
-829488
-829469
-829460
-829413
-829408
-829306
-829276
-829263
-829258
-829247
-829245
-829233
-829222
-829211
-829211
-829208
-829191
-829188
-829170
-829145
-829139
-829111
-829110
-829071
-829048
-829041
-829027
-829006
-828982
-828933
-828927
-828920
-828906
-828891
-828876
-828876
-828874
-828857
-828854
-828842
-828839
-828835
-828818
-828814
-828740
-828737
-828726
-828723
-828699
-828689
-828687
-828642
-828614
-828582
-828558
-828542
-828526
-828496
-828457
-828425
-828394
-828369
-828345
-828304
-828300
-828232
-828199
-828187
-828170
-828165
-828161
-828160
-828117
-828094
-828093
-828065
-828049
-827909
-827896
-827856
-827843
-827804
-827772
-827700
-827681
-827667
-827646
-827632
-827612
-827557
-827545
-827506
-827501
-827489
-827458
-827450
-827444
-827419
-827409
-827392
-827348
-827286
-827282
-827262
-827218
-827175
-827139
-827111
-827107
-827064
-827061
-827051
-827047
-827041
-827039
-827009
-826953
-826925
-826924
-826923
-826904
-826886
-826881
-826847
-826828
-826815
-826813
-826808
-826780
-826754
-826728
-826713
-826681
-826674
-826626
-826622
-826607
-826589
-826578
-826563
-826532
-826502
-826498
-826487
-826470
-826463
-826427
-826427
-826415
-826394
-826384
-826376
-826366
-826365
-826346
-826334
-826303
-826297
-826246
-826235
-826231
-826215
-826196
-826187
-826174
-826172
-826151
-826124
-826108
-826082
-826080
-826073
-826061
-826060
-826047
-826014
-826005
-826004
-825958
-825946
-825920
-825898
-825877
-825862
-825842
-825841
-825801
-825797
-825776
-825757
-825750
-825742
-825595
-825586
-825537
-825534
-825533
-825529
-825490
-825488
-825483
-825481
-825435
-825375
-825367
-825296
-825294
-825270
-825230
-825186
-825182
-825158
-825158
-825146
-825125
-825104
-825095
-825071
-825066
-825044
-825040
-825023
-824983
-824974
-824971
-824965
-824903
-824870
-824815
-824808
-824791
-824784
-824767
-824735
-824723
-824714
-824706
-824702
-824696
-824688
-824648
-824647
-824642
-824629
-824622
-824608
-824595
-824591
-824585
-824562
-824555
-824542
-824528
-824520
-824516
-824512
-824462
-824415
-824411
-824400
-824394
-824339
-824295
-824272
-824263
-824258
-824253
-824250
-824221
-824207
-824195
-824166
-824164
-824156
-824152
-824131
-824128
-824123
-824105
-824101
-824086
-824029
-824009
-824009
-823997
-823980
-823974
-823950
-823941
-823929
-823924
-823902
-823898
-823895
-823859
-823853
-823826
-823797
-823795
-823783
-823754
-823745
-823737
-823733
-823712
-823703
-823702
-823626
-823586
-823572
-823568
-823560
-823540
-823533
-823517
-823487
-823482
-823439
-823431
-823426
-823422
-823371
-823326
-823321
-823306
-823300
-823297
-823295
-823284
-823265
-823236
-823231
-823208
-823162
-823154
-823150
-823120
-823114
-823101
-823096
-823080
-823058
-823057
-823046
-823033
-823005
-822991
-822987
-822937
-822898
-822880
-822842
-822835
-822821
-822781
-822773
-822772
-822771
-822771
-822758
-822744
-822733
-822707
-822686
-822668
-822660
-822660
-822643
-822638
-822632
-822594
-822589
-822490
-822461
-822445
-822405
-822364
-822314
-822305
-822256
-822210
-822197
-822164
-822159
-822137
-822086
-822082
-822070
-822063
-822060
-822051
-822041
-822033
-822008
-822000
-821961
-821940
-821935
-821904
-821885
-821866
-821850
-821834
-821828
-821820
-821811
-821811
-821794
-821780
-821757
-821751
-821732
-821723
-821712
-821682
-821669
-821627
-821603
-821593
-821560
-821560
-821553
-821534
-821506
-821501
-821486
-821432
-821411
-821368
-821364
-821344
-821343
-821309
-821303
-821294
-821271
-821269
-821251
-821244
-821231
-821219
-821199
-821174
-821172
-821164
-821158
-821149
-821149
-821131
-821113
-821091
-821089
-821063
-821024
-820975
-820972
-820915
-820908
-820898
-820868
-820855
-820843
-820842
-820819
-820807
-820798
-820788
-820763
-820724
-820717
-820694
-820694
-820683
-820645
-820637
-820629
-820597
-820581
-820565
-820563
-820547
-820528
-820527
-820521
-820507
-820496
-820447
-820441
-820365
-820351
-820291
-820280
-820200
-820167
-820111
-820081
-820040
-820026
-820015
-819981
-819920
-819910
-819909
-819889
-819884
-819872
-819859
-819855
-819812
-819802
-819799
-819776
-819743
-819705
-819660
-819658
-819636
-819635
-819632
-819590
-819561
-819507
-819506
-819487
-819454
-819446
-819445
-819437
-819426
-819423
-819418
-819408
-819405
-819390
-819377
-819343
-819310
-819306
-819292
-819291
-819288
-819266
-819232
-819184
-819153
-819135
-819124
-819111
-819099
-819072
-819052
-819052
-819031
-818951
-818931
-818915
-818890
-818862
-818854
-818851
-818846
-818827
-818824
-818822
-818797
-818776
-818740
-818709
-818694
-818673
-818668
-818662
-818652
-818622
-818621
-818619
-818616
-818604
-818598
-818593
-818592
-818574
-818561
-818534
-818472
-818437
-818419
-818407
-818395
-818319
-818317
-818307
-818295
-818287
-818285
-818253
-818232
-818221
-818216
-818196
-818190
-818166
-818125
-818099
-818078
-818078
-818063
-818039
-818038
-818014
-818008
-818005
-817992
-817955
-817910
-817874
-817856
-817827
-817824
-817809
-817802
-817794
-817788
-817738
-817732
-817730
-817708
-817690
-817653
-817649
-817631
-817630
-817625
-817618
-817611
-817595
-817579
-817577
-817571
-817556
-817473
-817441
-817410
-817372
-817334
-817332
-817331
-817319
-817286
-817197
-817162
-817116
-817095
-817076
-817072
-817031
-817029
-817022
-816969
-816925
-816910
-816884
-816864
-816851
-816784
-816772
-816748
-816743
-816727
-816682
-816670
-816664
-816609
-816609
-816565
-816539
-816515
-816513
-816505
-816505
-816460
-816396
-816354
-816320
-816302
-816300
-816298
-816297
-816295
-816279
-816259
-816246
-816176
-816140
-816140
-816119
-816115
-816110
-816096
-816087
-816065
-816047
-816039
-816031
-816021
-816006
-816004
-816000
-815965
-815962
-815937
-815935
-815905
-815903
-815888
-815874
-815873
-815868
-815866
-815840
-815799
-815793
-815784
-815763
-815753
-815742
-815720
-815719
-815719
-815718
-815704
-815672
-815672
-815672
-815663
-815654
-815642
-815592
-815589
-815578
-815558
-815535
-815529
-815498
-815497
-815437
-815423
-815422
-815400
-815399
-815398
-815379
-815365
-815363
-815363
-815352
-815311
-815311
-815275
-815234
-815218
-815214
-815205
-815175
-815168
-815166
-815156
-815151
-815141
-815122
-815117
-815095
-815069
-815057
-814997
-814996
-814995
-814986
-814973
-814955
-814947
-814920
-814893
-814892
-814862
-814727
-814710
-814695
-814683
-814682
-814560
-814557
-814554
-814514
-814512
-814509
-814494
-814479
-814436
-814422
-814418
-814410
-814405
-814387
-814360
-814344
-814313
-814270
-814248
-814243
-814239
-814202
-814186
-814149
-814144
-814064
-814055
-814043
-814017
-814016
-813981
-813975
-813933
-813933
-813903
-813864
-813818
-813781
-813778
-813749
-813729
-813696
-813678
-813659
-813657
-813651
-813642
-813635
-813607
-813602
-813570
-813533
-813526
-813500
-813488
-813432
-813413
-813412
-813369
-813355
-813330
-813329
-813286
-813212
-813204
-813166
-813100
-813095
-813067
-813027
-812990
-812976
-812943
-812929
-812906
-812894
-812886
-812885
-812871
-812859
-812797
-812788
-812782
-812764
-812746
-812723
-812676
-812628
-812615
-812591
-812484
-812468
-812466
-812463
-812450
-812443
-812401
-812361
-812344
-812342
-812329
-812315
-812304
-812278
-812278
-812261
-812260
-812252
-812252
-812243
-812224
-812218
-812177
-812139
-812028
-812021
-812018
-812017
-812014
-812006
-812005
-811959
-811954
-811919
-811875
-811850
-811802
-811794
-811756
-811719
-811708
-811708
-811658
-811624
-811613
-811594
-811581
-811568
-811516
-811515
-811483
-811474
-811456
-811435
-811431
-811420
-811403
-811399
-811392
-811374
-811369
-811344
-811339
-811320
-811307
-811307
-811299
-811295
-811289
-811244
-811202
-811199
-811190
-811188
-811185
-811169
-811152
-811122
-811114
-811103
-811098
-811078
-811006
-811000
-810977
-810952
-810951
-810948
-810937
-810911
-810906
-810876
-810865
-810865
-810856
-810840
-810828
-810819
-810762
-810746
-810746
-810733
-810727
-810712
-810689
-810663
-810661
-810656
-810650
-810626
-810603
-810600
-810590
-810561
-810543
-810504
-810446
-810430
-810393
-810352
-810328
-810322
-810314
-810310
-810270
-810238
-810228
-810224
-810182
-810172
-810146
-810139
-810131
-810116
-810066
-810034
-810007
-810007
-809993
-809962
-809936
-809927
-809881
-809868
-809866
-809850
-809826
-809823
-809820
-809817
-809801
-809792
-809751
-809746
-809730
-809718
-809696
-809683
-809673
-809669
-809657
-809615
-809563
-809534
-809526
-809509
-809497
-809494
-809480
-809471
-809470
-809465
-809393
-809350
-809342
-809317
-809256
-809197
-809147
-809131
-809113
-809095
-809093
-809091
-809084
-809062
-809053
-809043
-809034
-809031
-809030
-808981
-808979
-808972
-808970
-808967
-808955
-808946
-808944
-808939
-808930
-808895
-808884
-808884
-808861
-808855
-808843
-808813
-808786
-808768
-808751
-808747
-808735
-808733
-808730
-808707
-808704
-808678
-808673
-808651
-808650
-808640
-808580
-808543
-808538
-808528
-808486
-808461
-808456
-808436
-808433
-808398
-808382
-808378
-808371
-808363
-808347
-808326
-808309
-808300
-808297
-808280
-808266
-808221
-808202
-808189
-808178
-808104
-808056
-808039
-808013
-807997
-807993
-807936
-807906
-807877
-807843
-807823
-807810
-807807
-807801
-807798
-807731
-807705
-807686
-807675
-807674
-807615
-807611
-807565
-807526
-807519
-807502
-807501
-807483
-807463
-807458
-807445
-807419
-807414
-807371
-807358
-807351
-807311
-807301
-807258
-807230
-807219
-807194
-807187
-807171
-807151
-807131
-807126
-807113
-807083
-807040
-807033
-807031
-807027
-807005
-806985
-806958
-806951
-806951
-806909
-806879
-806872
-806865
-806865
-806859
-806852
-806850
-806815
-806796
-806792
-806726
-806712
-806673
-806641
-806633
-806626
-806596
-806593
-806560
-806557
-806542
-806532
-806532
-806524
-806524
-806520
-806497
-806489
-806445
-806444
-806440
-806432
-806414
-806396
-806394
-806379
-806343
-806341
-806290
-806226
-806206
-806206
-806182
-806168
-806160
-806143
-806132
-806132
-806119
-806057
-806055
-806052
-806001
-805991
-805983
-805941
-805915
-805891
-805874
-805862
-805819
-805797
-805795
-805769
-805742
-805701
-805700
-805684
-805679
-805678
-805653
-805624
-805607
-805576
-805563
-805547
-805521
-805518
-805486
-805476
-805465
-805449
-805437
-805424
-805416
-805395
-805388
-805383
-805383
-805380
-805374
-805353
-805336
-805318
-805249
-805248
-805245
-805238
-805209
-805194
-805187
-805093
-805089
-805081
-805074
-805066
-805017
-804974
-804974
-804969
-804967
-804943
-804910
-804889
-804859
-804846
-804839
-804827
-804808
-804792
-804786
-804767
-804757
-804745
-804738
-804718
-804703
-804691
-804659
-804639
-804621
-804612
-804585
-804560
-804552
-804546
-804540
-804539
-804511
-804509
-804509
-804496
-804452
-804449
-804419
-804400
-804390
-804386
-804351
-804347
-804253
-804205
-804190
-804165
-804153
-804143
-804140
-804129
-804121
-804071
-804046
-804018
-803986
-803984
-803975
-803923
-803905
-803848
-803780
-803765
-803721
-803714
-803711
-803704
-803682
-803680
-803667
-803662
-803654
-803649
-803632
-803595
-803573
-803539
-803480
-803474
-803474
-803473
-803466
-803416
-803399
-803389
-803374
-803358
-803337
-803321
-803306
-803260
-803236
-803217
-803179
-803143
-803136
-803132
-803108
-803083
-803075
-803073
-803022
-802975
-802964
-802963
-802956
-802893
-802868
-802864
-802863
-802838
-802822
-802749
-802708
-802706
-802703
-802703
-802699
-802691
-802675
-802673
-802663
-802646
-802645
-802642
-802574
-802568
-802560
-802559
-802550
-802518
-802487
-802484
-802455
-802397
-802374
-802352
-802339
-802310
-802295
-802250
-802239
-802237
-802231
-802198
-802190
-802173
-802120
-802112
-802060
-802057
-802007
-802004
-801984
-801964
-801950
-801948
-801917
-801880
-801871
-801848
-801845
-801844
-801838
-801820
-801780
-801765
-801753
-801712
-801706
-801684
-801677
-801662
-801658
-801655
-801649
-801597
-801597
-801593
-801591
-801575
-801555
-801550
-801530
-801508
-801506
-801484
-801454
-801439
-801408
-801405
-801391
-801383
-801377
-801373
-801358
-801351
-801342
-801336
-801305
-801230
-801211
-801209
-801202
-801128
-801127
-801108
-801103
-801073
-801064
-801053
-801038
-801025
-801004
-800965
-800956
-800948
-800936
-800917
-800914
-800895
-800887
-800877
-800877
-800864
-800859
-800858
-800853
-800845
-800823
-800811
-800795
-800777
-800768
-800768
-800721
-800721
-800697
-800650
-800634
-800584
-800550
-800541
-800530
-800518
-800511
-800471
-800461
-800389
-800358
-800338
-800318
-800313
-800270
-800253
-800241
-800217
-800206
-800204
-800193
-800175
-800148
-800126
-800119
-800104
-800099
-800086
-800081
-800073
-800070
-800041
-800022
-800018
-799980
-799968
-799938
-799931
-799912
-799868
-799860
-799819
-799770
-799770
-799751
-799713
-799697
-799680
-799678
-799597
-799565
-799559
-799550
-799513
-799511
-799500
-799488
-799475
-799288
-799270
-799262
-799247
-799242
-799222
-799215
-799198
-799162
-799109
-799076
-799059
-799047
-799023
-798990
-798983
-798930
-798913
-798898
-798888
-798865
-798861
-798816
-798816
-798765
-798704
-798703
-798667
-798629
-798620
-798598
-798592
-798571
-798566
-798565
-798553
-798552
-798548
-798497
-798459
-798457
-798416
-798409
-798401
-798365
-798346
-798298
-798292
-798287
-798241
-798239
-798217
-798216
-798213
-798202
-798187
-798183
-798163
-798155
-798142
-798133
-798098
-798063
-798038
-798031
-798002
-797996
-797988
-797987
-797916
-797910
-797865
-797846
-797843
-797841
-797836
-797831
-797828
-797816
-797812
-797802
-797789
-797784
-797784
-797783
-797773
-797756
-797736
-797721
-797703
-797695
-797634
-797628
-797606
-797587
-797570
-797561
-797548
-797512
-797476
-797471
-797446
-797443
-797437
-797370
-797356
-797353
-797332
-797322
-797298
-797283
-797253
-797234
-797228
-797224
-797219
-797209
-797185
-797174
-797171
-797149
-797088
-797044
-797036
-796993
-796982
-796957
-796934
-796925
-796916
-796914
-796881
-796815
-796779
-796763
-796749
-796731
-796726
-796713
-796703
-796700
-796668
-796626
-796600
-796584
-796527
-796497
-796466
-796428
-796423
-796418
-796376
-796376
-796358
-796354
-796348
-796344
-796343
-796340
-796339
-796320
-796315
-796305
-796304
-796280
-796252
-796245
-796245
-796226
-796186
-796184
-796175
-796150
-796145
-796137
-796129
-796128
-796112
-796064
-796056
-796035
-796033
-796033
-795983
-795949
-795891
-795886
-795872
-795840
-795814
-795781
-795774
-795767
-795758
-795747
-795714
-795698
-795690
-795671
-795668
-795666
-795660
-795652
-795605
-795578
-795573
-795551
-795536
-795534
-795531
-795518
-795506
-795502
-795483
-795478
-795474
-795463
-795441
-795439
-795406
-795403
-795378
-795365
-795348
-795348
-795312
-795309
-795263
-795249
-795228
-795216
-795213
-795205
-795191
-795176
-795175
-795115
-795114
-795103
-795100
-795096
-795096
-795086
-795085
-795077
-795047
-794962
-794925
-794819
-794722
-794707
-794705
-794663
-794648
-794637
-794634
-794601
-794593
-794480
-794415
-794397
-794363
-794349
-794345
-794345
-794317
-794299
-794289
-794257
-794230
-794155
-794110
-794056
-793989
-793985
-793983
-793982
-793949
-793912
-793909
-793891
-793844
-793818
-793816
-793755
-793718
-793712
-793686
-793685
-793683
-793681
-793678
-793631
-793616
-793576
-793563
-793543
-793538
-793529
-793472
-793471
-793420
-793412
-793408
-793370
-793360
-793330
-793329
-793316
-793311
-793287
-793280
-793222
-793213
-793192
-793189
-793179
-793171
-793155
-793100
-793095
-793074
-793070
-793035
-793012
-792988
-792957
-792947
-792927
-792925
-792890
-792888
-792882
-792851
-792817
-792760
-792756
-792745
-792739
-792702
-792686
-792660
-792645
-792641
-792620
-792609
-792554
-792504
-792484
-792459
-792435
-792414
-792407
-792403
-792401
-792387
-792383
-792353
-792329
-792305
-792295
-792294
-792286
-792238
-792231
-792209
-792202
-792187
-792157
-792103
-792031
-792020
-792003
-791990
-791986
-791986
-791923
-791898
-791891
-791873
-791830
-791821
-791812
-791786
-791784
-791780
-791772
-791769
-791733
-791704
-791697
-791677
-791664
-791625
-791604
-791603
-791568
-791554
-791519
-791491
-791480
-791443
-791437
-791400
-791396
-791366
-791297
-791297
-791239
-791238
-791209
-791199
-791173
-791166
-791131
-791130
-791069
-791063
-791062
-791058
-791055
-791053
-791005
-790991
-790947
-790936
-790929
-790925
-790922
-790915
-790892
-790886
-790836
-790799
-790765
-790762
-790759
-790709
-790703
-790693
-790686
-790682
-790625
-790580
-790570
-790563
-790557
-790546
-790530
-790441
-790423
-790422
-790375
-790358
-790315
-790310
-790276
-790260
-790252
-790252
-790239
-790224
-790224
-790149
-790131
-790119
-790059
-789990
-789964
-789963
-789961
-789917
-789917
-789909
-789907
-789835
-789835
-789789
-789784
-789757
-789753
-789752
-789688
-789669
-789655
-789562
-789539
-789539
-789536
-789531
-789522
-789493
-789460
-789378
-789347
-789330
-789320
-789307
-789305
-789280
-789250
-789244
-789224
-789193
-789145
-789106
-789090
-789080
-788990
-788975
-788926
-788917
-788916
-788913
-788895
-788877
-788874
-788870
-788869
-788840
-788785
-788770
-788750
-788703
-788701
-788688
-788673
-788670
-788601
-788600
-788583
-788574
-788565
-788560
-788544
-788504
-788490
-788423
-788420
-788412
-788411
-788388
-788363
-788351
-788321
-788307
-788304
-788297
-788202
-788198
-788173
-788153
-788150
-788132
-788128
-788127
-788121
-788098
-788083
-788080
-788078
-788038
-788026
-787928
-787907
-787884
-787851
-787849
-787830
-787820
-787803
-787793
-787782
-787759
-787712
-787684
-787627
-787606
-787586
-787585
-787581
-787575
-787568
-787526
-787512
-787510
-787497
-787479
-787457
-787456
-787447
-787391
-787384
-787367
-787357
-787348
-787346
-787329
-787322
-787293
-787262
-787243
-787205
-787184
-787161
-787156
-787120
-787098
-787088
-787078
-787057
-787049
-787042
-787033
-786961
-786904
-786903
-786865
-786856
-786838
-786834
-786834
-786833
-786823
-786809
-786775
-786711
-786710
-786690
-786689
-786657
-786643
-786640
-786630
-786619
-786604
-786593
-786526
-786521
-786494
-786448
-786421
-786392
-786391
-786320
-786303
-786290
-786286
-786231
-786231
-786208
-786203
-786200
-786163
-786156
-786155
-786126
-786107
-786105
-786099
-786088
-786071
-786071
-786019
-786001
-785962
-785951
-785946
-785939
-785906
-785890
-785848
-785820
-785804
-785792
-785779
-785776
-785769
-785753
-785742
-785735
-785733
-785725
-785724
-785709
-785695
-785623
-785580
-785574
-785563
-785556
-785530
-785528
-785432
-785385
-785367
-785358
-785312
-785308
-785291
-785271
-785271
-785267
-785177
-785155
-785131
-785091
-785029
-785005
-785003
-784997
-784996
-784978
-784974
-784966
-784945
-784934
-784933
-784926
-784919
-784904
-784899
-784875
-784870
-784850
-784848
-784832
-784824
-784822
-784822
-784817
-784732
-784725
-784656
-784650
-784613
-784607
-784593
-784590
-784547
-784531
-784503
-784488
-784482
-784476
-784464
-784420
-784398
-784397
-784347
-784336
-784324
-784298
-784281
-784225
-784195
-784148
-784147
-784124
-784120
-784096
-783988
-783980
-783976
-783926
-783922
-783880
-783839
-783836
-783823
-783820
-783777
-783756
-783746
-783728
-783717
-783709
-783652
-783626
-783612
-783585
-783583
-783566
-783558
-783531
-783465
-783430
-783422
-783408
-783363
-783347
-783347
-783305
-783290
-783250
-783232
-783230
-783222
-783216
-783205
-783202
-783187
-783153
-783143
-783131
-783124
-783116
-783114
-783068
-783024
-782995
-782977
-782944
-782915
-782901
-782871
-782860
-782860
-782853
-782841
-782830
-782800
-782791
-782766
-782752
-782747
-782741
-782704
-782691
-782684
-782626
-782614
-782590
-782584
-782582
-782573
-782524
-782495
-782492
-782470
-782454
-782452
-782425
-782422
-782411
-782406
-782372
-782366
-782341
-782338
-782307
-782292
-782239
-782229
-782212
-782198
-782184
-782183
-782177
-782161
-782143
-782129
-782082
-782074
-782059
-782024
-782011
-781992
-781976
-781963
-781924
-781920
-781872
-781866
-781856
-781842
-781831
-781804
-781804
-781802
-781790
-781784
-781737
-781721
-781704
-781649
-781619
-781597
-781588
-781581
-781543
-781519
-781479
-781451
-781445
-781410
-781408
-781385
-781370
-781368
-781356
-781327
-781307
-781307
-781279
-781196
-781176
-781150
-781118
-781108
-781092
-781090
-781087
-781068
-781032
-781026
-781013
-780977
-780954
-780952
-780948
-780927
-780916
-780911
-780891
-780879
-780848
-780835
-780823
-780813
-780788
-780747
-780746
-780727
-780725
-780696
-780689
-780659
-780640
-780634
-780628
-780600
-780594
-780581
-780569
-780549
-780526
-780517
-780483
-780448
-780447
-780430
-780409
-780366
-780334
-780317
-780289
-780244
-780236
-780211
-780208
-780184
-780170
-780168
-780158
-780141
-780074
-780066
-780057
-780053
-780053
-779995
-779972
-779970
-779963
-779929
-779890
-779885
-779837
-779827
-779796
-779786
-779784
-779765
-779753
-779737
-779732
-779730
-779720
-779713
-779645
-779644
-779569
-779567
-779521
-779519
-779515
-779510
-779485
-779470
-779446
-779436
-779392
-779346
-779267
-779241
-779229
-779186
-779171
-779165
-779160
-779096
-779092
-779080
-779051
-779031
-779026
-779020
-779014
-778987
-778958
-778934
-778919
-778910
-778895
-778840
-778787
-778785
-778783
-778758
-778692
-778692
-778688
-778685
-778671
-778665
-778639
-778639
-778626
-778613
-778576
-778572
-778571
-778522
-778488
-778471
-778469
-778468
-778452
-778398
-778335
-778311
-778266
-778264
-778247
-778213
-778176
-778164
-778125
-778087
-778048
-778040
-778013
-778011
-777992
-777956
-777948
-777947
-777943
-777938
-777925
-777916
-777908
-777893
-777879
-777878
-777874
-777828
-777741
-777735
-777695
-777663
-777659
-777625
-777614
-777566
-777536
-777502
-777492
-777480
-777467
-777466
-777390
-777383
-777372
-777372
-777345
-777329
-777302
-777280
-777238
-777210
-777209
-777175
-777166
-777142
-777105
-777077
-777073
-777000
-776985
-776971
-776914
-776907
-776894
-776880
-776871
-776842
-776817
-776809
-776806
-776805
-776775
-776768
-776706
-776683
-776644
-776633
-776610
-776560
-776542
-776516
-776381
-776357
-776356
-776355
-776354
-776350
-776341
-776339
-776310
-776307
-776295
-776237
-776225
-776197
-776175
-776153
-776133
-776116
-776084
-776083
-776080
-776041
-776018
-776007
-775989
-775974
-775973
-775969
-775953
-775929
-775917
-775895
-775885
-775833
-775825
-775814
-775812
-775796
-775795
-775772
-775764
-775671
-775670
-775667
-775642
-775638
-775554
-775553
-775535
-775512
-775419
-775405
-775396
-775381
-775364
-775339
-775336
-775313
-775309
-775268
-775213
-775183
-775178
-775157
-775155
-775132
-775122
-775114
-775106
-775084
-775050
-775044
-775036
-775023
-775020
-775012
-774959
-774957
-774956
-774917
-774910
-774904
-774898
-774889
-774864
-774845
-774839
-774832
-774817
-774814
-774811
-774792
-774779
-774772
-774702
-774682
-774655
-774646
-774644
-774612
-774578
-774565
-774547
-774545
-774544
-774535
-774532
-774511
-774440
-774430
-774415
-774387
-774377
-774339
-774332
-774330
-774310
-774305
-774280
-774279
-774251
-774246
-774224
-774211
-774200
-774196
-774158
-774120
-774119
-774107
-774067
-774064
-774040
-774038
-774031
-773960
-773957
-773952
-773939
-773916
-773911
-773894
-773890
-773883
-773824
-773822
-773793
-773782
-773740
-773720
-773715
-773708
-773635
-773618
-773615
-773611
-773590
-773559
-773549
-773537
-773536
-773530
-773524
-773514
-773506
-773506
-773487
-773479
-773448
-773391
-773369
-773366
-773337
-773298
-773296
-773278
-773276
-773270
-773268
-773267
-773244
-773241
-773187
-773185
-773172
-773154
-773144
-773100
-773055
-773052
-773010
-772999
-772999
-772991
-772971
-772952
-772934
-772868
-772867
-772862
-772857
-772789
-772773
-772750
-772741
-772736
-772723
-772719
-772717
-772715
-772698
-772674
-772619
-772592
-772582
-772572
-772564
-772555
-772536
-772529
-772528
-772508
-772494
-772456
-772408
-772388
-772380
-772362
-772354
-772346
-772338
-772290
-772285
-772281
-772254
-772253
-772247
-772245
-772229
-772214
-772169
-772162
-772160
-772151
-772142
-772134
-772131
-772105
-772099
-772052
-772024
-771976
-771971
-771947
-771931
-771927
-771910
-771881
-771846
-771830
-771806
-771802
-771764
-771757
-771694
-771676
-771668
-771663
-771655
-771646
-771644
-771622
-771617
-771609
-771597
-771588
-771583
-771583
-771563
-771538
-771522
-771499
-771474
-771458
-771452
-771449
-771436
-771390
-771366
-771354
-771345
-771336
-771320
-771311
-771311
-771287
-771263
-771245
-771222
-771217
-771199
-771191
-771145
-771110
-771099
-771053
-771049
-770997
-770958
-770938
-770882
-770873
-770869
-770855
-770771
-770757
-770749
-770726
-770720
-770714
-770697
-770682
-770677
-770665
-770648
-770625
-770623
-770614
-770613
-770609
-770579
-770563
-770557
-770522
-770497
-770488
-770469
-770454
-770433
-770414
-770413
-770402
-770361
-770319
-770312
-770299
-770298
-770239
-770232
-770230
-770221
-770215
-770209
-770200
-770164
-770161
-770129
-770112
-770096
-770044
-770035
-770029
-769982
-769975
-769972
-769958
-769955
-769953
-769950
-769944
-769894
-769882
-769846
-769824
-769817
-769815
-769814
-769805
-769795
-769795
-769781
-769767
-769764
-769754
-769696
-769686
-769685
-769662
-769654
-769645
-769633
-769630
-769551
-769546
-769503
-769488
-769487
-769478
-769432
-769420
-769413
-769413
-769359
-769352
-769327
-769310
-769285
-769279
-769276
-769246
-769206
-769204
-769173
-769164
-769158
-769116
-769097
-769028
-768925
-768894
-768894
-768868
-768868
-768864
-768855
-768849
-768830
-768804
-768804
-768756
-768722
-768720
-768703
-768671
-768670
-768662
-768615
-768590
-768573
-768573
-768534
-768518
-768498
-768498
-768480
-768477
-768397
-768376
-768359
-768357
-768345
-768305
-768289
-768254
-768233
-768202
-768187
-768164
-768157
-768111
-768109
-768071
-768056
-768021
-768000
-767994
-767967
-767915
-767900
-767888
-767886
-767766
-767725
-767714
-767635
-767630
-767622
-767590
-767547
-767512
-767493
-767484
-767355
-767315
-767228
-767181
-767129
-767125
-767068
-767062
-767042
-767018
-766997
-766990
-766971
-766946
-766944
-766938
-766926
-766896
-766888
-766876
-766855
-766806
-766798
-766790
-766765
-766753
-766733
-766699
-766654
-766646
-766606
-766601
-766598
-766581
-766568
-766553
-766548
-766547
-766545
-766540
-766493
-766451
-766421
-766389
-766379
-766354
-766353
-766347
-766302
-766284
-766226
-766183
-766168
-766162
-766144
-766086
-766080
-766074
-766062
-766049
-766018
-766006
-765946
-765945
-765943
-765928
-765922
-765922
-765911
-765825
-765824
-765761
-765752
-765726
-765665
-765642
-765626
-765621
-765587
-765582
-765563
-765506
-765501
-765435
-765404
-765340
-765336
-765277
-765276
-765260
-765250
-765236
-765235
-765235
-765208
-765205
-765194
-765160
-765144
-765077
-765045
-765037
-765027
-765008
-764862
-764845
-764788
-764684
-764664
-764645
-764633
-764632
-764630
-764628
-764623
-764618
-764601
-764579
-764576
-764561
-764546
-764528
-764505
-764502
-764465
-764454
-764421
-764414
-764387
-764371
-764322
-764303
-764297
-764293
-764291
-764259
-764255
-764251
-764210
-764210
-764209
-764207
-764198
-764195
-764177
-764173
-764171
-764149
-764128
-764126
-764122
-764119
-764111
-764092
-764084
-764014
-763953
-763941
-763933
-763815
-763812
-763783
-763772
-763767
-763694
-763666
-763651
-763632
-763603
-763584
-763580
-763558
-763554
-763526
-763514
-763503
-763500
-763464
-763460
-763439
-763413
-763392
-763335
-763334
-763322
-763301
-763296
-763284
-763229
-763219
-763189
-763184
-763166
-763139
-763128
-763107
-763067
-763066
-763031
-763016
-762960
-762891
-762835
-762781
-762764
-762756
-762724
-762680
-762640
-762616
-762606
-762569
-762555
-762480
-762355
-762354
-762314
-762299
-762259
-762237
-762208
-762199
-762188
-762152
-762144
-762124
-762086
-762027
-761950
-761942
-761938
-761913
-761897
-761893
-761863
-761856
-761829
-761825
-761787
-761676
-761675
-761652
-761643
-761626
-761608
-761598
-761576
-761560
-761558
-761502
-761419
-761389
-761383
-761374
-761369
-761360
-761358
-761354
-761348
-761346
-761310
-761277
-761272
-761255
-761254
-761254
-761244
-761219
-761216
-761182
-761181
-761158
-761135
-761069
-761038
-760998
-760926
-760912
-760908
-760902
-760871
-760825
-760823
-760811
-760801
-760737
-760728
-760705
-760689
-760647
-760640
-760578
-760571
-760533
-760519
-760518
-760512
-760484
-760452
-760408
-760393
-760365
-760347
-760330
-760327
-760319
-760293
-760271
-760270
-760254
-760228
-760206
-760190
-760184
-760158
-760157
-760130
-760114
-760107
-760106
-760083
-760068
-760064
-760063
-760049
-760033
-760031
-760024
-759991
-759987
-759977
-759964
-759928
-759917
-759914
-759858
-759858
-759855
-759855
-759833
-759832
-759828
-759815
-759794
-759744
-759727
-759726
-759704
-759673
-759657
-759620
-759609
-759587
-759571
-759569
-759564
-759543
-759536
-759482
-759480
-759474
-759465
-759460
-759450
-759450
-759446
-759379
-759358
-759354
-759331
-759329
-759329
-759302
-759300
-759286
-759280
-759277
-759264
-759251
-759226
-759211
-759172
-759111
-759105
-759101
-759091
-759084
-759074
-759050
-759047
-759046
-759030
-759028
-758986
-758971
-758959
-758957
-758945
-758942
-758910
-758908
-758894
-758891
-758888
-758775
-758767
-758767
-758728
-758677
-758674
-758666
-758653
-758643
-758638
-758623
-758592
-758590
-758577
-758564
-758535
-758522
-758467
-758464
-758442
-758405
-758382
-758363
-758344
-758339
-758338
-758308
-758301
-758300
-758272
-758264
-758245
-758243
-758229
-758211
-758204
-758204
-758176
-758173
-758152
-758145
-758124
-758122
-758102
-758083
-758078
-758066
-758041
-758039
-758032
-758025
-758007
-757995
-757942
-757942
-757937
-757933
-757923
-757887
-757798
-757793
-757763
-757742
-757740
-757730
-757704
-757702
-757629
-757611
-757595
-757571
-757568
-757566
-757555
-757486
-757465
-757463
-757457
-757442
-757440
-757425
-757408
-757395
-757391
-757379
-757331
-757324
-757320
-757300
-757286
-757251
-757233
-757195
-757175
-757102
-757075
-757069
-757066
-757062
-757038
-757009
-756970
-756927
-756915
-756906
-756867
-756860
-756828
-756783
-756769
-756756
-756741
-756715
-756711
-756706
-756702
-756693
-756659
-756651
-756650
-756618
-756606
-756585
-756570
-756524
-756499
-756465
-756460
-756431
-756426
-756410
-756405
-756394
-756369
-756346
-756342
-756280
-756221
-756214
-756206
-756181
-756176
-756144
-756141
-756100
-756095
-756056
-756015
-756008
-755976
-755890
-755874
-755867
-755837
-755816
-755814
-755799
-755784
-755777
-755735
-755721
-755719
-755692
-755685
-755658
-755653
-755618
-755604
-755599
-755556
-755510
-755500
-755487
-755413
-755396
-755387
-755386
-755376
-755367
-755364
-755358
-755345
-755319
-755307
-755289
-755276
-755234
-755178
-755172
-755163
-755156
-755152
-755140
-755112
-755071
-755053
-755009
-755004
-754986
-754962
-754958
-754864
-754844
-754812
-754811
-754797
-754780
-754771
-754762
-754741
-754702
-754697
-754694
-754668
-754648
-754640
-754583
-754579
-754497
-754432
-754428
-754362
-754323
-754317
-754309
-754299
-754260
-754257
-754196
-754179
-754163
-754107
-754105
-754078
-754074
-754072
-754069
-754058
-754047
-754037
-754034
-754024
-754011
-753934
-753929
-753858
-753858
-753842
-753834
-753799
-753795
-753770
-753770
-753747
-753699
-753699
-753694
-753673
-753670
-753665
-753660
-753634
-753615
-753591
-753577
-753570
-753558
-753515
-753511
-753494
-753434
-753430
-753407
-753378
-753338
-753310
-753309
-753286
-753261
-753244
-753238
-753236
-753233
-753226
-753202
-753192
-753174
-753169
-753160
-753144
-753129
-753096
-753094
-753074
-753056
-753029
-753025
-752990
-752945
-752906
-752869
-752860
-752849
-752844
-752840
-752811
-752810
-752803
-752749
-752709
-752709
-752688
-752683
-752638
-752614
-752587
-752547
-752477
-752468
-752428
-752428
-752426
-752377
-752354
-752331
-752295
-752241
-752222
-752198
-752192
-752188
-752174
-752153
-752147
-752132
-752125
-752114
-752094
-752085
-752083
-752080
-752027
-752006
-751985
-751960
-751936
-751933
-751933
-751928
-751924
-751901
-751897
-751875
-751850
-751850
-751846
-751803
-751757
-751751
-751727
-751691
-751669
-751668
-751658
-751654
-751653
-751653
-751630
-751622
-751581
-751555
-751514
-751513
-751501
-751471
-751458
-751438
-751420
-751417
-751395
-751390
-751377
-751341
-751335
-751291
-751211
-751200
-751175
-751137
-751120
-751117
-751103
-751087
-751081
-751051
-751043
-751041
-751028
-750995
-750963
-750909
-750905
-750894
-750855
-750851
-750840
-750800
-750682
-750677
-750625
-750616
-750608
-750600
-750585
-750583
-750580
-750528
-750522
-750504
-750489
-750481
-750474
-750466
-750464
-750452
-750441
-750440
-750429
-750422
-750381
-750379
-750359
-750354
-750345
-750308
-750286
-750282
-750272
-750270
-750257
-750251
-750250
-750214
-750207
-750156
-750154
-750137
-750129
-750116
-750109
-750058
-750051
-750038
-750035
-750018
-750006
-749945
-749938
-749931
-749914
-749893
-749884
-749826
-749796
-749795
-749776
-749767
-749724
-749716
-749676
-749655
-749649
-749621
-749604
-749563
-749551
-749529
-749529
-749511
-749504
-749500
-749499
-749497
-749470
-749431
-749417
-749333
-749307
-749302
-749274
-749267
-749258
-749205
-749203
-749202
-749200
-749196
-749180
-749165
-749165
-749162
-749131
-749130
-749125
-749104
-749080
-749032
-749031
-749004
-748998
-748990
-748989
-748982
-748941
-748927
-748838
-748836
-748823
-748817
-748809
-748787
-748785
-748776
-748772
-748766
-748759
-748750
-748734
-748729
-748719
-748705
-748687
-748678
-748631
-748623
-748588
-748569
-748523
-748515
-748511
-748510
-748509
-748475
-748472
-748464
-748451
-748444
-748389
-748360
-748360
-748332
-748325
-748314
-748278
-748255
-748249
-748243
-748224
-748196
-748187
-748145
-748143
-748105
-748074
-748073
-748024
-748004
-747978
-747955
-747943
-747933
-747907
-747889
-747872
-747869
-747847
-747805
-747728
-747686
-747684
-747679
-747664
-747660
-747655
-747636
-747621
-747589
-747579
-747550
-747543
-747536
-747456
-747428
-747408
-747401
-747400
-747380
-747234
-747207
-747183
-747143
-747129
-747122
-747122
-747108
-747094
-747047
-747032
-746980
-746963
-746950
-746894
-746884
-746836
-746829
-746817
-746810
-746803
-746801
-746791
-746787
-746760
-746760
-746757
-746697
-746690
-746678
-746655
-746612
-746579
-746567
-746567
-746537
-746522
-746507
-746504
-746487
-746455
-746448
-746400
-746393
-746367
-746360
-746335
-746322
-746297
-746213
-746164
-746164
-746149
-746128
-746014
-745996
-745986
-745976
-745953
-745869
-745866
-745824
-745823
-745799
-745798
-745782
-745769
-745769
-745765
-745764
-745760
-745741
-745722
-745712
-745698
-745687
-745674
-745660
-745575
-745562
-745528
-745516
-745497
-745476
-745437
-745432
-745401
-745393
-745369
-745366
-745365
-745349
-745322
-745268
-745253
-745169
-745167
-745160
-745149
-745134
-745093
-745073
-745066
-745064
-745041
-745033
-745015
-745013
-744991
-744987
-744968
-744942
-744938
-744908
-744881
-744868
-744830
-744764
-744752
-744709
-744704
-744693
-744686
-744675
-744641
-744635
-744621
-744532
-744453
-744419
-744417
-744306
-744277
-744274
-744251
-744242
-744224
-744217
-744209
-744201
-744108
-744092
-744059
-744044
-744028
-743981
-743972
-743961
-743944
-743931
-743926
-743909
-743879
-743867
-743801
-743768
-743747
-743700
-743672
-743666
-743632
-743629
-743593
-743572
-743570
-743566
-743545
-743539
-743457
-743456
-743431
-743413
-743407
-743363
-743349
-743341
-743331
-743315
-743280
-743254
-743247
-743243
-743211
-743166
-743154
-743151
-743116
-743099
-743064
-743060
-743040
-743007
-743007
-742995
-742973
-742959
-742929
-742905
-742898
-742895
-742880
-742857
-742843
-742800
-742794
-742774
-742765
-742764
-742750
-742731
-742720
-742709
-742702
-742679
-742663
-742630
-742604
-742595
-742582
-742574
-742489
-742459
-742437
-742412
-742410
-742402
-742390
-742388
-742368
-742347
-742344
-742339
-742286
-742276
-742253
-742243
-742240
-742225
-742217
-742194
-742181
-742151
-742139
-742136
-742123
-742121
-742121
-742116
-742111
-742045
-742036
-742026
-742024
-741991
-741967
-741965
-741954
-741942
-741924
-741917
-741892
-741877
-741870
-741842
-741838
-741779
-741721
-741676
-741662
-741654
-741620
-741610
-741609
-741606
-741590
-741587
-741540
-741536
-741524
-741518
-741515
-741506
-741499
-741493
-741454
-741441
-741435
-741403
-741385
-741383
-741372
-741341
-741316
-741243
-741236
-741143
-741135
-741081
-741079
-741049
-741018
-741010
-740973
-740971
-740961
-740909
-740903
-740879
-740834
-740829
-740806
-740792
-740790
-740752
-740731
-740723
-740714
-740663
-740609
-740603
-740557
-740556
-740495
-740463
-740455
-740424
-740367
-740320
-740274
-740262
-740249
-740239
-740237
-740208
-740166
-740162
-740133
-740120
-740120
-740108
-740051
-739984
-739902
-739902
-739889
-739885
-739862
-739849
-739846
-739843
-739811
-739807
-739792
-739710
-739679
-739677
-739656
-739636
-739636
-739599
-739567
-739564
-739512
-739502
-739499
-739493
-739492
-739488
-739482
-739459
-739446
-739443
-739430
-739385
-739377
-739359
-739336
-739330
-739304
-739290
-739288
-739276
-739258
-739255
-739251
-739209
-739183
-739159
-739147
-739135
-739089
-739076
-739068
-739061
-739023
-738991
-738950
-738919
-738918
-738853
-738833
-738830
-738795
-738791
-738712
-738658
-738651
-738636
-738585
-738547
-738533
-738475
-738429
-738426
-738421
-738411
-738411
-738409
-738388
-738326
-738317
-738315
-738312
-738300
-738237
-738225
-738171
-738152
-738131
-738106
-738094
-738089
-738078
-738078
-738057
-738046
-737976
-737971
-737953
-737926
-737873
-737863
-737848
-737800
-737767
-737739
-737738
-737677
-737670
-737662
-737621
-737600
-737599
-737574
-737570
-737546
-737545
-737519
-737503
-737444
-737440
-737416
-737409
-737384
-737380
-737356
-737314
-737312
-737308
-737283
-737203
-737197
-737192
-737146
-737139
-737130
-737107
-737093
-737049
-737017
-737017
-737016
-736998
-736993
-736982
-736973
-736970
-736968
-736888
-736887
-736878
-736868
-736866
-736857
-736857
-736845
-736838
-736837
-736826
-736797
-736796
-736755
-736710
-736698
-736690
-736685
-736678
-736659
-736634
-736619
-736489
-736428
-736425
-736415
-736401
-736350
-736339
-736322
-736304
-736283
-736278
-736273
-736262
-736244
-736239
-736221
-736212
-736155
-736152
-736122
-736052
-736047
-736032
-736026
-736020
-735968
-735961
-735886
-735881
-735874
-735863
-735824
-735819
-735800
-735788
-735786
-735776
-735748
-735740
-735740
-735733
-735728
-735693
-735660
-735649
-735620
-735617
-735601
-735587
-735570
-735564
-735520
-735483
-735476
-735436
-735434
-735425
-735405
-735386
-735384
-735368
-735361
-735350
-735326
-735324
-735310
-735287
-735285
-735228
-735224
-735159
-735116
-735113
-735107
-735076
-735061
-734961
-734952
-734885
-734845
-734834
-734795
-734787
-734757
-734701
-734692
-734692
-734664
-734655
-734613
-734599
-734546
-734522
-734486
-734450
-734430
-734419
-734389
-734365
-734355
-734318
-734264
-734252
-734237
-734226
-734191
-734149
-734069
-734056
-734055
-734047
-734046
-733977
-733959
-733940
-733879
-733862
-733850
-733847
-733785
-733784
-733769
-733734
-733698
-733669
-733652
-733652
-733639
-733599
-733568
-733542
-733542
-733507
-733445
-733441
-733437
-733435
-733390
-733379
-733374
-733339
-733321
-733294
-733292
-733268
-733254
-733233
-733222
-733180
-733178
-733166
-733163
-733123
-733117
-733040
-732989
-732955
-732951
-732949
-732943
-732933
-732906
-732886
-732837
-732822
-732810
-732794
-732788
-732736
-732735
-732662
-732662
-732640
-732599
-732591
-732571
-732531
-732529
-732521
-732500
-732496
-732468
-732463
-732445
-732442
-732432
-732415
-732406
-732399
-732380
-732357
-732331
-732320
-732318
-732288
-732282
-732257
-732246
-732234
-732224
-732215
-732160
-732128
-732117
-732082
-732056
-732055
-732039
-732022
-732021
-731989
-731968
-731898
-731896
-731894
-731892
-731838
-731828
-731824
-731774
-731765
-731740
-731716
-731706
-731690
-731681
-731678
-731658
-731645
-731636
-731631
-731620
-731615
-731604
-731602
-731583
-731561
-731547
-731489
-731478
-731466
-731464
-731462
-731458
-731444
-731397
-731396
-731384
-731357
-731355
-731347
-731344
-731325
-731284
-731249
-731240
-731232
-731226
-731226
-731182
-731166
-731156
-731122
-731110
-731109
-731095
-731078
-731076
-731073
-731055
-731032
-731024
-730962
-730909
-730864
-730862
-730828
-730777
-730732
-730724
-730693
-730689
-730624
-730621
-730592
-730588
-730586
-730552
-730548
-730526
-730514
-730507
-730478
-730476
-730463
-730424
-730423
-730399
-730392
-730383
-730375
-730374
-730364
-730337
-730331
-730300
-730290
-730274
-730246
-730241
-730238
-730171
-730169
-730164
-730150
-730146
-730145
-730102
-730080
-730064
-730021
-730020
-730007
-730004
-729944
-729927
-729856
-729838
-729815
-729802
-729774
-729754
-729734
-729684
-729656
-729645
-729636
-729612
-729580
-729562
-729543
-729538
-729534
-729524
-729522
-729520
-729507
-729496
-729479
-729460
-729452
-729429
-729404
-729354
-729296
-729274
-729255
-729251
-729192
-729190
-729151
-729125
-729099
-729035
-729027
-728998
-728997
-728974
-728956
-728912
-728870
-728870
-728866
-728863
-728863
-728847
-728811
-728801
-728758
-728702
-728694
-728673
-728673
-728645
-728637
-728635
-728627
-728586
-728574
-728561
-728557
-728551
-728535
-728530
-728527
-728502
-728498
-728449
-728426
-728413
-728372
-728326
-728301
-728264
-728202
-728185
-728125
-728124
-728119
-728114
-728097
-728073
-728064
-728057
-727991
-727980
-727956
-727936
-727932
-727920
-727901
-727890
-727844
-727842
-727795
-727779
-727764
-727759
-727749
-727723
-727672
-727610
-727597
-727594
-727590
-727544
-727505
-727470
-727461
-727403
-727395
-727386
-727261
-727259
-727252
-727244
-727189
-727186
-727149
-727136
-727121
-727104
-727085
-727060
-727043
-727038
-726983
-726965
-726922
-726914
-726902
-726901
-726897
-726895
-726891
-726883
-726878
-726869
-726868
-726865
-726810
-726801
-726794
-726780
-726753
-726716
-726705
-726700
-726664
-726638
-726617
-726599
-726597
-726588
-726581
-726566
-726547
-726545
-726542
-726533
-726526
-726521
-726518
-726482
-726481
-726463
-726454
-726451
-726449
-726439
-726437
-726434
-726431
-726425
-726424
-726404
-726339
-726334
-726325
-726316
-726286
-726260
-726250
-726231
-726193
-726191
-726191
-726171
-726150
-726141
-726126
-726105
-726104
-726087
-726044
-726038
-726016
-726008
-725989
-725967
-725941
-725929
-725914
-725885
-725879
-725838
-725813
-725787
-725770
-725765
-725751
-725746
-725742
-725722
-725701
-725699
-725690
-725682
-725670
-725653
-725618
-725612
-725608
-725600
-725576
-725561
-725540
-725538
-725537
-725507
-725506
-725462
-725459
-725454
-725451
-725435
-725424
-725416
-725398
-725362
-725355
-725329
-725327
-725315
-725307
-725281
-725279
-725266
-725247
-725179
-725166
-725165
-725165
-725161
-725158
-725148
-725130
-725118
-725111
-725088
-724999
-724878
-724872
-724851
-724835
-724803
-724784
-724768
-724719
-724677
-724673
-724659
-724638
-724589
-724573
-724551
-724547
-724505
-724490
-724387
-724375
-724349
-724340
-724305
-724282
-724273
-724258
-724220
-724218
-724214
-724201
-724197
-724179
-724089
-724056
-724000
-723991
-723929
-723926
-723907
-723906
-723882
-723870
-723852
-723850
-723846
-723802
-723783
-723708
-723677
-723677
-723669
-723657
-723639
-723606
-723597
-723575
-723564
-723557
-723529
-723508
-723499
-723493
-723479
-723468
-723460
-723389
-723322
-723270
-723251
-723238
-723231
-723219
-723189
-723168
-723162
-723155
-723124
-723093
-723082
-723065
-723060
-723040
-723029
-723026
-723025
-723014
-723004
-722896
-722855
-722845
-722843
-722811
-722804
-722804
-722802
-722796
-722790
-722776
-722758
-722739
-722720
-722709
-722690
-722682
-722647
-722647
-722644
-722608
-722593
-722553
-722521
-722519
-722516
-722511
-722498
-722397
-722371
-722360
-722342
-722276
-722246
-722243
-722240
-722235
-722234
-722231
-722191
-722180
-722140
-722110
-722089
-722085
-722062
-722060
-722046
-722032
-721987
-721974
-721864
-721859
-721851
-721837
-721834
-721830
-721823
-721810
-721793
-721792
-721774
-721728
-721708
-721701
-721701
-721669
-721660
-721654
-721611
-721583
-721567
-721556
-721540
-721466
-721453
-721415
-721356
-721351
-721346
-721322
-721295
-721270
-721258
-721232
-721201
-721193
-721192
-721148
-721134
-721104
-721073
-721059
-721035
-721008
-720986
-720923
-720899
-720873
-720865
-720842
-720825
-720802
-720785
-720766
-720764
-720714
-720684
-720669
-720649
-720636
-720624
-720486
-720482
-720479
-720468
-720450
-720447
-720368
-720355
-720352
-720341
-720324
-720308
-720284
-720269
-720232
-720231
-720219
-720192
-720182
-720178
-720172
-720153
-720141
-720141
-720135
-720130
-720108
-720091
-720082
-720056
-720041
-719993
-719989
-719965
-719940
-719938
-719930
-719916
-719905
-719889
-719885
-719880
-719879
-719860
-719844
-719838
-719787
-719782
-719760
-719720
-719676
-719632
-719572
-719561
-719537
-719531
-719351
-719304
-719209
-719196
-719186
-719181
-719179
-719141
-719123
-719112
-719071
-719063
-719058
-719004
-718945
-718924
-718878
-718855
-718850
-718849
-718800
-718781
-718780
-718755
-718738
-718719
-718698
-718692
-718690
-718690
-718676
-718661
-718643
-718605
-718604
-718593
-718480
-718477
-718438
-718427
-718403
-718359
-718281
-718279
-718277
-718277
-718274
-718273
-718243
-718217
-718215
-718136
-718130
-718124
-718099
-718075
-718073
-718004
-717975
-717928
-717903
-717866
-717824
-717822
-717815
-717812
-717786
-717773
-717772
-717751
-717747
-717726
-717709
-717696
-717693
-717683
-717682
-717672
-717645
-717622
-717618
-717590
-717572
-717566
-717565
-717550
-717531
-717514
-717507
-717499
-717483
-717471
-717448
-717418
-717396
-717393
-717390
-717389
-717316
-717310
-717304
-717292
-717288
-717284
-717284
-717279
-717264
-717261
-717260
-717249
-717237
-717236
-717221
-717217
-717196
-717189
-717174
-717171
-717156
-717094
-717082
-717064
-717060
-717050
-716994
-716984
-716980
-716978
-716978
-716972
-716966
-716936
-716935
-716915
-716888
-716872
-716864
-716809
-716801
-716775
-716712
-716711
-716697
-716640
-716638
-716635
-716625
-716580
-716564
-716560
-716557
-716551
-716484
-716483
-716440
-716436
-716417
-716396
-716380
-716361
-716349
-716293
-716271
-716210
-716204
-716184
-716162
-716148
-716131
-716064
-716058
-716046
-716033
-716025
-716022
-716016
-715997
-715997
-715944
-715927
-715923
-715919
-715909
-715890
-715864
-715852
-715841
-715818
-715806
-715796
-715791
-715780
-715779
-715776
-715743
-715743
-715717
-715690
-715687
-715668
-715660
-715617
-715612
-715608
-715605
-715592
-715591
-715588
-715545
-715544
-715540
-715535
-715528
-715523
-715512
-715478
-715473
-715472
-715458
-715448
-715435
-715420
-715405
-715401
-715399
-715394
-715373
-715362
-715315
-715305
-715275
-715249
-715247
-715222
-715207
-715206
-715201
-715191
-715185
-715136
-715095
-715016
-715009
-715005
-714993
-714982
-714965
-714959
-714953
-714952
-714947
-714944
-714931
-714906
-714904
-714902
-714897
-714888
-714850
-714847
-714835
-714789
-714783
-714752
-714720
-714694
-714688
-714664
-714655
-714655
-714638
-714616
-714606
-714602
-714517
-714469
-714457
-714343
-714340
-714294
-714255
-714229
-714223
-714217
-714209
-714208
-714186
-714176
-714136
-714104
-714067
-714039
-713980
-713908
-713899
-713898
-713890
-713870
-713870
-713868
-713861
-713829
-713812
-713803
-713788
-713746
-713745
-713743
-713741
-713728
-713698
-713672
-713670
-713653
-713611
-713576
-713566
-713548
-713507
-713467
-713448
-713427
-713426
-713416
-713385
-713384
-713348
-713338
-713328
-713303
-713288
-713287
-713260
-713247
-713199
-713124
-713097
-713076
-713075
-713057
-713048
-713012
-713006
-713006
-712992
-712955
-712950
-712897
-712892
-712872
-712846
-712844
-712841
-712825
-712785
-712767
-712759
-712752
-712722
-712691
-712657
-712653
-712648
-712633
-712631
-712601
-712575
-712572
-712491
-712481
-712473
-712466
-712456
-712440
-712395
-712374
-712348
-712339
-712312
-712307
-712306
-712298
-712289
-712289
-712288
-712284
-712224
-712221
-712199
-712197
-712161
-712131
-712122
-712106
-712088
-712067
-712052
-712042
-712037
-712036
-712029
-712028
-712022
-711940
-711934
-711923
-711897
-711857
-711850
-711844
-711799
-711761
-711761
-711759
-711752
-711749
-711745
-711741
-711740
-711740
-711718
-711693
-711660
-711653
-711637
-711625
-711622
-711603
-711603
-711586
-711560
-711537
-711502
-711488
-711446
-711443
-711427
-711403
-711402
-711395
-711389
-711378
-711369
-711343
-711329
-711321
-711307
-711305
-711304
-711303
-711285
-711255
-711239
-711229
-711170
-711165
-711164
-711157
-711112
-711100
-711070
-711067
-711053
-711009
-711005
-710999
-710975
-710974
-710900
-710896
-710845
-710821
-710811
-710804
-710786
-710781
-710759
-710752
-710738
-710717
-710714
-710693
-710685
-710669
-710629
-710626
-710623
-710592
-710578
-710534
-710525
-710520
-710514
-710507
-710505
-710455
-710451
-710438
-710437
-710427
-710365
-710345
-710331
-710327
-710325
-710319
-710306
-710305
-710305
-710302
-710292
-710263
-710250
-710249
-710240
-710237
-710214
-710210
-710188
-710158
-710150
-710074
-710062
-710047
-710041
-710026
-709999
-709967
-709947
-709924
-709912
-709888
-709882
-709867
-709845
-709840
-709774
-709774
-709745
-709712
-709682
-709675
-709659
-709643
-709612
-709605
-709599
-709575
-709567
-709537
-709523
-709507
-709469
-709424
-709411
-709408
-709404
-709388
-709381
-709370
-709327
-709263
-709259
-709250
-709225
-709220
-709218
-709206
-709206
-709174
-709168
-709116
-709074
-709070
-709005
-708996
-708974
-708957
-708938
-708918
-708907
-708892
-708872
-708855
-708842
-708839
-708780
-708767
-708739
-708739
-708713
-708585
-708576
-708575
-708509
-708426
-708420
-708414
-708399
-708398
-708369
-708360
-708308
-708262
-708240
-708226
-708215
-708208
-708204
-708204
-708186
-708171
-708169
-708162
-708159
-708141
-708109
-708098
-708093
-708015
-707979
-707938
-707907
-707896
-707868
-707854
-707847
-707826
-707809
-707790
-707761
-707740
-707740
-707732
-707693
-707679
-707671
-707655
-707605
-707598
-707596
-707530
-707522
-707468
-707452
-707451
-707424
-707423
-707403
-707401
-707391
-707382
-707370
-707321
-707298
-707270
-707230
-707220
-707217
-707201
-707112
-707110
-707100
-707055
-707045
-707043
-707040
-707027
-706983
-706982
-706971
-706963
-706946
-706921
-706912
-706863
-706857
-706850
-706844
-706834
-706831
-706799
-706789
-706784
-706777
-706772
-706765
-706733
-706714
-706669
-706571
-706561
-706555
-706529
-706527
-706513
-706502
-706487
-706465
-706449
-706448
-706437
-706428
-706419
-706380
-706375
-706300
-706292
-706241
-706216
-706184
-706179
-706159
-706152
-706126
-706099
-706091
-706047
-706022
-706012
-706005
-705994
-705943
-705939
-705920
-705913
-705829
-705825
-705801
-705789
-705780
-705768
-705758
-705748
-705743
-705739
-705723
-705682
-705635
-705542
-705519
-705468
-705421
-705393
-705366
-705321
-705315
-705306
-705280
-705270
-705230
-705227
-705211
-705193
-705191
-705139
-705133
-705105
-705078
-705016
-705005
-704998
-704988
-704943
-704860
-704824
-704797
-704783
-704769
-704753
-704747
-704714
-704713
-704694
-704678
-704659
-704646
-704635
-704610
-704599
-704523
-704510
-704500
-704457
-704445
-704433
-704432
-704412
-704410
-704393
-704390
-704384
-704362
-704335
-704328
-704287
-704275
-704274
-704274
-704270
-704254
-704229
-704227
-704218
-704209
-704184
-704178
-704172
-704163
-704163
-704149
-704145
-704117
-704097
-704083
-704063
-704055
-704046
-704043
-704022
-704010
-703997
-703987
-703979
-703954
-703908
-703888
-703799
-703790
-703704
-703694
-703660
-703646
-703612
-703582
-703568
-703522
-703516
-703500
-703480
-703451
-703434
-703418
-703413
-703412
-703394
-703394
-703348
-703347
-703306
-703270
-703259
-703220
-703205
-703203
-703190
-703131
-703113
-703103
-703073
-703055
-703040
-703019
-703018
-703015
-702941
-702939
-702937
-702911
-702898
-702890
-702887
-702868
-702732
-702724
-702700
-702695
-702671
-702654
-702617
-702595
-702589
-702577
-702521
-702514
-702504
-702497
-702484
-702457
-702447
-702428
-702403
-702395
-702390
-702390
-702361
-702357
-702324
-702314
-702285
-702271
-702230
-702205
-702166
-702150
-702125
-702116
-702107
-702089
-702078
-702058
-702019
-701987
-701969
-701952
-701944
-701939
-701917
-701873
-701819
-701816
-701803
-701777
-701766
-701749
-701721
-701699
-701653
-701593
-701586
-701567
-701557
-701479
-701478
-701476
-701466
-701445
-701443
-701422
-701416
-701404
-701398
-701381
-701362
-701344
-701334
-701325
-701290
-701278
-701268
-701239
-701231
-701178
-701174
-701137
-701121
-701096
-701092
-701083
-701079
-701068
-701054
-701054
-701015
-701015
-700988
-700937
-700934
-700928
-700859
-700834
-700833
-700826
-700824
-700823
-700809
-700792
-700789
-700787
-700766
-700755
-700748
-700740
-700735
-700690
-700662
-700654
-700648
-700635
-700613
-700607
-700587
-700569
-700566
-700553
-700551
-700545
-700537
-700526
-700506
-700457
-700438
-700434
-700433
-700413
-700341
-700325
-700306
-700294
-700281
-700241
-700194
-700187
-700179
-700179
-700140
-700131
-700122
-700120
-700074
-700054
-700038
-700032
-700027
-700005
-699973
-699964
-699964
-699935
-699919
-699905
-699896
-699885
-699859
-699826
-699762
-699754
-699727
-699713
-699687
-699673
-699658
-699605
-699579
-699579
-699521
-699478
-699463
-699452
-699426
-699424
-699391
-699387
-699372
-699367
-699362
-699349
-699309
-699302
-699201
-699177
-699032
-699012
-698969
-698943
-698913
-698912
-698907
-698875
-698865
-698842
-698838
-698827
-698804
-698804
-698762
-698745
-698691
-698683
-698672
-698641
-698602
-698585
-698584
-698530
-698516
-698448
-698440
-698436
-698416
-698353
-698321
-698317
-698296
-698283
-698242
-698215
-698214
-698202
-698193
-698184
-698166
-698111
-698079
-698018
-697992
-697991
-697987
-697973
-697931
-697930
-697914
-697887
-697803
-697788
-697782
-697773
-697771
-697751
-697741
-697720
-697687
-697651
-697621
-697621
-697612
-697600
-697598
-697567
-697537
-697530
-697502
-697485
-697478
-697474
-697457
-697456
-697441
-697407
-697379
-697374
-697349
-697346
-697290
-697280
-697253
-697245
-697222
-697222
-697205
-697199
-697164
-697151
-697146
-697036
-696997
-696972
-696963
-696956
-696950
-696930
-696894
-696893
-696878
-696852
-696844
-696796
-696755
-696692
-696689
-696685
-696681
-696660
-696639
-696631
-696630
-696591
-696558
-696550
-696548
-696548
-696520
-696514
-696510
-696417
-696400
-696381
-696372
-696363
-696362
-696352
-696337
-696333
-696325
-696303
-696296
-696290
-696274
-696261
-696185
-696162
-696137
-696123
-696119
-696116
-696111
-696080
-696044
-696026
-696006
-695981
-695976
-695972
-695969
-695959
-695929
-695927
-695912
-695892
-695809
-695791
-695766
-695759
-695745
-695716
-695705
-695695
-695659
-695588
-695551
-695546
-695519
-695501
-695492
-695486
-695480
-695448
-695433
-695402
-695394
-695389
-695374
-695308
-695294
-695277
-695265
-695180
-695157
-695149
-695146
-695109
-695106
-695083
-695077
-695072
-695069
-695063
-695056
-695003
-694998
-694977
-694941
-694940
-694937
-694898
-694875
-694826
-694813
-694813
-694800
-694796
-694745
-694744
-694736
-694735
-694732
-694730
-694712
-694674
-694671
-694654
-694636
-694627
-694608
-694571
-694526
-694488
-694485
-694467
-694442
-694409
-694374
-694370
-694368
-694366
-694350
-694346
-694336
-694320
-694281
-694275
-694247
-694246
-694240
-694239
-694234
-694172
-694160
-694152
-694148
-694126
-694111
-694071
-694070
-694043
-694028
-693978
-693963
-693925
-693920
-693920
-693859
-693846
-693814
-693785
-693760
-693754
-693753
-693722
-693713
-693684
-693670
-693654
-693637
-693627
-693626
-693571
-693570
-693547
-693504
-693500
-693500
-693496
-693490
-693473
-693463
-693446
-693436
-693432
-693423
-693353
-693350
-693345
-693274
-693262
-693233
-693230
-693220
-693217
-693196
-693163
-693151
-693134
-693082
-693064
-693025
-692997
-692970
-692954
-692943
-692934
-692908
-692907
-692885
-692878
-692876
-692867
-692846
-692839
-692836
-692821
-692811
-692773
-692754
-692743
-692734
-692672
-692672
-692658
-692638
-692620
-692618
-692612
-692580
-692567
-692531
-692462
-692451
-692430
-692429
-692392
-692386
-692300
-692294
-692292
-692286
-692278
-692264
-692258
-692245
-692215
-692148
-692128
-692126
-692123
-692089
-692063
-692056
-692041
-692030
-692009
-692008
-691996
-691943
-691924
-691918
-691876
-691845
-691823
-691821
-691812
-691802
-691800
-691783
-691758
-691741
-691707
-691705
-691692
-691614
-691596
-691595
-691595
-691549
-691527
-691515
-691510
-691503
-691494
-691489
-691476
-691366
-691298
-691291
-691289
-691275
-691241
-691219
-691181
-691175
-691167
-691117
-691084
-691050
-691041
-691031
-691003
-690994
-690983
-690944
-690914
-690913
-690856
-690855
-690845
-690809
-690761
-690703
-690684
-690657
-690646
-690638
-690637
-690540
-690534
-690530
-690519
-690446
-690443
-690437
-690409
-690365
-690318
-690297
-690288
-690284
-690260
-690260
-690252
-690228
-690221
-690215
-690211
-690210
-690205
-690199
-690172
-690102
-690026
-689908
-689862
-689823
-689820
-689818
-689806
-689768
-689761
-689740
-689733
-689715
-689708
-689681
-689653
-689627
-689615
-689595
-689594
-689552
-689535
-689531
-689525
-689518
-689470
-689469
-689454
-689442
-689435
-689417
-689386
-689349
-689348
-689336
-689321
-689283
-689247
-689218
-689196
-689195
-689191
-689184
-689173
-689161
-689146
-689145
-689123
-689110
-689103
-689040
-689031
-689017
-689003
-688934
-688925
-688921
-688901
-688894
-688880
-688874
-688830
-688772
-688770
-688763
-688753
-688714
-688714
-688696
-688693
-688689
-688666
-688649
-688631
-688624
-688571
-688557
-688550
-688536
-688512
-688496
-688495
-688484
-688467
-688424
-688318
-688316
-688309
-688258
-688258
-688230
-688195
-688187
-688185
-688182
-688153
-688146
-688139
-688117
-688113
-688105
-688100
-688067
-688038
-688037
-688031
-688021
-688021
-688018
-688018
-687978
-687973
-687960
-687912
-687907
-687896
-687862
-687836
-687767
-687750
-687712
-687709
-687694
-687684
-687676
-687595
-687544
-687531
-687519
-687452
-687448
-687435
-687415
-687413
-687400
-687374
-687353
-687329
-687326
-687326
-687291
-687285
-687278
-687275
-687274
-687266
-687247
-687228
-687219
-687215
-687146
-687102
-687102
-687054
-687053
-687018
-687018
-687014
-686967
-686903
-686893
-686884
-686838
-686826
-686813
-686798
-686796
-686756
-686748
-686711
-686702
-686665
-686655
-686644
-686637
-686624
-686620
-686615
-686587
-686576
-686544
-686542
-686504
-686496
-686492
-686408
-686392
-686377
-686367
-686356
-686353
-686336
-686335
-686323
-686321
-686256
-686149
-686141
-686130
-686110
-686069
-686068
-686029
-686017
-685975
-685958
-685942
-685941
-685861
-685835
-685823
-685816
-685804
-685795
-685792
-685765
-685750
-685743
-685723
-685710
-685688
-685650
-685650
-685629
-685618
-685601
-685542
-685498
-685424
-685422
-685410
-685404
-685380
-685373
-685368
-685360
-685358
-685336
-685336
-685329
-685315
-685314
-685279
-685271
-685268
-685255
-685250
-685223
-685198
-685181
-685132
-685132
-685131
-685105
-685101
-685093
-685085
-685080
-685055
-684988
-684984
-684940
-684933
-684931
-684906
-684790
-684755
-684718
-684711
-684697
-684666
-684656
-684644
-684573
-684563
-684555
-684554
-684553
-684551
-684528
-684514
-684502
-684467
-684462
-684451
-684433
-684431
-684430
-684403
-684381
-684369
-684343
-684318
-684312
-684311
-684199
-684193
-684161
-684145
-684070
-684053
-684035
-684026
-684015
-684010
-683981
-683978
-683952
-683920
-683905
-683897
-683893
-683824
-683820
-683789
-683784
-683782
-683760
-683752
-683746
-683740
-683694
-683643
-683591
-683589
-683578
-683546
-683543
-683538
-683508
-683487
-683479
-683465
-683457
-683450
-683396
-683370
-683362
-683312
-683298
-683285
-683260
-683233
-683226
-683198
-683191
-683190
-683167
-683129
-683127
-683126
-683107
-683090
-683078
-682997
-682942
-682932
-682903
-682901
-682857
-682845
-682830
-682827
-682823
-682815
-682805
-682801
-682786
-682786
-682775
-682761
-682732
-682695
-682694
-682669
-682660
-682626
-682612
-682597
-682595
-682575
-682572
-682499
-682478
-682457
-682434
-682425
-682415
-682391
-682367
-682359
-682341
-682333
-682299
-682270
-682269
-682233
-682220
-682220
-682207
-682200
-682172
-682167
-682163
-682139
-682117
-682089
-682051
-682044
-682039
-682036
-682024
-682017
-682007
-682001
-681995
-681965
-681905
-681875
-681837
-681813
-681757
-681727
-681720
-681717
-681707
-681660
-681648
-681634
-681621
-681606
-681588
-681559
-681557
-681532
-681493
-681406
-681381
-681356
-681339
-681335
-681296
-681253
-681239
-681219
-681192
-681183
-681180
-681152
-681151
-681134
-681128
-681109
-681103
-681094
-681062
-681060
-681028
-681008
-680996
-680994
-680971
-680970
-680940
-680929
-680880
-680880
-680878
-680841
-680743
-680730
-680730
-680726
-680714
-680687
-680666
-680650
-680640
-680624
-680621
-680587
-680561
-680550
-680524
-680441
-680415
-680403
-680345
-680301
-680294
-680281
-680242
-680233
-680233
-680211
-680199
-680185
-680181
-680178
-680171
-680164
-680131
-680062
-680051
-680015
-679997
-679972
-679951
-679938
-679900
-679863
-679855
-679830
-679829
-679809
-679801
-679793
-679769
-679761
-679747
-679726
-679720
-679718
-679691
-679578
-679564
-679560
-679558
-679531
-679522
-679521
-679512
-679496
-679460
-679456
-679407
-679405
-679367
-679344
-679338
-679338
-679328
-679309
-679286
-679276
-679230
-679200
-679195
-679174
-679148
-679134
-679115
-679106
-679096
-679067
-679062
-679048
-679048
-679036
-679030
-678962
-678955
-678953
-678933
-678930
-678896
-678880
-678857
-678825
-678807
-678804
-678797
-678794
-678755
-678748
-678745
-678743
-678725
-678700
-678696
-678695
-678683
-678601
-678592
-678583
-678504
-678503
-678470
-678430
-678428
-678377
-678371
-678335
-678301
-678300
-678276
-678233
-678170
-678169
-678158
-678146
-678130
-678107
-678085
-678046
-678026
-678025
-678023
-677995
-677967
-677941
-677935
-677931
-677928
-677916
-677901
-677873
-677859
-677844
-677818
-677816
-677790
-677767
-677745
-677741
-677739
-677694
-677687
-677672
-677620
-677615
-677590
-677582
-677570
-677542
-677524
-677505
-677442
-677359
-677354
-677351
-677327
-677309
-677298
-677282
-677281
-677277
-677239
-677182
-677172
-677151
-677151
-677125
-677077
-677073
-677064
-677048
-676990
-676989
-676976
-676973
-676907
-676888
-676884
-676883
-676878
-676877
-676856
-676833
-676832
-676802
-676775
-676770
-676721
-676693
-676692
-676688
-676677
-676665
-676658
-676624
-676609
-676591
-676586
-676583
-676575
-676558
-676554
-676540
-676528
-676515
-676512
-676462
-676452
-676443
-676437
-676430
-676374
-676366
-676365
-676361
-676355
-676339
-676295
-676271
-676245
-676224
-676214
-676190
-676182
-676166
-676142
-676084
-676081
-676042
-676020
-676018
-676011
-675968
-675961
-675834
-675816
-675811
-675795
-675789
-675782
-675782
-675759
-675686
-675684
-675621
-675604
-675603
-675592
-675572
-675567
-675567
-675560
-675530
-675498
-675425
-675384
-675330
-675323
-675308
-675265
-675252
-675250
-675233
-675232
-675218
-675195
-675192
-675190
-675179
-675178
-675169
-675165
-675121
-675118
-675076
-675043
-675026
-675022
-674939
-674934
-674931
-674891
-674852
-674825
-674816
-674804
-674790
-674785
-674739
-674735
-674730
-674727
-674688
-674640
-674634
-674611
-674595
-674586
-674583
-674574
-674567
-674525
-674509
-674473
-674471
-674441
-674414
-674395
-674371
-674358
-674353
-674344
-674330
-674322
-674292
-674280
-674271
-674261
-674214
-674206
-674185
-674180
-674171
-674163
-674105
-674089
-674076
-674076
-674067
-674046
-674035
-674022
-674003
-673980
-673919
-673907
-673874
-673870
-673853
-673838
-673833
-673830
-673816
-673794
-673771
-673769
-673746
-673714
-673709
-673697
-673684
-673677
-673641
-673616
-673597
-673591
-673588
-673574
-673550
-673548
-673533
-673523
-673499
-673495
-673485
-673471
-673458
-673452
-673446
-673404
-673391
-673332
-673293
-673239
-673237
-673212
-673209
-673182
-673165
-673132
-673129
-673124
-673099
-673096
-673093
-673007
-673001
-672997
-672976
-672955
-672952
-672932
-672916
-672886
-672884
-672863
-672844
-672835
-672769
-672763
-672729
-672725
-672714
-672636
-672570
-672555
-672540
-672522
-672516
-672513
-672504
-672416
-672363
-672338
-672328
-672209
-672192
-672145
-672132
-672117
-672082
-672042
-672039
-671946
-671939
-671927
-671903
-671898
-671876
-671860
-671846
-671839
-671836
-671830
-671825
-671768
-671749
-671704
-671684
-671657
-671632
-671519
-671514
-671505
-671490
-671470
-671450
-671409
-671381
-671348
-671327
-671307
-671278
-671276
-671262
-671256
-671249
-671236
-671218
-671179
-671139
-671108
-671097
-671090
-671065
-671055
-671021
-671012
-670997
-670982
-670946
-670944
-670926
-670923
-670898
-670841
-670827
-670821
-670817
-670795
-670786
-670713
-670710
-670704
-670691
-670687
-670678
-670641
-670638
-670607
-670574
-670547
-670520
-670517
-670486
-670432
-670415
-670343
-670333
-670321
-670298
-670294
-670240
-670191
-670180
-670177
-670122
-670110
-670088
-670076
-670068
-670057
-670036
-669997
-669993
-669937
-669902
-669873
-669851
-669842
-669825
-669797
-669773
-669727
-669701
-669699
-669691
-669669
-669668
-669651
-669642
-669641
-669631
-669613
-669586
-669564
-669544
-669523
-669500
-669489
-669485
-669473
-669448
-669442
-669398
-669340
-669317
-669315
-669305
-669285
-669268
-669224
-669223
-669202
-669165
-669165
-669146
-669133
-669123
-669060
-669059
-669024
-669007
-668998
-668993
-668970
-668910
-668868
-668867
-668864
-668833
-668811
-668809
-668803
-668777
-668769
-668757
-668734
-668717
-668691
-668642
-668622
-668598
-668595
-668564
-668539
-668515
-668485
-668481
-668465
-668457
-668440
-668436
-668365
-668325
-668323
-668297
-668261
-668251
-668245
-668233
-668230
-668204
-668183
-668183
-668182
-668151
-668091
-668071
-668054
-668052
-668043
-668025
-667960
-667955
-667931
-667912
-667893
-667843
-667805
-667753
-667752
-667746
-667718
-667707
-667699
-667660
-667613
-667584
-667528
-667469
-667453
-667391
-667365
-667342
-667324
-667305
-667287
-667277
-667268
-667247
-667239
-667238
-667235
-667171
-667115
-667109
-667100
-667072
-667046
-667041
-667005
-666991
-666982
-666963
-666955
-666952
-666948
-666941
-666905
-666901
-666870
-666864
-666863
-666860
-666847
-666837
-666826
-666786
-666786
-666750
-666733
-666729
-666710
-666685
-666668
-666636
-666616
-666604
-666592
-666587
-666556
-666551
-666489
-666466
-666450
-666446
-666443
-666437
-666399
-666391
-666379
-666379
-666309
-666287
-666255
-666233
-666226
-666178
-666172
-666140
-666115
-666037
-666036
-665976
-665965
-665956
-665936
-665934
-665926
-665751
-665701
-665697
-665684
-665649
-665612
-665605
-665604
-665602
-665600
-665568
-665538
-665511
-665506
-665492
-665487
-665369
-665307
-665247
-665243
-665080
-665071
-665053
-665040
-665037
-665014
-664959
-664935
-664930
-664917
-664897
-664887
-664873
-664871
-664871
-664841
-664799
-664798
-664763
-664683
-664661
-664659
-664653
-664622
-664620
-664601
-664598
-664573
-664571
-664565
-664563
-664545
-664527
-664522
-664441
-664411
-664410
-664383
-664344
-664334
-664298
-664298
-664289
-664281
-664253
-664215
-664205
-664204
-664199
-664171
-664162
-664148
-664140
-664129
-664084
-664080
-664074
-664049
-664038
-664023
-664016
-664016
-663996
-663955
-663951
-663940
-663933
-663862
-663847
-663839
-663782
-663779
-663750
-663737
-663734
-663711
-663701
-663687
-663683
-663626
-663612
-663607
-663593
-663590
-663554
-663524
-663507
-663480
-663433
-663398
-663392
-663390
-663385
-663316
-663295
-663280
-663261
-663242
-663223
-663219
-663211
-663190
-663178
-663142
-663112
-663099
-663059
-663053
-663036
-662948
-662941
-662928
-662871
-662852
-662825
-662814
-662791
-662789
-662748
-662748
-662717
-662716
-662700
-662689
-662681
-662673
-662670
-662658
-662654
-662638
-662612
-662605
-662527
-662526
-662505
-662462
-662435
-662413
-662400
-662390
-662352
-662342
-662339
-662337
-662301
-662297
-662283
-662220
-662206
-662203
-662171
-662165
-662142
-662052
-661968
-661896
-661876
-661872
-661850
-661830
-661823
-661783
-661751
-661751
-661726
-661710
-661710
-661683
-661680
-661665
-661665
-661661
-661660
-661645
-661642
-661628
-661558
-661545
-661528
-661470
-661463
-661457
-661438
-661437
-661429
-661424
-661411
-661382
-661373
-661371
-661368
-661327
-661279
-661266
-661240
-661207
-661178
-661166
-661165
-661157
-661147
-661145
-661142
-661136
-661125
-661123
-661036
-661029
-661006
-661000
-660999
-660950
-660943
-660930
-660911
-660892
-660876
-660847
-660776
-660775
-660744
-660694
-660661
-660649
-660636
-660615
-660540
-660536
-660515
-660485
-660434
-660432
-660418
-660363
-660353
-660352
-660340
-660315
-660233
-660230
-660227
-660223
-660222
-660214
-660193
-660169
-660156
-660103
-660066
-660060
-660004
-659995
-659959
-659948
-659945
-659883
-659881
-659862
-659807
-659790
-659779
-659766
-659707
-659691
-659685
-659682
-659571
-659502
-659460
-659453
-659448
-659441
-659410
-659404
-659337
-659330
-659291
-659258
-659244
-659242
-659234
-659228
-659223
-659123
-659112
-659107
-659092
-659060
-659057
-659057
-659048
-659047
-659022
-659001
-659000
-658943
-658932
-658838
-658800
-658766
-658762
-658740
-658718
-658714
-658706
-658687
-658626
-658587
-658580
-658535
-658482
-658473
-658452
-658415
-658397
-658325
-658318
-658286
-658243
-658220
-658179
-658154
-658135
-658123
-658115
-658102
-658098
-658085
-658081
-658068
-658063
-658027
-658023
-657972
-657971
-657948
-657944
-657935
-657933
-657913
-657879
-657876
-657863
-657850
-657827
-657808
-657797
-657753
-657699
-657687
-657682
-657677
-657674
-657583
-657543
-657508
-657505
-657478
-657471
-657468
-657394
-657389
-657358
-657357
-657344
-657331
-657319
-657312
-657298
-657284
-657189
-657176
-657174
-657138
-657136
-657062
-657041
-656959
-656944
-656939
-656914
-656906
-656889
-656886
-656883
-656880
-656869
-656866
-656863
-656850
-656846
-656839
-656836
-656797
-656793
-656785
-656769
-656741
-656680
-656659
-656656
-656641
-656628
-656621
-656575
-656545
-656531
-656506
-656505
-656459
-656458
-656397
-656372
-656353
-656315
-656298
-656286
-656254
-656207
-656113
-656105
-656063
-656040
-656022
-655999
-655978
-655962
-655955
-655924
-655908
-655892
-655860
-655853
-655827
-655823
-655768
-655766
-655687
-655676
-655644
-655640
-655633
-655628
-655598
-655586
-655584
-655582
-655571
-655558
-655554
-655546
-655541
-655536
-655496
-655451
-655416
-655403
-655393
-655389
-655368
-655357
-655324
-655321
-655294
-655269
-655258
-655256
-655242
-655210
-655209
-655137
-655067
-655053
-655039
-655031
-655009
-654994
-654975
-654906
-654855
-654841
-654816
-654806
-654788
-654774
-654755
-654754
-654718
-654705
-654704
-654676
-654649
-654647
-654591
-654503
-654501
-654501
-654494
-654444
-654406
-654401
-654366
-654364
-654344
-654323
-654303
-654298
-654249
-654236
-654209
-654207
-654201
-654182
-654171
-654132
-654099
-654096
-654089
-654061
-654027
-654003
-653973
-653967
-653953
-653950
-653932
-653889
-653847
-653825
-653820
-653758
-653754
-653747
-653739
-653730
-653724
-653721
-653712
-653703
-653670
-653665
-653657
-653636
-653614
-653609
-653593
-653588
-653579
-653554
-653548
-653517
-653498
-653497
-653469
-653435
-653397
-653378
-653365
-653346
-653330
-653327
-653286
-653268
-653230
-653228
-653221
-653207
-653201
-653199
-653192
-653144
-653140
-653138
-653124
-653092
-653050
-653034
-653006
-652992
-652979
-652934
-652927
-652876
-652872
-652839
-652831
-652812
-652798
-652775
-652758
-652748
-652704
-652656
-652647
-652625
-652617
-652564
-652560
-652512
-652493
-652491
-652489
-652484
-652449
-652423
-652384
-652331
-652318
-652315
-652308
-652303
-652299
-652283
-652277
-652269
-652253
-652242
-652200
-652197
-652187
-652181
-652175
-652141
-652132
-652046
-652046
-652045
-652033
-651995
-651981
-651975
-651974
-651950
-651932
-651907
-651907
-651894
-651885
-651818
-651803
-651797
-651781
-651775
-651768
-651739
-651667
-651660
-651636
-651629
-651616
-651610
-651599
-651595
-651594
-651555
-651533
-651522
-651496
-651444
-651435
-651426
-651423
-651413
-651408
-651387
-651374
-651364
-651333
-651329
-651298
-651270
-651262
-651253
-651251
-651244
-651216
-651194
-651188
-651165
-651116
-651105
-651097
-651081
-651058
-651050
-651050
-651049
-651034
-651014
-650958
-650939
-650936
-650909
-650849
-650814
-650809
-650714
-650710
-650684
-650668
-650661
-650598
-650543
-650538
-650535
-650525
-650516
-650514
-650511
-650509
-650495
-650488
-650487
-650483
-650452
-650420
-650409
-650406
-650394
-650376
-650376
-650350
-650294
-650274
-650251
-650244
-650238
-650236
-650224
-650207
-650193
-650148
-650091
-650091
-650078
-650070
-650064
-650051
-650032
-650027
-650005
-649976
-649975
-649972
-649938
-649933
-649916
-649876
-649866
-649830
-649828
-649819
-649801
-649790
-649772
-649728
-649715
-649715
-649710
-649694
-649684
-649664
-649651
-649634
-649630
-649544
-649480
-649452
-649449
-649445
-649420
-649403
-649376
-649368
-649350
-649345
-649338
-649319
-649312
-649260
-649257
-649248
-649211
-649164
-649155
-649127
-649095
-649070
-649008
-648911
-648898
-648885
-648864
-648824
-648803
-648733
-648643
-648633
-648608
-648606
-648604
-648596
-648543
-648515
-648512
-648509
-648496
-648486
-648482
-648454
-648423
-648402
-648361
-648359
-648345
-648320
-648312
-648308
-648308
-648300
-648300
-648262
-648253
-648249
-648190
-648185
-648169
-648162
-648144
-648137
-648133
-648117
-648098
-648089
-648018
-647964
-647945
-647941
-647930
-647922
-647918
-647889
-647855
-647824
-647817
-647816
-647812
-647808
-647752
-647731
-647658
-647634
-647573
-647570
-647566
-647540
-647530
-647514
-647495
-647495
-647490
-647450
-647386
-647359
-647341
-647337
-647303
-647214
-647142
-647102
-647091
-647087
-647037
-647037
-647013
-647003
-646998
-646989
-646985
-646978
-646972
-646969
-646940
-646879
-646867
-646831
-646788
-646783
-646746
-646698
-646688
-646668
-646654
-646630
-646618
-646590
-646552
-646520
-646515
-646511
-646504
-646466
-646440
-646435
-646431
-646420
-646400
-646394
-646383
-646349
-646344
-646338
-646299
-646252
-646251
-646205
-646176
-646145
-646143
-646114
-646102
-646095
-646085
-646084
-646031
-646031
-646030
-646005
-646001
-645957
-645955
-645934
-645921
-645881
-645878
-645842
-645804
-645790
-645737
-645732
-645721
-645719
-645707
-645690
-645686
-645677
-645664
-645649
-645642
-645636
-645623
-645619
-645608
-645596
-645595
-645577
-645525
-645482
-645466
-645463
-645459
-645422
-645409
-645402
-645374
-645364
-645362
-645336
-645328
-645274
-645269
-645238
-645201
-645182
-645170
-645160
-645156
-645149
-645107
-645101
-645083
-645078
-645062
-645055
-645048
-645024
-644993
-644993
-644967
-644938
-644905
-644899
-644897
-644855
-644802
-644767
-644761
-644733
-644697
-644687
-644682
-644642
-644636
-644625
-644582
-644571
-644560
-644557
-644545
-644502
-644467
-644457
-644398
-644337
-644323
-644305
-644289
-644289
-644255
-644231
-644204
-644196
-644175
-644150
-644149
-644122
-644090
-644044
-644025
-644024
-644015
-644015
-643974
-643958
-643943
-643928
-643926
-643910
-643886
-643873
-643861
-643848
-643845
-643844
-643817
-643816
-643816
-643804
-643788
-643779
-643763
-643745
-643730
-643701
-643699
-643698
-643697
-643620
-643616
-643611
-643607
-643606
-643538
-643517
-643497
-643495
-643470
-643467
-643445
-643422
-643411
-643405
-643385
-643362
-643329
-643302
-643298
-643268
-643256
-643183
-643178
-643133
-643050
-642998
-642980
-642971
-642942
-642925
-642869
-642866
-642723
-642714
-642713
-642704
-642693
-642682
-642671
-642636
-642602
-642597
-642593
-642583
-642577
-642576
-642534
-642447
-642431
-642357
-642347
-642341
-642341
-642324
-642308
-642288
-642283
-642259
-642244
-642213
-642210
-642152
-642110
-642099
-642085
-642059
-642052
-642050
-642024
-641997
-641989
-641981
-641972
-641971
-641967
-641963
-641961
-641959
-641937
-641856
-641851
-641755
-641754
-641724
-641697
-641685
-641675
-641666
-641657
-641654
-641638
-641636
-641580
-641561
-641559
-641545
-641534
-641511
-641498
-641492
-641490
-641488
-641487
-641485
-641461
-641438
-641416
-641403
-641398
-641378
-641363
-641358
-641336
-641333
-641299
-641287
-641282
-641210
-641207
-641174
-641137
-641135
-641133
-641095
-641089
-641055
-640939
-640926
-640844
-640816
-640809
-640744
-640737
-640718
-640656
-640645
-640642
-640604
-640595
-640569
-640556
-640555
-640521
-640514
-640492
-640481
-640476
-640455
-640431
-640397
-640393
-640391
-640376
-640290
-640218
-640191
-640164
-640164
-640109
-640072
-640055
-640035
-640016
-640015
-639991
-639979
-639935
-639931
-639925
-639922
-639886
-639879
-639851
-639833
-639826
-639824
-639803
-639765
-639727
-639704
-639686
-639676
-639647
-639647
-639629
-639605
-639587
-639573
-639566
-639542
-639500
-639490
-639471
-639468
-639459
-639435
-639409
-639380
-639375
-639363
-639358
-639354
-639353
-639328
-639312
-639305
-639292
-639239
-639237
-639223
-639218
-639215
-639214
-639210
-639204
-639193
-639168
-639162
-639133
-639119
-639112
-639089
-639067
-639032
-639002
-638996
-638979
-638953
-638914
-638889
-638883
-638863
-638850
-638822
-638801
-638774
-638770
-638766
-638726
-638694
-638688
-638677
-638676
-638672
-638664
-638649
-638606
-638600
-638576
-638561
-638557
-638544
-638517
-638516
-638496
-638476
-638445
-638445
-638426
-638422
-638412
-638370
-638317
-638309
-638294
-638205
-638174
-638163
-638119
-638115
-638115
-638113
-638107
-638089
-638073
-638034
-638029
-638023
-637996
-637954
-637944
-637938
-637935
-637927
-637907
-637872
-637854
-637844
-637819
-637814
-637799
-637780
-637755
-637674
-637673
-637666
-637651
-637624
-637531
-637526
-637509
-637504
-637500
-637496
-637451
-637377
-637353
-637273
-637240
-637093
-637064
-637052
-637043
-637033
-637027
-637016
-637009
-636997
-636993
-636986
-636915
-636910
-636900
-636857
-636846
-636827
-636803
-636776
-636752
-636749
-636743
-636741
-636727
-636698
-636688
-636685
-636677
-636674
-636656
-636652
-636631
-636624
-636578
-636565
-636539
-636526
-636497
-636486
-636483
-636477
-636474
-636466
-636462
-636448
-636446
-636407
-636375
-636364
-636330
-636275
-636240
-636131
-636120
-636114
-636106
-636099
-636057
-636053
-636044
-636005
-635988
-635981
-635973
-635967
-635967
-635961
-635937
-635935
-635935
-635921
-635920
-635902
-635898
-635891
-635861
-635796
-635751
-635687
-635686
-635648
-635643
-635635
-635611
-635601
-635554
-635549
-635537
-635521
-635486
-635463
-635462
-635447
-635429
-635409
-635373
-635363
-635354
-635338
-635336
-635314
-635250
-635241
-635240
-635226
-635219
-635171
-635159
-635151
-635091
-635068
-635061
-635033
-634997
-634979
-634944
-634908
-634892
-634887
-634870
-634864
-634852
-634849
-634795
-634772
-634764
-634717
-634715
-634661
-634656
-634651
-634646
-634641
-634573
-634569
-634554
-634553
-634514
-634513
-634506
-634498
-634497
-634473
-634470
-634450
-634414
-634371
-634345
-634282
-634259
-634250
-634245
-634222
-634209
-634166
-634155
-634148
-634111
-634101
-634070
-634058
-634044
-634031
-634003
-633999
-633940
-633934
-633907
-633888
-633877
-633873
-633854
-633844
-633798
-633782
-633758
-633741
-633696
-633681
-633658
-633656
-633637
-633608
-633574
-633521
-633487
-633483
-633446
-633446
-633426
-633424
-633424
-633416
-633415
-633403
-633370
-633352
-633321
-633290
-633206
-633200
-633159
-633157
-633109
-633098
-633080
-633075
-633067
-633062
-633014
-632905
-632901
-632898
-632897
-632897
-632866
-632859
-632852
-632841
-632826
-632822
-632812
-632798
-632757
-632737
-632711
-632650
-632638
-632586
-632556
-632436
-632384
-632379
-632377
-632362
-632320
-632263
-632258
-632232
-632188
-632188
-632166
-632150
-632129
-632127
-632120
-632095
-632089
-632089
-632073
-632070
-632043
-632033
-632017
-631997
-631904
-631900
-631891
-631856
-631847
-631847
-631823
-631804
-631794
-631774
-631757
-631748
-631736
-631729
-631721
-631711
-631674
-631656
-631633
-631628
-631607
-631607
-631594
-631578
-631574
-631568
-631550
-631522
-631515
-631500
-631472
-631470
-631436
-631411
-631409
-631404
-631396
-631370
-631289
-631277
-631262
-631233
-631218
-631215
-631180
-631141
-631126
-631125
-631052
-631018
-631011
-630997
-630996
-630985
-630971
-630929
-630927
-630891
-630883
-630818
-630740
-630734
-630694
-630690
-630683
-630679
-630654
-630628
-630611
-630589
-630582
-630551
-630516
-630468
-630463
-630443
-630352
-630337
-630333
-630324
-630316
-630298
-630278
-630258
-630218
-630185
-630182
-630175
-630154
-630153
-630148
-630145
-630127
-630126
-630120
-630102
-630047
-630033
-629997
-629994
-629976
-629886
-629868
-629859
-629848
-629846
-629845
-629823
-629804
-629783
-629777
-629772
-629743
-629732
-629728
-629725
-629721
-629704
-629687
-629687
-629657
-629634
-629607
-629554
-629551
-629479
-629475
-629469
-629467
-629451
-629435
-629399
-629394
-629383
-629338
-629313
-629284
-629276
-629271
-629270
-629265
-629239
-629214
-629191
-629179
-629150
-629099
-629081
-629055
-628984
-628981
-628965
-628960
-628955
-628949
-628948
-628946
-628936
-628881
-628824
-628807
-628786
-628771
-628733
-628689
-628670
-628636
-628541
-628536
-628500
-628483
-628476
-628474
-628472
-628405
-628395
-628281
-628270
-628230
-628221
-628215
-628189
-628188
-628172
-628138
-628123
-628110
-628104
-628092
-628088
-628068
-628059
-628048
-628028
-628024
-628018
-628011
-627980
-627975
-627971
-627950
-627858
-627794
-627786
-627780
-627754
-627734
-627714
-627690
-627686
-627623
-627610
-627601
-627601
-627589
-627589
-627548
-627545
-627535
-627527
-627526
-627526
-627514
-627506
-627431
-627378
-627338
-627332
-627325
-627325
-627324
-627312
-627307
-627294
-627260
-627253
-627223
-627217
-627174
-627173
-627111
-627092
-627082
-627070
-627028
-626980
-626980
-626946
-626928
-626886
-626877
-626870
-626843
-626817
-626817
-626800
-626778
-626772
-626757
-626756
-626715
-626711
-626705
-626695
-626695
-626692
-626684
-626676
-626622
-626614
-626611
-626610
-626578
-626544
-626522
-626508
-626504
-626497
-626496
-626495
-626489
-626470
-626434
-626345
-626316
-626298
-626272
-626270
-626227
-626208
-626188
-625983
-625955
-625929
-625834
-625831
-625782
-625775
-625771
-625759
-625758
-625756
-625744
-625737
-625736
-625727
-625723
-625708
-625701
-625698
-625684
-625679
-625645
-625644
-625607
-625572
-625570
-625518
-625506
-625506
-625462
-625457
-625454
-625450
-625366
-625326
-625320
-625316
-625314
-625270
-625248
-625203
-625198
-625190
-625172
-625157
-625156
-625105
-625043
-624969
-624954
-624800
-624799
-624796
-624782
-624768
-624746
-624741
-624722
-624714
-624707
-624695
-624690
-624689
-624688
-624677
-624655
-624655
-624625
-624624
-624615
-624607
-624593
-624569
-624539
-624494
-624491
-624489
-624486
-624484
-624478
-624462
-624395
-624393
-624383
-624375
-624345
-624342
-624317
-624247
-624117
-624081
-624075
-624070
-624042
-624032
-624022
-624014
-623998
-623966
-623944
-623923
-623849
-623843
-623820
-623806
-623789
-623767
-623761
-623749
-623723
-623717
-623713
-623638
-623586
-623504
-623494
-623488
-623444
-623431
-623393
-623383
-623373
-623335
-623322
-623260
-623224
-623206
-623196
-623185
-623126
-623114
-623109
-623086
-623028
-623028
-623025
-623020
-622982
-622963
-622963
-622933
-622925
-622891
-622873
-622852
-622847
-622838
-622807
-622789
-622780
-622773
-622769
-622765
-622737
-622696
-622686
-622683
-622607
-622597
-622575
-622545
-622545
-622530
-622521
-622477
-622469
-622445
-622419
-622418
-622413
-622372
-622337
-622324
-622306
-622306
-622282
-622274
-622271
-622269
-622258
-622254
-622234
-622188
-622178
-622150
-622132
-622130
-622124
-622072
-622044
-622031
-622000
-621999
-621997
-621945
-621913
-621895
-621864
-621838
-621815
-621788
-621788
-621773
-621732
-621719
-621712
-621694
-621675
-621630
-621625
-621613
-621588
-621529
-621528
-621496
-621494
-621493
-621343
-621332
-621320
-621319
-621313
-621298
-621297
-621284
-621268
-621264
-621247
-621220
-621211
-621203
-621121
-621108
-621100
-621079
-621025
-621012
-620992
-620976
-620942
-620934
-620908
-620907
-620899
-620857
-620850
-620837
-620791
-620757
-620729
-620720
-620706
-620703
-620702
-620679
-620549
-620547
-620540
-620538
-620530
-620492
-620485
-620484
-620484
-620448
-620433
-620404
-620280
-620274
-620257
-620251
-620245
-620230
-620225
-620218
-620201
-620182
-620177
-620166
-620150
-620127
-620101
-620088
-620039
-620021
-619981
-619957
-619949
-619946
-619921
-619919
-619898
-619895
-619893
-619834
-619833
-619820
-619820
-619810
-619782
-619745
-619741
-619643
-619628
-619626
-619626
-619618
-619607
-619589
-619582
-619581
-619519
-619518
-619505
-619466
-619424
-619387
-619353
-619340
-619300
-619283
-619257
-619250
-619228
-619220
-619210
-619208
-619199
-619191
-619191
-619154
-619137
-619109
-619101
-619076
-619043
-619041
-619038
-619003
-618994
-618983
-618955
-618939
-618865
-618863
-618840
-618806
-618801
-618771
-618745
-618714
-618707
-618705
-618646
-618602
-618594
-618566
-618540
-618516
-618510
-618466
-618417
-618409
-618393
-618387
-618383
-618338
-618275
-618274
-618233
-618201
-618196
-618146
-618129
-618104
-618102
-618094
-618040
-618037
-618018
-618017
-618010
-618002
-618002
-617990
-617931
-617917
-617909
-617872
-617862
-617842
-617841
-617807
-617787
-617758
-617751
-617743
-617741
-617720
-617704
-617696
-617689
-617682
-617665
-617644
-617594
-617576
-617543
-617543
-617528
-617519
-617505
-617494
-617491
-617450
-617436
-617416
-617399
-617381
-617374
-617349
-617348
-617339
-617334
-617330
-617328
-617299
-617280
-617251
-617243
-617232
-617197
-617193
-617162
-617089
-617063
-617044
-617020
-617009
-617000
-616991
-616938
-616922
-616873
-616862
-616841
-616812
-616807
-616804
-616680
-616671
-616606
-616547
-616521
-616514
-616507
-616466
-616449
-616444
-616434
-616429
-616424
-616377
-616376
-616351
-616335
-616327
-616324
-616295
-616295
-616285
-616268
-616237
-616225
-616218
-616210
-616206
-616191
-616187
-616166
-616069
-616059
-616046
-616044
-616013
-615997
-615985
-615971
-615948
-615943
-615921
-615920
-615885
-615849
-615806
-615801
-615767
-615759
-615752
-615713
-615691
-615686
-615663
-615661
-615647
-615585
-615555
-615528
-615515
-615485
-615479
-615474
-615473
-615459
-615441
-615423
-615413
-615406
-615352
-615293
-615292
-615276
-615262
-615261
-615226
-615184
-615174
-615139
-615115
-615096
-615079
-615050
-615049
-615027
-614982
-614980
-614972
-614964
-614947
-614933
-614931
-614925
-614924
-614897
-614883
-614826
-614824
-614808
-614781
-614766
-614748
-614729
-614720
-614710
-614676
-614658
-614650
-614649
-614625
-614600
-614592
-614588
-614564
-614559
-614554
-614529
-614484
-614480
-614474
-614465
-614439
-614438
-614423
-614422
-614403
-614384
-614235
-614195
-614173
-614151
-614108
-614081
-614065
-614038
-614031
-614029
-614026
-613983
-613962
-613954
-613954
-613951
-613931
-613914
-613892
-613853
-613845
-613838
-613831
-613819
-613815
-613764
-613702
-613669
-613623
-613614
-613596
-613545
-613539
-613539
-613524
-613494
-613468
-613438
-613403
-613402
-613371
-613362
-613344
-613333
-613295
-613272
-613267
-613240
-613237
-613216
-613195
-613195
-613109
-613068
-613060
-613027
-612906
-612887
-612870
-612857
-612852
-612834
-612824
-612753
-612751
-612746
-612734
-612730
-612699
-612686
-612682
-612680
-612674
-612638
-612620
-612613
-612602
-612599
-612593
-612583
-612566
-612544
-612537
-612532
-612467
-612445
-612385
-612346
-612334
-612311
-612290
-612246
-612241
-612208
-612179
-612140
-612134
-612049
-612025
-612007
-611981
-611967
-611966
-611951
-611941
-611928
-611909
-611884
-611882
-611848
-611833
-611809
-611808
-611777
-611774
-611724
-611723
-611711
-611696
-611627
-611622
-611590
-611584
-611567
-611563
-611541
-611514
-611509
-611502
-611492
-611438
-611428
-611421
-611394
-611376
-611316
-611300
-611284
-611256
-611229
-611205
-611192
-611173
-611151
-611150
-611139
-611136
-611121
-611113
-611092
-611070
-611030
-611008
-611007
-611002
-610948
-610947
-610943
-610940
-610922
-610916
-610865
-610815
-610774
-610764
-610738
-610714
-610686
-610643
-610626
-610626
-610501
-610414
-610409
-610386
-610375
-610364
-610336
-610256
-610250
-610244
-610220
-610208
-610190
-610186
-610171
-610117
-610104
-610079
-610078
-610075
-610072
-610042
-610040
-609992
-609951
-609941
-609911
-609892
-609865
-609839
-609801
-609768
-609760
-609749
-609746
-609738
-609736
-609728
-609697
-609682
-609681
-609647
-609623
-609603
-609571
-609571
-609565
-609491
-609491
-609485
-609461
-609436
-609367
-609347
-609322
-609310
-609307
-609303
-609297
-609252
-609250
-609242
-609224
-609218
-609200
-609151
-609106
-609082
-609068
-609064
-609055
-609044
-609024
-609017
-609006
-608989
-608969
-608964
-608945
-608927
-608916
-608902
-608887
-608877
-608844
-608827
-608824
-608822
-608798
-608787
-608781
-608746
-608732
-608720
-608686
-608679
-608675
-608661
-608646
-608645
-608591
-608509
-608497
-608471
-608460
-608441
-608437
-608413
-608403
-608383
-608378
-608369
-608250
-608232
-608225
-608223
-608203
-608201
-608183
-608156
-608145
-608059
-608059
-608043
-607990
-607988
-607987
-607942
-607932
-607922
-607894
-607872
-607860
-607837
-607823
-607800
-607764
-607752
-607742
-607662
-607655
-607613
-607612
-607608
-607564
-607545
-607511
-607510
-607504
-607461
-607432
-607372
-607368
-607365
-607353
-607339
-607277
-607181
-607152
-607106
-607077
-607024
-607005
-607002
-607000
-606948
-606946
-606941
-606925
-606917
-606912
-606910
-606859
-606832
-606794
-606784
-606734
-606730
-606723
-606676
-606676
-606618
-606602
-606599
-606581
-606556
-606526
-606522
-606495
-606461
-606451
-606451
-606429
-606427
-606385
-606368
-606342
-606341
-606304
-606289
-606281
-606256
-606204
-606199
-606185
-606133
-606073
-606068
-606022
-606014
-605969
-605957
-605954
-605919
-605918
-605853
-605851
-605850
-605838
-605826
-605798
-605795
-605789
-605762
-605712
-605691
-605644
-605606
-605606
-605529
-605358
-605348
-605338
-605299
-605225
-605216
-605215
-605195
-605178
-605172
-605164
-605149
-605139
-605106
-605070
-605060
-605030
-605028
-605019
-605012
-604993
-604920
-604918
-604894
-604885
-604862
-604856
-604853
-604839
-604816
-604783
-604740
-604713
-604678
-604661
-604650
-604649
-604639
-604634
-604618
-604603
-604564
-604564
-604559
-604528
-604521
-604518
-604505
-604472
-604470
-604451
-604446
-604434
-604423
-604416
-604387
-604338
-604338
-604334
-604327
-604297
-604263
-604259
-604221
-604216
-604201
-604178
-604162
-604153
-604119
-604103
-604101
-604084
-604077
-604050
-603987
-603986
-603979
-603972
-603940
-603905
-603897
-603894
-603871
-603859
-603833
-603833
-603803
-603758
-603727
-603723
-603706
-603698
-603649
-603640
-603639
-603632
-603630
-603593
-603586
-603580
-603547
-603525
-603512
-603479
-603466
-603440
-603417
-603404
-603386
-603380
-603314
-603312
-603303
-603285
-603200
-603196
-603156
-603154
-603124
-603118
-603052
-603004
-602985
-602964
-602932
-602928
-602814
-602807
-602779
-602763
-602753
-602752
-602714
-602706
-602664
-602646
-602627
-602596
-602588
-602573
-602572
-602557
-602539
-602536
-602529
-602512
-602508
-602499
-602485
-602485
-602444
-602420
-602388
-602363
-602357
-602316
-602289
-602276
-602260
-602256
-602233
-602219
-602213
-602202
-602126
-602118
-602093
-602043
-602033
-602015
-602010
-601999
-601974
-601944
-601892
-601872
-601868
-601849
-601801
-601764
-601714
-601685
-601649
-601623
-601623
-601622
-601615
-601601
-601576
-601563
-601558
-601555
-601522
-601522
-601426
-601423
-601409
-601395
-601385
-601363
-601353
-601326
-601302
-601300
-601299
-601285
-601271
-601263
-601260
-601252
-601250
-601248
-601239
-601224
-601193
-601153
-601134
-601128
-601108
-601097
-601084
-601057
-601056
-601020
-601014
-601009
-600975
-600966
-600964
-600936
-600920
-600893
-600883
-600856
-600822
-600778
-600754
-600716
-600714
-600699
-600659
-600622
-600619
-600584
-600581
-600528
-600502
-600498
-600467
-600449
-600430
-600420
-600408
-600389
-600375
-600361
-600350
-600324
-600323
-600322
-600279
-600258
-600242
-600235
-600225
-600207
-600198
-600168
-600164
-600130
-600100
-600098
-600094
-600053
-599938
-599933
-599933
-599923
-599903
-599896
-599896
-599894
-599892
-599823
-599811
-599772
-599761
-599758
-599753
-599753
-599742
-599716
-599705
-599683
-599579
-599579
-599576
-599540
-599528
-599502
-599452
-599441
-599431
-599425
-599398
-599394
-599392
-599333
-599328
-599322
-599320
-599309
-599289
-599267
-599252
-599251
-599240
-599221
-599162
-599145
-599108
-599107
-599096
-599063
-599055
-599050
-599030
-599020
-598995
-598993
-598971
-598965
-598932
-598932
-598913
-598897
-598856
-598836
-598818
-598802
-598801
-598798
-598776
-598760
-598756
-598737
-598728
-598720
-598716
-598710
-598707
-598701
-598688
-598682
-598637
-598632
-598604
-598547
-598539
-598504
-598464
-598456
-598452
-598400
-598388
-598386
-598384
-598383
-598377
-598336
-598316
-598288
-598284
-598279
-598264
-598256
-598255
-598243
-598226
-598208
-598197
-598174
-598133
-598098
-598059
-598034
-598030
-598019
-598011
-597922
-597915
-597905
-597896
-597890
-597880
-597862
-597853
-597790
-597782
-597776
-597730
-597715
-597623
-597616
-597614
-597607
-597606
-597600
-597575
-597539
-597513
-597505
-597484
-597455
-597312
-597300
-597295
-597293
-597283
-597256
-597232
-597214
-597187
-597186
-597164
-597146
-597139
-597095
-597094
-597074
-597039
-597004
-597002
-596995
-596947
-596940
-596880
-596879
-596837
-596724
-596720
-596704
-596658
-596642
-596634
-596628
-596606
-596601
-596592
-596560
-596556
-596550
-596527
-596521
-596513
-596505
-596454
-596454
-596435
-596427
-596422
-596392
-596385
-596375
-596371
-596346
-596328
-596304
-596301
-596299
-596253
-596227
-596219
-596214
-596182
-596178
-596169
-596169
-596150
-596142
-596141
-596079
-596078
-596072
-596064
-596064
-596058
-596047
-596009
-595994
-595967
-595950
-595943
-595940
-595936
-595926
-595921
-595908
-595907
-595816
-595738
-595737
-595731
-595731
-595686
-595677
-595675
-595672
-595603
-595561
-595556
-595554
-595552
-595547
-595537
-595537
-595526
-595514
-595507
-595496
-595495
-595411
-595386
-595375
-595367
-595363
-595340
-595339
-595335
-595330
-595318
-595301
-595282
-595274
-595258
-595256
-595250
-595245
-595229
-595216
-595204
-595173
-595162
-595114
-595084
-595074
-595034
-595033
-595010
-594977
-594944
-594930
-594914
-594889
-594842
-594842
-594838
-594824
-594776
-594740
-594734
-594667
-594636
-594580
-594573
-594542
-594484
-594456
-594439
-594429
-594415
-594405
-594313
-594295
-594267
-594246
-594242
-594199
-594196
-594196
-594182
-594172
-594161
-594156
-594117
-594109
-594103
-594096
-594063
-593962
-593946
-593914
-593899
-593858
-593820
-593784
-593782
-593767
-593761
-593748
-593748
-593730
-593708
-593688
-593650
-593624
-593617
-593616
-593598
-593595
-593580
-593575
-593554
-593520
-593518
-593480
-593473
-593465
-593450
-593446
-593432
-593429
-593415
-593410
-593321
-593307
-593301
-593298
-593207
-593160
-593155
-593126
-593095
-593084
-593083
-593079
-593072
-593064
-593061
-592983
-592958
-592954
-592944
-592941
-592925
-592917
-592819
-592791
-592732
-592716
-592686
-592672
-592669
-592657
-592631
-592623
-592621
-592613
-592605
-592587
-592518
-592498
-592451
-592417
-592412
-592386
-592382
-592373
-592328
-592308
-592301
-592262
-592256
-592242
-592188
-592146
-592123
-592105
-592066
-592045
-592038
-591967
-591967
-591965
-591937
-591933
-591915
-591913
-591891
-591888
-591863
-591830
-591813
-591761
-591753
-591733
-591728
-591706
-591698
-591690
-591633
-591606
-591605
-591602
-591600
-591563
-591503
-591455
-591453
-591432
-591385
-591344
-591328
-591273
-591258
-591253
-591245
-591241
-591224
-591223
-591219
-591217
-591184
-591159
-591154
-591085
-591077
-591030
-591029
-591026
-591006
-590912
-590894
-590894
-590884
-590832
-590826
-590820
-590788
-590767
-590764
-590761
-590738
-590711
-590697
-590692
-590690
-590677
-590668
-590647
-590627
-590624
-590605
-590598
-590550
-590499
-590497
-590467
-590459
-590424
-590408
-590391
-590360
-590309
-590304
-590237
-590228
-590221
-590221
-590174
-590163
-590162
-590155
-590150
-590140
-590139
-590108
-590108
-590102
-590100
-590091
-590087
-590086
-590044
-590041
-590032
-590025
-590004
-589999
-589909
-589884
-589880
-589862
-589858
-589851
-589779
-589735
-589720
-589717
-589690
-589678
-589675
-589670
-589660
-589621
-589599
-589591
-589583
-589561
-589561
-589528
-589509
-589492
-589480
-589469
-589447
-589401
-589349
-589347
-589345
-589325
-589321
-589312
-589306
-589258
-589221
-589214
-589212
-589206
-589176
-589170
-589151
-589137
-589130
-589126
-589107
-589071
-589051
-589038
-589028
-588984
-588954
-588939
-588904
-588898
-588892
-588880
-588872
-588789
-588782
-588773
-588764
-588758
-588752
-588738
-588734
-588694
-588677
-588657
-588632
-588628
-588598
-588597
-588519
-588486
-588421
-588403
-588400
-588392
-588387
-588368
-588356
-588351
-588350
-588308
-588250
-588218
-588179
-588148
-588098
-588097
-588090
-588084
-588052
-588035
-588022
-588003
-587984
-587965
-587939
-587937
-587933
-587929
-587893
-587873
-587846
-587812
-587796
-587777
-587774
-587727
-587714
-587705
-587636
-587631
-587627
-587623
-587621
-587610
-587579
-587516
-587501
-587493
-587471
-587465
-587451
-587379
-587375
-587360
-587349
-587314
-587308
-587277
-587181
-587179
-587159
-587147
-587134
-587126
-587075
-587038
-587031
-587030
-587029
-586991
-586954
-586934
-586920
-586917
-586906
-586901
-586899
-586894
-586873
-586867
-586840
-586810
-586799
-586784
-586781
-586778
-586774
-586773
-586755
-586732
-586731
-586707
-586704
-586687
-586677
-586629
-586554
-586533
-586510
-586492
-586492
-586482
-586461
-586449
-586444
-586428
-586422
-586412
-586367
-586315
-586298
-586294
-586271
-586247
-586230
-586227
-586170
-586139
-586128
-586122
-586076
-586055
-586027
-586009
-585980
-585940
-585930
-585910
-585853
-585786
-585781
-585772
-585762
-585744
-585738
-585710
-585696
-585674
-585666
-585656
-585630
-585618
-585587
-585557
-585552
-585551
-585509
-585454
-585444
-585421
-585396
-585392
-585382
-585377
-585323
-585306
-585303
-585294
-585284
-585273
-585271
-585239
-585231
-585227
-585213
-585197
-585193
-585191
-585166
-585135
-585036
-584988
-584981
-584955
-584952
-584940
-584928
-584922
-584883
-584816
-584815
-584814
-584776
-584733
-584732
-584719
-584716
-584708
-584674
-584652
-584643
-584581
-584464
-584438
-584411
-584397
-584363
-584325
-584313
-584308
-584290
-584263
-584256
-584254
-584248
-584225
-584186
-584155
-584150
-584104
-584104
-584066
-584058
-584057
-584048
-584047
-584032
-584009
-584003
-583998
-583991
-583978
-583977
-583961
-583949
-583937
-583924
-583902
-583870
-583861
-583858
-583855
-583855
-583834
-583795
-583791
-583782
-583737
-583734
-583715
-583706
-583696
-583695
-583671
-583643
-583635
-583586
-583578
-583578
-583570
-583569
-583543
-583535
-583528
-583513
-583500
-583495
-583469
-583443
-583410
-583388
-583380
-583375
-583347
-583340
-583313
-583311
-583285
-583253
-583249
-583245
-583230
-583211
-583190
-583129
-583050
-583038
-583036
-583030
-583003
-582994
-582965
-582903
-582902
-582898
-582887
-582875
-582839
-582808
-582806
-582719
-582691
-582672
-582628
-582595
-582586
-582584
-582520
-582501
-582493
-582464
-582451
-582422
-582415
-582402
-582349
-582286
-582267
-582266
-582252
-582233
-582232
-582232
-582217
-582215
-582194
-582175
-582148
-582138
-582124
-582098
-582092
-582088
-582059
-582004
-581982
-581981
-581930
-581927
-581918
-581901
-581895
-581881
-581822
-581818
-581804
-581761
-581754
-581744
-581656
-581641
-581637
-581627
-581610
-581585
-581539
-581514
-581489
-581467
-581450
-581435
-581422
-581420
-581398
-581382
-581379
-581364
-581336
-581291
-581291
-581286
-581274
-581268
-581197
-581163
-581151
-581108
-581073
-581058
-580976
-580961
-580890
-580854
-580807
-580753
-580740
-580685
-580685
-580667
-580655
-580650
-580608
-580607
-580581
-580578
-580577
-580563
-580547
-580512
-580510
-580462
-580452
-580451
-580437
-580422
-580411
-580386
-580376
-580367
-580360
-580348
-580340
-580322
-580307
-580274
-580259
-580234
-580215
-580210
-580154
-580115
-580072
-580070
-580055
-580037
-579985
-579973
-579958
-579952
-579917
-579905
-579850
-579824
-579810
-579796
-579783
-579772
-579753
-579731
-579729
-579668
-579665
-579662
-579655
-579622
-579594
-579553
-579539
-579530
-579485
-579440
-579435
-579433
-579418
-579411
-579402
-579397
-579391
-579385
-579372
-579370
-579352
-579339
-579269
-579235
-579180
-579177
-579149
-579145
-579141
-579086
-579066
-579064
-579037
-579028
-579010
-578987
-578978
-578953
-578951
-578950
-578947
-578936
-578935
-578933
-578895
-578885
-578792
-578786
-578770
-578717
-578693
-578682
-578628
-578602
-578597
-578593
-578578
-578561
-578545
-578541
-578535
-578522
-578496
-578477
-578462
-578409
-578407
-578406
-578383
-578367
-578344
-578252
-578239
-578235
-578184
-578169
-578144
-578105
-578088
-578079
-578071
-578068
-578059
-578014
-577972
-577969
-577967
-577956
-577950
-577950
-577948
-577931
-577828
-577821
-577781
-577769
-577723
-577722
-577702
-577693
-577691
-577688
-577670
-577643
-577613
-577611
-577602
-577598
-577580
-577507
-577490
-577481
-577459
-577444
-577432
-577428
-577424
-577423
-577387
-577354
-577344
-577338
-577336
-577336
-577315
-577297
-577297
-577296
-577292
-577265
-577218
-577216
-577151
-577147
-577092
-577064
-577051
-577049
-577029
-577025
-577020
-576995
-576992
-576966
-576952
-576950
-576948
-576916
-576904
-576901
-576867
-576852
-576825
-576809
-576775
-576773
-576767
-576724
-576722
-576687
-576642
-576632
-576577
-576567
-576564
-576553
-576520
-576519
-576457
-576441
-576427
-576426
-576407
-576405
-576308
-576307
-576288
-576265
-576260
-576199
-576186
-576158
-576085
-576076
-576054
-576047
-576035
-576035
-576020
-576003
-575984
-575968
-575961
-575947
-575928
-575888
-575845
-575841
-575840
-575800
-575793
-575759
-575739
-575734
-575704
-575702
-575642
-575631
-575631
-575625
-575601
-575591
-575578
-575567
-575541
-575526
-575516
-575495
-575479
-575424
-575420
-575419
-575418
-575406
-575345
-575321
-575304
-575281
-575277
-575276
-575263
-575257
-575248
-575221
-575211
-575205
-575177
-575119
-575110
-575109
-575056
-575049
-575004
-574973
-574965
-574951
-574950
-574935
-574897
-574824
-574810
-574800
-574782
-574779
-574737
-574723
-574711
-574693
-574680
-574674
-574671
-574664
-574618
-574617
-574608
-574597
-574585
-574555
-574544
-574534
-574524
-574523
-574511
-574503
-574491
-574488
-574439
-574427
-574398
-574392
-574388
-574316
-574273
-574216
-574191
-574178
-574170
-574166
-574165
-574143
-574139
-574137
-574133
-574112
-574099
-574071
-574066
-574059
-574057
-574047
-574045
-574033
-574032
-574017
-574016
-573984
-573955
-573955
-573954
-573946
-573941
-573933
-573896
-573876
-573860
-573835
-573826
-573816
-573805
-573791
-573784
-573769
-573768
-573766
-573742
-573685
-573661
-573613
-573595
-573580
-573562
-573508
-573476
-573433
-573289
-573206
-573186
-573153
-573137
-573131
-573128
-573092
-573083
-573068
-573067
-573045
-573027
-572982
-572957
-572928
-572916
-572912
-572901
-572900
-572893
-572886
-572815
-572802
-572794
-572762
-572747
-572746
-572716
-572707
-572672
-572648
-572568
-572565
-572531
-572529
-572493
-572462
-572459
-572451
-572449
-572446
-572413
-572404
-572394
-572364
-572341
-572303
-572289
-572170
-572168
-572148
-572146
-572146
-572124
-572103
-572074
-572068
-572060
-572057
-572054
-572006
-571993
-571984
-571968
-571932
-571896
-571889
-571877
-571870
-571849
-571844
-571814
-571806
-571797
-571791
-571773
-571769
-571754
-571747
-571730
-571707
-571664
-571648
-571636
-571635
-571621
-571606
-571606
-571544
-571543
-571520
-571500
-571449
-571441
-571434
-571426
-571357
-571354
-571304
-571283
-571263
-571263
-571259
-571234
-571188
-571187
-571180
-571138
-571119
-571086
-571077
-571072
-571071
-571065
-570955
-570937
-570932
-570930
-570913
-570884
-570853
-570845
-570814
-570811
-570785
-570764
-570742
-570699
-570694
-570635
-570628
-570601
-570600
-570588
-570552
-570494
-570490
-570455
-570437
-570435
-570409
-570402
-570396
-570376
-570356
-570347
-570342
-570339
-570264
-570262
-570212
-570207
-570158
-570154
-570144
-570136
-570120
-570119
-570118
-570085
-570082
-570043
-569933
-569920
-569831
-569829
-569828
-569828
-569814
-569814
-569792
-569721
-569668
-569666
-569647
-569645
-569642
-569633
-569624
-569579
-569569
-569563
-569536
-569519
-569471
-569454
-569449
-569433
-569393
-569392
-569384
-569378
-569367
-569356
-569342
-569321
-569302
-569282
-569265
-569240
-569168
-569162
-569111
-569101
-569094
-569082
-569058
-569048
-568959
-568932
-568914
-568913
-568893
-568889
-568882
-568842
-568822
-568807
-568748
-568743
-568724
-568704
-568699
-568681
-568676
-568671
-568652
-568640
-568631
-568603
-568547
-568502
-568474
-568456
-568435
-568369
-568357
-568338
-568308
-568296
-568296
-568288
-568278
-568272
-568269
-568237
-568200
-568192
-568143
-568112
-568073
-568029
-568007
-567978
-567972
-567894
-567863
-567816
-567773
-567730
-567722
-567711
-567705
-567647
-567615
-567614
-567590
-567589
-567588
-567588
-567579
-567572
-567514
-567496
-567472
-567468
-567420
-567397
-567387
-567360
-567330
-567293
-567276
-567257
-567238
-567235
-567232
-567211
-567200
-567182
-567175
-567133
-567123
-567113
-567108
-567104
-567081
-567075
-567056
-567049
-566995
-566985
-566929
-566920
-566901
-566873
-566866
-566857
-566826
-566824
-566805
-566765
-566727
-566721
-566715
-566693
-566654
-566646
-566638
-566578
-566543
-566539
-566528
-566496
-566484
-566447
-566445
-566429
-566427
-566425
-566404
-566402
-566370
-566342
-566312
-566295
-566273
-566262
-566236
-566228
-566221
-566214
-566206
-566186
-566156
-566136
-566130
-566113
-566089
-566089
-566068
-566037
-566018
-565959
-565892
-565870
-565852
-565825
-565821
-565784
-565778
-565769
-565745
-565735
-565729
-565726
-565675
-565661
-565658
-565651
-565638
-565630
-565627
-565606
-565594
-565591
-565583
-565479
-565444
-565408
-565393
-565393
-565386
-565355
-565351
-565320
-565264
-565257
-565208
-565202
-565187
-565161
-565158
-565156
-565119
-565098
-565076
-565051
-565030
-565028
-565016
-565015
-565006
-564998
-564978
-564952
-564883
-564880
-564855
-564816
-564810
-564802
-564792
-564783
-564769
-564766
-564766
-564758
-564714
-564666
-564664
-564646
-564645
-564643
-564641
-564634
-564617
-564588
-564570
-564525
-564510
-564506
-564459
-564438
-564407
-564364
-564329
-564314
-564285
-564284
-564279
-564260
-564241
-564237
-564205
-564188
-564169
-564163
-564153
-564124
-564079
-564054
-564051
-564025
-563989
-563971
-563941
-563911
-563893
-563890
-563873
-563863
-563831
-563784
-563733
-563719
-563710
-563685
-563673
-563670
-563646
-563594
-563592
-563591
-563573
-563555
-563555
-563540
-563532
-563519
-563516
-563467
-563444
-563440
-563425
-563418
-563392
-563373
-563358
-563289
-563281
-563263
-563255
-563205
-563204
-563173
-563162
-563147
-563146
-563130
-563128
-563127
-563109
-563071
-563069
-563066
-562995
-562934
-562930
-562921
-562913
-562905
-562883
-562882
-562854
-562837
-562835
-562796
-562789
-562760
-562731
-562694
-562665
-562642
-562603
-562592
-562584
-562577
-562545
-562500
-562470
-562417
-562398
-562378
-562353
-562338
-562323
-562315
-562303
-562296
-562294
-562291
-562278
-562224
-562141
-562134
-562134
-562128
-562117
-562090
-562082
-562069
-562051
-562047
-562042
-562008
-561976
-561972
-561911
-561853
-561843
-561804
-561797
-561784
-561710
-561695
-561685
-561658
-561655
-561648
-561558
-561526
-561444
-561412
-561389
-561359
-561352
-561340
-561291
-561282
-561281
-561278
-561242
-561206
-561199
-561182
-561164
-561143
-561136
-561133
-561086
-561085
-561053
-561042
-561022
-560969
-560968
-560968
-560946
-560940
-560938
-560899
-560840
-560830
-560806
-560744
-560743
-560708
-560684
-560680
-560673
-560652
-560630
-560624
-560601
-560594
-560584
-560576
-560531
-560530
-560518
-560500
-560498
-560467
-560465
-560455
-560444
-560435
-560417
-560356
-560354
-560352
-560344
-560328
-560277
-560274
-560259
-560246
-560245
-560236
-560216
-560203
-560193
-560183
-560133
-560130
-560124
-560122
-560098
-560091
-560085
-560075
-560059
-560019
-560012
-560002
-559990
-559980
-559961
-559947
-559917
-559886
-559868
-559852
-559841
-559777
-559772
-559769
-559755
-559693
-559685
-559658
-559657
-559621
-559589
-559581
-559507
-559492
-559446
-559443
-559437
-559415
-559405
-559398
-559376
-559365
-559351
-559342
-559330
-559293
-559273
-559234
-559211
-559209
-559206
-559200
-559163
-559154
-559151
-559125
-559112
-559102
-559073
-559067
-559064
-559052
-559033
-559031
-559000
-558963
-558951
-558907
-558906
-558898
-558892
-558885
-558867
-558862
-558850
-558810
-558810
-558799
-558754
-558716
-558688
-558684
-558680
-558633
-558633
-558619
-558557
-558537
-558529
-558521
-558520
-558497
-558485
-558469
-558439
-558408
-558407
-558400
-558353
-558342
-558341
-558328
-558326
-558319
-558305
-558293
-558280
-558250
-558241
-558228
-558110
-558038
-558037
-558022
-557989
-557909
-557881
-557796
-557789
-557779
-557765
-557747
-557697
-557695
-557666
-557565
-557563
-557563
-557534
-557526
-557491
-557477
-557472
-557467
-557419
-557383
-557371
-557326
-557323
-557316
-557303
-557229
-557228
-557226
-557203
-557169
-557168
-557152
-557134
-557125
-557100
-557078
-557049
-557004
-556999
-556988
-556988
-556960
-556951
-556949
-556934
-556923
-556897
-556884
-556882
-556814
-556803
-556798
-556797
-556796
-556720
-556678
-556658
-556600
-556597
-556580
-556567
-556470
-556423
-556419
-556388
-556363
-556363
-556332
-556313
-556288
-556227
-556217
-556213
-556196
-556186
-556140
-556132
-556122
-556089
-556029
-556014
-555992
-555961
-555943
-555864
-555853
-555804
-555779
-555766
-555758
-555754
-555692
-555682
-555592
-555578
-555576
-555531
-555451
-555445
-555429
-555409
-555395
-555390
-555375
-555355
-555331
-555313
-555300
-555290
-555285
-555266
-555240
-555231
-555205
-555171
-555136
-555114
-555076
-555006
-554997
-554976
-554957
-554939
-554912
-554901
-554900
-554813
-554809
-554752
-554710
-554709
-554675
-554673
-554641
-554632
-554617
-554593
-554580
-554577
-554560
-554544
-554535
-554526
-554523
-554491
-554436
-554436
-554405
-554399
-554372
-554355
-554307
-554294
-554283
-554274
-554261
-554253
-554223
-554222
-554197
-554184
-554182
-554170
-554155
-554130
-554110
-554038
-554027
-554026
-554023
-554020
-553975
-553973
-553954
-553897
-553881
-553873
-553869
-553834
-553832
-553827
-553811
-553808
-553786
-553784
-553748
-553735
-553731
-553713
-553682
-553675
-553667
-553651
-553645
-553630
-553564
-553529
-553461
-553449
-553446
-553444
-553383
-553350
-553335
-553333
-553326
-553303
-553230
-553228
-553211
-553170
-553168
-553149
-553116
-553095
-553093
-553090
-553064
-553049
-553011
-552970
-552955
-552931
-552910
-552896
-552883
-552840
-552808
-552795
-552792
-552786
-552777
-552769
-552728
-552702
-552699
-552614
-552612
-552611
-552573
-552526
-552469
-552454
-552429
-552423
-552386
-552383
-552375
-552367
-552361
-552348
-552348
-552333
-552280
-552229
-552206
-552134
-552131
-552125
-552101
-552085
-552050
-552048
-552042
-552031
-552021
-551999
-551996
-551931
-551921
-551917
-551898
-551861
-551853
-551846
-551825
-551824
-551807
-551768
-551742
-551719
-551620
-551616
-551609
-551607
-551572
-551569
-551554
-551545
-551540
-551504
-551494
-551482
-551477
-551431
-551367
-551361
-551352
-551349
-551330
-551297
-551272
-551243
-551233
-551229
-551225
-551212
-551209
-551204
-551192
-551186
-551141
-551127
-551123
-551077
-551073
-551053
-551020
-551016
-550993
-550933
-550923
-550914
-550913
-550912
-550895
-550871
-550786
-550777
-550760
-550731
-550726
-550708
-550679
-550675
-550649
-550627
-550616
-550595
-550587
-550583
-550575
-550539
-550498
-550481
-550378
-550352
-550346
-550342
-550340
-550286
-550262
-550228
-550223
-550219
-550200
-550185
-550170
-550161
-550117
-550106
-550101
-550100
-550067
-550060
-550055
-550028
-550012
-550000
-549938
-549932
-549899
-549837
-549825
-549813
-549812
-549757
-549703
-549702
-549675
-549664
-549652
-549633
-549618
-549617
-549611
-549585
-549561
-549545
-549536
-549480
-549466
-549466
-549459
-549454
-549441
-549408
-549408
-549366
-549359
-549342
-549342
-549334
-549319
-549288
-549286
-549266
-549213
-549212
-549206
-549072
-549044
-548991
-548967
-548945
-548942
-548882
-548878
-548856
-548760
-548728
-548711
-548698
-548668
-548628
-548625
-548620
-548608
-548604
-548580
-548541
-548528
-548495
-548476
-548467
-548461
-548460
-548458
-548451
-548438
-548437
-548428
-548421
-548405
-548398
-548390
-548382
-548363
-548298
-548289
-548278
-548259
-548208
-548205
-548197
-548192
-548161
-548145
-548130
-548112
-548064
-548048
-548040
-547988
-547965
-547962
-547954
-547938
-547929
-547910
-547905
-547902
-547891
-547888
-547887
-547885
-547885
-547869
-547836
-547810
-547761
-547726
-547680
-547658
-547654
-547649
-547648
-547642
-547636
-547623
-547617
-547615
-547588
-547583
-547573
-547558
-547529
-547500
-547430
-547411
-547399
-547305
-547298
-547229
-547225
-547182
-547174
-547166
-547140
-547133
-547081
-547053
-547022
-547009
-546951
-546927
-546919
-546916
-546866
-546865
-546824
-546798
-546776
-546752
-546743
-546737
-546673
-546655
-546654
-546653
-546646
-546640
-546633
-546626
-546584
-546576
-546555
-546537
-546521
-546512
-546503
-546482
-546471
-546459
-546453
-546446
-546384
-546375
-546358
-546335
-546288
-546201
-546186
-546105
-546076
-546052
-546017
-546003
-545998
-545986
-545893
-545885
-545882
-545875
-545865
-545852
-545816
-545785
-545708
-545661
-545641
-545624
-545616
-545615
-545598
-545574
-545534
-545454
-545430
-545403
-545393
-545351
-545335
-545326
-545293
-545290
-545282
-545253
-545234
-545215
-545206
-545195
-545172
-545162
-545147
-545129
-545112
-545110
-545099
-545091
-545074
-545032
-545031
-545021
-544969
-544969
-544950
-544920
-544915
-544906
-544901
-544895
-544895
-544894
-544890
-544879
-544858
-544856
-544832
-544819
-544748
-544746
-544738
-544724
-544722
-544662
-544642
-544619
-544613
-544569
-544479
-544445
-544438
-544419
-544402
-544394
-544390
-544376
-544365
-544324
-544312
-544306
-544300
-544267
-544267
-544251
-544248
-544244
-544239
-544231
-544219
-544163
-544150
-544138
-544134
-544128
-544097
-544081
-544048
-544043
-544030
-544004
-543982
-543976
-543969
-543963
-543835
-543817
-543807
-543754
-543746
-543724
-543713
-543697
-543695
-543682
-543673
-543649
-543637
-543605
-543585
-543548
-543480
-543438
-543427
-543385
-543357
-543354
-543350
-543349
-543323
-543317
-543313
-543308
-543299
-543294
-543277
-543267
-543245
-543242
-543236
-543231
-543218
-543209
-543158
-543143
-543111
-543096
-543084
-543049
-543027
-543025
-542925
-542925
-542868
-542867
-542833
-542821
-542802
-542775
-542685
-542662
-542652
-542644
-542639
-542626
-542614
-542610
-542594
-542562
-542537
-542529
-542499
-542492
-542478
-542443
-542427
-542423
-542399
-542357
-542354
-542343
-542343
-542339
-542306
-542301
-542275
-542255
-542201
-542185
-542184
-542163
-542119
-542083
-542077
-542046
-542042
-542029
-542008
-541996
-541978
-541973
-541960
-541956
-541925
-541884
-541857
-541841
-541800
-541788
-541779
-541774
-541766
-541744
-541741
-541737
-541717
-541708
-541672
-541639
-541628
-541622
-541606
-541583
-541554
-541546
-541497
-541492
-541484
-541456
-541411
-541398
-541386
-541383
-541379
-541367
-541336
-541329
-541323
-541291
-541244
-541239
-541231
-541207
-541161
-541120
-541079
-541076
-541072
-541065
-541063
-541045
-541041
-541013
-541005
-541004
-540995
-540973
-540931
-540929
-540916
-540898
-540878
-540857
-540854
-540830
-540818
-540813
-540786
-540772
-540742
-540729
-540661
-540656
-540563
-540527
-540445
-540444
-540436
-540416
-540386
-540370
-540367
-540339
-540302
-540217
-540192
-540165
-540135
-540108
-540089
-540086
-540083
-540046
-540044
-540016
-540011
-540005
-539988
-539960
-539943
-539914
-539909
-539896
-539870
-539821
-539778
-539725
-539717
-539711
-539705
-539699
-539684
-539681
-539676
-539672
-539662
-539661
-539624
-539540
-539515
-539506
-539446
-539425
-539410
-539405
-539375
-539369
-539355
-539320
-539318
-539260
-539230
-539215
-539175
-539148
-539133
-539132
-539109
-539102
-539066
-539020
-539010
-538976
-538944
-538905
-538898
-538857
-538849
-538847
-538839
-538828
-538782
-538775
-538768
-538754
-538747
-538731
-538717
-538701
-538697
-538666
-538640
-538589
-538586
-538583
-538554
-538543
-538532
-538524
-538509
-538482
-538465
-538351
-538322
-538267
-538236
-538216
-538213
-538163
-538154
-538147
-538136
-538129
-538116
-538103
-538051
-538042
-538042
-538032
-538018
-537957
-537948
-537919
-537897
-537875
-537857
-537856
-537820
-537817
-537815
-537808
-537808
-537797
-537796
-537782
-537781
-537772
-537756
-537731
-537707
-537703
-537696
-537685
-537685
-537657
-537650
-537625
-537623
-537591
-537590
-537590
-537588
-537503
-537490
-537465
-537444
-537437
-537417
-537414
-537399
-537372
-537372
-537362
-537336
-537327
-537296
-537292
-537281
-537250
-537249
-537215
-537208
-537198
-537193
-537185
-537184
-537183
-537114
-537100
-537091
-537066
-537032
-537006
-536987
-536964
-536948
-536939
-536936
-536923
-536829
-536768
-536765
-536754
-536739
-536739
-536708
-536706
-536688
-536623
-536605
-536603
-536596
-536491
-536487
-536411
-536360
-536335
-536333
-536325
-536324
-536260
-536202
-536169
-536161
-536131
-536090
-536066
-536056
-536055
-536032
-536016
-536012
-536002
-535996
-535984
-535970
-535943
-535898
-535874
-535864
-535860
-535843
-535791
-535734
-535733
-535732
-535687
-535683
-535681
-535646
-535637
-535629
-535618
-535601
-535589
-535582
-535557
-535546
-535522
-535504
-535481
-535468
-535462
-535430
-535416
-535414
-535412
-535412
-535353
-535349
-535348
-535325
-535323
-535321
-535311
-535300
-535290
-535284
-535264
-535213
-535207
-535194
-535162
-535135
-535113
-535097
-535079
-535047
-535028
-535015
-535006
-534976
-534974
-534971
-534966
-534959
-534956
-534954
-534926
-534904
-534880
-534840
-534828
-534793
-534752
-534729
-534639
-534635
-534607
-534596
-534539
-534534
-534533
-534508
-534497
-534494
-534442
-534435
-534404
-534397
-534389
-534380
-534374
-534355
-534317
-534316
-534311
-534305
-534278
-534270
-534270
-534268
-534267
-534219
-534172
-534169
-534144
-534139
-534123
-534114
-534104
-534099
-534087
-534085
-534084
-534084
-534032
-534018
-533949
-533945
-533927
-533923
-533899
-533885
-533791
-533787
-533768
-533766
-533724
-533702
-533701
-533696
-533693
-533689
-533662
-533641
-533639
-533615
-533611
-533500
-533500
-533499
-533473
-533464
-533450
-533440
-533437
-533434
-533411
-533395
-533355
-533354
-533280
-533272
-533266
-533264
-533264
-533229
-533210
-533197
-533196
-533152
-533139
-533135
-533123
-533114
-533053
-533007
-533004
-532997
-532988
-532956
-532941
-532928
-532843
-532840
-532829
-532803
-532758
-532755
-532751
-532748
-532734
-532722
-532718
-532677
-532664
-532663
-532660
-532657
-532635
-532622
-532580
-532579
-532576
-532542
-532521
-532505
-532501
-532477
-532463
-532442
-532441
-532395
-532334
-532332
-532323
-532273
-532272
-532218
-532201
-532200
-532172
-532172
-532161
-532155
-532153
-532149
-532146
-532142
-532095
-532059
-532037
-532021
-532018
-532015
-532001
-531992
-531949
-531941
-531936
-531901
-531901
-531900
-531894
-531890
-531869
-531853
-531840
-531803
-531768
-531705
-531693
-531690
-531662
-531642
-531641
-531611
-531603
-531593
-531588
-531565
-531559
-531523
-531523
-531519
-531487
-531485
-531478
-531467
-531443
-531403
-531393
-531393
-531371
-531368
-531365
-531330
-531297
-531279
-531233
-531232
-531198
-531166
-531150
-531121
-531114
-531101
-531077
-531071
-531067
-531055
-531038
-531018
-531012
-530971
-530966
-530953
-530946
-530928
-530899
-530893
-530803
-530784
-530772
-530756
-530749
-530718
-530698
-530643
-530608
-530588
-530564
-530564
-530519
-530494
-530491
-530437
-530436
-530412
-530408
-530406
-530392
-530392
-530373
-530360
-530352
-530351
-530343
-530337
-530311
-530293
-530279
-530278
-530277
-530266
-530230
-530229
-530204
-530183
-530183
-530176
-530136
-530113
-530104
-530102
-530083
-530079
-530041
-530030
-530027
-530025
-530014
-530002
-529992
-529979
-529951
-529941
-529915
-529894
-529893
-529882
-529849
-529824
-529814
-529802
-529799
-529798
-529788
-529782
-529775
-529765
-529748
-529713
-529713
-529623
-529618
-529582
-529577
-529553
-529552
-529550
-529548
-529495
-529481
-529478
-529447
-529441
-529400
-529365
-529364
-529357
-529353
-529352
-529340
-529335
-529293
-529275
-529274
-529274
-529267
-529236
-529199
-529195
-529179
-529178
-529167
-529141
-529135
-529127
-529117
-529098
-529093
-529083
-529058
-529031
-529030
-529019
-529007
-528987
-528963
-528959
-528950
-528918
-528896
-528892
-528884
-528880
-528868
-528860
-528828
-528810
-528806
-528763
-528762
-528713
-528708
-528702
-528682
-528627
-528601
-528481
-528475
-528455
-528450
-528443
-528422
-528413
-528353
-528345
-528329
-528308
-528299
-528269
-528220
-528173
-528173
-528153
-528108
-528089
-528087
-528042
-528036
-527969
-527967
-527955
-527952
-527936
-527903
-527885
-527880
-527851
-527825
-527816
-527788
-527774
-527770
-527751
-527726
-527717
-527667
-527618
-527592
-527558
-527536
-527524
-527520
-527514
-527490
-527455
-527447
-527444
-527424
-527399
-527398
-527370
-527351
-527332
-527300
-527294
-527277
-527262
-527244
-527186
-527184
-527180
-527128
-527086
-527060
-527055
-527036
-527020
-527001
-526947
-526927
-526919
-526889
-526872
-526866
-526806
-526797
-526774
-526766
-526764
-526763
-526723
-526698
-526668
-526659
-526649
-526637
-526636
-526602
-526590
-526580
-526573
-526554
-526538
-526463
-526426
-526415
-526404
-526389
-526365
-526363
-526361
-526340
-526307
-526286
-526271
-526255
-526232
-526228
-526192
-526169
-526103
-526070
-526054
-526041
-526036
-526035
-526019
-525999
-525967
-525966
-525921
-525917
-525884
-525876
-525870
-525861
-525846
-525832
-525801
-525798
-525789
-525774
-525771
-525737
-525735
-525715
-525709
-525676
-525660
-525618
-525616
-525611
-525593
-525585
-525578
-525574
-525560
-525555
-525540
-525524
-525512
-525507
-525491
-525488
-525471
-525470
-525464
-525444
-525411
-525395
-525357
-525327
-525321
-525288
-525259
-525237
-525201
-525178
-525176
-525175
-525109
-525106
-525105
-525047
-525020
-524991
-524981
-524963
-524925
-524918
-524915
-524913
-524880
-524841
-524820
-524808
-524795
-524788
-524783
-524774
-524747
-524723
-524718
-524684
-524679
-524663
-524661
-524632
-524585
-524502
-524463
-524434
-524420
-524415
-524406
-524395
-524305
-524286
-524260
-524181
-524173
-524144
-524104
-524104
-524092
-524045
-524039
-524026
-524021
-523986
-523973
-523972
-523946
-523921
-523915
-523907
-523896
-523826
-523793
-523789
-523696
-523694
-523683
-523669
-523661
-523649
-523620
-523599
-523568
-523541
-523503
-523487
-523486
-523438
-523419
-523395
-523393
-523380
-523376
-523363
-523328
-523306
-523251
-523243
-523214
-523207
-523204
-523196
-523180
-523107
-523083
-523077
-523024
-523021
-522999
-522996
-522992
-522963
-522941
-522928
-522840
-522838
-522837
-522815
-522810
-522795
-522784
-522755
-522742
-522741
-522737
-522618
-522611
-522592
-522569
-522537
-522530
-522522
-522475
-522473
-522461
-522456
-522415
-522410
-522396
-522374
-522373
-522346
-522335
-522323
-522291
-522244
-522242
-522205
-522184
-522172
-522158
-522155
-522130
-522084
-522072
-522054
-522053
-522012
-521989
-521961
-521953
-521949
-521949
-521927
-521855
-521822
-521808
-521806
-521794
-521790
-521780
-521766
-521765
-521763
-521761
-521683
-521679
-521633
-521602
-521570
-521565
-521542
-521533
-521416
-521397
-521381
-521377
-521340
-521327
-521325
-521292
-521274
-521262
-521232
-521199
-521162
-521139
-521136
-521111
-521108
-521068
-521055
-521034
-521000
-520997
-520972
-520921
-520918
-520901
-520879
-520864
-520863
-520853
-520803
-520801
-520790
-520748
-520731
-520712
-520703
-520658
-520658
-520646
-520644
-520620
-520620
-520613
-520607
-520587
-520557
-520552
-520518
-520487
-520461
-520438
-520436
-520424
-520403
-520400
-520380
-520365
-520211
-520208
-520189
-520184
-520167
-520166
-520099
-520064
-520062
-520062
-520019
-520008
-519949
-519922
-519891
-519871
-519851
-519849
-519826
-519819
-519815
-519813
-519810
-519802
-519786
-519776
-519722
-519713
-519682
-519585
-519584
-519582
-519578
-519559
-519547
-519527
-519504
-519458
-519438
-519414
-519395
-519388
-519368
-519330
-519329
-519311
-519264
-519234
-519210
-519186
-519166
-519157
-519137
-519132
-519125
-519116
-519073
-519036
-519022
-518957
-518952
-518944
-518938
-518908
-518866
-518853
-518841
-518818
-518817
-518787
-518767
-518758
-518747
-518732
-518729
-518652
-518599
-518591
-518584
-518541
-518530
-518524
-518513
-518502
-518489
-518485
-518471
-518463
-518453
-518444
-518438
-518411
-518409
-518328
-518285
-518285
-518234
-518187
-518180
-518154
-518133
-518125
-518053
-518052
-518038
-518033
-518029
-518026
-517944
-517940
-517936
-517918
-517913
-517897
-517894
-517885
-517873
-517860
-517858
-517857
-517829
-517812
-517787
-517784
-517778
-517750
-517727
-517714
-517711
-517702
-517691
-517685
-517676
-517676
-517657
-517621
-517620
-517610
-517593
-517560
-517554
-517552
-517531
-517531
-517513
-517506
-517442
-517434
-517434
-517417
-517400
-517369
-517350
-517343
-517342
-517325
-517308
-517279
-517258
-517231
-517215
-517210
-517155
-517150
-517093
-517086
-517085
-517079
-517054
-517037
-517025
-517008
-516993
-516966
-516953
-516952
-516894
-516848
-516848
-516820
-516781
-516779
-516731
-516709
-516671
-516670
-516661
-516627
-516615
-516599
-516598
-516598
-516591
-516574
-516524
-516524
-516521
-516506
-516482
-516466
-516452
-516443
-516415
-516377
-516357
-516354
-516331
-516258
-516255
-516244
-516229
-516226
-516225
-516215
-516206
-516202
-516167
-516104
-516031
-516007
-516005
-516003
-515992
-515965
-515964
-515936
-515923
-515853
-515850
-515770
-515767
-515763
-515723
-515720
-515692
-515688
-515675
-515673
-515670
-515657
-515652
-515638
-515599
-515588
-515578
-515554
-515511
-515510
-515493
-515442
-515434
-515423
-515410
-515398
-515345
-515343
-515314
-515251
-515235
-515223
-515221
-515198
-515195
-515171
-515144
-515125
-515102
-515098
-515090
-515017
-514999
-514994
-514956
-514952
-514951
-514934
-514920
-514905
-514890
-514890
-514874
-514863
-514828
-514813
-514802
-514800
-514796
-514795
-514794
-514785
-514776
-514766
-514741
-514704
-514699
-514679
-514648
-514615
-514611
-514565
-514554
-514528
-514527
-514494
-514483
-514482
-514473
-514435
-514433
-514420
-514361
-514356
-514305
-514278
-514263
-514259
-514238
-514100
-514072
-514047
-514043
-514027
-514019
-514015
-514012
-514003
-514000
-513971
-513963
-513957
-513951
-513948
-513947
-513937
-513917
-513906
-513893
-513830
-513806
-513800
-513799
-513765
-513729
-513704
-513701
-513696
-513667
-513657
-513652
-513629
-513617
-513617
-513616
-513576
-513573
-513564
-513554
-513538
-513479
-513460
-513454
-513451
-513441
-513415
-513361
-513359
-513345
-513328
-513299
-513297
-513294
-513281
-513266
-513259
-513241
-513223
-513219
-513172
-513162
-513147
-513140
-513097
-513085
-513020
-512903
-512860
-512851
-512847
-512845
-512825
-512802
-512782
-512748
-512738
-512732
-512714
-512711
-512703
-512681
-512670
-512667
-512655
-512647
-512624
-512560
-512553
-512496
-512495
-512452
-512415
-512398
-512368
-512354
-512350
-512216
-512198
-512194
-512191
-512170
-512132
-512077
-512057
-512052
-512047
-512046
-512016
-511993
-511975
-511957
-511950
-511916
-511905
-511882
-511879
-511875
-511864
-511843
-511835
-511824
-511798
-511733
-511690
-511644
-511641
-511610
-511601
-511596
-511595
-511553
-511547
-511519
-511518
-511481
-511480
-511473
-511460
-511458
-511388
-511381
-511358
-511350
-511330
-511330
-511277
-511263
-511260
-511230
-511228
-511173
-511137
-511113
-511090
-511050
-511048
-511026
-511019
-510968
-510942
-510940
-510936
-510928
-510904
-510884
-510857
-510820
-510808
-510775
-510771
-510708
-510703
-510691
-510686
-510660
-510655
-510639
-510632
-510619
-510616
-510608
-510604
-510575
-510529
-510514
-510479
-510476
-510436
-510409
-510401
-510360
-510341
-510316
-510308
-510284
-510269
-510221
-510212
-510212
-510211
-510154
-510140
-510134
-510118
-510105
-510097
-510093
-510091
-510056
-510050
-510014
-509994
-509947
-509919
-509916
-509901
-509889
-509886
-509884
-509850
-509817
-509808
-509739
-509735
-509692
-509681
-509674
-509673
-509667
-509664
-509625
-509603
-509590
-509583
-509576
-509526
-509456
-509455
-509453
-509451
-509420
-509392
-509383
-509380
-509375
-509332
-509325
-509304
-509301
-509263
-509261
-509255
-509237
-509221
-509205
-509167
-509164
-509144
-509140
-509134
-509125
-509105
-509084
-509028
-508967
-508959
-508952
-508951
-508938
-508928
-508920
-508916
-508915
-508893
-508849
-508839
-508837
-508810
-508807
-508793
-508753
-508733
-508654
-508651
-508617
-508561
-508549
-508542
-508522
-508466
-508450
-508439
-508438
-508437
-508347
-508341
-508329
-508270
-508258
-508249
-508241
-508235
-508203
-508180
-508128
-508099
-508087
-507985
-507972
-507961
-507953
-507925
-507896
-507875
-507858
-507826
-507825
-507824
-507791
-507784
-507756
-507722
-507709
-507700
-507690
-507645
-507629
-507613
-507569
-507510
-507503
-507471
-507464
-507431
-507412
-507399
-507385
-507329
-507251
-507251
-507221
-507189
-507162
-507147
-507147
-507147
-507124
-507101
-507090
-507088
-507079
-507056
-507046
-507042
-507035
-507009
-506987
-506975
-506933
-506917
-506872
-506857
-506850
-506813
-506792
-506770
-506747
-506741
-506701
-506674
-506669
-506660
-506653
-506649
-506604
-506543
-506529
-506444
-506437
-506417
-506406
-506387
-506382
-506352
-506349
-506339
-506339
-506328
-506326
-506323
-506238
-506184
-506163
-506125
-506125
-506119
-506088
-506026
-506019
-506016
-505996
-505996
-505969
-505962
-505961
-505915
-505905
-505892
-505886
-505881
-505861
-505852
-505845
-505812
-505810
-505779
-505765
-505765
-505750
-505708
-505699
-505675
-505668
-505633
-505630
-505627
-505614
-505596
-505581
-505571
-505565
-505553
-505533
-505501
-505368
-505364
-505332
-505317
-505315
-505311
-505310
-505305
-505273
-505246
-505212
-505211
-505197
-505197
-505154
-505101
-505094
-505070
-505063
-505047
-505024
-505024
-504996
-504985
-504936
-504871
-504825
-504823
-504803
-504800
-504733
-504727
-504720
-504695
-504643
-504637
-504593
-504570
-504560
-504535
-504492
-504424
-504346
-504326
-504297
-504291
-504278
-504265
-504229
-504207
-504197
-504172
-504125
-504119
-504118
-504089
-504084
-504083
-504073
-504072
-504061
-504021
-503994
-503993
-503980
-503928
-503898
-503897
-503869
-503858
-503853
-503836
-503831
-503804
-503770
-503763
-503759
-503756
-503742
-503677
-503674
-503673
-503657
-503609
-503583
-503575
-503570
-503535
-503531
-503475
-503466
-503436
-503430
-503405
-503393
-503371
-503340
-503337
-503333
-503292
-503290
-503254
-503237
-503220
-503217
-503167
-503136
-503131
-503117
-503086
-503030
-502975
-502937
-502933
-502910
-502908
-502898
-502884
-502879
-502860
-502852
-502848
-502840
-502806
-502804
-502782
-502773
-502758
-502758
-502739
-502713
-502684
-502660
-502625
-502613
-502564
-502520
-502480
-502461
-502460
-502456
-502435
-502358
-502345
-502332
-502321
-502321
-502302
-502291
-502259
-502235
-502168
-502159
-502156
-502141
-502123
-502113
-502104
-502067
-502053
-502053
-502049
-502000
-501977
-501971
-501937
-501919
-501895
-501876
-501805
-501774
-501756
-501733
-501721
-501710
-501673
-501664
-501641
-501606
-501502
-501488
-501475
-501464
-501458
-501455
-501433
-501418
-501417
-501413
-501399
-501349
-501339
-501338
-501330
-501289
-501257
-501247
-501233
-501225
-501204
-501189
-501163
-501146
-501145
-501143
-501131
-501071
-501052
-500998
-500976
-500943
-500929
-500926
-500894
-500887
-500875
-500855
-500848
-500817
-500806
-500802
-500789
-500756
-500743
-500734
-500724
-500696
-500668
-500574
-500544
-500534
-500503
-500496
-500468
-500440
-500421
-500406
-500331
-500317
-500310
-500293
-500291
-500276
-500259
-500219
-500205
-500201
-500173
-500169
-500166
-500159
-500147
-500112
-500104
-500066
-500039
-500012
-499954
-499953
-499911
-499901
-499851
-499828
-499799
-499783
-499760
-499754
-499705
-499703
-499702
-499680
-499648
-499610
-499570
-499555
-499549
-499541
-499515
-499512
-499478
-499469
-499408
-499392
-499381
-499378
-499375
-499374
-499370
-499351
-499329
-499301
-499299
-499275
-499272
-499271
-499271
-499170
-499162
-499143
-499107
-499104
-499077
-499072
-499060
-499051
-499032
-499015
-499013
-499002
-498956
-498951
-498930
-498906
-498855
-498846
-498844
-498830
-498817
-498763
-498754
-498754
-498753
-498716
-498661
-498648
-498622
-498615
-498601
-498599
-498581
-498568
-498564
-498512
-498507
-498505
-498474
-498466
-498444
-498439
-498430
-498426
-498424
-498421
-498395
-498318
-498300
-498297
-498277
-498270
-498241
-498219
-498213
-498202
-498180
-498175
-498170
-498137
-498104
-498084
-498081
-498058
-498023
-498011
-498007
-497991
-497981
-497979
-497942
-497939
-497929
-497911
-497898
-497884
-497811
-497810
-497806
-497755
-497693
-497677
-497676
-497673
-497653
-497587
-497586
-497580
-497568
-497557
-497535
-497481
-497456
-497447
-497426
-497382
-497365
-497352
-497198
-497194
-497190
-497179
-497157
-497076
-497044
-497003
-496984
-496971
-496970
-496944
-496913
-496853
-496824
-496771
-496765
-496762
-496744
-496734
-496697
-496689
-496648
-496615
-496609
-496579
-496578
-496549
-496547
-496540
-496532
-496516
-496457
-496442
-496374
-496359
-496354
-496349
-496341
-496321
-496295
-496289
-496275
-496256
-496179
-496163
-496155
-496147
-496143
-496106
-496082
-496071
-496066
-496053
-496036
-496033
-496032
-496031
-496014
-496002
-495990
-495978
-495955
-495932
-495925
-495898
-495898
-495869
-495860
-495835
-495826
-495788
-495768
-495753
-495739
-495727
-495712
-495706
-495683
-495646
-495622
-495622
-495595
-495534
-495531
-495515
-495509
-495484
-495479
-495477
-495460
-495445
-495396
-495392
-495382
-495357
-495258
-495253
-495241
-495211
-495211
-495192
-495158
-495117
-495112
-495111
-495066
-495064
-495054
-495028
-495026
-495023
-494975
-494965
-494964
-494953
-494934
-494930
-494817
-494748
-494724
-494723
-494711
-494661
-494659
-494643
-494635
-494627
-494626
-494624
-494573
-494566
-494498
-494486
-494473
-494436
-494399
-494369
-494342
-494342
-494341
-494332
-494295
-494285
-494250
-494233
-494233
-494231
-494227
-494216
-494201
-494184
-494177
-494160
-494138
-494127
-494122
-494121
-494093
-494092
-494053
-494052
-494025
-494000
-493994
-493975
-493921
-493899
-493896
-493867
-493864
-493840
-493798
-493794
-493777
-493722
-493720
-493712
-493707
-493642
-493634
-493633
-493562
-493510
-493508
-493480
-493434
-493396
-493381
-493356
-493330
-493297
-493293
-493291
-493291
-493288
-493282
-493282
-493204
-493146
-493146
-493131
-493100
-493097
-492992
-492943
-492894
-492871
-492832
-492795
-492694
-492668
-492661
-492657
-492633
-492601
-492587
-492506
-492495
-492486
-492482
-492454
-492450
-492431
-492427
-492416
-492395
-492388
-492326
-492321
-492281
-492265
-492259
-492206
-492183
-492149
-492100
-492100
-492084
-492080
-492074
-492064
-492039
-492024
-492022
-492021
-492020
-492000
-491994
-491991
-491941
-491936
-491915
-491837
-491835
-491832
-491807
-491796
-491794
-491773
-491765
-491745
-491742
-491737
-491736
-491730
-491707
-491704
-491670
-491633
-491631
-491568
-491544
-491535
-491506
-491441
-491439
-491439
-491421
-491411
-491399
-491334
-491317
-491277
-491249
-491233
-491231
-491217
-491207
-491177
-491172
-491108
-491106
-491051
-491010
-490999
-490964
-490900
-490896
-490896
-490889
-490862
-490841
-490825
-490817
-490806
-490786
-490785
-490764
-490747
-490736
-490723
-490674
-490623
-490595
-490577
-490500
-490476
-490471
-490441
-490418
-490417
-490389
-490374
-490350
-490348
-490341
-490337
-490334
-490331
-490277
-490255
-490254
-490247
-490246
-490221
-490220
-490175
-490171
-490170
-490162
-490143
-490130
-490112
-490028
-489935
-489917
-489908
-489881
-489789
-489781
-489755
-489751
-489722
-489715
-489702
-489637
-489555
-489522
-489515
-489504
-489402
-489388
-489377
-489371
-489304
-489302
-489279
-489240
-489219
-489218
-489203
-489197
-489192
-489191
-489174
-489162
-489161
-489138
-489133
-489068
-489031
-489031
-489010
-488985
-488953
-488945
-488907
-488907
-488888
-488850
-488847
-488832
-488818
-488800
-488783
-488773
-488770
-488765
-488756
-488668
-488589
-488553
-488519
-488480
-488470
-488467
-488408
-488393
-488389
-488366
-488352
-488320
-488275
-488274
-488274
-488253
-488151
-488148
-488115
-488100
-488099
-488090
-488049
-488045
-488023
-487991
-487989
-487982
-487942
-487941
-487938
-487911
-487834
-487828
-487784
-487778
-487777
-487774
-487767
-487767
-487757
-487756
-487723
-487719
-487678
-487674
-487621
-487590
-487586
-487583
-487583
-487565
-487528
-487524
-487514
-487475
-487465
-487464
-487436
-487418
-487411
-487381
-487371
-487345
-487341
-487321
-487189
-487187
-487166
-487155
-487149
-487134
-487126
-487103
-487094
-487086
-487086
-487033
-486989
-486986
-486968
-486940
-486881
-486877
-486867
-486854
-486816
-486792
-486770
-486731
-486660
-486651
-486605
-486602
-486584
-486580
-486570
-486560
-486545
-486539
-486433
-486415
-486345
-486341
-486333
-486302
-486256
-486217
-486188
-486176
-486152
-486148
-486147
-486136
-486093
-486085
-486077
-486063
-486054
-486017
-485964
-485959
-485955
-485946
-485896
-485892
-485878
-485850
-485823
-485817
-485815
-485767
-485748
-485743
-485737
-485702
-485632
-485630
-485629
-485616
-485566
-485563
-485546
-485514
-485510
-485448
-485421
-485390
-485331
-485321
-485305
-485295
-485283
-485244
-485219
-485202
-485183
-485179
-485171
-485130
-485096
-485086
-485070
-485062
-485040
-485037
-485030
-485029
-484996
-484966
-484923
-484907
-484865
-484850
-484845
-484822
-484798
-484789
-484731
-484726
-484724
-484714
-484711
-484708
-484676
-484646
-484610
-484593
-484592
-484553
-484538
-484536
-484489
-484488
-484451
-484431
-484417
-484412
-484409
-484400
-484398
-484360
-484346
-484343
-484318
-484315
-484292
-484248
-484216
-484207
-484192
-484168
-484155
-484145
-484106
-484096
-484091
-484080
-484075
-484055
-483988
-483978
-483977
-483915
-483909
-483905
-483905
-483903
-483895
-483875
-483820
-483796
-483779
-483774
-483767
-483711
-483686
-483676
-483674
-483666
-483660
-483636
-483608
-483595
-483593
-483586
-483568
-483540
-483538
-483535
-483522
-483489
-483471
-483461
-483447
-483437
-483419
-483418
-483410
-483385
-483296
-483294
-483293
-483279
-483258
-483226
-483193
-483134
-483130
-483057
-483039
-482969
-482945
-482926
-482862
-482852
-482834
-482814
-482798
-482795
-482774
-482756
-482754
-482740
-482721
-482680
-482677
-482672
-482672
-482662
-482641
-482626
-482621
-482552
-482535
-482508
-482497
-482470
-482457
-482454
-482412
-482410
-482383
-482360
-482346
-482324
-482295
-482277
-482264
-482257
-482223
-482216
-482190
-482152
-482140
-482090
-482047
-481962
-481927
-481898
-481897
-481878
-481870
-481822
-481796
-481782
-481770
-481748
-481714
-481708
-481688
-481667
-481646
-481598
-481588
-481585
-481584
-481569
-481546
-481497
-481481
-481433
-481427
-481427
-481422
-481380
-481372
-481347
-481309
-481281
-481266
-481264
-481262
-481214
-481206
-481206
-481196
-481185
-481180
-481178
-481152
-481110
-481020
-481009
-481002
-480987
-480966
-480955
-480946
-480933
-480928
-480928
-480911
-480874
-480833
-480827
-480799
-480787
-480744
-480742
-480731
-480715
-480679
-480629
-480628
-480619
-480569
-480563
-480562
-480530
-480525
-480479
-480440
-480438
-480405
-480399
-480379
-480372
-480332
-480329
-480324
-480321
-480260
-480255
-480233
-480207
-480187
-480183
-480166
-480148
-480117
-480109
-480090
-480053
-480013
-479948
-479886
-479834
-479833
-479790
-479785
-479729
-479729
-479702
-479699
-479699
-479640
-479623
-479607
-479591
-479587
-479572
-479547
-479535
-479529
-479389
-479371
-479368
-479366
-479339
-479332
-479319
-479297
-479240
-479238
-479238
-479194
-479178
-479164
-479157
-479141
-479137
-478999
-478974
-478974
-478968
-478905
-478900
-478897
-478883
-478858
-478841
-478795
-478792
-478769
-478759
-478749
-478734
-478732
-478728
-478724
-478722
-478708
-478639
-478599
-478582
-478578
-478569
-478566
-478556
-478553
-478538
-478537
-478511
-478505
-478457
-478453
-478427
-478418
-478418
-478381
-478368
-478367
-478343
-478320
-478302
-478289
-478272
-478261
-478257
-478216
-478206
-478150
-478117
-478081
-478057
-478011
-478007
-478003
-478000
-477970
-477927
-477906
-477889
-477882
-477855
-477846
-477825
-477811
-477802
-477795
-477760
-477744
-477724
-477718
-477713
-477678
-477633
-477627
-477625
-477595
-477575
-477551
-477534
-477484
-477473
-477471
-477467
-477461
-477443
-477379
-477343
-477338
-477323
-477313
-477256
-477251
-477241
-477224
-477214
-477095
-477029
-477021
-477002
-477000
-476978
-476905
-476888
-476844
-476834
-476827
-476798
-476771
-476752
-476750
-476750
-476744
-476727
-476726
-476715
-476662
-476643
-476638
-476612
-476595
-476585
-476580
-476574
-476562
-476559
-476553
-476545
-476528
-476512
-476493
-476483
-476479
-476463
-476462
-476437
-476419
-476412
-476412
-476373
-476304
-476291
-476284
-476276
-476200
-476159
-476130
-476066
-476062
-476044
-476019
-475979
-475961
-475945
-475943
-475938
-475934
-475930
-475910
-475908
-475852
-475848
-475838
-475811
-475764
-475739
-475734
-475718
-475697
-475606
-475598
-475593
-475578
-475544
-475510
-475492
-475486
-475385
-475380
-475338
-475326
-475318
-475274
-475271
-475261
-475252
-475224
-475224
-475219
-475209
-475199
-475156
-475147
-475099
-475083
-475047
-475029
-475024
-475016
-474986
-474966
-474947
-474917
-474888
-474883
-474847
-474847
-474838
-474761
-474758
-474752
-474718
-474695
-474690
-474676
-474643
-474633
-474594
-474532
-474522
-474483
-474464
-474453
-474435
-474423
-474413
-474392
-474383
-474380
-474379
-474351
-474303
-474297
-474275
-474245
-474217
-474210
-474202
-474180
-474160
-474144
-474111
-474091
-474078
-474078
-474047
-474039
-474001
-473977
-473955
-473946
-473940
-473936
-473914
-473897
-473893
-473878
-473859
-473854
-473839
-473814
-473797
-473784
-473775
-473752
-473741
-473725
-473720
-473719
-473707
-473691
-473674
-473671
-473666
-473658
-473638
-473620
-473607
-473600
-473562
-473552
-473540
-473525
-473516
-473516
-473515
-473510
-473491
-473475
-473456
-473448
-473431
-473424
-473420
-473345
-473333
-473324
-473307
-473302
-473296
-473262
-473231
-473219
-473214
-473207
-473189
-473183
-473174
-473108
-473023
-473002
-472991
-472949
-472941
-472933
-472932
-472918
-472917
-472889
-472882
-472869
-472810
-472782
-472777
-472768
-472759
-472751
-472748
-472720
-472710
-472679
-472638
-472575
-472548
-472521
-472505
-472486
-472480
-472462
-472385
-472343
-472342
-472335
-472330
-472309
-472282
-472261
-472241
-472237
-472215
-472194
-472136
-472132
-472108
-472085
-472083
-472079
-472076
-472073
-472055
-472053
-472037
-472018
-471964
-471958
-471951
-471949
-471920
-471914
-471902
-471883
-471822
-471822
-471814
-471778
-471758
-471719
-471701
-471697
-471649
-471638
-471636
-471555
-471551
-471542
-471523
-471504
-471503
-471500
-471491
-471469
-471386
-471368
-471362
-471336
-471320
-471292
-471282
-471272
-471245
-471243
-471239
-471233
-471225
-471214
-471210
-471198
-471194
-471174
-471173
-471113
-471113
-471098
-471053
-471047
-471025
-470993
-470980
-470972
-470938
-470910
-470897
-470879
-470863
-470863
-470847
-470830
-470801
-470800
-470787
-470755
-470726
-470693
-470673
-470669
-470660
-470652
-470651
-470650
-470641
-470619
-470613
-470598
-470576
-470545
-470535
-470523
-470497
-470492
-470490
-470483
-470467
-470463
-470463
-470448
-470445
-470425
-470363
-470362
-470305
-470292
-470282
-470267
-470262
-470251
-470240
-470219
-470211
-470201
-470197
-470174
-470169
-470133
-470117
-470094
-470056
-470038
-470031
-470021
-470016
-469977
-469969
-469947
-469936
-469929
-469923
-469903
-469888
-469887
-469880
-469879
-469871
-469846
-469833
-469832
-469815
-469788
-469782
-469763
-469761
-469760
-469729
-469709
-469687
-469686
-469677
-469643
-469615
-469583
-469571
-469558
-469538
-469508
-469460
-469458
-469382
-469376
-469366
-469293
-469283
-469222
-469190
-469099
-469056
-469043
-469010
-468989
-468984
-468968
-468954
-468913
-468897
-468891
-468880
-468871
-468826
-468807
-468793
-468788
-468753
-468712
-468674
-468666
-468664
-468660
-468656
-468641
-468641
-468638
-468637
-468629
-468622
-468612
-468591
-468570
-468565
-468549
-468533
-468495
-468472
-468446
-468424
-468415
-468407
-468334
-468284
-468271
-468248
-468229
-468226
-468202
-468179
-468139
-468123
-468110
-468106
-468095
-468088
-468078
-468059
-468053
-467996
-467993
-467977
-467953
-467942
-467931
-467902
-467890
-467890
-467875
-467871
-467857
-467799
-467792
-467762
-467723
-467719
-467718
-467694
-467690
-467630
-467600
-467585
-467584
-467538
-467536
-467526
-467494
-467481
-467463
-467459
-467454
-467371
-467341
-467340
-467307
-467273
-467262
-467250
-467244
-467221
-467214
-467212
-467195
-467180
-467177
-467123
-467101
-467101
-467098
-467090
-467068
-467060
-467020
-466999
-466970
-466966
-466921
-466894
-466876
-466863
-466848
-466825
-466824
-466823
-466807
-466806
-466806
-466798
-466789
-466742
-466737
-466728
-466718
-466712
-466648
-466633
-466604
-466575
-466562
-466547
-466546
-466537
-466499
-466486
-466478
-466422
-466419
-466417
-466384
-466351
-466349
-466323
-466306
-466252
-466210
-466192
-466164
-466162
-466142
-466124
-466123
-466117
-466114
-466100
-466087
-466059
-466044
-466019
-465993
-465992
-465969
-465966
-465961
-465943
-465942
-465938
-465921
-465919
-465835
-465816
-465815
-465814
-465806
-465794
-465787
-465784
-465783
-465768
-465754
-465722
-465652
-465609
-465602
-465592
-465545
-465496
-465491
-465483
-465479
-465444
-465424
-465421
-465420
-465417
-465408
-465386
-465368
-465364
-465361
-465337
-465315
-465307
-465295
-465280
-465271
-465265
-465197
-465168
-465142
-465088
-465067
-465060
-465060
-465042
-465031
-465025
-465006
-464974
-464954
-464916
-464890
-464879
-464870
-464845
-464753
-464722
-464696
-464672
-464630
-464613
-464604
-464591
-464575
-464573
-464569
-464564
-464550
-464532
-464512
-464508
-464501
-464499
-464489
-464482
-464467
-464452
-464431
-464426
-464418
-464362
-464357
-464356
-464339
-464312
-464289
-464210
-464209
-464194
-464166
-464145
-464136
-464129
-464121
-464113
-464078
-464051
-464021
-464021
-464004
-463963
-463937
-463906
-463887
-463867
-463853
-463816
-463806
-463783
-463775
-463768
-463756
-463754
-463738
-463733
-463620
-463619
-463600
-463589
-463586
-463579
-463577
-463577
-463558
-463529
-463508
-463496
-463471
-463462
-463454
-463442
-463428
-463424
-463365
-463341
-463334
-463303
-463294
-463266
-463255
-463212
-463210
-463147
-463147
-463134
-463134
-463118
-463105
-463103
-463073
-463072
-463070
-463058
-463048
-463045
-463012
-462972
-462961
-462948
-462941
-462892
-462855
-462844
-462834
-462823
-462815
-462812
-462784
-462768
-462759
-462753
-462749
-462693
-462680
-462571
-462555
-462535
-462513
-462498
-462484
-462466
-462446
-462424
-462392
-462368
-462331
-462329
-462315
-462270
-462265
-462263
-462244
-462184
-462180
-462145
-462128
-462127
-462127
-462107
-462080
-462078
-462062
-462048
-462046
-462034
-462032
-461990
-461950
-461922
-461915
-461906
-461854
-461845
-461844
-461830
-461743
-461704
-461656
-461629
-461603
-461591
-461588
-461535
-461534
-461524
-461511
-461509
-461506
-461480
-461470
-461452
-461406
-461395
-461366
-461362
-461347
-461328
-461288
-461286
-461245
-461209
-461202
-461181
-461097
-461076
-461065
-461054
-461047
-461041
-461001
-460977
-460946
-460898
-460894
-460881
-460813
-460791
-460771
-460729
-460716
-460706
-460696
-460678
-460646
-460631
-460610
-460607
-460581
-460532
-460502
-460457
-460453
-460451
-460433
-460374
-460338
-460314
-460285
-460279
-460267
-460266
-460243
-460237
-460192
-460191
-460176
-460164
-460157
-460130
-460128
-460126
-460124
-460119
-460097
-460068
-460063
-459975
-459973
-459970
-459949
-459929
-459873
-459842
-459841
-459826
-459810
-459730
-459715
-459712
-459694
-459683
-459683
-459676
-459667
-459663
-459661
-459656
-459647
-459646
-459623
-459623
-459611
-459564
-459510
-459501
-459474
-459447
-459447
-459436
-459378
-459376
-459360
-459348
-459347
-459337
-459316
-459298
-459288
-459286
-459275
-459274
-459269
-459241
-459217
-459213
-459210
-459186
-459168
-459154
-459148
-459115
-459097
-459095
-459085
-459080
-459051
-459043
-458991
-458991
-458948
-458938
-458895
-458857
-458819
-458812
-458780
-458751
-458736
-458705
-458649
-458620
-458592
-458582
-458581
-458552
-458544
-458510
-458504
-458486
-458450
-458421
-458413
-458408
-458357
-458249
-458248
-458182
-458176
-458048
-458042
-458040
-458018
-457961
-457960
-457958
-457934
-457877
-457867
-457852
-457828
-457821
-457818
-457804
-457799
-457790
-457789
-457787
-457781
-457738
-457697
-457693
-457662
-457655
-457645
-457644
-457643
-457635
-457629
-457612
-457568
-457514
-457494
-457488
-457488
-457469
-457433
-457419
-457419
-457400
-457395
-457388
-457378
-457376
-457359
-457353
-457323
-457208
-457205
-457204
-457161
-457147
-457120
-457098
-457089
-457084
-457061
-457041
-457015
-457013
-456974
-456970
-456939
-456914
-456890
-456889
-456886
-456871
-456842
-456809
-456802
-456725
-456718
-456717
-456691
-456690
-456636
-456625
-456624
-456572
-456568
-456544
-456540
-456487
-456481
-456406
-456390
-456389
-456387
-456365
-456360
-456360
-456355
-456345
-456317
-456276
-456222
-456216
-456207
-456167
-456128
-456058
-456058
-456054
-456021
-455991
-455989
-455924
-455911
-455834
-455803
-455802
-455771
-455745
-455707
-455663
-455660
-455654
-455642
-455603
-455591
-455579
-455562
-455551
-455540
-455528
-455522
-455493
-455461
-455449
-455441
-455412
-455409
-455365
-455356
-455345
-455323
-455303
-455300
-455288
-455267
-455252
-455161
-455089
-455075
-455061
-455037
-455020
-455018
-455009
-454977
-454964
-454960
-454956
-454945
-454925
-454842
-454798
-454796
-454784
-454768
-454760
-454751
-454726
-454688
-454687
-454664
-454624
-454613
-454588
-454575
-454554
-454551
-454543
-454541
-454521
-454520
-454510
-454496
-454454
-454452
-454393
-454383
-454380
-454365
-454364
-454361
-454348
-454288
-454282
-454274
-454260
-454248
-454208
-454171
-454169
-454120
-454107
-454091
-454021
-453928
-453921
-453917
-453888
-453858
-453852
-453844
-453838
-453804
-453804
-453776
-453764
-453761
-453743
-453731
-453728
-453717
-453688
-453673
-453659
-453658
-453656
-453638
-453612
-453594
-453569
-453555
-453550
-453525
-453477
-453460
-453441
-453401
-453394
-453392
-453379
-453362
-453360
-453331
-453328
-453328
-453323
-453283
-453213
-453210
-453161
-453159
-453102
-453099
-453067
-453055
-453021
-452970
-452960
-452951
-452934
-452920
-452911
-452898
-452852
-452823
-452822
-452810
-452806
-452746
-452746
-452732
-452729
-452727
-452684
-452617
-452604
-452596
-452592
-452568
-452555
-452516
-452507
-452449
-452434
-452430
-452427
-452413
-452401
-452397
-452395
-452389
-452367
-452349
-452344
-452289
-452277
-452264
-452185
-452174
-452160
-452113
-452089
-452078
-452076
-452057
-452047
-451976
-451971
-451953
-451941
-451928
-451905
-451901
-451859
-451826
-451823
-451815
-451773
-451761
-451724
-451692
-451684
-451637
-451634
-451611
-451605
-451564
-451534
-451523
-451500
-451495
-451492
-451485
-451483
-451429
-451390
-451323
-451319
-451311
-451300
-451296
-451286
-451270
-451260
-451243
-451198
-451197
-451175
-451115
-451114
-451091
-451058
-451044
-451013
-451004
-450988
-450980
-450973
-450941
-450938
-450937
-450933
-450910
-450905
-450892
-450860
-450853
-450800
-450775
-450682
-450680
-450639
-450637
-450630
-450572
-450540
-450520
-450514
-450508
-450472
-450459
-450456
-450449
-450445
-450437
-450410
-450408
-450393
-450391
-450351
-450288
-450249
-450247
-450220
-450211
-450211
-450189
-450168
-450153
-450107
-450104
-450043
-450037
-450011
-449999
-449930
-449891
-449867
-449863
-449859
-449850
-449811
-449742
-449727
-449723
-449718
-449718
-449671
-449615
-449594
-449590
-449582
-449570
-449563
-449541
-449511
-449468
-449443
-449415
-449398
-449382
-449373
-449361
-449339
-449338
-449314
-449306
-449302
-449298
-449295
-449291
-449269
-449266
-449260
-449256
-449243
-449204
-449164
-449148
-449090
-449074
-449064
-449055
-449054
-448961
-448923
-448919
-448906
-448878
-448873
-448835
-448827
-448822
-448812
-448787
-448785
-448782
-448735
-448726
-448716
-448711
-448676
-448631
-448608
-448604
-448603
-448559
-448549
-448546
-448530
-448494
-448488
-448483
-448427
-448295
-448254
-448233
-448222
-448107
-448049
-448017
-447989
-447950
-447940
-447937
-447909
-447906
-447904
-447852
-447831
-447766
-447764
-447742
-447714
-447713
-447698
-447695
-447682
-447640
-447626
-447603
-447600
-447599
-447593
-447590
-447573
-447506
-447490
-447464
-447381
-447378
-447372
-447372
-447363
-447346
-447324
-447322
-447312
-447290
-447230
-447223
-447218
-447177
-447176
-447119
-447105
-447089
-447088
-447055
-447053
-447053
-447012
-447011
-446993
-446990
-446978
-446962
-446952
-446929
-446903
-446900
-446888
-446836
-446830
-446829
-446825
-446763
-446758
-446719
-446643
-446635
-446598
-446593
-446576
-446572
-446564
-446558
-446500
-446481
-446420
-446396
-446378
-446373
-446361
-446314
-446295
-446283
-446263
-446254
-446205
-446194
-446153
-446123
-446118
-446107
-446089
-446073
-446068
-446064
-445985
-445979
-445979
-445961
-445932
-445925
-445888
-445849
-445836
-445826
-445814
-445810
-445794
-445789
-445747
-445673
-445655
-445638
-445628
-445612
-445603
-445587
-445580
-445577
-445573
-445563
-445561
-445517
-445495
-445462
-445434
-445419
-445405
-445399
-445398
-445391
-445382
-445375
-445364
-445359
-445357
-445330
-445327
-445301
-445293
-445291
-445282
-445276
-445275
-445245
-445240
-445230
-445223
-445194
-445181
-445177
-445172
-445167
-445100
-445091
-445084
-445044
-445025
-445021
-445012
-445007
-444960
-444959
-444944
-444921
-444919
-444848
-444841
-444834
-444825
-444796
-444781
-444773
-444759
-444741
-444723
-444696
-444691
-444641
-444637
-444623
-444605
-444586
-444582
-444552
-444537
-444524
-444458
-444437
-444429
-444427
-444408
-444406
-444315
-444301
-444294
-444283
-444279
-444263
-444245
-444215
-444200
-444194
-444176
-444164
-444161
-444141
-444105
-444074
-444071
-444065
-444052
-444035
-444011
-443983
-443956
-443930
-443921
-443879
-443854
-443834
-443823
-443805
-443773
-443757
-443741
-443730
-443729
-443707
-443699
-443697
-443685
-443681
-443674
-443632
-443616
-443542
-443516
-443412
-443397
-443393
-443384
-443375
-443355
-443343
-443273
-443272
-443270
-443262
-443259
-443129
-443117
-443096
-443083
-443075
-443072
-443068
-443063
-443022
-442995
-442959
-442934
-442849
-442844
-442838
-442804
-442798
-442745
-442681
-442646
-442643
-442619
-442609
-442597
-442576
-442555
-442497
-442491
-442479
-442459
-442459
-442453
-442422
-442402
-442399
-442356
-442342
-442306
-442301
-442293
-442243
-442231
-442218
-442161
-442159
-442158
-442150
-442124
-442119
-442075
-442042
-442005
-442005
-441987
-441978
-441969
-441966
-441960
-441959
-441959
-441952
-441926
-441925
-441898
-441891
-441885
-441854
-441843
-441807
-441784
-441742
-441725
-441668
-441612
-441580
-441571
-441543
-441538
-441500
-441474
-441451
-441394
-441341
-441318
-441312
-441274
-441259
-441231
-441220
-441210
-441210
-441181
-441170
-441121
-441119
-441104
-441101
-441099
-441096
-441051
-441038
-441015
-441007
-440985
-440929
-440892
-440874
-440862
-440849
-440772
-440687
-440682
-440678
-440640
-440618
-440615
-440603
-440590
-440589
-440584
-440565
-440556
-440555
-440550
-440508
-440404
-440395
-440382
-440362
-440337
-440335
-440300
-440250
-440228
-440226
-440215
-440214
-440178
-440176
-440169
-440164
-440053
-440039
-440037
-440014
-439995
-439979
-439974
-439942
-439938
-439917
-439916
-439897
-439879
-439875
-439818
-439809
-439785
-439784
-439775
-439759
-439717
-439712
-439676
-439671
-439655
-439654
-439649
-439641
-439624
-439497
-439491
-439474
-439459
-439458
-439458
-439450
-439449
-439413
-439381
-439366
-439358
-439354
-439353
-439352
-439345
-439327
-439322
-439308
-439255
-439254
-439240
-439214
-439213
-439182
-439174
-439159
-439139
-439130
-439129
-439110
-439076
-439023
-439013
-439010
-438981
-438966
-438915
-438882
-438878
-438803
-438784
-438772
-438754
-438749
-438749
-438716
-438690
-438672
-438663
-438654
-438639
-438630
-438580
-438552
-438528
-438525
-438491
-438460
-438445
-438412
-438408
-438343
-438322
-438315
-438286
-438285
-438259
-438179
-438178
-438177
-438150
-438141
-438132
-438107
-438104
-438098
-438080
-438075
-438063
-438051
-438005
-437914
-437892
-437889
-437886
-437858
-437833
-437818
-437815
-437745
-437734
-437696
-437664
-437653
-437638
-437633
-437632
-437629
-437611
-437600
-437585
-437562
-437534
-437523
-437520
-437519
-437510
-437490
-437489
-437418
-437399
-437390
-437365
-437359
-437354
-437328
-437316
-437216
-437189
-437184
-437180
-437170
-437143
-437141
-437139
-437132
-437126
-437117
-437073
-437071
-437052
-437032
-436962
-436961
-436952
-436907
-436898
-436894
-436892
-436834
-436801
-436795
-436793
-436789
-436767
-436765
-436754
-436724
-436714
-436703
-436693
-436679
-436651
-436635
-436587
-436555
-436536
-436526
-436522
-436506
-436482
-436434
-436426
-436404
-436350
-436323
-436300
-436274
-436261
-436254
-436248
-436182
-436141
-436094
-436068
-435965
-435905
-435851
-435839
-435834
-435782
-435742
-435738
-435733
-435713
-435692
-435686
-435647
-435635
-435634
-435634
-435622
-435590
-435552
-435524
-435517
-435510
-435460
-435454
-435448
-435442
-435426
-435375
-435362
-435362
-435335
-435295
-435259
-435257
-435254
-435251
-435240
-435229
-435226
-435222
-435202
-435192
-435185
-435180
-435176
-435139
-435133
-435131
-435131
-435120
-435115
-435110
-435073
-435050
-435033
-434959
-434937
-434924
-434912
-434910
-434895
-434887
-434872
-434862
-434851
-434843
-434806
-434791
-434790
-434718
-434699
-434675
-434663
-434657
-434652
-434617
-434613
-434602
-434535
-434490
-434484
-434447
-434443
-434441
-434391
-434385
-434379
-434378
-434348
-434345
-434323
-434318
-434317
-434271
-434265
-434253
-434247
-434232
-434201
-434187
-434113
-434070
-434032
-434007
-433985
-433972
-433954
-433920
-433901
-433884
-433859
-433856
-433824
-433818
-433795
-433782
-433775
-433773
-433772
-433697
-433689
-433673
-433668
-433659
-433624
-433613
-433607
-433593
-433585
-433578
-433570
-433543
-433538
-433530
-433464
-433457
-433429
-433419
-433418
-433406
-433381
-433361
-433336
-433305
-433303
-433294
-433287
-433284
-433277
-433252
-433237
-433236
-433186
-433179
-433178
-433158
-433147
-433136
-433130
-433080
-433027
-432982
-432978
-432970
-432955
-432947
-432915
-432913
-432883
-432881
-432831
-432823
-432784
-432664
-432639
-432630
-432624
-432548
-432539
-432521
-432519
-432499
-432496
-432453
-432451
-432448
-432421
-432379
-432373
-432362
-432356
-432354
-432345
-432297
-432252
-432237
-432197
-432188
-432184
-432166
-432160
-432137
-432106
-432055
-432026
-431992
-431966
-431955
-431947
-431946
-431940
-431864
-431857
-431857
-431845
-431831
-431830
-431823
-431817
-431812
-431795
-431755
-431753
-431742
-431719
-431701
-431691
-431672
-431649
-431640
-431583
-431569
-431544
-431510
-431504
-431500
-431463
-431409
-431349
-431332
-431326
-431272
-431268
-431253
-431248
-431231
-431229
-431216
-431196
-431191
-431177
-431142
-431134
-431113
-431100
-431091
-431031
-430999
-430983
-430974
-430955
-430949
-430930
-430923
-430921
-430913
-430822
-430790
-430790
-430783
-430750
-430743
-430733
-430718
-430657
-430643
-430639
-430625
-430593
-430498
-430472
-430465
-430464
-430463
-430434
-430384
-430376
-430369
-430364
-430284
-430280
-430261
-430255
-430233
-430232
-430186
-430171
-430164
-430142
-430129
-430105
-430062
-430040
-429999
-429994
-429947
-429904
-429896
-429870
-429827
-429823
-429818
-429812
-429801
-429765
-429753
-429723
-429721
-429720
-429631
-429631
-429628
-429625
-429615
-429609
-429594
-429538
-429507
-429505
-429496
-429438
-429406
-429367
-429366
-429341
-429339
-429332
-429323
-429318
-429303
-429278
-429271
-429213
-429198
-429185
-429185
-429130
-429120
-429076
-429034
-428963
-428959
-428950
-428937
-428932
-428917
-428914
-428852
-428830
-428813
-428780
-428777
-428744
-428728
-428710
-428691
-428670
-428657
-428647
-428643
-428626
-428626
-428617
-428604
-428571
-428507
-428495
-428491
-428478
-428419
-428416
-428404
-428386
-428354
-428351
-428348
-428347
-428345
-428299
-428239
-428229
-428218
-428215
-428212
-428206
-428194
-428180
-428177
-428144
-428140
-428095
-428086
-428076
-428063
-428055
-428014
-428012
-427953
-427915
-427895
-427891
-427816
-427801
-427799
-427777
-427772
-427761
-427726
-427678
-427673
-427633
-427609
-427599
-427553
-427536
-427487
-427486
-427477
-427402
-427376
-427338
-427312
-427276
-427266
-427249
-427229
-427223
-427213
-427195
-427185
-427181
-427140
-427135
-427099
-427091
-427069
-427023
-427008
-426990
-426969
-426968
-426960
-426948
-426947
-426941
-426941
-426930
-426907
-426898
-426894
-426889
-426886
-426880
-426874
-426873
-426873
-426852
-426826
-426819
-426808
-426792
-426792
-426781
-426713
-426606
-426583
-426555
-426497
-426484
-426372
-426335
-426326
-426319
-426316
-426297
-426294
-426289
-426278
-426265
-426225
-426175
-426143
-426112
-426107
-426101
-425856
-425816
-425792
-425783
-425750
-425711
-425681
-425671
-425669
-425653
-425639
-425615
-425592
-425561
-425517
-425493
-425447
-425429
-425382
-425379
-425376
-425348
-425299
-425292
-425252
-425247
-425204
-425162
-425156
-425122
-425119
-425113
-425104
-425083
-425064
-424992
-424976
-424974
-424963
-424960
-424960
-424955
-424944
-424943
-424897
-424827
-424803
-424801
-424773
-424768
-424757
-424740
-424739
-424729
-424720
-424706
-424693
-424681
-424661
-424635
-424614
-424588
-424562
-424547
-424523
-424514
-424467
-424436
-424420
-424414
-424406
-424390
-424382
-424381
-424360
-424353
-424334
-424290
-424279
-424271
-424217
-424191
-424185
-424173
-424150
-424148
-424136
-424122
-424088
-424070
-424068
-424063
-424049
-424031
-424019
-423996
-423982
-423947
-423942
-423936
-423874
-423859
-423817
-423810
-423802
-423795
-423791
-423766
-423764
-423744
-423717
-423689
-423662
-423659
-423658
-423653
-423649
-423610
-423593
-423585
-423547
-423546
-423545
-423538
-423530
-423493
-423423
-423417
-423417
-423394
-423370
-423352
-423288
-423283
-423272
-423263
-423227
-423197
-423185
-423163
-423160
-423136
-423128
-423128
-423119
-423107
-423107
-423094
-423092
-423038
-423026
-422981
-422978
-422931
-422928
-422905
-422895
-422883
-422864
-422850
-422813
-422799
-422790
-422785
-422779
-422771
-422770
-422767
-422728
-422725
-422701
-422683
-422638
-422630
-422614
-422595
-422566
-422527
-422445
-422425
-422380
-422365
-422306
-422305
-422268
-422251
-422250
-422231
-422214
-422207
-422160
-422148
-422140
-422122
-422110
-422105
-422062
-422055
-422050
-422035
-422021
-421965
-421942
-421916
-421905
-421873
-421849
-421839
-421825
-421753
-421741
-421740
-421662
-421645
-421637
-421604
-421595
-421588
-421562
-421550
-421524
-421513
-421491
-421486
-421448
-421419
-421410
-421410
-421403
-421402
-421381
-421379
-421375
-421348
-421330
-421316
-421311
-421291
-421270
-421236
-421232
-421224
-421208
-421187
-421165
-421126
-421118
-421117
-421089
-421084
-421065
-421026
-420997
-420969
-420948
-420915
-420911
-420907
-420867
-420857
-420836
-420817
-420788
-420787
-420781
-420771
-420751
-420745
-420734
-420666
-420656
-420633
-420626
-420622
-420617
-420584
-420524
-420493
-420454
-420451
-420448
-420430
-420429
-420401
-420354
-420329
-420289
-420269
-420259
-420250
-420241
-420233
-420198
-420195
-420178
-420090
-420085
-420044
-420010
-419965
-419951
-419949
-419851
-419837
-419832
-419829
-419813
-419804
-419709
-419707
-419599
-419597
-419536
-419442
-419407
-419338
-419326
-419312
-419295
-419279
-419270
-419269
-419247
-419142
-419139
-419109
-419089
-419077
-419074
-419059
-419042
-419040
-418951
-418945
-418914
-418911
-418902
-418900
-418891
-418878
-418868
-418782
-418777
-418758
-418743
-418686
-418645
-418632
-418630
-418600
-418576
-418571
-418566
-418544
-418536
-418529
-418510
-418477
-418432
-418425
-418410
-418365
-418364
-418320
-418310
-418308
-418308
-418288
-418254
-418240
-418198
-418184
-418134
-418128
-418121
-418092
-418087
-418058
-418054
-418051
-418030
-417969
-417961
-417947
-417943
-417930
-417921
-417895
-417872
-417860
-417855
-417846
-417835
-417769
-417762
-417727
-417708
-417697
-417683
-417674
-417664
-417652
-417648
-417605
-417590
-417571
-417567
-417563
-417558
-417543
-417529
-417430
-417407
-417400
-417369
-417368
-417362
-417353
-417343
-417327
-417319
-417310
-417304
-417299
-417270
-417203
-417155
-417123
-417121
-417045
-417040
-417038
-417034
-416950
-416949
-416920
-416900
-416875
-416850
-416837
-416814
-416810
-416807
-416775
-416721
-416709
-416703
-416702
-416677
-416606
-416562
-416552
-416490
-416486
-416477
-416475
-416474
-416430
-416427
-416427
-416404
-416399
-416349
-416348
-416299
-416296
-416287
-416256
-416239
-416219
-416177
-416159
-416139
-416132
-416115
-416107
-416096
-416087
-416085
-416075
-416068
-416019
-415999
-415983
-415976
-415974
-415968
-415963
-415956
-415935
-415931
-415931
-415924
-415909
-415895
-415870
-415852
-415839
-415808
-415791
-415771
-415767
-415759
-415755
-415707
-415694
-415692
-415674
-415619
-415609
-415604
-415601
-415592
-415577
-415560
-415541
-415520
-415516
-415486
-415468
-415465
-415454
-415423
-415405
-415386
-415375
-415332
-415328
-415314
-415273
-415273
-415269
-415269
-415247
-415169
-415163
-415125
-415087
-415078
-415068
-415032
-415010
-414997
-414996
-414986
-414982
-414964
-414950
-414948
-414934
-414928
-414911
-414907
-414883
-414882
-414850
-414839
-414834
-414814
-414804
-414766
-414754
-414676
-414637
-414607
-414526
-414462
-414458
-414434
-414405
-414388
-414345
-414323
-414323
-414316
-414309
-414308
-414292
-414278
-414241
-414210
-414182
-414169
-414150
-414140
-414138
-414073
-414035
-414001
-413977
-413928
-413911
-413898
-413869
-413855
-413807
-413771
-413702
-413695
-413679
-413670
-413645
-413587
-413574
-413533
-413525
-413492
-413449
-413442
-413431
-413430
-413396
-413378
-413365
-413353
-413329
-413290
-413248
-413225
-413183
-413120
-413114
-413059
-413039
-412956
-412937
-412937
-412917
-412908
-412848
-412821
-412803
-412795
-412788
-412773
-412770
-412768
-412764
-412746
-412739
-412723
-412692
-412679
-412648
-412633
-412532
-412530
-412502
-412462
-412460
-412421
-412397
-412387
-412360
-412322
-412310
-412285
-412269
-412252
-412249
-412239
-412215
-412208
-412199
-412164
-412144
-412118
-412114
-412102
-412102
-412065
-412058
-412047
-412032
-412028
-411983
-411973
-411965
-411956
-411950
-411950
-411907
-411889
-411864
-411836
-411834
-411833
-411826
-411797
-411782
-411742
-411711
-411708
-411688
-411677
-411644
-411643
-411630
-411621
-411614
-411608
-411598
-411575
-411567
-411533
-411515
-411502
-411469
-411436
-411428
-411425
-411386
-411383
-411372
-411369
-411364
-411331
-411323
-411318
-411313
-411238
-411231
-411227
-411200
-411185
-411140
-411133
-411096
-411073
-411034
-411027
-411016
-410999
-410986
-410974
-410950
-410944
-410931
-410889
-410829
-410817
-410809
-410799
-410793
-410787
-410772
-410741
-410735
-410721
-410694
-410636
-410617
-410607
-410591
-410559
-410514
-410511
-410500
-410488
-410466
-410463
-410459
-410442
-410428
-410408
-410360
-410351
-410345
-410335
-410321
-410315
-410289
-410274
-410271
-410271
-410257
-410219
-410184
-410131
-410117
-410089
-410015
-409993
-409993
-409952
-409928
-409902
-409858
-409849
-409832
-409752
-409742
-409742
-409672
-409652
-409652
-409651
-409643
-409629
-409624
-409604
-409603
-409592
-409587
-409573
-409562
-409558
-409555
-409555
-409539
-409537
-409515
-409499
-409492
-409487
-409394
-409385
-409382
-409381
-409381
-409353
-409341
-409315
-409311
-409246
-409236
-409234
-409151
-409117
-409114
-409113
-409111
-409032
-409017
-409002
-408983
-408976
-408948
-408938
-408917
-408884
-408883
-408847
-408844
-408837
-408830
-408784
-408739
-408738
-408686
-408675
-408650
-408649
-408596
-408595
-408592
-408573
-408535
-408520
-408498
-408478
-408466
-408457
-408437
-408435
-408422
-408394
-408388
-408373
-408313
-408294
-408293
-408265
-408208
-408191
-408170
-408163
-408146
-408142
-408104
-408092
-408090
-408085
-408083
-408067
-408060
-408052
-408016
-408005
-407997
-407994
-407976
-407965
-407951
-407927
-407917
-407903
-407885
-407853
-407848
-407846
-407762
-407753
-407744
-407722
-407715
-407694
-407687
-407679
-407678
-407663
-407655
-407633
-407583
-407561
-407535
-407460
-407447
-407442
-407421
-407416
-407390
-407386
-407381
-407377
-407369
-407333
-407331
-407278
-407248
-407236
-407223
-407202
-407191
-407165
-407164
-407161
-407149
-407145
-407127
-407071
-406968
-406947
-406942
-406931
-406909
-406888
-406884
-406884
-406863
-406855
-406816
-406786
-406767
-406741
-406701
-406686
-406672
-406622
-406614
-406610
-406602
-406590
-406519
-406510
-406436
-406430
-406385
-406352
-406349
-406325
-406297
-406294
-406272
-406242
-406177
-406174
-406110
-406087
-406078
-406077
-406069
-406061
-406048
-405983
-405922
-405906
-405868
-405865
-405845
-405842
-405764
-405744
-405731
-405722
-405696
-405689
-405686
-405680
-405656
-405650
-405640
-405614
-405607
-405556
-405552
-405537
-405529
-405519
-405515
-405454
-405447
-405429
-405393
-405377
-405336
-405335
-405325
-405321
-405311
-405294
-405294
-405273
-405263
-405220
-405169
-405136
-405120
-405102
-405095
-405071
-405060
-405038
-405038
-405021
-405019
-405005
-404973
-404972
-404939
-404930
-404906
-404873
-404846
-404832
-404816
-404781
-404764
-404761
-404752
-404730
-404726
-404693
-404684
-404674
-404669
-404667
-404646
-404645
-404637
-404626
-404595
-404579
-404563
-404553
-404548
-404542
-404480
-404456
-404444
-404430
-404368
-404353
-404353
-404211
-404206
-404192
-404147
-404140
-404111
-404103
-404081
-404050
-404047
-404004
-403975
-403967
-403958
-403937
-403932
-403922
-403917
-403911
-403895
-403871
-403843
-403840
-403833
-403821
-403808
-403779
-403691
-403637
-403620
-403564
-403564
-403553
-403463
-403455
-403414
-403397
-403331
-403322
-403316
-403302
-403266
-403261
-403232
-403228
-403215
-403202
-403167
-403164
-403160
-403131
-403130
-403121
-403083
-403076
-403026
-402998
-402979
-402962
-402946
-402926
-402904
-402888
-402830
-402828
-402825
-402782
-402762
-402744
-402725
-402696
-402692
-402663
-402645
-402634
-402596
-402457
-402454
-402429
-402425
-402413
-402392
-402386
-402381
-402355
-402351
-402340
-402333
-402312
-402272
-402262
-402253
-402250
-402194
-402191
-402175
-402173
-402164
-402145
-402131
-402122
-402100
-402080
-402079
-402026
-402024
-402017
-402000
-401987
-401981
-401959
-401915
-401901
-401890
-401871
-401861
-401827
-401817
-401796
-401778
-401744
-401744
-401744
-401665
-401657
-401615
-401596
-401554
-401524
-401505
-401498
-401481
-401480
-401454
-401425
-401424
-401414
-401378
-401371
-401359
-401334
-401331
-401317
-401303
-401293
-401276
-401258
-401239
-401213
-401209
-401206
-401184
-401174
-401172
-401156
-401141
-401106
-401097
-401093
-401092
-401088
-401081
-401056
-401013
-400974
-400955
-400938
-400876
-400843
-400839
-400832
-400816
-400809
-400716
-400712
-400705
-400704
-400698
-400672
-400658
-400654
-400606
-400599
-400598
-400587
-400544
-400515
-400477
-400437
-400365
-400361
-400355
-400353
-400349
-400318
-400312
-400307
-400307
-400301
-400295
-400266
-400266
-400264
-400252
-400248
-400218
-400199
-400161
-400137
-400096
-400077
-400066
-400061
-400060
-400028
-400026
-400025
-400021
-400013
-400012
-400009
-400002
-399992
-399986
-399970
-399969
-399961
-399960
-399945
-399941
-399904
-399850
-399836
-399818
-399815
-399803
-399794
-399784
-399773
-399765
-399758
-399725
-399716
-399674
-399645
-399608
-399512
-399488
-399487
-399480
-399461
-399457
-399452
-399451
-399408
-399304
-399266
-399248
-399238
-399236
-399165
-399142
-399137
-399136
-399116
-399094
-399083
-399081
-399059
-399025
-398971
-398971
-398954
-398950
-398917
-398892
-398872
-398872
-398856
-398798
-398792
-398781
-398757
-398755
-398737
-398724
-398710
-398706
-398679
-398636
-398595
-398546
-398476
-398454
-398443
-398441
-398380
-398370
-398367
-398366
-398357
-398344
-398325
-398316
-398295
-398275
-398269
-398238
-398237
-398235
-398215
-398206
-398190
-398189
-398161
-398150
-398122
-398118
-398115
-398109
-398067
-398066
-398013
-397976
-397966
-397951
-397944
-397916
-397910
-397880
-397879
-397871
-397863
-397850
-397803
-397792
-397657
-397652
-397645
-397641
-397624
-397619
-397570
-397570
-397563
-397555
-397541
-397531
-397520
-397500
-397498
-397492
-397473
-397472
-397451
-397435
-397429
-397399
-397383
-397383
-397379
-397378
-397353
-397343
-397322
-397318
-397311
-397287
-397283
-397272
-397270
-397245
-397241
-397209
-397189
-397177
-397153
-397062
-397040
-397026
-396991
-396985
-396985
-396955
-396910
-396860
-396837
-396829
-396815
-396809
-396804
-396801
-396788
-396777
-396773
-396713
-396690
-396689
-396687
-396656
-396604
-396600
-396599
-396596
-396579
-396554
-396547
-396532
-396525
-396467
-396459
-396401
-396373
-396329
-396325
-396325
-396304
-396274
-396249
-396246
-396234
-396234
-396214
-396210
-396182
-396173
-396168
-396079
-396066
-396064
-396031
-396016
-396013
-396000
-395985
-395982
-395968
-395947
-395926
-395835
-395823
-395818
-395808
-395785
-395704
-395698
-395668
-395630
-395622
-395618
-395605
-395500
-395493
-395488
-395434
-395423
-395400
-395389
-395383
-395376
-395376
-395337
-395329
-395315
-395307
-395303
-395281
-395263
-395259
-395230
-395206
-395170
-395162
-395128
-395127
-395111
-395102
-395045
-395027
-394998
-394955
-394947
-394910
-394900
-394895
-394854
-394840
-394759
-394759
-394751
-394734
-394722
-394688
-394684
-394666
-394658
-394648
-394616
-394605
-394592
-394544
-394537
-394531
-394522
-394501
-394479
-394474
-394463
-394463
-394452
-394442
-394433
-394409
-394403
-394394
-394390
-394379
-394360
-394347
-394248
-394243
-394235
-394231
-394198
-394177
-394168
-394111
-394107
-394061
-394058
-394050
-394049
-394020
-394004
-393982
-393961
-393910
-393897
-393865
-393856
-393839
-393838
-393830
-393823
-393815
-393793
-393780
-393759
-393742
-393732
-393728
-393703
-393698
-393689
-393682
-393673
-393666
-393646
-393606
-393572
-393561
-393554
-393553
-393548
-393523
-393493
-393489
-393415
-393368
-393343
-393336
-393322
-393291
-393256
-393256
-393245
-393241
-393229
-393207
-393203
-393183
-393176
-393148
-393125
-393066
-393056
-393028
-393027
-392999
-392985
-392978
-392949
-392913
-392895
-392894
-392889
-392878
-392838
-392831
-392790
-392775
-392757
-392745
-392743
-392708
-392641
-392616
-392607
-392510
-392477
-392477
-392461
-392446
-392441
-392420
-392397
-392396
-392377
-392305
-392304
-392304
-392230
-392212
-392137
-392137
-392129
-392113
-392110
-392100
-392096
-392084
-392047
-392044
-392036
-392022
-392020
-392020
-392001
-391985
-391958
-391937
-391894
-391876
-391872
-391854
-391829
-391815
-391803
-391797
-391789
-391778
-391773
-391752
-391751
-391721
-391702
-391702
-391693
-391663
-391596
-391589
-391586
-391573
-391558
-391542
-391540
-391533
-391520
-391474
-391471
-391436
-391419
-391412
-391382
-391373
-391368
-391363
-391353
-391298
-391273
-391235
-391216
-391212
-391197
-391194
-391159
-391157
-391044
-390953
-390932
-390930
-390928
-390864
-390831
-390829
-390795
-390770
-390757
-390731
-390715
-390708
-390699
-390632
-390587
-390565
-390563
-390550
-390508
-390489
-390470
-390458
-390426
-390367
-390351
-390337
-390329
-390313
-390293
-390290
-390265
-390263
-390238
-390226
-390102
-390078
-390073
-390051
-390031
-390025
-390019
-390014
-390008
-390003
-389983
-389973
-389970
-389956
-389946
-389915
-389873
-389849
-389849
-389832
-389829
-389816
-389814
-389810
-389790
-389698
-389682
-389651
-389643
-389636
-389635
-389625
-389583
-389572
-389489
-389479
-389477
-389474
-389443
-389440
-389435
-389371
-389349
-389321
-389315
-389313
-389268
-389241
-389241
-389160
-389158
-389157
-389151
-389138
-389138
-389134
-389125
-389040
-389039
-389029
-389016
-388990
-388964
-388878
-388873
-388868
-388830
-388825
-388730
-388699
-388692
-388674
-388646
-388626
-388609
-388584
-388567
-388567
-388541
-388519
-388464
-388448
-388424
-388417
-388381
-388375
-388362
-388360
-388347
-388329
-388321
-388282
-388278
-388243
-388238
-388236
-388199
-388196
-388194
-388140
-388137
-388123
-388083
-388065
-388016
-387984
-387980
-387964
-387953
-387944
-387928
-387927
-387891
-387856
-387855
-387821
-387819
-387802
-387775
-387765
-387734
-387710
-387696
-387693
-387686
-387671
-387648
-387588
-387582
-387574
-387539
-387471
-387468
-387447
-387444
-387370
-387362
-387354
-387349
-387346
-387327
-387324
-387300
-387281
-387254
-387188
-387183
-387158
-387155
-387153
-387119
-387054
-387053
-387033
-387029
-387014
-387003
-386973
-386969
-386960
-386944
-386943
-386904
-386883
-386870
-386866
-386854
-386848
-386739
-386729
-386639
-386635
-386633
-386619
-386618
-386565
-386553
-386546
-386526
-386508
-386491
-386427
-386382
-386350
-386270
-386252
-386217
-386205
-386202
-386194
-386191
-386190
-386182
-386171
-386153
-386147
-386146
-386144
-386123
-386117
-386048
-386019
-386015
-385997
-385977
-385968
-385966
-385920
-385918
-385911
-385910
-385891
-385862
-385829
-385805
-385780
-385779
-385758
-385730
-385724
-385720
-385713
-385705
-385696
-385687
-385653
-385639
-385618
-385588
-385587
-385528
-385520
-385511
-385490
-385489
-385475
-385443
-385418
-385417
-385396
-385354
-385318
-385314
-385301
-385297
-385287
-385267
-385261
-385240
-385237
-385219
-385201
-385181
-385121
-385104
-385069
-385017
-384997
-384965
-384937
-384934
-384915
-384902
-384891
-384855
-384847
-384842
-384829
-384793
-384782
-384778
-384773
-384770
-384750
-384706
-384699
-384653
-384638
-384612
-384594
-384582
-384545
-384538
-384519
-384516
-384514
-384493
-384490
-384432
-384422
-384412
-384398
-384386
-384354
-384352
-384291
-384244
-384210
-384205
-384160
-384150
-384134
-384083
-384038
-384024
-384023
-384001
-383981
-383955
-383951
-383902
-383857
-383854
-383842
-383830
-383827
-383820
-383814
-383803
-383787
-383782
-383771
-383771
-383765
-383752
-383721
-383704
-383689
-383674
-383666
-383664
-383619
-383570
-383538
-383522
-383496
-383365
-383356
-383318
-383314
-383283
-383279
-383269
-383250
-383237
-383217
-383192
-383175
-383168
-383118
-383096
-383081
-383075
-383075
-383072
-383069
-383016
-383009
-383008
-382992
-382977
-382976
-382964
-382947
-382946
-382939
-382929
-382870
-382844
-382815
-382806
-382783
-382770
-382749
-382736
-382700
-382696
-382665
-382646
-382646
-382613
-382573
-382565
-382524
-382479
-382471
-382464
-382453
-382446
-382429
-382369
-382366
-382359
-382343
-382332
-382331
-382324
-382321
-382306
-382298
-382284
-382273
-382241
-382228
-382226
-382222
-382200
-382187
-382182
-382168
-382165
-382164
-382096
-382055
-382051
-382050
-382023
-382004
-381974
-381935
-381923
-381883
-381849
-381836
-381831
-381817
-381807
-381794
-381790
-381790
-381788
-381731
-381697
-381688
-381669
-381648
-381625
-381604
-381586
-381567
-381530
-381526
-381516
-381515
-381426
-381413
-381409
-381378
-381353
-381347
-381344
-381338
-381336
-381201
-381189
-381180
-381171
-381158
-381154
-381150
-381148
-381138
-381071
-381065
-381051
-381027
-380965
-380957
-380910
-380876
-380856
-380833
-380775
-380768
-380718
-380661
-380651
-380621
-380587
-380571
-380524
-380468
-380433
-380405
-380404
-380399
-380379
-380376
-380350
-380343
-380322
-380263
-380262
-380222
-380178
-380143
-380132
-380112
-380091
-380079
-380052
-380047
-380000
-379983
-379932
-379917
-379897
-379830
-379827
-379825
-379825
-379785
-379785
-379769
-379763
-379762
-379757
-379735
-379711
-379708
-379694
-379672
-379665
-379664
-379660
-379593
-379585
-379577
-379576
-379576
-379567
-379549
-379537
-379531
-379522
-379519
-379494
-379481
-379471
-379412
-379396
-379360
-379339
-379338
-379306
-379295
-379267
-379237
-379219
-379193
-379191
-379152
-379136
-379126
-379100
-379065
-379057
-379052
-379043
-379040
-379028
-379025
-379023
-379010
-379003
-378977
-378966
-378959
-378926
-378925
-378912
-378909
-378796
-378763
-378748
-378745
-378729
-378695
-378692
-378681
-378663
-378653
-378635
-378633
-378618
-378608
-378605
-378585
-378583
-378567
-378524
-378517
-378509
-378407
-378369
-378354
-378341
-378339
-378314
-378310
-378309
-378302
-378297
-378291
-378286
-378279
-378234
-378197
-378191
-378161
-378139
-378129
-378126
-378074
-378030
-378026
-378017
-378003
-378001
-377967
-377921
-377914
-377901
-377877
-377873
-377827
-377812
-377805
-377793
-377793
-377784
-377780
-377758
-377747
-377721
-377700
-377684
-377641
-377641
-377599
-377581
-377569
-377529
-377524
-377496
-377490
-377480
-377479
-377477
-377475
-377437
-377430
-377426
-377405
-377371
-377338
-377337
-377308
-377301
-377290
-377170
-377128
-377086
-377067
-377058
-377055
-377024
-376982
-376939
-376876
-376850
-376843
-376835
-376780
-376758
-376754
-376728
-376708
-376697
-376695
-376677
-376676
-376667
-376646
-376632
-376527
-376502
-376432
-376404
-376375
-376353
-376348
-376340
-376311
-376277
-376276
-376251
-376195
-376192
-376141
-376112
-376096
-376092
-376089
-376075
-376064
-376053
-376033
-375995
-375915
-375915
-375899
-375871
-375842
-375826
-375815
-375805
-375761
-375741
-375726
-375724
-375708
-375694
-375674
-375652
-375641
-375633
-375622
-375599
-375556
-375547
-375544
-375535
-375522
-375509
-375503
-375492
-375478
-375440
-375439
-375425
-375369
-375279
-375263
-375255
-375231
-375210
-375193
-375187
-375179
-375140
-375098
-375098
-375082
-374998
-374995
-374992
-374988
-374946
-374936
-374853
-374851
-374847
-374829
-374805
-374787
-374763
-374734
-374706
-374705
-374700
-374636
-374624
-374570
-374567
-374548
-374547
-374543
-374515
-374487
-374486
-374479
-374439
-374406
-374390
-374351
-374322
-374304
-374277
-374170
-374125
-374109
-374104
-374064
-374044
-374011
-374008
-373996
-373994
-373949
-373949
-373938
-373899
-373866
-373826
-373793
-373765
-373754
-373721
-373710
-373700
-373692
-373690
-373669
-373654
-373624
-373615
-373584
-373563
-373521
-373514
-373512
-373500
-373350
-373338
-373309
-373276
-373261
-373243
-373237
-373232
-373219
-373192
-373176
-373145
-373123
-373108
-373107
-373104
-373045
-373018
-372999
-372989
-372878
-372873
-372860
-372842
-372837
-372819
-372764
-372721
-372716
-372687
-372675
-372674
-372660
-372658
-372648
-372647
-372635
-372627
-372543
-372537
-372531
-372523
-372512
-372511
-372456
-372395
-372378
-372327
-372324
-372314
-372308
-372264
-372251
-372246
-372241
-372240
-372211
-372101
-372072
-372060
-372048
-372036
-372006
-371991
-371971
-371970
-371955
-371942
-371934
-371908
-371901
-371884
-371847
-371847
-371817
-371776
-371774
-371759
-371746
-371739
-371738
-371733
-371720
-371663
-371653
-371614
-371613
-371600
-371545
-371538
-371528
-371519
-371512
-371501
-371494
-371467
-371457
-371441
-371440
-371418
-371417
-371406
-371404
-371378
-371357
-371315
-371291
-371286
-371286
-371201
-371184
-371182
-371133
-371108
-371083
-371079
-371079
-371075
-371047
-371035
-371014
-370990
-370967
-370949
-370935
-370934
-370929
-370877
-370861
-370856
-370839
-370826
-370823
-370806
-370783
-370729
-370714
-370693
-370677
-370665
-370649
-370646
-370639
-370633
-370617
-370599
-370572
-370572
-370570
-370550
-370544
-370531
-370483
-370448
-370445
-370439
-370405
-370388
-370368
-370331
-370252
-370250
-370236
-370232
-370214
-370212
-370169
-370164
-370115
-370106
-370103
-370087
-370078
-370072
-370057
-370052
-370051
-370012
-370005
-369981
-369951
-369934
-369929
-369929
-369917
-369885
-369864
-369837
-369784
-369772
-369766
-369743
-369670
-369667
-369665
-369647
-369639
-369637
-369563
-369562
-369557
-369553
-369546
-369544
-369458
-369388
-369357
-369340
-369304
-369291
-369268
-369264
-369263
-369260
-369256
-369184
-369161
-369155
-369149
-369146
-369140
-369092
-369079
-369053
-369045
-369013
-369008
-368996
-368993
-368976
-368963
-368948
-368939
-368938
-368902
-368894
-368881
-368854
-368849
-368848
-368848
-368821
-368766
-368763
-368761
-368717
-368702
-368695
-368646
-368628
-368584
-368581
-368532
-368526
-368517
-368507
-368503
-368493
-368486
-368451
-368434
-368433
-368408
-368398
-368383
-368368
-368352
-368335
-368306
-368280
-368262
-368261
-368252
-368251
-368250
-368250
-368247
-368247
-368241
-368220
-368200
-368192
-368192
-368162
-368153
-368121
-368086
-368065
-368064
-368056
-367983
-367976
-367919
-367912
-367794
-367772
-367747
-367739
-367737
-367727
-367715
-367693
-367674
-367658
-367613
-367574
-367554
-367494
-367475
-367469
-367451
-367443
-367429
-367413
-367380
-367359
-367338
-367319
-367273
-367272
-367271
-367265
-367248
-367239
-367221
-367193
-367158
-367150
-367129
-367127
-367096
-367081
-367072
-367034
-366968
-366932
-366926
-366924
-366924
-366910
-366881
-366842
-366826
-366813
-366810
-366809
-366769
-366761
-366736
-366725
-366688
-366688
-366660
-366646
-366610
-366540
-366515
-366507
-366460
-366453
-366440
-366433
-366425
-366412
-366411
-366403
-366350
-366348
-366285
-366269
-366249
-366233
-366192
-366182
-366158
-366150
-366142
-366126
-366100
-366098
-366092
-366084
-366078
-366067
-366058
-366033
-366032
-366029
-365995
-365988
-365951
-365920
-365892
-365884
-365867
-365865
-365861
-365852
-365848
-365842
-365835
-365828
-365822
-365820
-365819
-365817
-365802
-365798
-365797
-365792
-365791
-365776
-365775
-365775
-365760
-365757
-365752
-365657
-365653
-365625
-365595
-365575
-365561
-365558
-365534
-365533
-365529
-365498
-365494
-365479
-365471
-365467
-365446
-365439
-365435
-365331
-365325
-365318
-365296
-365270
-365264
-365250
-365246
-365220
-365161
-365159
-365147
-365131
-365087
-365034
-365018
-365013
-365003
-365002
-364991
-364981
-364975
-364975
-364903
-364884
-364876
-364860
-364842
-364826
-364818
-364796
-364786
-364743
-364712
-364694
-364651
-364648
-364616
-364613
-364599
-364585
-364540
-364501
-364501
-364490
-364475
-364473
-364467
-364463
-364414
-364397
-364390
-364383
-364340
-364302
-364291
-364277
-364271
-364262
-364192
-364168
-364148
-364126
-364114
-364102
-364049
-364043
-363921
-363845
-363812
-363757
-363745
-363723
-363713
-363701
-363692
-363656
-363625
-363605
-363556
-363552
-363539
-363532
-363529
-363529
-363510
-363477
-363470
-363459
-363454
-363439
-363421
-363403
-363385
-363361
-363353
-363327
-363305
-363251
-363236
-363232
-363229
-363207
-363199
-363163
-363081
-363075
-363072
-363020
-363018
-363006
-363002
-363000
-362967
-362962
-362932
-362893
-362886
-362882
-362869
-362825
-362775
-362737
-362727
-362698
-362693
-362687
-362657
-362619
-362617
-362614
-362600
-362550
-362510
-362493
-362484
-362480
-362467
-362461
-362445
-362428
-362396
-362390
-362385
-362355
-362352
-362349
-362341
-362334
-362330
-362328
-362325
-362314
-362299
-362223
-362164
-362154
-362135
-362115
-362109
-362086
-362069
-362063
-362030
-361999
-361961
-361941
-361885
-361839
-361818
-361792
-361757
-361750
-361744
-361739
-361737
-361725
-361712
-361692
-361692
-361661
-361653
-361623
-361587
-361585
-361579
-361557
-361543
-361525
-361523
-361518
-361509
-361503
-361473
-361461
-361419
-361404
-361396
-361389
-361378
-361338
-361329
-361327
-361321
-361315
-361302
-361291
-361281
-361250
-361210
-361180
-361179
-361163
-361149
-361144
-361109
-361109
-361099
-361091
-361054
-361053
-361042
-361028
-361027
-361015
-360982
-360932
-360883
-360863
-360848
-360830
-360804
-360798
-360758
-360745
-360741
-360695
-360694
-360678
-360673
-360663
-360646
-360642
-360637
-360624
-360624
-360609
-360606
-360587
-360578
-360560
-360553
-360519
-360502
-360472
-360467
-360464
-360455
-360453
-360437
-360432
-360423
-360387
-360370
-360365
-360346
-360323
-360320
-360306
-360305
-360299
-360293
-360261
-360246
-360245
-360228
-360212
-360176
-360160
-360104
-360056
-360049
-360048
-360042
-360038
-360032
-360031
-359975
-359959
-359878
-359855
-359828
-359810
-359759
-359759
-359750
-359714
-359674
-359674
-359663
-359661
-359656
-359642
-359614
-359610
-359603
-359575
-359564
-359544
-359538
-359536
-359490
-359487
-359462
-359460
-359453
-359435
-359419
-359406
-359349
-359332
-359307
-359266
-359264
-359257
-359202
-359199
-359197
-359185
-359153
-359137
-359083
-359057
-359036
-359023
-358991
-358902
-358896
-358757
-358746
-358722
-358716
-358690
-358689
-358657
-358644
-358643
-358639
-358635
-358615
-358584
-358573
-358553
-358550
-358549
-358496
-358485
-358466
-358453
-358439
-358382
-358344
-358322
-358308
-358304
-358297
-358214
-358160
-358157
-358151
-358148
-358107
-358102
-358093
-358021
-358019
-358009
-357976
-357969
-357965
-357959
-357928
-357911
-357907
-357906
-357842
-357819
-357798
-357772
-357765
-357755
-357743
-357716
-357649
-357624
-357619
-357601
-357592
-357583
-357565
-357557
-357554
-357526
-357465
-357451
-357419
-357383
-357379
-357357
-357335
-357306
-357304
-357296
-357283
-357215
-357209
-357204
-357193
-357188
-357167
-357153
-357149
-357145
-357145
-357143
-357123
-357118
-357076
-357058
-357015
-357011
-356966
-356938
-356922
-356917
-356895
-356890
-356883
-356863
-356837
-356832
-356798
-356798
-356790
-356770
-356761
-356748
-356727
-356701
-356699
-356672
-356664
-356660
-356630
-356566
-356553
-356518
-356474
-356467
-356462
-356457
-356456
-356454
-356440
-356409
-356397
-356385
-356359
-356349
-356344
-356339
-356330
-356255
-356225
-356197
-356131
-356123
-356113
-356057
-356024
-356020
-356014
-356012
-356009
-355996
-355984
-355983
-355981
-355957
-355947
-355945
-355936
-355905
-355866
-355852
-355846
-355832
-355753
-355744
-355743
-355734
-355719
-355709
-355679
-355671
-355663
-355656
-355642
-355628
-355603
-355597
-355586
-355558
-355555
-355549
-355539
-355523
-355504
-355499
-355442
-355440
-355409
-355396
-355352
-355349
-355335
-355317
-355293
-355288
-355286
-355276
-355260
-355247
-355247
-355205
-355204
-355198
-355161
-355151
-355147
-355144
-355141
-355110
-355108
-355079
-355074
-355070
-355035
-355010
-354994
-354974
-354970
-354954
-354941
-354934
-354912
-354902
-354869
-354850
-354835
-354774
-354702
-354700
-354694
-354676
-354675
-354660
-354488
-354470
-354449
-354438
-354438
-354430
-354405
-354386
-354362
-354333
-354319
-354319
-354305
-354294
-354253
-354251
-354214
-354209
-354206
-354183
-354166
-354156
-354135
-354107
-354092
-354077
-354064
-354061
-354026
-354019
-353974
-353908
-353892
-353869
-353859
-353854
-353805
-353803
-353786
-353740
-353671
-353615
-353600
-353568
-353561
-353552
-353522
-353516
-353501
-353491
-353480
-353468
-353458
-353449
-353448
-353446
-353407
-353378
-353373
-353360
-353344
-353343
-353340
-353321
-353278
-353263
-353229
-353188
-353183
-353177
-353171
-353161
-353117
-353043
-352992
-352980
-352932
-352916
-352906
-352881
-352874
-352857
-352844
-352821
-352769
-352767
-352761
-352746
-352731
-352726
-352711
-352687
-352655
-352612
-352586
-352576
-352562
-352545
-352540
-352523
-352520
-352496
-352480
-352448
-352434
-352415
-352399
-352379
-352376
-352374
-352356
-352335
-352254
-352228
-352227
-352197
-352165
-352153
-352149
-352142
-352118
-352081
-352067
-352039
-352009
-351991
-351987
-351986
-351975
-351949
-351929
-351923
-351922
-351910
-351883
-351881
-351843
-351837
-351837
-351836
-351833
-351833
-351814
-351813
-351765
-351762
-351715
-351704
-351701
-351673
-351645
-351644
-351612
-351603
-351599
-351591
-351572
-351561
-351516
-351507
-351466
-351441
-351411
-351397
-351388
-351362
-351359
-351322
-351290
-351287
-351280
-351222
-351218
-351215
-351170
-351133
-351087
-351059
-351035
-351033
-351006
-351000
-350982
-350939
-350918
-350847
-350812
-350803
-350795
-350788
-350739
-350738
-350722
-350690
-350658
-350652
-350611
-350604
-350603
-350563
-350559
-350558
-350554
-350549
-350538
-350537
-350520
-350464
-350425
-350407
-350385
-350381
-350336
-350298
-350270
-350218
-350163
-350123
-350100
-350094
-350086
-350086
-350069
-350058
-350036
-349989
-349973
-349959
-349926
-349873
-349849
-349847
-349761
-349754
-349715
-349707
-349692
-349661
-349646
-349642
-349641
-349599
-349598
-349559
-349537
-349498
-349485
-349475
-349471
-349464
-349455
-349449
-349428
-349424
-349417
-349379
-349374
-349355
-349355
-349353
-349352
-349338
-349323
-349290
-349274
-349225
-349206
-349190
-349153
-349136
-349117
-349116
-349073
-349066
-349033
-348992
-348972
-348946
-348939
-348915
-348870
-348853
-348847
-348805
-348792
-348690
-348688
-348687
-348643
-348633
-348615
-348607
-348518
-348511
-348507
-348506
-348481
-348481
-348471
-348459
-348448
-348446
-348408
-348391
-348332
-348330
-348324
-348309
-348302
-348272
-348239
-348232
-348199
-348187
-348161
-348155
-348090
-348071
-348053
-348043
-348031
-348007
-347993
-347987
-347953
-347936
-347917
-347906
-347902
-347885
-347869
-347866
-347850
-347773
-347764
-347763
-347754
-347742
-347741
-347738
-347727
-347716
-347697
-347694
-347676
-347610
-347569
-347527
-347521
-347485
-347463
-347460
-347457
-347423
-347423
-347419
-347406
-347380
-347321
-347313
-347297
-347293
-347291
-347290
-347239
-347237
-347201
-347174
-347165
-347162
-347159
-347158
-347157
-347131
-347123
-347112
-347105
-347070
-347018
-346978
-346965
-346950
-346948
-346942
-346929
-346897
-346892
-346862
-346834
-346789
-346777
-346775
-346774
-346761
-346713
-346711
-346693
-346684
-346665
-346664
-346636
-346633
-346577
-346575
-346561
-346552
-346530
-346530
-346523
-346513
-346501
-346497
-346477
-346468
-346449
-346447
-346427
-346419
-346356
-346328
-346318
-346276
-346275
-346264
-346221
-346215
-346207
-346190
-346189
-346185
-346175
-346166
-346149
-346144
-346122
-346110
-346093
-346066
-346043
-346041
-346033
-346020
-345965
-345916
-345900
-345893
-345892
-345875
-345858
-345847
-345779
-345777
-345771
-345755
-345745
-345739
-345733
-345713
-345707
-345695
-345679
-345673
-345654
-345537
-345499
-345496
-345487
-345429
-345371
-345360
-345352
-345321
-345293
-345235
-345230
-345215
-345185
-345180
-345174
-345167
-345165
-345152
-345121
-345114
-345114
-345105
-345028
-344964
-344941
-344929
-344902
-344880
-344848
-344830
-344788
-344763
-344757
-344741
-344735
-344696
-344682
-344648
-344637
-344591
-344569
-344557
-344531
-344453
-344428
-344426
-344410
-344403
-344381
-344352
-344296
-344269
-344264
-344249
-344224
-344223
-344195
-344190
-344188
-344149
-344134
-344126
-344125
-344084
-344067
-344065
-344060
-344052
-344046
-344036
-344035
-344030
-344010
-343992
-343920
-343918
-343908
-343897
-343862
-343851
-343846
-343800
-343793
-343772
-343755
-343719
-343694
-343644
-343644
-343638
-343637
-343586
-343584
-343571
-343570
-343566
-343538
-343518
-343476
-343450
-343447
-343433
-343427
-343387
-343336
-343334
-343264
-343261
-343213
-343198
-343134
-343098
-343074
-343055
-343050
-343046
-343033
-343026
-342977
-342971
-342965
-342952
-342874
-342822
-342740
-342722
-342722
-342711
-342694
-342689
-342687
-342648
-342632
-342616
-342609
-342588
-342585
-342577
-342572
-342538
-342535
-342516
-342510
-342505
-342488
-342482
-342480
-342463
-342452
-342411
-342334
-342332
-342320
-342310
-342305
-342293
-342260
-342248
-342226
-342224
-342188
-342185
-342149
-342139
-342126
-342109
-342102
-342100
-342077
-342070
-342023
-342021
-342019
-341987
-341960
-341948
-341930
-341916
-341902
-341841
-341840
-341834
-341738
-341729
-341725
-341664
-341659
-341655
-341611
-341588
-341565
-341553
-341542
-341526
-341495
-341482
-341472
-341455
-341403
-341366
-341277
-341275
-341248
-341183
-341180
-341179
-341170
-341156
-341146
-341137
-341133
-341130
-341118
-341091
-341087
-341043
-341021
-341009
-340997
-340994
-340917
-340913
-340905
-340888
-340865
-340862
-340854
-340850
-340835
-340827
-340809
-340787
-340743
-340713
-340709
-340692
-340678
-340637
-340616
-340596
-340593
-340588
-340526
-340526
-340517
-340472
-340441
-340434
-340400
-340335
-340296
-340294
-340283
-340267
-340263
-340236
-340211
-340199
-340185
-340157
-340141
-340134
-340113
-340090
-340082
-340043
-340023
-340019
-340001
-339988
-339963
-339935
-339917
-339907
-339893
-339890
-339854
-339846
-339821
-339763
-339749
-339719
-339713
-339680
-339673
-339662
-339646
-339608
-339605
-339566
-339562
-339559
-339558
-339531
-339527
-339522
-339518
-339515
-339425
-339402
-339391
-339373
-339365
-339364
-339295
-339291
-339277
-339207
-339206
-339199
-339196
-339191
-339149
-339091
-339086
-339084
-339008
-338964
-338938
-338882
-338862
-338859
-338853
-338848
-338847
-338820
-338814
-338774
-338770
-338736
-338714
-338703
-338635
-338632
-338604
-338584
-338571
-338544
-338539
-338505
-338497
-338496
-338477
-338416
-338387
-338379
-338329
-338309
-338286
-338251
-338246
-338216
-338208
-338200
-338196
-338180
-338145
-338143
-338133
-338132
-338130
-338122
-338056
-337979
-337974
-337959
-337925
-337909
-337900
-337897
-337889
-337883
-337854
-337839
-337835
-337831
-337794
-337789
-337754
-337739
-337710
-337700
-337689
-337688
-337685
-337656
-337574
-337557
-337506
-337485
-337479
-337476
-337472
-337446
-337434
-337408
-337407
-337407
-337400
-337392
-337387
-337380
-337354
-337347
-337263
-337246
-337237
-337159
-337150
-337136
-337110
-337108
-337075
-336992
-336932
-336929
-336923
-336920
-336916
-336894
-336845
-336808
-336781
-336773
-336759
-336729
-336710
-336679
-336648
-336637
-336627
-336608
-336608
-336580
-336572
-336565
-336564
-336558
-336522
-336521
-336487
-336475
-336472
-336470
-336405
-336384
-336370
-336365
-336353
-336315
-336314
-336285
-336254
-336242
-336240
-336156
-336064
-336058
-336013
-335993
-335981
-335978
-335970
-335960
-335941
-335936
-335920
-335920
-335889
-335886
-335802
-335754
-335750
-335740
-335715
-335703
-335698
-335683
-335674
-335656
-335644
-335641
-335612
-335608
-335601
-335591
-335581
-335558
-335525
-335505
-335436
-335426
-335424
-335406
-335404
-335399
-335382
-335360
-335315
-335309
-335306
-335296
-335291
-335284
-335283
-335263
-335259
-335232
-335204
-335166
-335166
-335140
-335128
-335126
-335116
-335114
-335107
-335083
-335080
-335051
-335045
-335043
-335034
-335023
-334933
-334929
-334928
-334928
-334884
-334848
-334846
-334801
-334756
-334744
-334691
-334667
-334624
-334619
-334590
-334575
-334564
-334548
-334489
-334459
-334444
-334405
-334403
-334379
-334344
-334329
-334311
-334291
-334286
-334277
-334277
-334243
-334210
-334200
-334192
-334188
-334176
-334174
-334169
-334066
-334052
-334046
-334039
-334032
-334031
-334014
-334000
-333971
-333968
-333953
-333930
-333864
-333842
-333812
-333789
-333784
-333744
-333735
-333708
-333704
-333639
-333624
-333561
-333559
-333524
-333523
-333498
-333423
-333407
-333391
-333353
-333341
-333302
-333288
-333288
-333263
-333146
-333144
-333144
-333132
-333121
-333066
-333037
-333031
-333027
-333017
-333013
-333012
-332999
-332994
-332956
-332946
-332942
-332936
-332929
-332920
-332904
-332903
-332868
-332861
-332846
-332826
-332780
-332747
-332745
-332710
-332700
-332670
-332657
-332654
-332638
-332625
-332589
-332585
-332583
-332559
-332538
-332480
-332451
-332449
-332432
-332421
-332414
-332409
-332383
-332376
-332369
-332365
-332365
-332306
-332304
-332303
-332294
-332292
-332281
-332280
-332258
-332241
-332239
-332231
-332214
-332192
-332185
-332179
-332160
-332159
-332111
-332101
-332084
-332068
-332042
-332039
-332033
-332012
-332012
-331999
-331979
-331959
-331950
-331944
-331889
-331850
-331820
-331727
-331696
-331659
-331593
-331592
-331579
-331560
-331544
-331542
-331526
-331509
-331505
-331486
-331452
-331443
-331429
-331422
-331389
-331382
-331360
-331252
-331239
-331238
-331214
-331205
-331200
-331163
-331151
-331140
-331129
-331116
-331114
-331113
-331057
-331056
-331048
-331037
-330993
-330984
-330979
-330965
-330958
-330925
-330899
-330817
-330794
-330792
-330774
-330772
-330767
-330761
-330752
-330703
-330685
-330615
-330593
-330563
-330555
-330531
-330491
-330460
-330457
-330434
-330416
-330402
-330396
-330390
-330382
-330372
-330362
-330361
-330358
-330357
-330345
-330308
-330280
-330278
-330270
-330265
-330264
-330229
-330198
-330151
-330138
-330130
-330118
-330110
-330103
-330076
-330075
-330041
-330030
-330017
-330001
-329991
-329983
-329983
-329924
-329910
-329876
-329859
-329847
-329824
-329802
-329795
-329721
-329675
-329659
-329651
-329644
-329619
-329600
-329593
-329549
-329548
-329524
-329506
-329503
-329478
-329465
-329443
-329436
-329425
-329404
-329398
-329393
-329353
-329352
-329324
-329312
-329309
-329296
-329273
-329271
-329265
-329261
-329259
-329240
-329234
-329221
-329198
-329195
-329163
-329121
-329073
-329061
-329035
-329011
-328997
-328958
-328955
-328951
-328917
-328913
-328877
-328806
-328797
-328782
-328781
-328753
-328706
-328705
-328656
-328635
-328630
-328622
-328608
-328606
-328584
-328553
-328539
-328530
-328518
-328501
-328476
-328464
-328414
-328409
-328402
-328402
-328395
-328352
-328334
-328327
-328313
-328283
-328218
-328164
-328158
-328148
-328138
-328136
-328130
-328125
-328123
-328123
-328113
-328105
-328085
-328027
-328003
-327975
-327974
-327956
-327952
-327926
-327924
-327882
-327873
-327871
-327869
-327847
-327827
-327826
-327799
-327789
-327747
-327730
-327725
-327685
-327664
-327648
-327643
-327614
-327607
-327601
-327571
-327548
-327536
-327511
-327508
-327458
-327401
-327398
-327396
-327268
-327247
-327242
-327235
-327217
-327209
-327203
-327163
-327149
-327110
-327041
-327022
-327020
-327002
-326981
-326943
-326934
-326931
-326930
-326918
-326868
-326847
-326847
-326837
-326809
-326792
-326789
-326755
-326737
-326734
-326660
-326643
-326639
-326603
-326599
-326592
-326592
-326571
-326568
-326567
-326564
-326547
-326537
-326518
-326514
-326500
-326487
-326463
-326429
-326404
-326385
-326353
-326308
-326298
-326289
-326284
-326263
-326262
-326252
-326232
-326222
-326028
-326021
-325983
-325942
-325903
-325888
-325882
-325857
-325819
-325792
-325787
-325738
-325736
-325719
-325718
-325708
-325699
-325685
-325665
-325628
-325596
-325505
-325493
-325488
-325444
-325426
-325396
-325394
-325394
-325389
-325374
-325363
-325362
-325358
-325315
-325288
-325285
-325263
-325249
-325245
-325222
-325172
-325082
-325075
-325075
-325035
-325030
-324981
-324967
-324967
-324958
-324930
-324924
-324852
-324813
-324805
-324804
-324795
-324751
-324734
-324711
-324693
-324674
-324666
-324661
-324637
-324632
-324615
-324609
-324597
-324583
-324568
-324538
-324463
-324452
-324432
-324425
-324420
-324404
-324404
-324403
-324368
-324351
-324336
-324312
-324304
-324297
-324293
-324285
-324280
-324272
-324259
-324238
-324225
-324218
-324137
-324080
-324076
-324034
-324021
-324006
-324005
-323982
-323963
-323936
-323933
-323922
-323921
-323920
-323914
-323905
-323880
-323872
-323870
-323835
-323793
-323792
-323750
-323715
-323711
-323682
-323679
-323670
-323659
-323639
-323608
-323600
-323545
-323541
-323488
-323469
-323462
-323443
-323430
-323362
-323338
-323279
-323266
-323263
-323245
-323238
-323178
-323151
-323129
-323120
-323100
-323085
-323076
-323059
-323048
-323031
-322989
-322984
-322972
-322972
-322945
-322943
-322935
-322910
-322858
-322846
-322797
-322783
-322773
-322766
-322737
-322700
-322671
-322649
-322624
-322622
-322608
-322565
-322555
-322537
-322534
-322533
-322507
-322495
-322456
-322418
-322384
-322382
-322377
-322374
-322371
-322290
-322259
-322235
-322220
-322201
-322200
-322197
-322170
-322094
-322033
-322027
-321996
-321934
-321932
-321912
-321881
-321874
-321851
-321850
-321844
-321816
-321775
-321764
-321745
-321717
-321695
-321690
-321682
-321675
-321656
-321611
-321597
-321579
-321562
-321539
-321538
-321475
-321451
-321446
-321436
-321401
-321380
-321372
-321361
-321343
-321325
-321322
-321305
-321285
-321158
-321142
-321114
-321057
-321055
-321033
-321026
-321023
-320906
-320901
-320878
-320865
-320825
-320808
-320797
-320730
-320726
-320665
-320640
-320629
-320628
-320625
-320561
-320552
-320551
-320513
-320487
-320472
-320454
-320401
-320366
-320326
-320291
-320285
-320273
-320241
-320209
-320147
-320123
-320101
-320088
-320084
-320081
-320073
-320063
-320054
-320054
-320047
-320032
-319955
-319932
-319923
-319899
-319893
-319881
-319855
-319818
-319761
-319707
-319688
-319666
-319589
-319588
-319586
-319571
-319559
-319526
-319511
-319479
-319473
-319450
-319430
-319383
-319374
-319352
-319341
-319278
-319271
-319256
-319226
-319218
-319202
-319191
-319170
-319167
-319154
-319113
-319112
-319110
-319066
-319064
-319062
-319024
-318920
-318919
-318860
-318855
-318848
-318826
-318825
-318801
-318755
-318733
-318646
-318643
-318616
-318591
-318574
-318539
-318486
-318480
-318475
-318453
-318441
-318414
-318384
-318373
-318372
-318344
-318294
-318283
-318278
-318272
-318264
-318086
-318063
-318040
-318039
-318025
-318021
-317992
-317965
-317961
-317960
-317953
-317952
-317938
-317910
-317902
-317821
-317812
-317809
-317794
-317789
-317779
-317749
-317740
-317730
-317718
-317701
-317657
-317649
-317610
-317604
-317586
-317570
-317554
-317549
-317541
-317517
-317511
-317482
-317471
-317469
-317433
-317422
-317409
-317369
-317368
-317359
-317346
-317288
-317282
-317219
-317217
-317201
-317198
-317183
-317169
-317167
-317149
-317121
-317097
-317089
-317081
-317079
-317071
-317063
-317027
-316997
-316979
-316975
-316963
-316951
-316949
-316920
-316910
-316886
-316859
-316846
-316831
-316822
-316816
-316754
-316735
-316704
-316677
-316676
-316648
-316620
-316613
-316551
-316550
-316525
-316507
-316496
-316488
-316481
-316474
-316467
-316430
-316381
-316345
-316339
-316330
-316312
-316298
-316281
-316279
-316261
-316259
-316239
-316239
-316228
-316216
-316189
-316188
-316188
-316170
-316159
-316141
-316135
-316114
-316053
-315988
-315923
-315898
-315891
-315829
-315787
-315780
-315773
-315771
-315770
-315759
-315714
-315702
-315675
-315665
-315650
-315622
-315536
-315531
-315473
-315430
-315429
-315416
-315406
-315405
-315378
-315366
-315347
-315340
-315330
-315311
-315282
-315230
-315204
-315183
-315176
-315151
-315139
-315136
-315126
-315114
-315109
-315079
-315072
-315054
-315028
-315004
-314947
-314941
-314935
-314909
-314890
-314851
-314839
-314838
-314832
-314803
-314791
-314777
-314746
-314743
-314712
-314682
-314677
-314674
-314636
-314627
-314610
-314595
-314573
-314530
-314517
-314514
-314507
-314502
-314498
-314497
-314483
-314446
-314424
-314403
-314376
-314376
-314366
-314362
-314337
-314330
-314320
-314307
-314276
-314195
-314194
-314185
-314182
-314168
-314111
-314086
-314044
-314038
-314032
-314018
-313982
-313969
-313965
-313945
-313919
-313901
-313812
-313810
-313797
-313769
-313723
-313702
-313626
-313599
-313538
-313525
-313514
-313511
-313493
-313476
-313463
-313456
-313426
-313405
-313387
-313377
-313371
-313351
-313321
-313305
-313285
-313284
-313263
-313258
-313241
-313241
-313222
-313215
-313205
-313196
-313167
-313123
-313120
-313013
-313005
-313001
-312977
-312954
-312914
-312911
-312880
-312877
-312821
-312817
-312729
-312726
-312723
-312720
-312671
-312665
-312640
-312637
-312600
-312590
-312583
-312567
-312550
-312490
-312474
-312466
-312450
-312431
-312427
-312401
-312384
-312361
-312322
-312320
-312308
-312295
-312291
-312275
-312218
-312217
-312206
-312199
-312188
-312160
-312130
-312112
-312076
-312026
-312013
-312005
-311987
-311964
-311956
-311954
-311938
-311930
-311917
-311913
-311911
-311910
-311894
-311890
-311869
-311852
-311841
-311795
-311794
-311788
-311779
-311732
-311724
-311682
-311671
-311651
-311646
-311631
-311624
-311615
-311589
-311583
-311581
-311526
-311483
-311424
-311364
-311334
-311305
-311295
-311248
-311233
-311233
-311230
-311210
-311207
-311202
-311183
-311154
-311104
-311052
-311046
-310998
-310987
-310974
-310945
-310911
-310895
-310855
-310844
-310831
-310806
-310800
-310794
-310790
-310786
-310753
-310748
-310676
-310672
-310540
-310435
-310418
-310403
-310401
-310384
-310345
-310336
-310302
-310293
-310244
-310189
-310155
-310153
-310149
-310133
-310127
-310119
-310116
-310071
-310063
-310024
-310015
-310013
-309988
-309968
-309945
-309925
-309924
-309917
-309905
-309839
-309832
-309823
-309807
-309754
-309721
-309707
-309656
-309640
-309638
-309631
-309617
-309614
-309577
-309570
-309563
-309550
-309543
-309527
-309524
-309502
-309502
-309439
-309427
-309409
-309390
-309383
-309382
-309362
-309180
-309171
-309157
-309124
-309097
-309064
-309038
-309035
-309033
-309003
-308993
-308970
-308937
-308923
-308911
-308870
-308853
-308830
-308813
-308783
-308778
-308770
-308719
-308704
-308700
-308700
-308696
-308675
-308672
-308651
-308645
-308618
-308598
-308596
-308591
-308582
-308509
-308499
-308495
-308468
-308451
-308445
-308437
-308427
-308411
-308402
-308365
-308299
-308296
-308282
-308218
-308209
-308186
-308174
-308163
-308161
-308156
-308141
-308116
-308108
-308108
-308107
-308073
-308066
-308027
-307974
-307964
-307964
-307959
-307944
-307933
-307867
-307847
-307839
-307837
-307791
-307784
-307779
-307777
-307775
-307754
-307734
-307697
-307656
-307656
-307651
-307649
-307641
-307635
-307618
-307537
-307499
-307498
-307488
-307485
-307485
-307449
-307440
-307428
-307415
-307389
-307375
-307373
-307367
-307366
-307350
-307326
-307315
-307296
-307272
-307245
-307220
-307217
-307154
-307148
-307141
-307121
-307105
-307088
-307081
-307067
-307054
-307054
-307052
-307016
-306983
-306981
-306970
-306967
-306930
-306924
-306914
-306834
-306797
-306792
-306747
-306727
-306715
-306692
-306675
-306664
-306610
-306598
-306577
-306568
-306488
-306483
-306446
-306445
-306421
-306420
-306394
-306382
-306306
-306282
-306270
-306266
-306265
-306231
-306216
-306175
-306169
-306137
-306127
-306025
-305994
-305967
-305965
-305954
-305911
-305883
-305796
-305774
-305739
-305732
-305730
-305725
-305707
-305706
-305685
-305635
-305629
-305609
-305597
-305593
-305575
-305553
-305474
-305467
-305463
-305460
-305451
-305442
-305434
-305404
-305386
-305345
-305342
-305265
-305260
-305242
-305210
-305176
-305175
-305133
-305119
-305114
-305103
-305085
-305076
-305030
-305021
-305020
-304997
-304983
-304925
-304909
-304885
-304880
-304874
-304850
-304821
-304717
-304692
-304686
-304664
-304636
-304608
-304604
-304594
-304588
-304578
-304574
-304522
-304511
-304473
-304468
-304466
-304404
-304376
-304376
-304375
-304363
-304363
-304352
-304352
-304316
-304298
-304267
-304256
-304244
-304240
-304215
-304185
-304182
-304151
-304119
-304107
-304096
-304095
-304084
-304056
-304054
-304031
-303992
-303980
-303939
-303935
-303881
-303861
-303795
-303780
-303735
-303735
-303716
-303680
-303674
-303671
-303637
-303546
-303516
-303494
-303489
-303461
-303443
-303414
-303378
-303365
-303339
-303249
-303240
-303193
-303191
-303184
-303176
-303167
-303057
-303055
-303055
-303052
-303000
-302962
-302952
-302911
-302903
-302847
-302841
-302840
-302824
-302798
-302778
-302742
-302722
-302703
-302700
-302691
-302662
-302647
-302628
-302616
-302591
-302583
-302562
-302530
-302508
-302472
-302379
-302375
-302373
-302321
-302260
-302255
-302180
-302157
-302133
-302096
-302073
-302069
-302035
-302033
-302019
-302016
-301984
-301963
-301941
-301939
-301927
-301898
-301889
-301867
-301860
-301835
-301828
-301826
-301805
-301778
-301759
-301747
-301744
-301717
-301712
-301702
-301649
-301621
-301598
-301591
-301562
-301560
-301533
-301514
-301506
-301494
-301485
-301482
-301392
-301392
-301342
-301334
-301318
-301311
-301308
-301288
-301258
-301199
-301197
-301175
-301175
-301161
-301149
-301068
-301064
-301054
-301002
-300976
-300964
-300924
-300908
-300877
-300874
-300852
-300839
-300827
-300825
-300819
-300813
-300809
-300771
-300765
-300757
-300746
-300737
-300714
-300713
-300684
-300643
-300630
-300622
-300621
-300590
-300558
-300528
-300524
-300494
-300485
-300484
-300484
-300470
-300468
-300463
-300444
-300349
-300342
-300307
-300294
-300287
-300253
-300212
-300201
-300154
-300152
-300135
-300108
-300083
-300070
-300046
-300035
-300021
-300004
-299999
-299990
-299956
-299954
-299936
-299935
-299906
-299887
-299866
-299860
-299859
-299825
-299815
-299810
-299751
-299748
-299743
-299728
-299711
-299701
-299694
-299693
-299618
-299564
-299560
-299553
-299536
-299530
-299521
-299505
-299491
-299486
-299456
-299440
-299436
-299409
-299381
-299364
-299327
-299218
-299206
-299175
-299143
-299088
-299084
-299084
-299049
-299048
-299000
-298918
-298915
-298863
-298859
-298820
-298811
-298802
-298801
-298801
-298800
-298746
-298744
-298740
-298735
-298734
-298723
-298719
-298710
-298686
-298634
-298632
-298623
-298623
-298585
-298581
-298552
-298542
-298541
-298519
-298498
-298487
-298483
-298459
-298454
-298422
-298412
-298364
-298351
-298340
-298331
-298330
-298321
-298319
-298293
-298277
-298260
-298258
-298253
-298217
-298169
-298164
-298152
-298148
-298141
-298122
-298118
-298089
-298042
-298022
-298004
-298002
-298000
-297999
-297965
-297946
-297928
-297919
-297886
-297859
-297858
-297850
-297827
-297809
-297801
-297772
-297740
-297718
-297670
-297668
-297633
-297624
-297572
-297547
-297541
-297536
-297517
-297511
-297499
-297485
-297482
-297475
-297444
-297414
-297391
-297384
-297372
-297359
-297295
-297277
-297257
-297256
-297228
-297217
-297203
-297198
-297157
-297139
-297134
-297128
-297107
-297099
-297085
-297049
-297006
-297003
-296964
-296962
-296899
-296892
-296876
-296867
-296823
-296818
-296811
-296803
-296799
-296779
-296778
-296774
-296749
-296749
-296719
-296718
-296714
-296707
-296702
-296661
-296652
-296613
-296574
-296534
-296524
-296504
-296492
-296475
-296456
-296450
-296420
-296416
-296330
-296299
-296226
-296210
-296206
-296132
-296084
-296057
-296041
-296010
-296007
-296004
-295999
-295991
-295986
-295973
-295966
-295932
-295926
-295923
-295921
-295911
-295859
-295852
-295850
-295840
-295824
-295776
-295774
-295768
-295767
-295744
-295714
-295705
-295703
-295663
-295662
-295641
-295589
-295533
-295512
-295496
-295455
-295403
-295381
-295375
-295342
-295325
-295292
-295239
-295220
-295195
-295186
-295156
-295077
-295074
-295056
-295013
-295012
-294987
-294942
-294901
-294857
-294853
-294786
-294770
-294760
-294743
-294743
-294686
-294679
-294678
-294674
-294657
-294655
-294626
-294620
-294534
-294503
-294502
-294460
-294450
-294438
-294399
-294344
-294331
-294276
-294265
-294250
-294205
-294194
-294187
-294180
-294145
-294145
-294122
-294105
-294071
-294033
-293994
-293974
-293966
-293956
-293926
-293921
-293904
-293904
-293891
-293869
-293862
-293854
-293833
-293829
-293800
-293779
-293777
-293774
-293752
-293748
-293730
-293718
-293711
-293655
-293617
-293588
-293586
-293577
-293571
-293520
-293490
-293464
-293451
-293426
-293421
-293413
-293390
-293385
-293381
-293346
-293339
-293327
-293324
-293315
-293243
-293237
-293196
-293105
-293090
-293086
-293078
-293058
-293022
-292926
-292892
-292884
-292879
-292872
-292848
-292825
-292808
-292801
-292788
-292768
-292743
-292739
-292706
-292680
-292679
-292676
-292646
-292635
-292625
-292602
-292599
-292535
-292506
-292499
-292486
-292460
-292452
-292450
-292440
-292395
-292387
-292346
-292325
-292313
-292306
-292295
-292266
-292241
-292226
-292224
-292217
-292204
-292202
-292191
-292117
-292086
-292060
-292055
-292053
-292042
-291964
-291962
-291941
-291938
-291934
-291903
-291889
-291845
-291840
-291825
-291819
-291818
-291777
-291737
-291737
-291665
-291652
-291645
-291635
-291607
-291603
-291563
-291551
-291528
-291502
-291502
-291480
-291470
-291470
-291452
-291450
-291449
-291437
-291386
-291358
-291305
-291298
-291290
-291278
-291271
-291265
-291246
-291216
-291162
-291145
-291122
-291108
-291084
-291058
-291054
-291036
-291019
-290986
-290985
-290958
-290958
-290947
-290940
-290936
-290922
-290902
-290896
-290842
-290828
-290823
-290787
-290786
-290750
-290737
-290730
-290724
-290722
-290717
-290700
-290666
-290652
-290650
-290625
-290617
-290609
-290607
-290605
-290522
-290506
-290448
-290409
-290408
-290408
-290331
-290327
-290310
-290256
-290243
-290242
-290185
-290168
-290155
-290115
-290082
-290037
-290028
-290023
-290010
-290000
-289975
-289961
-289941
-289933
-289876
-289814
-289809
-289787
-289767
-289728
-289708
-289701
-289683
-289680
-289637
-289608
-289597
-289525
-289478
-289448
-289414
-289380
-289380
-289341
-289320
-289285
-289259
-289257
-289249
-289221
-289128
-289122
-289109
-289108
-289084
-289083
-289079
-289076
-289059
-289028
-289015
-289000
-288960
-288923
-288882
-288854
-288828
-288820
-288783
-288769
-288764
-288762
-288735
-288733
-288729
-288713
-288678
-288663
-288663
-288662
-288661
-288661
-288660
-288617
-288540
-288538
-288537
-288514
-288499
-288487
-288469
-288438
-288376
-288348
-288341
-288340
-288328
-288318
-288313
-288299
-288298
-288292
-288290
-288254
-288240
-288234
-288230
-288229
-288228
-288184
-288154
-288146
-288120
-288084
-288065
-288035
-288034
-288008
-288000
-287971
-287881
-287820
-287812
-287788
-287763
-287760
-287756
-287651
-287616
-287600
-287596
-287539
-287533
-287506
-287502
-287500
-287497
-287465
-287458
-287453
-287440
-287393
-287389
-287375
-287369
-287365
-287349
-287344
-287309
-287302
-287295
-287269
-287268
-287249
-287245
-287243
-287122
-287091
-287065
-287023
-287009
-286970
-286957
-286949
-286937
-286926
-286924
-286844
-286820
-286805
-286775
-286768
-286765
-286764
-286760
-286742
-286741
-286713
-286707
-286694
-286692
-286681
-286627
-286586
-286585
-286582
-286580
-286561
-286533
-286522
-286513
-286465
-286458
-286446
-286439
-286417
-286401
-286373
-286364
-286356
-286340
-286311
-286294
-286201
-286156
-286149
-286146
-286122
-286106
-286069
-286043
-286030
-286024
-285989
-285980
-285974
-285939
-285935
-285926
-285898
-285881
-285870
-285847
-285835
-285825
-285823
-285816
-285776
-285751
-285720
-285714
-285619
-285603
-285595
-285575
-285570
-285569
-285553
-285535
-285519
-285512
-285437
-285436
-285409
-285405
-285357
-285327
-285321
-285308
-285293
-285281
-285268
-285241
-285214
-285196
-285194
-285159
-285131
-285016
-284995
-284977
-284953
-284948
-284942
-284932
-284874
-284864
-284837
-284828
-284809
-284803
-284790
-284787
-284781
-284712
-284697
-284630
-284619
-284602
-284581
-284535
-284517
-284517
-284485
-284430
-284412
-284383
-284381
-284379
-284360
-284349
-284345
-284222
-284215
-284154
-284123
-284112
-284110
-284100
-284094
-284074
-284051
-284040
-284033
-284012
-283992
-283981
-283973
-283952
-283950
-283926
-283925
-283917
-283901
-283858
-283856
-283843
-283800
-283777
-283774
-283767
-283741
-283734
-283733
-283678
-283659
-283611
-283610
-283566
-283556
-283553
-283505
-283486
-283452
-283423
-283377
-283366
-283347
-283316
-283273
-283234
-283203
-283187
-283185
-283171
-283139
-283134
-283129
-283117
-283102
-283087
-283070
-283063
-283057
-283040
-283003
-282990
-282940
-282901
-282894
-282888
-282884
-282861
-282797
-282771
-282766
-282751
-282736
-282681
-282678
-282655
-282646
-282552
-282543
-282531
-282523
-282511
-282507
-282493
-282477
-282449
-282440
-282383
-282379
-282365
-282336
-282295
-282290
-282286
-282276
-282262
-282262
-282225
-282216
-282200
-282178
-282164
-282119
-282102
-282079
-282055
-282040
-282012
-282005
-281974
-281951
-281845
-281821
-281764
-281762
-281740
-281726
-281724
-281699
-281693
-281690
-281690
-281673
-281665
-281635
-281621
-281610
-281561
-281542
-281536
-281533
-281404
-281399
-281397
-281365
-281363
-281342
-281305
-281292
-281281
-281279
-281273
-281271
-281251
-281243
-281231
-281200
-281172
-281120
-281116
-281105
-281074
-281071
-281049
-281030
-281009
-280967
-280946
-280932
-280929
-280917
-280871
-280868
-280867
-280853
-280845
-280826
-280813
-280802
-280801
-280798
-280760
-280746
-280693
-280660
-280657
-280654
-280643
-280639
-280628
-280626
-280603
-280602
-280600
-280591
-280564
-280537
-280535
-280522
-280489
-280467
-280447
-280434
-280430
-280399
-280390
-280390
-280363
-280348
-280326
-280321
-280320
-280307
-280306
-280281
-280269
-280268
-280249
-280232
-280228
-280202
-280168
-280136
-280128
-280082
-280048
-280011
-279994
-279979
-279956
-279941
-279913
-279911
-279884
-279876
-279856
-279847
-279822
-279767
-279733
-279730
-279726
-279723
-279694
-279663
-279658
-279645
-279640
-279621
-279559
-279524
-279514
-279510
-279482
-279479
-279474
-279464
-279449
-279448
-279447
-279388
-279320
-279318
-279312
-279309
-279295
-279253
-279206
-279206
-279197
-279178
-279177
-279127
-279119
-279084
-279077
-279073
-278947
-278944
-278941
-278922
-278919
-278917
-278891
-278874
-278863
-278838
-278835
-278810
-278803
-278783
-278707
-278686
-278679
-278674
-278673
-278636
-278635
-278628
-278618
-278576
-278567
-278558
-278540
-278525
-278507
-278476
-278476
-278448
-278396
-278387
-278382
-278365
-278325
-278279
-278243
-278228
-278172
-278155
-278122
-278091
-278067
-278050
-278045
-278034
-278011
-277984
-277976
-277966
-277961
-277960
-277911
-277909
-277908
-277824
-277821
-277821
-277820
-277803
-277753
-277742
-277718
-277711
-277698
-277691
-277654
-277635
-277626
-277614
-277609
-277485
-277450
-277447
-277425
-277421
-277417
-277416
-277387
-277371
-277361
-277337
-277336
-277329
-277301
-277279
-277234
-277218
-277210
-277181
-277154
-277131
-277123
-277042
-277006
-276999
-276990
-276981
-276965
-276945
-276938
-276903
-276895
-276892
-276891
-276884
-276883
-276861
-276857
-276852
-276848
-276829
-276816
-276794
-276757
-276731
-276723
-276683
-276681
-276668
-276549
-276497
-276453
-276452
-276445
-276397
-276355
-276340
-276331
-276303
-276235
-276177
-276173
-276106
-276022
-276020
-276017
-276007
-276000
-275993
-275947
-275942
-275938
-275937
-275901
-275899
-275893
-275877
-275864
-275841
-275787
-275781
-275744
-275725
-275724
-275659
-275650
-275606
-275605
-275569
-275523
-275508
-275466
-275463
-275454
-275447
-275437
-275437
-275423
-275414
-275411
-275348
-275306
-275300
-275299
-275246
-275242
-275234
-275207
-275199
-275171
-275155
-275155
-275098
-275072
-275062
-275060
-275052
-275048
-275047
-275008
-275005
-274978
-274965
-274941
-274939
-274859
-274802
-274797
-274768
-274761
-274755
-274752
-274709
-274659
-274634
-274584
-274565
-274564
-274547
-274519
-274518
-274509
-274492
-274480
-274428
-274425
-274401
-274399
-274392
-274333
-274244
-274223
-274222
-274187
-274179
-274165
-274092
-274083
-274076
-274057
-273993
-273921
-273902
-273852
-273829
-273804
-273796
-273793
-273772
-273769
-273756
-273750
-273738
-273729
-273683
-273648
-273608
-273600
-273580
-273555
-273538
-273536
-273533
-273525
-273487
-273487
-273482
-273435
-273417
-273383
-273372
-273324
-273279
-273252
-273207
-273206
-273204
-273146
-273139
-273132
-273113
-273088
-273069
-273045
-273026
-273025
-272997
-272966
-272955
-272954
-272940
-272926
-272889
-272884
-272857
-272824
-272822
-272822
-272795
-272782
-272722
-272708
-272706
-272683
-272663
-272605
-272598
-272588
-272565
-272564
-272556
-272545
-272535
-272520
-272515
-272491
-272488
-272445
-272408
-272389
-272379
-272309
-272284
-272283
-272275
-272274
-272268
-272217
-272203
-272198
-272192
-272184
-272156
-272151
-272146
-272114
-272099
-272088
-272004
-271979
-271963
-271951
-271927
-271926
-271901
-271888
-271849
-271829
-271812
-271802
-271801
-271798
-271794
-271783
-271752
-271739
-271736
-271725
-271708
-271702
-271688
-271649
-271641
-271613
-271611
-271598
-271575
-271560
-271537
-271524
-271518
-271495
-271453
-271452
-271450
-271446
-271440
-271439
-271428
-271416
-271413
-271405
-271400
-271390
-271387
-271331
-271307
-271303
-271283
-271269
-271267
-271257
-271218
-271125
-271116
-271115
-271088
-271088
-271018
-271015
-271010
-270993
-270969
-270956
-270929
-270910
-270895
-270857
-270819
-270793
-270791
-270768
-270766
-270751
-270724
-270722
-270707
-270682
-270673
-270672
-270615
-270615
-270612
-270509
-270482
-270431
-270390
-270387
-270378
-270377
-270324
-270261
-270204
-270194
-270192
-270177
-270159
-270136
-270113
-270091
-270082
-270076
-270075
-270048
-270048
-270040
-270037
-269935
-269916
-269910
-269890
-269883
-269876
-269869
-269865
-269863
-269840
-269824
-269822
-269810
-269805
-269781
-269737
-269718
-269717
-269717
-269671
-269645
-269625
-269622
-269593
-269569
-269528
-269459
-269421
-269414
-269401
-269397
-269389
-269346
-269335
-269318
-269297
-269266
-269262
-269259
-269255
-269251
-269243
-269239
-269236
-269178
-269132
-269121
-269115
-269096
-269094
-269088
-269070
-269009
-268962
-268961
-268941
-268931
-268887
-268853
-268824
-268804
-268801
-268786
-268747
-268713
-268687
-268672
-268655
-268602
-268601
-268591
-268589
-268578
-268577
-268575
-268558
-268557
-268556
-268534
-268527
-268499
-268488
-268374
-268356
-268349
-268324
-268276
-268256
-268243
-268241
-268212
-268191
-268123
-268091
-268072
-268071
-268070
-268026
-268018
-268007
-267992
-267960
-267960
-267912
-267901
-267896
-267894
-267874
-267803
-267786
-267779
-267756
-267756
-267749
-267738
-267690
-267658
-267636
-267630
-267619
-267592
-267575
-267559
-267557
-267528
-267457
-267431
-267425
-267400
-267358
-267355
-267337
-267331
-267314
-267308
-267301
-267279
-267262
-267219
-267151
-267145
-267064
-267052
-267037
-267031
-267010
-266964
-266955
-266921
-266901
-266900
-266888
-266886
-266880
-266741
-266736
-266734
-266721
-266708
-266697
-266621
-266621
-266608
-266595
-266590
-266581
-266568
-266551
-266548
-266545
-266519
-266514
-266511
-266497
-266443
-266379
-266360
-266352
-266310
-266294
-266223
-266206
-266205
-266163
-266148
-266118
-266107
-266096
-266056
-266051
-266035
-266021
-266007
-265998
-265974
-265920
-265899
-265878
-265849
-265847
-265818
-265803
-265800
-265796
-265765
-265750
-265732
-265714
-265686
-265639
-265588
-265583
-265514
-265487
-265460
-265450
-265408
-265380
-265298
-265290
-265271
-265183
-265181
-265163
-265118
-265088
-265086
-265076
-265071
-265056
-264996
-264984
-264954
-264951
-264900
-264877
-264850
-264843
-264838
-264823
-264776
-264722
-264697
-264677
-264657
-264628
-264573
-264537
-264531
-264528
-264514
-264509
-264489
-264441
-264436
-264421
-264421
-264331
-264327
-264288
-264228
-264191
-264186
-264184
-264166
-264151
-264148
-264134
-264075
-264068
-264020
-264006
-263971
-263928
-263919
-263892
-263869
-263857
-263826
-263815
-263810
-263788
-263778
-263777
-263729
-263723
-263677
-263674
-263662
-263658
-263640
-263632
-263604
-263591
-263582
-263541
-263539
-263513
-263493
-263492
-263491
-263482
-263456
-263454
-263451
-263444
-263421
-263409
-263397
-263361
-263357
-263357
-263294
-263293
-263289
-263263
-263262
-263249
-263228
-263169
-263136
-263130
-263117
-263078
-263068
-263058
-263035
-263010
-262992
-262983
-262904
-262902
-262840
-262820
-262789
-262783
-262769
-262692
-262679
-262677
-262673
-262633
-262632
-262625
-262610
-262607
-262600
-262594
-262594
-262542
-262514
-262487
-262484
-262453
-262445
-262437
-262398
-262379
-262377
-262376
-262366
-262354
-262289
-262281
-262280
-262232
-262229
-262186
-262185
-262176
-262163
-262150
-262083
-262035
-262003
-261995
-261989
-261988
-261979
-261973
-261960
-261948
-261869
-261840
-261834
-261800
-261765
-261756
-261735
-261717
-261709
-261693
-261677
-261648
-261618
-261615
-261604
-261587
-261587
-261586
-261577
-261572
-261563
-261535
-261530
-261461
-261430
-261421
-261407
-261393
-261364
-261357
-261341
-261273
-261269
-261256
-261247
-261232
-261198
-261184
-261164
-261148
-261085
-261026
-260986
-260961
-260960
-260925
-260902
-260880
-260860
-260860
-260847
-260833
-260811
-260802
-260790
-260776
-260772
-260766
-260764
-260745
-260732
-260704
-260697
-260639
-260628
-260613
-260535
-260523
-260493
-260477
-260413
-260386
-260354
-260346
-260283
-260280
-260249
-260232
-260230
-260179
-260168
-260159
-260134
-260122
-260079
-260075
-260058
-260050
-260043
-260010
-259993
-259979
-259978
-259972
-259840
-259838
-259815
-259807
-259798
-259781
-259766
-259766
-259759
-259748
-259735
-259723
-259697
-259680
-259616
-259608
-259595
-259578
-259569
-259557
-259553
-259518
-259513
-259511
-259483
-259476
-259453
-259428
-259406
-259405
-259405
-259378
-259368
-259325
-259313
-259313
-259291
-259291
-259290
-259285
-259272
-259249
-259212
-259208
-259185
-259163
-259160
-259143
-259065
-259040
-259026
-259018
-259008
-258857
-258855
-258822
-258759
-258750
-258725
-258719
-258695
-258661
-258647
-258618
-258577
-258569
-258567
-258560
-258536
-258510
-258508
-258462
-258446
-258438
-258406
-258389
-258370
-258363
-258356
-258355
-258336
-258334
-258334
-258326
-258310
-258306
-258261
-258260
-258256
-258198
-258152
-258131
-258116
-258066
-258063
-258015
-257989
-257965
-257945
-257928
-257900
-257867
-257825
-257816
-257815
-257739
-257719
-257652
-257610
-257605
-257550
-257549
-257540
-257521
-257521
-257475
-257401
-257356
-257330
-257290
-257255
-257244
-257238
-257237
-257231
-257228
-257184
-257176
-257174
-257112
-257097
-257066
-257028
-256992
-256938
-256919
-256900
-256889
-256876
-256869
-256866
-256863
-256815
-256773
-256769
-256722
-256695
-256678
-256667
-256658
-256648
-256642
-256623
-256608
-256596
-256595
-256589
-256580
-256564
-256558
-256535
-256532
-256474
-256400
-256394
-256374
-256358
-256352
-256348
-256346
-256303
-256263
-256245
-256224
-256189
-256152
-256115
-256086
-256076
-256036
-256005
-255991
-255969
-255968
-255958
-255935
-255932
-255928
-255918
-255911
-255843
-255818
-255809
-255789
-255775
-255773
-255763
-255754
-255746
-255743
-255739
-255737
-255730
-255701
-255661
-255657
-255653
-255653
-255645
-255635
-255621
-255619
-255617
-255616
-255575
-255523
-255523
-255518
-255501
-255498
-255484
-255466
-255451
-255448
-255408
-255369
-255369
-255351
-255319
-255293
-255244
-255219
-255216
-255180
-255162
-255128
-255121
-255111
-255097
-255083
-255052
-255035
-255014
-254921
-254909
-254883
-254870
-254852
-254820
-254811
-254748
-254745
-254731
-254649
-254634
-254602
-254579
-254570
-254559
-254502
-254434
-254404
-254388
-254375
-254319
-254269
-254228
-254218
-254212
-254186
-254185
-254165
-254158
-254154
-254148
-254143
-254138
-254094
-254086
-254074
-254062
-254039
-254028
-254008
-253970
-253908
-253906
-253905
-253900
-253882
-253845
-253833
-253795
-253788
-253782
-253764
-253757
-253747
-253720
-253703
-253700
-253686
-253668
-253658
-253638
-253594
-253576
-253567
-253560
-253557
-253519
-253493
-253468
-253449
-253433
-253430
-253418
-253413
-253386
-253292
-253291
-253277
-253262
-253236
-253224
-253191
-253132
-253128
-253108
-253073
-253070
-253064
-253041
-253011
-253002
-252949
-252938
-252916
-252907
-252884
-252882
-252879
-252878
-252871
-252839
-252829
-252824
-252814
-252748
-252713
-252706
-252608
-252569
-252569
-252561
-252536
-252520
-252518
-252489
-252487
-252481
-252431
-252427
-252373
-252346
-252313
-252311
-252307
-252301
-252272
-252232
-252213
-252200
-252197
-252155
-252121
-252119
-252083
-252073
-252056
-252049
-252048
-252032
-252001
-251995
-251991
-251923
-251887
-251831
-251827
-251803
-251800
-251775
-251740
-251738
-251736
-251736
-251735
-251719
-251713
-251701
-251688
-251669
-251667
-251652
-251649
-251643
-251627
-251626
-251618
-251561
-251546
-251528
-251492
-251492
-251456
-251446
-251393
-251367
-251365
-251325
-251320
-251315
-251310
-251303
-251292
-251264
-251182
-251159
-251151
-251135
-251134
-251105
-251098
-251075
-251036
-251034
-251020
-250970
-250950
-250915
-250908
-250905
-250903
-250900
-250835
-250835
-250822
-250822
-250818
-250778
-250720
-250704
-250695
-250660
-250645
-250639
-250638
-250629
-250621
-250592
-250589
-250538
-250530
-250508
-250501
-250467
-250467
-250368
-250360
-250344
-250327
-250315
-250298
-250258
-250230
-250228
-250194
-250189
-250189
-250165
-250165
-250164
-250160
-250142
-250131
-250128
-250119
-250116
-250081
-250077
-250065
-250065
-250060
-250037
-250016
-250006
-250003
-249975
-249948
-249903
-249863
-249842
-249833
-249690
-249682
-249680
-249672
-249665
-249615
-249589
-249587
-249575
-249572
-249557
-249547
-249545
-249535
-249513
-249485
-249484
-249436
-249432
-249422
-249413
-249381
-249354
-249350
-249341
-249339
-249263
-249231
-249200
-249193
-249189
-249187
-249178
-249155
-249150
-249140
-249134
-249076
-249061
-249060
-249041
-249021
-249007
-249007
-248996
-248968
-248952
-248935
-248923
-248919
-248885
-248875
-248873
-248854
-248848
-248847
-248798
-248797
-248780
-248732
-248714
-248698
-248640
-248631
-248625
-248571
-248557
-248552
-248526
-248522
-248519
-248518
-248486
-248480
-248467
-248441
-248439
-248435
-248399
-248389
-248369
-248301
-248268
-248263
-248247
-248235
-248182
-248120
-248101
-248099
-248051
-248023
-248013
-248003
-247999
-247963
-247962
-247901
-247872
-247854
-247836
-247813
-247812
-247763
-247755
-247751
-247724
-247724
-247698
-247698
-247692
-247667
-247655
-247639
-247625
-247572
-247566
-247561
-247519
-247510
-247504
-247485
-247420
-247370
-247363
-247337
-247252
-247229
-247203
-247198
-247185
-247173
-247125
-247124
-247117
-247114
-247053
-247049
-247043
-247002
-246999
-246990
-246965
-246955
-246897
-246853
-246815
-246810
-246806
-246791
-246708
-246701
-246667
-246655
-246649
-246640
-246634
-246628
-246627
-246621
-246615
-246605
-246604
-246597
-246564
-246559
-246552
-246525
-246524
-246494
-246488
-246486
-246470
-246431
-246417
-246401
-246364
-246350
-246299
-246296
-246289
-246288
-246275
-246241
-246233
-246185
-246174
-246160
-246154
-246133
-246130
-246099
-246077
-246066
-246058
-246031
-245965
-245952
-245931
-245876
-245860
-245822
-245811
-245780
-245770
-245764
-245706
-245695
-245650
-245632
-245609
-245565
-245550
-245547
-245525
-245519
-245508
-245504
-245488
-245470
-245465
-245429
-245367
-245307
-245301
-245293
-245245
-245237
-245197
-245167
-245162
-245135
-245108
-245106
-245095
-245074
-245062
-245047
-245034
-245014
-245008
-245002
-244976
-244943
-244929
-244917
-244915
-244905
-244893
-244891
-244852
-244839
-244833
-244766
-244758
-244736
-244723
-244720
-244697
-244652
-244642
-244641
-244639
-244632
-244561
-244559
-244557
-244479
-244467
-244442
-244441
-244437
-244434
-244357
-244355
-244334
-244324
-244322
-244287
-244281
-244270
-244246
-244211
-244143
-244128
-244115
-244112
-244048
-244026
-244024
-244024
-243994
-243949
-243948
-243939
-243923
-243899
-243891
-243874
-243870
-243864
-243862
-243809
-243807
-243782
-243690
-243689
-243650
-243638
-243636
-243600
-243577
-243537
-243507
-243461
-243446
-243425
-243405
-243249
-243232
-243228
-243197
-243193
-243157
-243156
-243152
-243102
-243092
-243076
-243071
-243025
-242994
-242993
-242963
-242962
-242890
-242884
-242871
-242853
-242822
-242802
-242786
-242742
-242724
-242717
-242666
-242663
-242632
-242618
-242593
-242592
-242547
-242546
-242530
-242521
-242494
-242434
-242413
-242396
-242391
-242361
-242353
-242340
-242330
-242307
-242300
-242259
-242254
-242237
-242231
-242142
-242113
-242089
-242083
-242080
-242079
-242077
-242074
-242067
-242063
-242056
-242049
-242045
-242038
-242028
-242013
-241977
-241944
-241944
-241937
-241925
-241916
-241904
-241903
-241875
-241837
-241834
-241816
-241812
-241803
-241799
-241794
-241767
-241727
-241701
-241697
-241692
-241683
-241577
-241551
-241542
-241532
-241530
-241521
-241475
-241473
-241458
-241439
-241436
-241401
-241388
-241318
-241312
-241311
-241297
-241283
-241281
-241240
-241223
-241212
-241209
-241177
-241125
-241103
-241091
-241080
-241048
-241043
-241039
-241025
-241025
-240961
-240946
-240940
-240922
-240911
-240898
-240890
-240857
-240822
-240820
-240814
-240795
-240726
-240670
-240662
-240650
-240648
-240625
-240613
-240558
-240530
-240492
-240483
-240477
-240467
-240456
-240441
-240438
-240394
-240390
-240377
-240370
-240361
-240351
-240349
-240319
-240313
-240302
-240284
-240233
-240190
-240149
-240133
-240127
-240105
-240084
-240073
-240021
-240019
-239993
-239993
-239988
-239961
-239959
-239941
-239932
-239921
-239918
-239915
-239908
-239892
-239862
-239844
-239839
-239830
-239824
-239809
-239795
-239784
-239773
-239743
-239727
-239645
-239625
-239614
-239586
-239558
-239455
-239450
-239410
-239408
-239406
-239383
-239378
-239356
-239356
-239337
-239323
-239316
-239309
-239292
-239252
-239249
-239243
-239227
-239219
-239217
-239217
-239198
-239196
-239188
-239168
-239167
-239082
-239080
-239065
-239055
-239052
-239043
-239012
-238958
-238921
-238916
-238910
-238878
-238873
-238841
-238835
-238825
-238819
-238806
-238797
-238777
-238771
-238761
-238752
-238749
-238713
-238712
-238690
-238678
-238578
-238571
-238554
-238544
-238519
-238472
-238458
-238388
-238348
-238337
-238313
-238269
-238227
-238225
-238179
-238169
-238145
-238137
-238107
-238098
-238056
-238054
-238049
-238046
-238013
-237995
-237913
-237902
-237892
-237888
-237851
-237848
-237822
-237819
-237813
-237735
-237716
-237662
-237649
-237648
-237636
-237626
-237625
-237624
-237621
-237608
-237601
-237593
-237589
-237578
-237502
-237473
-237462
-237455
-237435
-237433
-237424
-237355
-237335
-237317
-237305
-237281
-237278
-237231
-237220
-237216
-237214
-237159
-237130
-237130
-237093
-237087
-236975
-236914
-236829
-236819
-236782
-236770
-236767
-236741
-236732
-236713
-236711
-236696
-236693
-236688
-236676
-236666
-236657
-236636
-236546
-236528
-236523
-236515
-236511
-236441
-236427
-236407
-236345
-236284
-236264
-236259
-236247
-236242
-236235
-236200
-236117
-236071
-236065
-236056
-236052
-236051
-236050
-236042
-236033
-236032
-236030
-236001
-235997
-235985
-235982
-235977
-235961
-235933
-235901
-235900
-235892
-235877
-235850
-235849
-235833
-235805
-235804
-235793
-235784
-235761
-235755
-235753
-235744
-235704
-235682
-235634
-235618
-235593
-235581
-235574
-235520
-235495
-235493
-235465
-235451
-235445
-235431
-235406
-235360
-235330
-235317
-235312
-235309
-235309
-235260
-235256
-235235
-235234
-235208
-235163
-235158
-235105
-235105
-235101
-235091
-235050
-235028
-235017
-234991
-234963
-234962
-234957
-234943
-234931
-234928
-234907
-234905
-234849
-234830
-234825
-234791
-234756
-234751
-234719
-234709
-234704
-234689
-234667
-234665
-234630
-234628
-234627
-234603
-234584
-234572
-234569
-234544
-234541
-234436
-234381
-234375
-234375
-234353
-234229
-234225
-234212
-234197
-234197
-234190
-234174
-234168
-234165
-234161
-234154
-234138
-234130
-234129
-234102
-234099
-234082
-234047
-234034
-233916
-233911
-233903
-233854
-233848
-233827
-233816
-233814
-233813
-233796
-233781
-233780
-233773
-233754
-233748
-233705
-233696
-233678
-233668
-233633
-233614
-233581
-233558
-233549
-233473
-233416
-233404
-233379
-233376
-233369
-233340
-233296
-233291
-233273
-233250
-233235
-233217
-233215
-233186
-233158
-233152
-233115
-233106
-233069
-233055
-233055
-233031
-232960
-232932
-232926
-232921
-232920
-232905
-232886
-232865
-232855
-232845
-232832
-232778
-232775
-232773
-232747
-232747
-232708
-232690
-232672
-232632
-232627
-232617
-232544
-232531
-232530
-232519
-232499
-232476
-232472
-232450
-232445
-232403
-232385
-232359
-232347
-232339
-232333
-232303
-232251
-232228
-232219
-232206
-232202
-232197
-232192
-232167
-232165
-232148
-232145
-232136
-232125
-232125
-232118
-232102
-232063
-232048
-232045
-232040
-232001
-231987
-231981
-231969
-231960
-231925
-231924
-231917
-231909
-231900
-231847
-231836
-231815
-231785
-231780
-231741
-231674
-231656
-231653
-231627
-231617
-231568
-231555
-231550
-231541
-231469
-231424
-231406
-231401
-231394
-231356
-231347
-231340
-231309
-231309
-231284
-231264
-231192
-231185
-231152
-231144
-231141
-231122
-231116
-231110
-231096
-231073
-231063
-231061
-231050
-230987
-230973
-230954
-230935
-230934
-230918
-230907
-230896
-230864
-230864
-230826
-230793
-230778
-230750
-230727
-230724
-230711
-230694
-230686
-230646
-230645
-230615
-230610
-230609
-230593
-230571
-230560
-230553
-230545
-230536
-230518
-230514
-230494
-230483
-230475
-230461
-230447
-230422
-230408
-230399
-230349
-230294
-230287
-230276
-230273
-230242
-230212
-230197
-230191
-230166
-230128
-230104
-230101
-230086
-230075
-230059
-230050
-230044
-229993
-229913
-229900
-229884
-229857
-229856
-229850
-229839
-229788
-229784
-229754
-229727
-229724
-229722
-229670
-229669
-229664
-229634
-229603
-229601
-229581
-229573
-229572
-229570
-229553
-229530
-229518
-229452
-229451
-229446
-229444
-229405
-229403
-229393
-229383
-229377
-229371
-229340
-229315
-229301
-229293
-229281
-229273
-229186
-229183
-229175
-229147
-229129
-229115
-229104
-229093
-229081
-229078
-229054
-228989
-228982
-228925
-228894
-228887
-228882
-228874
-228850
-228831
-228817
-228802
-228796
-228784
-228784
-228768
-228758
-228701
-228676
-228672
-228663
-228661
-228649
-228631
-228609
-228573
-228545
-228527
-228514
-228501
-228495
-228488
-228456
-228451
-228446
-228446
-228424
-228397
-228392
-228338
-228325
-228320
-228303
-228297
-228292
-228274
-228273
-228213
-228203
-228190
-228130
-228079
-228062
-228054
-228049
-228020
-227978
-227924
-227921
-227907
-227896
-227869
-227857
-227853
-227786
-227776
-227758
-227693
-227681
-227656
-227607
-227547
-227534
-227523
-227521
-227516
-227506
-227472
-227472
-227462
-227448
-227432
-227422
-227417
-227415
-227380
-227378
-227360
-227357
-227350
-227319
-227291
-227247
-227224
-227199
-227181
-227177
-227173
-227161
-227146
-227145
-227140
-227107
-227093
-227054
-227028
-227021
-226967
-226965
-226965
-226953
-226876
-226859
-226843
-226830
-226792
-226781
-226775
-226771
-226763
-226709
-226704
-226694
-226682
-226608
-226608
-226593
-226523
-226456
-226453
-226450
-226444
-226430
-226409
-226399
-226382
-226369
-226358
-226318
-226310
-226289
-226223
-226196
-226179
-226159
-226136
-226104
-226013
-225997
-225991
-225989
-225974
-225959
-225950
-225919
-225901
-225869
-225859
-225825
-225818
-225816
-225803
-225797
-225760
-225737
-225627
-225611
-225602
-225593
-225581
-225534
-225530
-225527
-225519
-225514
-225514
-225494
-225480
-225411
-225408
-225382
-225377
-225328
-225279
-225270
-225252
-225141
-225133
-225128
-225126
-225112
-225104
-225098
-225077
-225054
-225023
-224998
-224992
-224992
-224990
-224983
-224978
-224976
-224952
-224946
-224945
-224913
-224907
-224876
-224863
-224859
-224858
-224847
-224843
-224815
-224808
-224786
-224769
-224714
-224710
-224703
-224686
-224680
-224660
-224655
-224631
-224524
-224510
-224436
-224432
-224425
-224382
-224375
-224374
-224373
-224361
-224317
-224311
-224303
-224273
-224267
-224207
-224183
-224160
-224104
-224091
-224018
-224013
-224000
-223998
-223855
-223830
-223822
-223821
-223805
-223801
-223798
-223785
-223777
-223771
-223673
-223664
-223664
-223651
-223640
-223583
-223425
-223350
-223321
-223280
-223220
-223200
-223185
-223137
-223123
-223121
-223114
-223114
-223076
-223060
-223054
-223030
-223028
-223012
-222979
-222901
-222871
-222801
-222795
-222793
-222788
-222788
-222770
-222762
-222719
-222675
-222675
-222668
-222654
-222647
-222616
-222589
-222498
-222494
-222485
-222475
-222472
-222432
-222417
-222408
-222401
-222366
-222362
-222296
-222289
-222271
-222259
-222231
-222230
-222209
-222207
-222188
-222161
-222140
-222134
-222090
-222070
-222041
-222040
-222038
-222008
-221999
-221994
-221979
-221954
-221952
-221938
-221843
-221832
-221805
-221805
-221794
-221777
-221773
-221764
-221726
-221691
-221681
-221672
-221622
-221608
-221599
-221599
-221587
-221541
-221536
-221522
-221507
-221496
-221457
-221440
-221430
-221386
-221383
-221368
-221348
-221320
-221311
-221287
-221277
-221266
-221263
-221261
-221213
-221201
-221190
-221156
-221153
-221131
-221116
-221111
-221103
-221074
-221054
-221045
-221043
-221038
-221035
-221028
-220926
-220925
-220906
-220885
-220882
-220806
-220708
-220675
-220630
-220596
-220590
-220580
-220573
-220553
-220551
-220543
-220519
-220492
-220444
-220435
-220418
-220402
-220400
-220370
-220362
-220356
-220328
-220284
-220258
-220244
-220205
-220174
-220169
-220156
-220151
-220131
-220121
-220107
-220106
-220065
-220047
-220035
-220032
-220008
-219983
-219952
-219950
-219935
-219929
-219918
-219900
-219889
-219866
-219832
-219816
-219783
-219775
-219759
-219755
-219748
-219742
-219739
-219718
-219702
-219671
-219668
-219643
-219631
-219621
-219618
-219610
-219606
-219592
-219581
-219571
-219555
-219524
-219504
-219482
-219470
-219461
-219423
-219417
-219399
-219355
-219248
-219245
-219212
-219201
-219174
-219142
-219106
-219092
-219082
-219030
-219024
-219011
-218992
-218989
-218988
-218986
-218981
-218978
-218967
-218949
-218949
-218945
-218903
-218880
-218879
-218834
-218834
-218708
-218695
-218693
-218676
-218641
-218631
-218599
-218560
-218540
-218495
-218487
-218413
-218398
-218389
-218356
-218341
-218341
-218301
-218286
-218235
-218225
-218199
-218180
-218173
-218164
-218145
-218143
-218134
-218127
-218105
-218073
-218034
-218014
-218012
-217976
-217956
-217934
-217903
-217886
-217855
-217816
-217815
-217795
-217782
-217754
-217749
-217710
-217696
-217650
-217642
-217623
-217608
-217535
-217529
-217499
-217484
-217468
-217445
-217439
-217438
-217392
-217384
-217382
-217354
-217338
-217256
-217208
-217151
-217104
-216968
-216958
-216956
-216934
-216866
-216847
-216819
-216814
-216791
-216780
-216764
-216755
-216727
-216656
-216653
-216629
-216622
-216584
-216559
-216527
-216490
-216456
-216445
-216428
-216421
-216380
-216373
-216311
-216280
-216238
-216210
-216209
-216191
-216184
-216183
-216171
-216144
-216123
-216119
-216108
-216104
-216042
-215960
-215952
-215950
-215931
-215905
-215900
-215867
-215833
-215825
-215804
-215779
-215748
-215733
-215724
-215712
-215712
-215694
-215670
-215613
-215585
-215574
-215574
-215573
-215566
-215545
-215540
-215525
-215523
-215522
-215519
-215514
-215504
-215468
-215450
-215441
-215407
-215397
-215387
-215386
-215341
-215287
-215276
-215269
-215269
-215253
-215250
-215249
-215201
-215145
-215127
-215091
-215089
-215079
-215041
-215010
-214999
-214966
-214937
-214932
-214927
-214927
-214922
-214890
-214859
-214857
-214815
-214808
-214765
-214719
-214715
-214672
-214666
-214637
-214616
-214585
-214557
-214544
-214521
-214495
-214465
-214461
-214443
-214435
-214389
-214388
-214356
-214280
-214275
-214235
-214232
-214201
-214189
-214170
-214143
-214126
-214114
-214102
-214102
-214078
-214037
-214017
-213997
-213982
-213959
-213940
-213936
-213935
-213923
-213918
-213911
-213903
-213900
-213863
-213842
-213825
-213735
-213717
-213701
-213690
-213619
-213609
-213578
-213539
-213525
-213494
-213471
-213471
-213461
-213449
-213443
-213440
-213428
-213394
-213385
-213377
-213356
-213346
-213322
-213277
-213246
-213239
-213228
-213225
-213222
-213214
-213206
-213179
-213148
-213147
-213147
-213110
-213103
-213051
-213045
-213042
-213031
-213021
-212988
-212977
-212954
-212905
-212886
-212885
-212882
-212871
-212815
-212813
-212802
-212800
-212792
-212784
-212766
-212765
-212765
-212764
-212754
-212711
-212688
-212681
-212668
-212654
-212648
-212616
-212614
-212605
-212587
-212581
-212579
-212567
-212547
-212490
-212461
-212451
-212443
-212401
-212349
-212340
-212327
-212298
-212284
-212211
-212211
-212181
-212093
-212090
-212090
-212043
-212025
-211981
-211976
-211963
-211960
-211937
-211872
-211846
-211841
-211831
-211823
-211797
-211790
-211778
-211731
-211725
-211694
-211691
-211689
-211676
-211657
-211630
-211628
-211605
-211596
-211547
-211533
-211516
-211511
-211495
-211485
-211477
-211472
-211467
-211440
-211435
-211434
-211397
-211393
-211392
-211388
-211325
-211321
-211301
-211292
-211288
-211281
-211271
-211268
-211268
-211263
-211232
-211231
-211211
-211204
-211152
-211147
-211116
-211113
-211106
-211086
-211074
-211060
-211059
-211053
-211042
-211021
-211017
-211010
-210994
-210986
-210951
-210943
-210941
-210920
-210901
-210873
-210873
-210859
-210824
-210818
-210812
-210804
-210769
-210766
-210729
-210727
-210690
-210685
-210664
-210636
-210635
-210605
-210600
-210587
-210550
-210531
-210500
-210488
-210481
-210474
-210473
-210456
-210454
-210449
-210373
-210358
-210348
-210344
-210341
-210337
-210330
-210323
-210322
-210313
-210302
-210276
-210261
-210251
-210247
-210229
-210217
-210198
-210190
-210184
-210167
-210145
-210134
-210130
-210124
-210120
-210103
-210070
-210055
-210045
-210042
-210037
-210037
-209978
-209947
-209927
-209922
-209913
-209902
-209867
-209856
-209851
-209836
-209804
-209725
-209698
-209687
-209673
-209665
-209655
-209639
-209615
-209607
-209601
-209547
-209533
-209490
-209461
-209454
-209438
-209401
-209390
-209388
-209384
-209359
-209348
-209343
-209342
-209320
-209301
-209298
-209279
-209263
-209247
-209246
-209243
-209220
-209194
-209192
-209159
-209115
-209060
-209052
-209017
-208986
-208984
-208971
-208936
-208930
-208916
-208915
-208875
-208821
-208818
-208795
-208781
-208776
-208750
-208716
-208711
-208708
-208704
-208702
-208690
-208683
-208683
-208677
-208674
-208673
-208666
-208647
-208631
-208574
-208567
-208538
-208534
-208527
-208520
-208507
-208501
-208501
-208498
-208448
-208440
-208378
-208354
-208315
-208276
-208185
-208184
-208175
-208167
-208157
-208154
-208112
-208106
-208092
-208087
-208087
-208084
-208043
-208001
-207981
-207901
-207884
-207821
-207817
-207787
-207747
-207745
-207659
-207657
-207632
-207623
-207609
-207600
-207531
-207525
-207519
-207517
-207356
-207279
-207272
-207261
-207248
-207190
-207145
-207145
-207143
-207139
-207130
-207097
-207055
-207050
-207049
-207042
-206910
-206906
-206898
-206884
-206875
-206849
-206845
-206761
-206745
-206720
-206674
-206674
-206672
-206669
-206637
-206632
-206622
-206594
-206520
-206511
-206504
-206474
-206468
-206452
-206446
-206433
-206386
-206344
-206310
-206297
-206288
-206281
-206261
-206249
-206242
-206239
-206196
-206195
-206181
-206181
-206180
-206175
-206167
-206161
-206143
-206139
-206131
-206123
-206121
-206098
-206075
-206072
-206072
-206061
-206000
-205999
-205995
-205992
-205962
-205931
-205857
-205808
-205781
-205777
-205772
-205748
-205745
-205702
-205689
-205611
-205602
-205597
-205596
-205591
-205536
-205504
-205499
-205486
-205418
-205408
-205403
-205378
-205372
-205359
-205331
-205329
-205316
-205278
-205270
-205252
-205246
-205237
-205237
-205227
-205222
-205210
-205171
-205164
-205112
-205112
-205102
-205099
-205050
-204986
-204983
-204953
-204950
-204922
-204921
-204894
-204892
-204875
-204854
-204849
-204847
-204841
-204772
-204720
-204714
-204699
-204686
-204676
-204672
-204671
-204667
-204646
-204626
-204568
-204558
-204525
-204481
-204457
-204451
-204445
-204442
-204373
-204353
-204342
-204318
-204316
-204292
-204267
-204266
-204250
-204239
-204221
-204180
-204168
-204072
-204063
-204043
-204039
-204010
-203989
-203985
-203978
-203880
-203868
-203864
-203837
-203830
-203778
-203775
-203755
-203752
-203731
-203709
-203667
-203632
-203625
-203620
-203607
-203602
-203590
-203576
-203556
-203556
-203529
-203512
-203502
-203499
-203466
-203456
-203435
-203423
-203420
-203401
-203387
-203365
-203348
-203341
-203273
-203268
-203258
-203224
-203212
-203177
-203168
-203163
-203159
-203154
-203151
-203142
-203140
-203118
-203117
-203115
-203083
-203061
-203047
-203035
-202996
-202976
-202948
-202898
-202894
-202873
-202871
-202830
-202826
-202818
-202809
-202775
-202771
-202769
-202740
-202732
-202687
-202685
-202679
-202641
-202620
-202557
-202526
-202447
-202446
-202429
-202417
-202414
-202384
-202375
-202363
-202311
-202284
-202262
-202257
-202244
-202204
-202196
-202191
-202188
-202160
-202158
-202153
-202141
-202121
-202103
-202080
-202063
-202059
-202043
-202009
-202002
-201956
-201933
-201931
-201921
-201899
-201891
-201881
-201867
-201840
-201826
-201782
-201772
-201754
-201733
-201731
-201679
-201678
-201676
-201655
-201611
-201611
-201605
-201599
-201563
-201555
-201549
-201517
-201516
-201449
-201441
-201422
-201332
-201314
-201303
-201267
-201263
-201260
-201239
-201187
-201157
-201156
-201146
-201142
-201129
-201095
-201094
-201064
-201056
-200988
-200980
-200976
-200971
-200956
-200948
-200890
-200888
-200887
-200885
-200877
-200861
-200849
-200847
-200823
-200795
-200765
-200737
-200715
-200693
-200690
-200639
-200610
-200607
-200601
-200583
-200582
-200563
-200544
-200525
-200509
-200501
-200482
-200452
-200443
-200436
-200433
-200431
-200427
-200424
-200385
-200358
-200347
-200333
-200321
-200314
-200256
-200241
-200233
-200221
-200218
-200217
-200204
-200199
-200197
-200143
-200138
-200101
-200099
-200097
-200092
-200088
-200065
-200062
-200057
-200041
-200038
-199950
-199930
-199925
-199922
-199921
-199894
-199864
-199846
-199841
-199823
-199815
-199811
-199795
-199768
-199763
-199722
-199691
-199678
-199678
-199677
-199674
-199649
-199645
-199504
-199502
-199498
-199418
-199391
-199377
-199346
-199307
-199271
-199255
-199234
-199178
-199145
-199143
-199140
-199105
-199071
-199006
-198971
-198963
-198958
-198947
-198946
-198946
-198936
-198934
-198922
-198914
-198910
-198841
-198818
-198798
-198796
-198795
-198746
-198713
-198683
-198620
-198613
-198588
-198559
-198557
-198554
-198532
-198525
-198517
-198496
-198494
-198486
-198476
-198443
-198440
-198404
-198404
-198399
-198375
-198370
-198368
-198347
-198339
-198290
-198276
-198271
-198256
-198206
-198186
-198185
-198160
-198135
-198132
-198128
-198112
-198111
-198052
-198023
-198019
-197970
-197963
-197944
-197911
-197886
-197848
-197843
-197801
-197785
-197779
-197769
-197768
-197764
-197742
-197726
-197723
-197716
-197698
-197650
-197646
-197635
-197630
-197625
-197611
-197597
-197594
-197587
-197529
-197528
-197510
-197508
-197451
-197426
-197374
-197364
-197270
-197267
-197242
-197234
-197205
-197197
-197196
-197108
-197103
-197073
-197054
-197032
-196995
-196995
-196963
-196953
-196937
-196921
-196917
-196898
-196894
-196891
-196884
-196866
-196855
-196806
-196758
-196736
-196734
-196732
-196730
-196728
-196705
-196700
-196660
-196659
-196648
-196636
-196620
-196589
-196552
-196508
-196506
-196494
-196475
-196466
-196448
-196423
-196406
-196404
-196361
-196353
-196306
-196280
-196191
-196187
-196185
-196164
-196154
-196153
-196135
-196103
-196101
-196082
-196078
-196041
-196039
-196036
-196027
-196011
-195964
-195956
-195956
-195950
-195949
-195945
-195934
-195929
-195913
-195890
-195856
-195817
-195786
-195738
-195660
-195644
-195630
-195621
-195608
-195595
-195500
-195423
-195422
-195385
-195367
-195365
-195356
-195349
-195335
-195293
-195281
-195272
-195261
-195232
-195217
-195215
-195181
-195177
-195164
-195039
-195023
-195007
-194998
-194972
-194951
-194940
-194935
-194896
-194880
-194877
-194871
-194870
-194867
-194840
-194833
-194818
-194814
-194811
-194808
-194797
-194792
-194773
-194760
-194755
-194729
-194719
-194681
-194671
-194666
-194657
-194619
-194612
-194604
-194588
-194520
-194494
-194492
-194474
-194467
-194449
-194386
-194348
-194298
-194285
-194246
-194229
-194170
-194145
-194130
-194117
-194110
-194108
-194072
-194071
-194039
-194024
-194020
-194008
-194008
-194000
-193987
-193946
-193900
-193854
-193843
-193773
-193771
-193736
-193707
-193676
-193667
-193642
-193641
-193629
-193581
-193559
-193522
-193513
-193491
-193448
-193433
-193377
-193373
-193369
-193362
-193346
-193341
-193307
-193278
-193255
-193251
-193244
-193217
-193147
-193113
-193111
-193087
-193057
-193033
-193030
-193018
-193012
-193006
-192990
-192965
-192958
-192931
-192868
-192850
-192849
-192848
-192798
-192733
-192694
-192691
-192677
-192676
-192663
-192604
-192595
-192553
-192522
-192520
-192493
-192488
-192484
-192438
-192432
-192391
-192388
-192382
-192369
-192356
-192350
-192311
-192299
-192272
-192270
-192260
-192246
-192232
-192230
-192210
-192208
-192197
-192187
-192156
-192117
-192113
-192096
-192091
-192023
-191973
-191905
-191903
-191902
-191901
-191895
-191894
-191883
-191860
-191826
-191824
-191819
-191801
-191759
-191732
-191732
-191729
-191710
-191693
-191680
-191672
-191671
-191667
-191651
-191650
-191604
-191599
-191589
-191571
-191559
-191539
-191530
-191504
-191439
-191436
-191428
-191388
-191385
-191379
-191370
-191357
-191305
-191269
-191267
-191262
-191259
-191257
-191255
-191249
-191247
-191245
-191237
-191198
-191096
-191062
-191036
-190982
-190977
-190950
-190939
-190918
-190905
-190857
-190846
-190796
-190776
-190762
-190745
-190683
-190668
-190668
-190639
-190638
-190635
-190599
-190578
-190559
-190536
-190535
-190530
-190509
-190481
-190459
-190401
-190399
-190390
-190381
-190377
-190377
-190369
-190364
-190342
-190339
-190313
-190279
-190191
-190181
-190125
-190119
-190103
-190102
-190080
-190080
-190065
-190063
-190023
-189999
-189998
-189995
-189975
-189973
-189941
-189913
-189909
-189855
-189839
-189836
-189836
-189805
-189785
-189757
-189746
-189736
-189735
-189652
-189631
-189596
-189566
-189549
-189538
-189502
-189494
-189434
-189412
-189398
-189384
-189356
-189347
-189333
-189306
-189281
-189245
-189186
-189171
-189133
-189121
-189090
-189057
-189043
-189021
-189016
-188995
-188981
-188970
-188963
-188941
-188921
-188909
-188880
-188878
-188812
-188789
-188786
-188786
-188785
-188785
-188726
-188716
-188692
-188682
-188664
-188649
-188638
-188630
-188597
-188593
-188592
-188585
-188562
-188559
-188548
-188533
-188507
-188501
-188474
-188473
-188451
-188430
-188372
-188366
-188323
-188306
-188293
-188284
-188283
-188280
-188273
-188258
-188238
-188229
-188204
-188184
-188150
-188142
-188058
-188024
-187986
-187980
-187971
-187959
-187956
-187947
-187925
-187922
-187887
-187845
-187837
-187837
-187833
-187831
-187809
-187787
-187776
-187753
-187739
-187716
-187709
-187704
-187702
-187671
-187642
-187639
-187630
-187624
-187610
-187590
-187588
-187587
-187583
-187549
-187519
-187498
-187458
-187453
-187447
-187441
-187432
-187414
-187377
-187332
-187210
-187202
-187199
-187190
-187176
-187125
-187116
-187113
-187099
-187094
-187073
-186996
-186991
-186939
-186843
-186837
-186805
-186788
-186786
-186751
-186714
-186660
-186611
-186588
-186582
-186575
-186566
-186515
-186461
-186461
-186431
-186428
-186420
-186414
-186367
-186352
-186338
-186323
-186316
-186294
-186230
-186221
-186216
-186210
-186171
-186164
-186151
-186119
-186115
-186108
-186103
-186071
-186029
-185990
-185932
-185923
-185920
-185896
-185893
-185860
-185836
-185795
-185792
-185777
-185775
-185771
-185762
-185761
-185732
-185688
-185621
-185606
-185587
-185575
-185570
-185557
-185555
-185528
-185524
-185513
-185512
-185507
-185492
-185480
-185457
-185443
-185438
-185431
-185425
-185423
-185413
-185386
-185324
-185300
-185292
-185290
-185285
-185271
-185271
-185224
-185198
-185169
-185126
-185116
-185102
-185066
-185031
-184996
-184983
-184981
-184978
-184975
-184975
-184974
-184967
-184946
-184889
-184775
-184758
-184749
-184724
-184722
-184717
-184711
-184709
-184621
-184608
-184595
-184574
-184550
-184530
-184489
-184480
-184472
-184463
-184449
-184441
-184394
-184357
-184353
-184339
-184329
-184328
-184320
-184287
-184263
-184237
-184213
-184204
-184203
-184171
-184135
-184101
-184085
-184020
-183982
-183938
-183924
-183918
-183873
-183870
-183870
-183861
-183857
-183852
-183848
-183815
-183804
-183758
-183729
-183720
-183714
-183669
-183649
-183639
-183622
-183614
-183611
-183580
-183578
-183554
-183507
-183507
-183494
-183476
-183457
-183445
-183427
-183407
-183406
-183357
-183341
-183338
-183294
-183275
-183271
-183262
-183248
-183247
-183222
-183211
-183182
-183178
-183139
-183125
-183088
-183087
-183034
-182989
-182974
-182971
-182968
-182934
-182887
-182876
-182869
-182845
-182844
-182824
-182823
-182823
-182805
-182801
-182734
-182694
-182682
-182631
-182625
-182621
-182611
-182602
-182562
-182527
-182516
-182486
-182485
-182480
-182418
-182403
-182398
-182394
-182393
-182357
-182356
-182314
-182311
-182305
-182279
-182249
-182248
-182213
-182206
-182189
-182169
-182164
-182163
-182142
-182127
-182093
-182089
-182082
-182054
-182034
-182026
-181934
-181924
-181861
-181859
-181855
-181831
-181799
-181756
-181756
-181731
-181719
-181708
-181688
-181655
-181597
-181573
-181543
-181527
-181507
-181481
-181463
-181458
-181441
-181421
-181412
-181381
-181381
-181377
-181371
-181290
-181280
-181277
-181256
-181249
-181248
-181247
-181241
-181235
-181230
-181223
-181221
-181218
-181216
-181214
-181180
-181156
-181151
-181105
-181093
-181052
-181031
-181008
-180987
-180978
-180974
-180951
-180918
-180898
-180870
-180866
-180860
-180839
-180830
-180829
-180824
-180807
-180806
-180799
-180786
-180758
-180754
-180731
-180720
-180719
-180718
-180696
-180691
-180652
-180644
-180643
-180638
-180637
-180633
-180600
-180561
-180554
-180547
-180536
-180530
-180527
-180525
-180523
-180489
-180469
-180446
-180445
-180376
-180359
-180353
-180287
-180226
-180225
-180220
-180219
-180210
-180193
-180175
-180165
-180161
-180150
-180150
-180133
-180105
-180094
-180071
-180063
-180052
-180034
-180024
-180011
-179992
-179984
-179976
-179966
-179963
-179922
-179899
-179820
-179810
-179800
-179786
-179758
-179752
-179714
-179662
-179658
-179639
-179637
-179614
-179611
-179600
-179556
-179536
-179532
-179502
-179486
-179447
-179441
-179433
-179396
-179371
-179348
-179277
-179266
-179261
-179258
-179221
-179187
-179182
-179179
-179160
-179142
-179066
-179043
-179026
-178950
-178945
-178863
-178856
-178842
-178838
-178746
-178711
-178702
-178687
-178627
-178615
-178614
-178614
-178580
-178569
-178496
-178456
-178448
-178403
-178397
-178391
-178367
-178367
-178322
-178320
-178313
-178271
-178211
-178166
-178149
-178137
-178133
-178133
-178121
-178082
-178076
-178034
-177950
-177942
-177855
-177837
-177794
-177779
-177759
-177743
-177728
-177710
-177698
-177656
-177633
-177624
-177610
-177591
-177590
-177505
-177486
-177477
-177459
-177407
-177399
-177389
-177381
-177380
-177328
-177323
-177316
-177311
-177309
-177286
-177249
-177248
-177244
-177234
-177215
-177208
-177204
-177198
-177193
-177192
-177183
-177146
-177122
-177099
-177073
-177070
-177045
-177040
-177011
-177006
-176974
-176954
-176946
-176943
-176931
-176922
-176899
-176872
-176847
-176826
-176790
-176764
-176750
-176711
-176705
-176700
-176674
-176660
-176647
-176618
-176617
-176604
-176592
-176583
-176567
-176479
-176462
-176457
-176449
-176448
-176422
-176407
-176403
-176392
-176384
-176375
-176334
-176309
-176297
-176289
-176277
-176273
-176269
-176253
-176244
-176242
-176201
-176200
-176191
-176190
-176167
-176131
-176098
-176094
-176077
-176074
-176047
-176015
-175968
-175942
-175937
-175913
-175900
-175875
-175869
-175808
-175807
-175779
-175779
-175755
-175704
-175608
-175595
-175586
-175584
-175567
-175555
-175554
-175480
-175475
-175453
-175446
-175443
-175428
-175426
-175378
-175367
-175357
-175331
-175280
-175274
-175228
-175226
-175208
-175208
-175196
-175192
-175178
-175109
-175099
-175095
-175089
-175078
-175008
-174996
-174994
-174926
-174903
-174882
-174872
-174871
-174867
-174866
-174812
-174809
-174805
-174787
-174772
-174752
-174745
-174730
-174682
-174643
-174643
-174640
-174638
-174624
-174610
-174606
-174568
-174568
-174546
-174538
-174501
-174501
-174497
-174443
-174437
-174424
-174332
-174317
-174307
-174290
-174287
-174270
-174259
-174222
-174211
-174166
-174164
-174153
-174121
-174107
-174083
-174072
-174069
-174059
-174054
-174034
-174020
-174010
-174007
-174004
-173977
-173955
-173947
-173939
-173924
-173878
-173808
-173779
-173716
-173708
-173708
-173670
-173632
-173593
-173589
-173561
-173554
-173535
-173493
-173492
-173484
-173478
-173465
-173462
-173447
-173433
-173425
-173420
-173404
-173401
-173399
-173372
-173367
-173360
-173335
-173291
-173276
-173258
-173253
-173250
-173224
-173068
-173038
-173020
-172950
-172945
-172942
-172912
-172907
-172877
-172876
-172868
-172849
-172829
-172820
-172819
-172805
-172783
-172759
-172727
-172687
-172681
-172668
-172656
-172646
-172620
-172612
-172578
-172557
-172525
-172517
-172476
-172471
-172465
-172442
-172402
-172378
-172372
-172368
-172326
-172312
-172256
-172230
-172219
-172218
-172216
-172200
-172193
-172191
-172171
-172168
-172154
-172149
-172148
-172145
-172137
-172123
-172089
-172061
-172061
-172053
-172028
-172019
-172019
-171984
-171964
-171953
-171930
-171926
-171912
-171895
-171889
-171877
-171874
-171856
-171849
-171821
-171815
-171779
-171775
-171766
-171748
-171722
-171684
-171651
-171648
-171648
-171634
-171581
-171570
-171548
-171546
-171456
-171454
-171453
-171417
-171406
-171323
-171320
-171319
-171274
-171252
-171248
-171221
-171193
-171155
-171133
-171101
-171094
-171091
-171069
-171066
-171046
-171046
-171044
-171019
-171007
-170909
-170857
-170853
-170817
-170785
-170732
-170726
-170700
-170700
-170673
-170649
-170629
-170620
-170612
-170601
-170553
-170475
-170458
-170450
-170449
-170405
-170401
-170368
-170366
-170319
-170302
-170274
-170263
-170242
-170240
-170236
-170213
-170127
-170114
-170099
-170090
-170049
-170042
-170036
-170034
-170016
-169956
-169938
-169924
-169923
-169901
-169900
-169898
-169806
-169771
-169727
-169703
-169657
-169633
-169602
-169591
-169580
-169573
-169539
-169524
-169515
-169504
-169493
-169483
-169447
-169421
-169406
-169398
-169380
-169347
-169334
-169286
-169282
-169281
-169238
-169228
-169228
-169224
-169173
-169154
-169128
-169127
-169099
-169089
-169087
-169085
-169084
-169077
-169071
-169066
-169016
-169006
-168999
-168973
-168950
-168949
-168920
-168890
-168870
-168869
-168831
-168821
-168814
-168801
-168800
-168799
-168772
-168755
-168745
-168733
-168724
-168695
-168693
-168689
-168688
-168663
-168629
-168586
-168584
-168570
-168550
-168545
-168538
-168537
-168502
-168496
-168471
-168463
-168452
-168431
-168398
-168370
-168349
-168338
-168332
-168308
-168273
-168263
-168255
-168239
-168231
-168196
-168195
-168188
-168184
-168154
-168119
-168116
-168077
-167994
-167959
-167948
-167932
-167932
-167905
-167869
-167826
-167818
-167805
-167803
-167802
-167782
-167747
-167742
-167711
-167693
-167645
-167623
-167620
-167556
-167551
-167536
-167526
-167486
-167427
-167422
-167417
-167411
-167388
-167382
-167366
-167360
-167342
-167337
-167317
-167274
-167231
-167192
-167140
-167131
-167092
-167006
-166953
-166931
-166905
-166874
-166872
-166865
-166862
-166836
-166823
-166783
-166757
-166751
-166746
-166734
-166714
-166707
-166704
-166668
-166666
-166659
-166629
-166625
-166619
-166592
-166556
-166529
-166510
-166502
-166502
-166492
-166490
-166474
-166451
-166451
-166450
-166432
-166422
-166359
-166263
-166261
-166259
-166247
-166213
-166195
-166185
-166181
-166095
-166048
-166018
-166004
-165974
-165962
-165961
-165844
-165826
-165820
-165801
-165798
-165752
-165745
-165740
-165724
-165721
-165690
-165676
-165661
-165660
-165654
-165640
-165623
-165594
-165571
-165562
-165541
-165533
-165517
-165514
-165502
-165463
-165446
-165443
-165412
-165394
-165392
-165380
-165369
-165357
-165353
-165317
-165313
-165311
-165291
-165270
-165260
-165241
-165225
-165219
-165145
-165127
-165115
-165115
-165108
-165066
-165060
-165013
-165003
-164882
-164876
-164848
-164813
-164786
-164781
-164779
-164772
-164765
-164765
-164740
-164715
-164697
-164689
-164650
-164626
-164538
-164530
-164508
-164494
-164488
-164485
-164376
-164374
-164355
-164323
-164315
-164291
-164279
-164275
-164265
-164246
-164243
-164209
-164208
-164205
-164194
-164166
-164153
-164126
-164100
-164097
-164069
-164064
-164056
-164049
-164042
-164014
-164002
-163997
-163971
-163965
-163965
-163933
-163930
-163916
-163910
-163895
-163883
-163866
-163832
-163757
-163707
-163695
-163678
-163634
-163619
-163618
-163553
-163538
-163537
-163535
-163534
-163502
-163489
-163442
-163405
-163365
-163364
-163303
-163297
-163238
-163231
-163229
-163222
-163218
-163169
-163162
-163123
-163119
-163081
-163050
-163030
-163019
-163014
-163008
-162967
-162962
-162961
-162936
-162934
-162923
-162921
-162915
-162898
-162884
-162846
-162795
-162789
-162762
-162757
-162697
-162690
-162672
-162657
-162629
-162605
-162601
-162557
-162537
-162532
-162514
-162479
-162446
-162435
-162415
-162384
-162332
-162295
-162257
-162246
-162209
-162201
-162192
-162165
-162151
-162143
-162109
-162106
-162054
-162023
-162021
-162014
-162007
-162006
-162002
-161993
-161973
-161952
-161949
-161920
-161913
-161890
-161781
-161772
-161771
-161760
-161693
-161669
-161619
-161610
-161595
-161579
-161579
-161565
-161564
-161557
-161544
-161540
-161536
-161446
-161428
-161415
-161354
-161352
-161341
-161334
-161311
-161276
-161235
-161171
-161100
-161081
-161075
-161063
-161054
-161029
-161026
-161017
-160991
-160973
-160937
-160931
-160929
-160910
-160860
-160859
-160831
-160804
-160789
-160785
-160772
-160758
-160747
-160708
-160689
-160689
-160684
-160678
-160592
-160562
-160531
-160524
-160517
-160502
-160490
-160488
-160470
-160467
-160441
-160434
-160422
-160421
-160416
-160382
-160364
-160360
-160327
-160312
-160306
-160301
-160277
-160258
-160253
-160231
-160204
-160195
-160192
-160191
-160182
-160145
-160143
-160134
-160110
-160090
-160088
-160088
-160067
-160016
-160012
-159995
-159949
-159921
-159871
-159868
-159856
-159853
-159805
-159759
-159744
-159731
-159710
-159699
-159695
-159695
-159684
-159680
-159600
-159586
-159538
-159518
-159507
-159472
-159448
-159434
-159425
-159416
-159405
-159298
-159293
-159241
-159233
-159224
-159138
-159131
-159117
-159094
-159092
-159092
-159079
-159063
-158991
-158957
-158926
-158884
-158869
-158865
-158851
-158849
-158790
-158789
-158776
-158773
-158761
-158761
-158760
-158755
-158745
-158718
-158718
-158701
-158699
-158695
-158657
-158611
-158573
-158553
-158551
-158550
-158542
-158539
-158526
-158520
-158499
-158481
-158409
-158406
-158384
-158364
-158342
-158339
-158322
-158295
-158273
-158271
-158264
-158235
-158223
-158199
-158162
-158159
-158151
-158147
-158136
-158096
-158093
-158086
-158043
-158033
-158019
-158010
-158007
-157983
-157976
-157952
-157945
-157905
-157897
-157885
-157827
-157784
-157762
-157758
-157716
-157659
-157658
-157647
-157641
-157628
-157623
-157621
-157619
-157610
-157568
-157551
-157514
-157490
-157471
-157463
-157461
-157422
-157419
-157417
-157414
-157409
-157364
-157337
-157332
-157281
-157263
-157228
-157226
-157222
-157211
-157205
-157179
-157171
-157133
-157127
-157080
-157068
-157064
-157059
-156982
-156978
-156942
-156931
-156926
-156883
-156876
-156864
-156839
-156829
-156826
-156807
-156804
-156795
-156766
-156766
-156757
-156742
-156735
-156694
-156657
-156654
-156647
-156618
-156606
-156602
-156578
-156557
-156536
-156530
-156456
-156441
-156438
-156384
-156377
-156336
-156317
-156315
-156291
-156274
-156229
-156204
-156202
-156162
-156158
-156130
-156113
-156099
-156081
-156073
-156071
-156039
-156033
-155981
-155964
-155909
-155904
-155903
-155840
-155829
-155814
-155807
-155776
-155714
-155712
-155711
-155707
-155676
-155676
-155660
-155658
-155646
-155595
-155583
-155572
-155546
-155539
-155496
-155480
-155462
-155440
-155381
-155368
-155364
-155352
-155344
-155302
-155274
-155261
-155253
-155234
-155228
-155221
-155209
-155206
-155202
-155196
-155154
-155144
-155142
-155125
-155110
-155082
-155067
-155052
-155042
-155021
-155002
-155000
-154950
-154926
-154924
-154899
-154873
-154858
-154852
-154849
-154837
-154818
-154810
-154798
-154791
-154726
-154725
-154710
-154654
-154653
-154645
-154631
-154627
-154627
-154614
-154610
-154590
-154577
-154538
-154531
-154516
-154446
-154446
-154390
-154378
-154339
-154337
-154336
-154292
-154289
-154262
-154205
-154195
-154172
-154118
-154114
-154112
-154104
-154090
-154057
-154012
-153989
-153949
-153942
-153937
-153930
-153880
-153861
-153841
-153808
-153770
-153735
-153723
-153690
-153661
-153644
-153632
-153596
-153573
-153537
-153519
-153499
-153487
-153467
-153465
-153452
-153451
-153406
-153370
-153327
-153300
-153283
-153282
-153249
-153245
-153243
-153240
-153237
-153234
-153215
-153192
-153176
-153168
-153069
-153060
-153043
-153042
-153028
-153016
-152970
-152919
-152916
-152915
-152906
-152906
-152866
-152863
-152852
-152824
-152823
-152772
-152724
-152673
-152573
-152537
-152498
-152461
-152413
-152403
-152394
-152390
-152350
-152300
-152265
-152263
-152251
-152171
-152147
-152107
-152098
-152084
-152082
-152066
-152030
-152011
-151997
-151981
-151976
-151971
-151966
-151849
-151838
-151808
-151790
-151786
-151786
-151753
-151702
-151691
-151689
-151680
-151672
-151668
-151655
-151652
-151649
-151640
-151632
-151612
-151611
-151577
-151577
-151574
-151569
-151563
-151537
-151526
-151523
-151496
-151487
-151474
-151439
-151437
-151412
-151412
-151411
-151362
-151323
-151322
-151301
-151289
-151259
-151250
-151238
-151223
-151210
-151197
-151186
-151171
-151169
-151126
-151106
-151105
-151097
-151086
-151076
-150992
-150985
-150975
-150973
-150972
-150944
-150893
-150860
-150804
-150799
-150779
-150775
-150735
-150707
-150687
-150627
-150613
-150580
-150559
-150539
-150525
-150516
-150502
-150486
-150425
-150416
-150347
-150319
-150318
-150284
-150284
-150264
-150251
-150228
-150219
-150213
-150199
-150183
-150179
-150116
-150115
-150111
-150107
-150102
-150097
-150082
-150070
-150051
-150037
-150037
-150026
-150019
-150003
-150002
-150000
-149973
-149951
-149912
-149900
-149895
-149876
-149866
-149838
-149784
-149768
-149746
-149711
-149699
-149647
-149641
-149628
-149620
-149594
-149575
-149569
-149563
-149561
-149542
-149525
-149500
-149436
-149349
-149334
-149262
-149238
-149219
-149216
-149204
-149200
-149186
-149176
-149165
-149160
-149130
-149123
-149065
-149031
-149010
-148959
-148936
-148934
-148898
-148862
-148858
-148849
-148843
-148777
-148774
-148733
-148711
-148705
-148703
-148700
-148664
-148659
-148659
-148611
-148604
-148581
-148556
-148506
-148463
-148450
-148393
-148350
-148342
-148324
-148324
-148300
-148286
-148250
-148246
-148227
-148208
-148193
-148189
-148169
-148139
-148130
-148126
-148103
-148061
-148053
-148043
-148042
-148034
-147969
-147955
-147945
-147939
-147873
-147800
-147777
-147766
-147718
-147689
-147656
-147624
-147599
-147582
-147557
-147551
-147528
-147521
-147518
-147494
-147464
-147456
-147446
-147440
-147429
-147418
-147408
-147391
-147385
-147380
-147358
-147322
-147256
-147252
-147248
-147244
-147208
-147193
-147189
-147172
-147169
-147129
-147086
-147083
-147048
-147043
-147042
-147029
-147024
-146974
-146960
-146948
-146909
-146884
-146882
-146878
-146817
-146806
-146758
-146748
-146650
-146636
-146634
-146623
-146622
-146612
-146603
-146600
-146595
-146578
-146574
-146567
-146562
-146542
-146512
-146505
-146492
-146480
-146472
-146446
-146413
-146367
-146349
-146334
-146323
-146305
-146250
-146237
-146217
-146187
-146119
-146096
-146082
-146076
-146015
-146009
-145974
-145963
-145945
-145937
-145917
-145893
-145892
-145861
-145860
-145858
-145858
-145851
-145837
-145805
-145776
-145755
-145732
-145730
-145727
-145715
-145707
-145692
-145691
-145667
-145647
-145611
-145599
-145588
-145585
-145567
-145539
-145537
-145528
-145519
-145503
-145501
-145499
-145444
-145441
-145400
-145372
-145318
-145287
-145273
-145249
-145247
-145236
-145183
-145170
-145157
-145148
-145141
-145138
-145124
-145103
-145093
-145074
-145045
-145026
-144993
-144975
-144938
-144932
-144923
-144909
-144876
-144875
-144871
-144842
-144826
-144822
-144813
-144787
-144714
-144701
-144700
-144688
-144531
-144499
-144480
-144433
-144402
-144366
-144366
-144353
-144332
-144305
-144285
-144260
-144250
-144196
-144158
-144147
-144142
-144126
-144097
-144060
-144047
-144011
-143992
-143928
-143883
-143825
-143810
-143795
-143790
-143776
-143765
-143764
-143708
-143691
-143683
-143657
-143633
-143598
-143567
-143560
-143546
-143540
-143523
-143478
-143435
-143403
-143383
-143366
-143366
-143361
-143358
-143335
-143322
-143281
-143261
-143205
-143196
-143152
-143098
-143065
-143032
-143027
-142998
-142975
-142946
-142901
-142882
-142877
-142876
-142875
-142874
-142779
-142731
-142709
-142697
-142696
-142656
-142578
-142549
-142476
-142465
-142461
-142456
-142446
-142443
-142358
-142342
-142299
-142280
-142276
-142263
-142239
-142233
-142222
-142203
-142201
-142190
-142166
-142165
-142164
-142160
-142130
-142128
-142089
-142087
-142067
-142025
-141992
-141989
-141972
-141967
-141963
-141960
-141900
-141892
-141881
-141839
-141830
-141826
-141823
-141774
-141715
-141705
-141692
-141676
-141543
-141541
-141510
-141485
-141470
-141469
-141465
-141448
-141446
-141437
-141436
-141424
-141391
-141355
-141313
-141312
-141298
-141286
-141283
-141273
-141269
-141247
-141240
-141182
-141179
-141170
-141129
-141095
-141087
-141076
-141072
-141043
-141041
-140995
-140973
-140968
-140913
-140867
-140859
-140855
-140855
-140838
-140826
-140796
-140764
-140725
-140723
-140710
-140677
-140659
-140658
-140652
-140649
-140649
-140637
-140610
-140585
-140580
-140569
-140556
-140544
-140537
-140529
-140525
-140517
-140504
-140449
-140428
-140412
-140351
-140341
-140339
-140337
-140325
-140320
-140286
-140261
-140260
-140253
-140236
-140216
-140209
-140205
-140201
-140177
-140173
-140086
-140042
-140021
-139974
-139971
-139956
-139948
-139922
-139917
-139879
-139869
-139831
-139823
-139805
-139801
-139797
-139768
-139764
-139752
-139735
-139727
-139725
-139710
-139686
-139678
-139664
-139657
-139635
-139613
-139607
-139605
-139591
-139586
-139575
-139563
-139495
-139480
-139466
-139461
-139432
-139420
-139413
-139409
-139408
-139404
-139396
-139395
-139386
-139385
-139375
-139352
-139351
-139347
-139327
-139297
-139296
-139259
-139257
-139225
-139225
-139182
-139172
-139156
-139114
-139051
-139051
-139044
-138981
-138980
-138947
-138892
-138873
-138869
-138865
-138827
-138797
-138791
-138730
-138727
-138717
-138688
-138669
-138652
-138651
-138646
-138640
-138632
-138624
-138615
-138612
-138513
-138504
-138479
-138464
-138446
-138432
-138421
-138412
-138406
-138394
-138348
-138338
-138335
-138333
-138331
-138312
-138278
-138273
-138221
-138165
-138109
-138097
-138035
-138019
-138017
-137986
-137973
-137970
-137926
-137920
-137916
-137904
-137893
-137880
-137843
-137842
-137820
-137800
-137787
-137783
-137716
-137631
-137610
-137587
-137579
-137566
-137496
-137494
-137468
-137445
-137443
-137409
-137395
-137353
-137349
-137278
-137250
-137250
-137239
-137208
-137199
-137149
-137127
-137104
-137095
-137089
-137061
-137051
-137039
-137031
-136975
-136956
-136948
-136948
-136948
-136938
-136877
-136843
-136831
-136782
-136759
-136745
-136734
-136699
-136696
-136669
-136654
-136647
-136637
-136635
-136633
-136618
-136593
-136582
-136577
-136565
-136550
-136538
-136536
-136498
-136496
-136479
-136451
-136391
-136362
-136335
-136318
-136308
-136283
-136263
-136259
-136220
-136147
-136136
-136089
-136078
-136039
-136037
-136020
-136010
-135983
-135958
-135947
-135851
-135841
-135796
-135771
-135723
-135702
-135693
-135679
-135671
-135669
-135662
-135655
-135654
-135613
-135605
-135548
-135504
-135415
-135398
-135394
-135375
-135372
-135352
-135339
-135329
-135236
-135206
-135192
-135172
-135171
-135170
-135130
-135110
-135093
-135080
-135078
-135076
-135070
-135025
-135019
-134998
-134984
-134978
-134960
-134939
-134931
-134916
-134873
-134864
-134861
-134849
-134839
-134810
-134771
-134747
-134741
-134732
-134718
-134711
-134703
-134670
-134664
-134649
-134637
-134635
-134629
-134590
-134575
-134573
-134564
-134534
-134507
-134470
-134464
-134442
-134422
-134420
-134412
-134397
-134390
-134375
-134368
-134361
-134344
-134323
-134320
-134290
-134262
-134257
-134257
-134255
-134251
-134247
-134197
-134195
-134182
-134157
-134144
-134049
-134046
-134038
-134023
-134011
-134006
-133981
-133967
-133965
-133960
-133923
-133876
-133822
-133800
-133755
-133754
-133749
-133627
-133622
-133619
-133600
-133592
-133539
-133532
-133532
-133513
-133508
-133507
-133484
-133474
-133462
-133411
-133410
-133378
-133373
-133373
-133369
-133345
-133333
-133310
-133284
-133274
-133273
-133264
-133263
-133237
-133227
-133220
-133196
-133194
-133190
-133189
-133118
-133098
-133097
-133043
-133006
-133005
-132995
-132936
-132928
-132896
-132893
-132877
-132834
-132830
-132792
-132790
-132743
-132718
-132706
-132702
-132685
-132661
-132634
-132612
-132597
-132570
-132565
-132557
-132552
-132525
-132501
-132487
-132444
-132431
-132370
-132365
-132353
-132323
-132308
-132293
-132282
-132282
-132279
-132239
-132210
-132199
-132194
-132155
-132149
-132148
-132146
-132144
-132141
-132093
-132049
-131994
-131982
-131978
-131969
-131951
-131918
-131892
-131873
-131849
-131843
-131819
-131796
-131792
-131763
-131762
-131756
-131677
-131675
-131674
-131660
-131655
-131592
-131557
-131481
-131443
-131421
-131413
-131343
-131342
-131328
-131324
-131316
-131312
-131297
-131293
-131290
-131273
-131237
-131220
-131195
-131161
-131085
-131056
-131046
-131009
-131009
-130956
-130923
-130920
-130888
-130861
-130850
-130794
-130779
-130773
-130772
-130738
-130738
-130718
-130713
-130653
-130627
-130621
-130619
-130595
-130586
-130568
-130537
-130528
-130513
-130498
-130488
-130471
-130433
-130417
-130406
-130373
-130357
-130349
-130342
-130332
-130331
-130328
-130287
-130282
-130278
-130269
-130233
-130203
-130141
-130137
-130132
-130104
-130089
-130016
-130012
-129963
-129962
-129955
-129925
-129885
-129861
-129837
-129834
-129821
-129784
-129768
-129735
-129734
-129713
-129678
-129578
-129560
-129550
-129514
-129513
-129505
-129466
-129462
-129454
-129445
-129391
-129357
-129355
-129316
-129279
-129279
-129226
-129215
-129191
-129164
-129141
-129119
-129106
-129085
-129078
-129074
-129069
-129069
-129055
-129049
-129047
-129043
-129032
-129029
-129019
-129015
-129006
-129003
-128980
-128918
-128836
-128825
-128814
-128747
-128745
-128742
-128730
-128666
-128653
-128642
-128636
-128608
-128605
-128563
-128554
-128521
-128510
-128488
-128487
-128470
-128466
-128463
-128416
-128399
-128375
-128346
-128344
-128343
-128321
-128252
-128243
-128229
-128224
-128127
-128125
-128119
-128117
-128101
-128085
-128078
-128077
-128074
-128066
-128049
-127950
-127920
-127903
-127903
-127888
-127880
-127876
-127849
-127808
-127785
-127722
-127716
-127675
-127634
-127617
-127609
-127598
-127592
-127571
-127569
-127565
-127560
-127551
-127513
-127491
-127436
-127431
-127428
-127395
-127381
-127340
-127326
-127324
-127302
-127288
-127277
-127179
-127174
-127160
-127146
-127140
-126986
-126921
-126917
-126900
-126896
-126832
-126826
-126817
-126806
-126798
-126793
-126782
-126771
-126763
-126761
-126744
-126732
-126724
-126722
-126710
-126671
-126655
-126654
-126629
-126601
-126580
-126557
-126553
-126545
-126495
-126452
-126364
-126333
-126317
-126313
-126303
-126301
-126295
-126290
-126277
-126244
-126238
-126232
-126228
-126220
-126195
-126194
-126194
-126188
-126178
-126166
-126161
-126149
-126133
-126126
-126114
-126078
-126069
-126030
-126014
-126013
-125890
-125882
-125863
-125838
-125817
-125787
-125740
-125723
-125714
-125701
-125691
-125655
-125647
-125645
-125639
-125639
-125602
-125539
-125524
-125521
-125519
-125480
-125386
-125379
-125359
-125354
-125352
-125309
-125299
-125264
-125251
-125238
-125224
-125217
-125197
-125196
-125190
-125181
-125170
-125168
-125144
-125067
-125057
-125035
-125034
-125025
-125008
-124996
-124962
-124938
-124912
-124898
-124894
-124881
-124871
-124842
-124820
-124806
-124774
-124747
-124694
-124646
-124635
-124625
-124543
-124502
-124484
-124465
-124385
-124382
-124380
-124357
-124335
-124334
-124331
-124299
-124296
-124272
-124234
-124218
-124211
-124168
-124152
-124110
-124094
-124089
-124085
-124083
-124076
-124059
-124023
-124001
-123991
-123989
-123981
-123946
-123926
-123922
-123916
-123900
-123897
-123881
-123869
-123768
-123767
-123767
-123757
-123723
-123705
-123703
-123698
-123682
-123663
-123656
-123628
-123565
-123555
-123517
-123512
-123492
-123485
-123425
-123402
-123337
-123281
-123279
-123239
-123232
-123231
-123219
-123186
-123185
-123165
-123132
-123128
-123070
-123042
-122976
-122971
-122943
-122897
-122895
-122893
-122856
-122847
-122821
-122782
-122761
-122747
-122721
-122713
-122706
-122672
-122662
-122647
-122634
-122576
-122571
-122546
-122543
-122531
-122504
-122501
-122486
-122482
-122479
-122475
-122471
-122460
-122436
-122427
-122411
-122388
-122379
-122368
-122368
-122365
-122362
-122359
-122355
-122339
-122337
-122324
-122289
-122250
-122231
-122216
-122216
-122207
-122188
-122177
-122171
-122165
-122161
-122133
-122120
-122108
-122103
-122083
-122060
-122057
-122023
-122022
-121999
-121970
-121966
-121961
-121955
-121955
-121916
-121913
-121894
-121855
-121831
-121827
-121823
-121808
-121799
-121740
-121720
-121700
-121677
-121677
-121670
-121650
-121638
-121613
-121553
-121541
-121514
-121513
-121509
-121488
-121487
-121477
-121435
-121409
-121378
-121334
-121307
-121298
-121287
-121223
-121179
-121174
-121115
-121113
-121085
-121072
-120892
-120843
-120829
-120798
-120761
-120760
-120756
-120746
-120741
-120737
-120734
-120730
-120698
-120694
-120681
-120676
-120654
-120632
-120614
-120613
-120566
-120561
-120514
-120507
-120501
-120448
-120382
-120362
-120358
-120330
-120310
-120297
-120290
-120287
-120274
-120259
-120243
-120197
-120160
-120082
-120071
-120047
-120005
-119999
-119973
-119963
-119908
-119875
-119872
-119848
-119835
-119775
-119772
-119742
-119642
-119562
-119560
-119530
-119529
-119507
-119461
-119414
-119389
-119387
-119383
-119369
-119338
-119334
-119333
-119327
-119318
-119300
-119273
-119256
-119251
-119214
-119178
-119175
-119169
-119064
-119041
-119028
-118974
-118970
-118939
-118939
-118926
-118925
-118898
-118846
-118827
-118818
-118810
-118801
-118796
-118781
-118767
-118762
-118691
-118686
-118685
-118665
-118663
-118655
-118588
-118568
-118561
-118553
-118514
-118507
-118491
-118484
-118468
-118434
-118405
-118393
-118364
-118336
-118326
-118320
-118260
-118258
-118252
-118242
-118222
-118174
-118125
-118097
-118095
-118093
-118087
-118085
-118082
-118080
-118073
-117990
-117970
-117970
-117968
-117929
-117895
-117893
-117872
-117822
-117817
-117808
-117767
-117766
-117761
-117748
-117739
-117707
-117691
-117679
-117676
-117668
-117658
-117629
-117579
-117567
-117548
-117538
-117518
-117497
-117486
-117415
-117413
-117411
-117390
-117364
-117336
-117322
-117314
-117288
-117270
-117266
-117253
-117229
-117221
-117220
-117203
-117189
-117188
-117149
-117097
-117047
-117030
-117011
-117009
-117005
-117005
-116995
-116973
-116964
-116943
-116938
-116919
-116896
-116891
-116882
-116880
-116872
-116857
-116837
-116829
-116798
-116782
-116768
-116762
-116752
-116727
-116723
-116702
-116679
-116645
-116643
-116636
-116613
-116566
-116535
-116511
-116505
-116471
-116458
-116437
-116435
-116435
-116434
-116427
-116412
-116399
-116359
-116343
-116341
-116325
-116306
-116302
-116300
-116293
-116291
-116272
-116250
-116235
-116216
-116203
-116183
-116144
-116110
-116101
-116088
-116087
-116051
-116025
-116019
-116002
-116001
-116000
-115982
-115947
-115938
-115938
-115938
-115923
-115895
-115839
-115817
-115811
-115811
-115793
-115784
-115780
-115746
-115739
-115724
-115668
-115656
-115580
-115576
-115568
-115567
-115567
-115566
-115518
-115512
-115489
-115488
-115462
-115439
-115397
-115373
-115347
-115304
-115303
-115292
-115252
-115219
-115168
-115145
-115110
-115094
-115056
-115030
-114948
-114927
-114927
-114924
-114912
-114895
-114892
-114891
-114865
-114846
-114841
-114834
-114817
-114816
-114804
-114792
-114787
-114783
-114781
-114774
-114739
-114739
-114724
-114713
-114701
-114691
-114642
-114626
-114614
-114556
-114538
-114489
-114439
-114406
-114371
-114369
-114362
-114334
-114266
-114259
-114237
-114229
-114218
-114166
-114117
-114115
-114099
-114075
-114066
-114053
-114028
-114013
-113937
-113923
-113892
-113836
-113812
-113790
-113777
-113775
-113704
-113696
-113694
-113654
-113642
-113576
-113575
-113570
-113526
-113517
-113405
-113392
-113382
-113375
-113367
-113366
-113312
-113299
-113289
-113247
-113199
-113183
-113181
-113151
-113139
-113102
-113074
-113072
-113038
-113025
-113025
-112951
-112937
-112922
-112917
-112853
-112809
-112768
-112677
-112671
-112652
-112642
-112625
-112624
-112601
-112537
-112517
-112483
-112470
-112470
-112468
-112448
-112440
-112422
-112397
-112391
-112390
-112322
-112320
-112318
-112247
-112235
-112228
-112208
-112195
-112192
-112184
-112137
-112132
-112111
-112094
-112028
-112015
-112013
-112004
-112002
-111983
-111974
-111974
-111971
-111941
-111939
-111939
-111880
-111880
-111878
-111862
-111854
-111840
-111840
-111810
-111804
-111796
-111790
-111769
-111748
-111743
-111694
-111663
-111651
-111577
-111560
-111545
-111503
-111497
-111448
-111410
-111391
-111381
-111369
-111356
-111346
-111294
-111288
-111246
-111229
-111219
-111188
-111167
-111166
-111160
-111153
-111151
-111111
-111076
-111070
-111067
-111061
-111051
-111036
-111015
-110966
-110963
-110955
-110903
-110890
-110884
-110855
-110855
-110782
-110774
-110736
-110711
-110708
-110686
-110684
-110670
-110640
-110634
-110632
-110608
-110594
-110581
-110579
-110567
-110565
-110561
-110510
-110474
-110457
-110445
-110397
-110385
-110365
-110331
-110303
-110261
-110246
-110241
-110232
-110203
-110187
-110185
-110179
-110088
-110068
-110048
-110012
-109967
-109952
-109926
-109911
-109909
-109906
-109886
-109886
-109874
-109865
-109800
-109799
-109770
-109769
-109704
-109680
-109672
-109655
-109628
-109622
-109613
-109612
-109581
-109557
-109543
-109541
-109534
-109525
-109502
-109490
-109476
-109470
-109469
-109449
-109433
-109423
-109374
-109365
-109322
-109319
-109234
-109223
-109159
-109157
-109154
-109151
-109132
-109119
-109107
-109023
-109017
-109006
-109001
-108979
-108919
-108909
-108897
-108894
-108840
-108834
-108831
-108811
-108799
-108739
-108724
-108681
-108639
-108636
-108616
-108616
-108588
-108579
-108538
-108534
-108533
-108500
-108448
-108445
-108439
-108411
-108404
-108402
-108352
-108344
-108269
-108261
-108227
-108197
-108184
-108179
-108117
-108104
-108074
-107998
-107959
-107955
-107945
-107900
-107897
-107892
-107850
-107847
-107825
-107814
-107797
-107793
-107789
-107783
-107768
-107761
-107746
-107741
-107734
-107717
-107707
-107705
-107700
-107697
-107693
-107580
-107530
-107530
-107518
-107517
-107501
-107471
-107464
-107464
-107444
-107427
-107421
-107411
-107382
-107359
-107354
-107353
-107348
-107328
-107324
-107297
-107283
-107212
-107191
-107177
-107174
-107153
-107149
-107107
-107092
-107056
-107056
-107017
-106952
-106938
-106933
-106916
-106911
-106892
-106881
-106851
-106814
-106808
-106793
-106762
-106737
-106725
-106682
-106615
-106588
-106582
-106482
-106462
-106427
-106424
-106422
-106421
-106409
-106378
-106343
-106303
-106293
-106285
-106231
-106221
-106220
-106213
-106213
-106209
-106204
-106190
-106159
-106127
-106115
-106114
-106111
-106047
-106041
-106036
-106035
-105979
-105966
-105933
-105904
-105903
-105874
-105871
-105864
-105828
-105826
-105823
-105823
-105808
-105787
-105778
-105764
-105746
-105709
-105704
-105666
-105665
-105655
-105655
-105638
-105634
-105632
-105623
-105616
-105611
-105603
-105588
-105580
-105550
-105531
-105525
-105506
-105487
-105434
-105424
-105397
-105391
-105376
-105364
-105353
-105311
-105291
-105288
-105281
-105273
-105246
-105161
-105143
-105118
-105068
-105033
-105015
-104998
-104985
-104958
-104954
-104952
-104949
-104947
-104906
-104894
-104877
-104869
-104858
-104828
-104817
-104814
-104792
-104784
-104767
-104767
-104724
-104714
-104689
-104688
-104673
-104669
-104637
-104631
-104627
-104611
-104609
-104599
-104595
-104572
-104536
-104525
-104516
-104511
-104481
-104459
-104454
-104454
-104395
-104386
-104384
-104376
-104369
-104339
-104326
-104313
-104311
-104238
-104200
-104199
-104194
-104187
-104170
-104163
-104154
-104150
-104139
-104134
-104074
-104059
-104016
-104004
-103990
-103990
-103976
-103920
-103907
-103885
-103885
-103857
-103855
-103853
-103831
-103784
-103760
-103751
-103741
-103738
-103732
-103725
-103717
-103716
-103693
-103682
-103682
-103666
-103593
-103574
-103549
-103514
-103508
-103440
-103419
-103417
-103413
-103378
-103332
-103329
-103323
-103309
-103299
-103279
-103278
-103268
-103258
-103242
-103220
-103191
-103179
-103126
-103103
-103071
-103051
-102984
-102963
-102940
-102935
-102923
-102853
-102851
-102848
-102837
-102833
-102830
-102824
-102799
-102792
-102774
-102772
-102756
-102745
-102716
-102716
-102690
-102679
-102656
-102642
-102608
-102607
-102582
-102559
-102549
-102546
-102532
-102527
-102507
-102466
-102431
-102381
-102379
-102354
-102331
-102310
-102307
-102274
-102266
-102260
-102250
-102232
-102230
-102205
-102199
-102127
-102126
-102115
-102114
-102114
-102113
-102110
-102104
-102103
-102101
-102075
-102063
-102011
-101932
-101888
-101877
-101868
-101853
-101853
-101852
-101815
-101802
-101794
-101723
-101722
-101713
-101706
-101685
-101646
-101621
-101599
-101597
-101570
-101552
-101542
-101523
-101515
-101471
-101466
-101466
-101435
-101422
-101375
-101354
-101339
-101318
-101257
-101245
-101225
-101207
-101201
-101196
-101133
-101125
-101103
-101092
-101075
-101035
-101024
-101002
-100972
-100960
-100942
-100942
-100929
-100918
-100910
-100876
-100869
-100861
-100795
-100778
-100765
-100701
-100671
-100668
-100658
-100633
-100633
-100630
-100616
-100611
-100574
-100559
-100545
-100506
-100470
-100430
-100359
-100332
-100311
-100295
-100279
-100220
-100189
-100162
-100143
-100129
-100126
-100054
-100030
-99969
-99951
-99949
-99935
-99907
-99883
-99852
-99827
-99810
-99810
-99808
-99796
-99787
-99786
-99780
-99749
-99700
-99696
-99689
-99684
-99634
-99633
-99609
-99605
-99598
-99595
-99546
-99522
-99509
-99450
-99411
-99410
-99397
-99364
-99362
-99278
-99272
-99264
-99261
-99259
-99259
-99233
-99231
-99225
-99205
-99198
-99190
-99186
-99169
-99156
-99148
-99143
-99042
-99023
-99008
-99003
-98999
-98989
-98939
-98936
-98899
-98837
-98810
-98797
-98797
-98796
-98784
-98753
-98737
-98732
-98721
-98703
-98654
-98638
-98637
-98576
-98552
-98539
-98534
-98529
-98490
-98475
-98461
-98451
-98444
-98427
-98427
-98425
-98413
-98408
-98362
-98358
-98308
-98305
-98293
-98260
-98246
-98244
-98139
-98137
-98100
-98099
-98070
-98056
-98025
-98022
-97947
-97947
-97930
-97930
-97926
-97921
-97890
-97885
-97885
-97851
-97834
-97783
-97765
-97764
-97720
-97717
-97691
-97685
-97676
-97670
-97667
-97644
-97607
-97589
-97565
-97471
-97461
-97372
-97362
-97361
-97349
-97337
-97300
-97284
-97280
-97279
-97260
-97240
-97233
-97189
-97084
-97076
-97068
-97058
-97053
-97046
-97042
-97042
-97018
-96976
-96964
-96934
-96927
-96896
-96887
-96857
-96825
-96756
-96743
-96738
-96717
-96716
-96707
-96682
-96679
-96665
-96625
-96622
-96591
-96580
-96567
-96537
-96517
-96515
-96492
-96484
-96446
-96430
-96417
-96414
-96364
-96340
-96336
-96281
-96182
-96148
-96121
-96097
-96066
-96057
-96041
-96000
-95986
-95973
-95926
-95901
-95847
-95840
-95829
-95811
-95756
-95747
-95747
-95701
-95688
-95685
-95670
-95664
-95602
-95579
-95565
-95555
-95498
-95476
-95453
-95437
-95431
-95408
-95374
-95371
-95363
-95351
-95335
-95302
-95293
-95270
-95259
-95205
-95132
-95127
-95118
-95080
-95047
-95003
-94974
-94970
-94964
-94884
-94854
-94821
-94794
-94781
-94780
-94762
-94755
-94751
-94679
-94672
-94536
-94524
-94506
-94477
-94474
-94448
-94433
-94414
-94412
-94383
-94370
-94277
-94268
-94247
-94244
-94219
-94219
-94171
-94170
-94157
-94143
-94140
-94109
-94083
-94051
-94021
-94008
-93994
-93985
-93974
-93953
-93924
-93916
-93912
-93904
-93888
-93846
-93844
-93836
-93815
-93802
-93801
-93784
-93757
-93754
-93656
-93647
-93626
-93626
-93621
-93611
-93582
-93541
-93479
-93430
-93415
-93411
-93354
-93351
-93331
-93311
-93288
-93204
-93204
-93195
-93180
-93176
-93175
-93171
-93168
-93132
-93075
-93046
-93002
-92977
-92948
-92939
-92933
-92900
-92895
-92889
-92881
-92872
-92840
-92830
-92830
-92826
-92814
-92777
-92763
-92758
-92756
-92744
-92743
-92698
-92662
-92647
-92643
-92633
-92603
-92588
-92581
-92567
-92410
-92383
-92371
-92311
-92283
-92277
-92267
-92265
-92262
-92225
-92208
-92202
-92194
-92187
-92158
-92053
-92039
-92031
-92028
-91909
-91883
-91881
-91854
-91836
-91833
-91778
-91752
-91747
-91747
-91708
-91693
-91681
-91651
-91645
-91626
-91607
-91603
-91599
-91590
-91563
-91554
-91546
-91493
-91477
-91454
-91431
-91428
-91426
-91407
-91391
-91390
-91371
-91337
-91284
-91268
-91246
-91219
-91218
-91177
-91156
-91153
-91138
-91138
-91119
-91105
-91084
-91048
-91038
-91032
-91024
-90994
-90971
-90947
-90946
-90939
-90917
-90916
-90885
-90800
-90799
-90602
-90601
-90589
-90556
-90540
-90535
-90492
-90473
-90347
-90300
-90290
-90278
-90225
-90194
-90174
-90171
-90136
-90065
-90050
-90035
-90031
-90025
-90015
-89940
-89916
-89881
-89875
-89873
-89867
-89863
-89859
-89767
-89767
-89758
-89742
-89717
-89715
-89706
-89684
-89670
-89647
-89644
-89632
-89626
-89582
-89573
-89552
-89546
-89544
-89527
-89525
-89519
-89486
-89446
-89443
-89390
-89366
-89347
-89309
-89296
-89277
-89277
-89223
-89189
-89183
-89179
-89178
-89070
-89033
-89032
-89000
-88988
-88957
-88863
-88860
-88853
-88836
-88830
-88826
-88782
-88764
-88754
-88714
-88713
-88713
-88712
-88686
-88684
-88646
-88614
-88610
-88601
-88601
-88574
-88546
-88534
-88516
-88486
-88483
-88483
-88479
-88473
-88462
-88446
-88382
-88380
-88369
-88326
-88321
-88315
-88307
-88301
-88222
-88210
-88175
-88157
-88123
-88104
-88094
-88067
-88061
-88049
-88049
-88041
-88019
-88011
-88005
-87990
-87931
-87923
-87900
-87899
-87899
-87850
-87848
-87807
-87797
-87766
-87747
-87726
-87716
-87709
-87697
-87622
-87618
-87606
-87598
-87584
-87573
-87572
-87522
-87476
-87403
-87369
-87347
-87211
-87195
-87194
-87172
-87171
-87149
-87123
-87091
-87073
-87052
-87052
-87047
-87046
-87024
-87012
-87006
-86965
-86955
-86949
-86938
-86925
-86853
-86834
-86795
-86788
-86785
-86768
-86760
-86730
-86728
-86728
-86725
-86722
-86674
-86634
-86628
-86626
-86619
-86606
-86601
-86509
-86416
-86405
-86376
-86347
-86337
-86318
-86285
-86258
-86254
-86139
-86120
-86070
-86056
-86047
-86041
-86037
-86028
-86011
-85980
-85965
-85922
-85918
-85883
-85882
-85858
-85856
-85809
-85808
-85776
-85765
-85754
-85754
-85748
-85742
-85739
-85700
-85678
-85674
-85669
-85667
-85656
-85652
-85629
-85623
-85609
-85593
-85579
-85567
-85559
-85529
-85486
-85467
-85447
-85437
-85437
-85431
-85418
-85397
-85386
-85367
-85352
-85347
-85344
-85256
-85194
-85179
-85122
-85113
-85096
-85096
-85082
-85063
-85058
-85042
-85015
-85006
-84998
-84998
-84985
-84973
-84957
-84950
-84943
-84942
-84932
-84866
-84864
-84794
-84788
-84787
-84774
-84768
-84749
-84735
-84722
-84707
-84701
-84678
-84675
-84670
-84650
-84627
-84595
-84592
-84589
-84544
-84539
-84531
-84487
-84475
-84473
-84441
-84440
-84430
-84409
-84354
-84317
-84305
-84298
-84296
-84281
-84245
-84231
-84223
-84192
-84161
-84150
-84136
-84111
-84085
-84081
-84080
-84073
-84069
-84058
-84037
-84020
-84006
-83999
-83957
-83927
-83914
-83905
-83875
-83869
-83859
-83850
-83818
-83790
-83768
-83759
-83743
-83737
-83736
-83729
-83715
-83713
-83683
-83635
-83626
-83620
-83586
-83564
-83535
-83520
-83515
-83512
-83510
-83507
-83479
-83476
-83476
-83463
-83428
-83376
-83369
-83358
-83322
-83297
-83293
-83274
-83206
-83185
-83176
-83174
-83166
-83138
-83108
-83092
-83078
-83076
-83058
-83053
-83027
-82991
-82962
-82916
-82893
-82884
-82875
-82863
-82848
-82842
-82765
-82749
-82748
-82735
-82720
-82710
-82676
-82676
-82666
-82652
-82640
-82617
-82593
-82591
-82570
-82562
-82535
-82524
-82441
-82436
-82402
-82394
-82351
-82340
-82339
-82235
-82219
-82155
-82151
-82125
-82121
-82093
-82067
-82013
-81993
-81979
-81912
-81892
-81885
-81869
-81862
-81832
-81819
-81813
-81798
-81789
-81785
-81748
-81746
-81745
-81742
-81738
-81715
-81706
-81680
-81632
-81620
-81590
-81575
-81557
-81534
-81531
-81521
-81512
-81450
-81444
-81440
-81393
-81354
-81341
-81314
-81288
-81267
-81223
-81220
-81205
-81170
-81154
-81128
-81035
-81006
-80970
-80895
-80894
-80869
-80867
-80809
-80796
-80737
-80732
-80714
-80695
-80681
-80656
-80642
-80582
-80579
-80568
-80540
-80534
-80510
-80501
-80412
-80401
-80394
-80376
-80372
-80360
-80333
-80315
-80291
-80280
-80246
-80246
-80241
-80204
-80193
-80180
-80172
-80144
-80135
-80128
-80096
-80094
-80064
-80062
-80059
-80053
-80050
-80045
-80041
-79997
-79941
-79935
-79916
-79907
-79905
-79899
-79855
-79826
-79813
-79760
-79724
-79692
-79671
-79669
-79632
-79629
-79627
-79620
-79597
-79584
-79579
-79554
-79537
-79537
-79535
-79514
-79510
-79509
-79465
-79450
-79444
-79416
-79409
-79403
-79360
-79335
-79311
-79306
-79279
-79269
-79217
-79177
-79171
-79133
-79132
-79118
-79102
-79079
-79065
-79065
-79035
-79035
-79032
-79020
-78942
-78925
-78896
-78843
-78790
-78756
-78748
-78731
-78712
-78694
-78682
-78681
-78667
-78658
-78639
-78623
-78597
-78561
-78559
-78544
-78445
-78414
-78407
-78385
-78379
-78367
-78359
-78325
-78280
-78270
-78258
-78250
-78244
-78208
-78206
-78206
-78201
-78194
-78180
-78160
-78146
-78117
-78107
-78088
-78045
-77981
-77951
-77941
-77892
-77865
-77860
-77759
-77751
-77604
-77562
-77549
-77530
-77526
-77510
-77498
-77479
-77471
-77453
-77443
-77440
-77434
-77388
-77363
-77360
-77355
-77355
-77354
-77303
-77253
-77248
-77223
-77217
-77208
-77168
-77158
-77134
-77128
-77114
-77108
-77089
-77080
-77073
-77065
-77052
-77045
-76933
-76857
-76856
-76840
-76806
-76779
-76760
-76722
-76690
-76678
-76664
-76645
-76634
-76614
-76570
-76534
-76465
-76436
-76433
-76413
-76381
-76335
-76308
-76302
-76274
-76214
-76171
-76156
-76149
-76132
-76107
-76075
-76068
-76031
-76016
-75994
-75979
-75979
-75932
-75917
-75907
-75887
-75876
-75861
-75850
-75849
-75828
-75816
-75812
-75737
-75736
-75735
-75725
-75711
-75708
-75702
-75672
-75652
-75598
-75590
-75582
-75564
-75542
-75472
-75467
-75457
-75448
-75445
-75401
-75373
-75357
-75297
-75285
-75254
-75217
-75165
-75164
-75154
-75088
-75087
-75079
-75069
-75052
-75050
-75038
-75024
-74897
-74880
-74871
-74835
-74824
-74794
-74778
-74751
-74750
-74744
-74732
-74697
-74687
-74646
-74633
-74605
-74603
-74601
-74578
-74554
-74482
-74469
-74438
-74437
-74424
-74395
-74383
-74373
-74355
-74301
-74297
-74291
-74279
-74270
-74265
-74251
-74245
-74235
-74213
-74208
-74206
-74199
-74197
-74192
-74161
-74141
-74131
-74110
-74109
-74087
-74080
-74061
-74006
-74005
-73978
-73976
-73971
-73932
-73885
-73872
-73846
-73790
-73786
-73785
-73784
-73748
-73744
-73664
-73648
-73644
-73590
-73580
-73564
-73522
-73439
-73435
-73410
-73404
-73384
-73366
-73352
-73352
-73306
-73287
-73283
-73273
-73214
-73185
-73178
-73156
-73153
-73096
-73087
-73078
-73052
-73044
-73004
-72948
-72940
-72931
-72926
-72896
-72893
-72892
-72884
-72881
-72866
-72831
-72828
-72825
-72816
-72807
-72798
-72738
-72725
-72708
-72705
-72663
-72661
-72656
-72644
-72641
-72631
-72608
-72581
-72544
-72543
-72517
-72477
-72470
-72457
-72431
-72348
-72277
-72260
-72259
-72195
-72177
-72154
-72105
-72103
-72102
-72095
-72063
-72056
-72047
-72040
-72036
-72028
-72006
-71988
-71986
-71936
-71930
-71918
-71853
-71804
-71798
-71775
-71771
-71753
-71721
-71706
-71701
-71654
-71652
-71646
-71638
-71624
-71605
-71599
-71533
-71521
-71508
-71470
-71460
-71455
-71410
-71403
-71384
-71354
-71348
-71331
-71330
-71324
-71314
-71313
-71309
-71273
-71271
-71268
-71250
-71246
-71246
-71244
-71232
-71219
-71185
-71181
-71170
-71153
-71151
-71136
-71117
-71096
-71089
-71080
-71060
-71051
-71030
-70975
-70963
-70960
-70922
-70902
-70897
-70893
-70869
-70863
-70833
-70831
-70810
-70809
-70799
-70761
-70742
-70734
-70668
-70667
-70653
-70652
-70645
-70632
-70629
-70628
-70616
-70616
-70605
-70593
-70519
-70501
-70499
-70496
-70466
-70461
-70456
-70405
-70383
-70373
-70350
-70313
-70279
-70254
-70248
-70244
-70241
-70223
-70215
-70188
-70181
-70174
-70173
-70151
-70144
-70140
-70138
-70123
-70116
-70114
-70091
-70086
-70060
-70054
-70007
-70002
-69950
-69922
-69919
-69917
-69915
-69891
-69862
-69824
-69783
-69783
-69766
-69751
-69709
-69686
-69656
-69557
-69477
-69413
-69384
-69372
-69329
-69285
-69264
-69261
-69229
-69219
-69206
-69170
-69124
-69088
-69049
-69042
-69015
-69010
-69003
-68966
-68960
-68946
-68925
-68919
-68878
-68858
-68836
-68812
-68786
-68739
-68731
-68725
-68671
-68640
-68599
-68581
-68561
-68499
-68491
-68480
-68477
-68465
-68458
-68440
-68432
-68425
-68417
-68413
-68405
-68396
-68375
-68364
-68362
-68362
-68342
-68339
-68309
-68299
-68286
-68256
-68255
-68243
-68241
-68213
-68166
-68142
-68096
-68034
-68033
-68005
-67999
-67950
-67942
-67931
-67929
-67925
-67919
-67885
-67838
-67826
-67809
-67799
-67789
-67784
-67770
-67725
-67692
-67687
-67670
-67639
-67633
-67583
-67580
-67527
-67510
-67456
-67446
-67429
-67427
-67427
-67396
-67389
-67386
-67299
-67227
-67212
-67212
-67197
-67178
-67155
-67149
-67149
-67145
-67117
-67117
-67101
-67099
-67078
-67047
-67017
-66965
-66961
-66944
-66884
-66862
-66857
-66816
-66632
-66629
-66594
-66589
-66575
-66562
-66553
-66521
-66491
-66487
-66470
-66459
-66442
-66425
-66399
-66373
-66370
-66321
-66297
-66280
-66278
-66273
-66259
-66244
-66221
-66209
-66190
-66185
-66166
-66149
-66121
-66114
-66088
-66081
-66066
-66064
-66023
-66004
-66002
-65999
-65914
-65910
-65910
-65888
-65885
-65883
-65859
-65852
-65844
-65827
-65820
-65809
-65758
-65733
-65731
-65696
-65661
-65657
-65641
-65631
-65628
-65599
-65590
-65584
-65575
-65523
-65499
-65492
-65486
-65481
-65471
-65461
-65458
-65398
-65392
-65376
-65341
-65334
-65313
-65311
-65308
-65299
-65292
-65267
-65259
-65216
-65214
-65188
-65186
-65176
-65128
-65124
-65087
-65074
-65072
-65068
-65054
-65043
-65041
-65038
-65037
-65034
-65011
-65000
-64995
-64973
-64887
-64875
-64824
-64817
-64802
-64793
-64780
-64770
-64769
-64768
-64729
-64726
-64722
-64713
-64671
-64645
-64640
-64639
-64604
-64601
-64600
-64570
-64538
-64523
-64505
-64485
-64480
-64438
-64429
-64424
-64348
-64348
-64344
-64333
-64319
-64309
-64282
-64248
-64221
-64214
-64196
-64192
-64189
-64162
-64151
-64119
-64111
-64109
-64106
-64105
-64057
-64055
-64054
-64051
-64030
-64024
-63995
-63954
-63952
-63949
-63933
-63928
-63910
-63892
-63888
-63867
-63864
-63851
-63849
-63805
-63798
-63773
-63765
-63765
-63763
-63694
-63692
-63692
-63684
-63647
-63638
-63635
-63621
-63604
-63568
-63560
-63523
-63489
-63457
-63437
-63398
-63371
-63368
-63366
-63355
-63351
-63339
-63322
-63322
-63317
-63308
-63307
-63304
-63286
-63272
-63228
-63173
-63158
-63134
-63115
-63107
-63094
-63082
-63066
-63052
-62962
-62961
-62948
-62940
-62932
-62896
-62895
-62888
-62881
-62874
-62856
-62854
-62806
-62804
-62780
-62769
-62767
-62762
-62757
-62733
-62730
-62718
-62715
-62685
-62668
-62664
-62633
-62626
-62622
-62612
-62554
-62549
-62510
-62504
-62473
-62451
-62446
-62441
-62431
-62423
-62422
-62407
-62371
-62365
-62295
-62295
-62289
-62285
-62255
-62227
-62193
-62188
-62148
-62133
-62125
-62107
-62101
-62100
-62099
-62099
-62034
-62029
-62012
-62008
-62005
-61948
-61947
-61940
-61937
-61924
-61919
-61912
-61830
-61828
-61789
-61788
-61771
-61750
-61723
-61718
-61630
-61606
-61600
-61541
-61532
-61434
-61427
-61397
-61389
-61376
-61373
-61371
-61366
-61333
-61315
-61310
-61285
-61250
-61237
-61230
-61199
-61195
-61191
-61173
-61116
-61115
-61110
-61102
-61086
-61076
-61071
-61051
-61046
-61037
-61030
-61026
-60953
-60928
-60925
-60873
-60870
-60868
-60857
-60851
-60830
-60824
-60819
-60801
-60799
-60774
-60735
-60720
-60717
-60677
-60674
-60639
-60625
-60589
-60573
-60545
-60544
-60524
-60503
-60501
-60497
-60490
-60463
-60436
-60417
-60415
-60412
-60356
-60322
-60307
-60274
-60239
-60210
-60182
-60162
-60137
-60132
-60100
-60067
-60029
-60022
-59990
-59949
-59935
-59922
-59921
-59904
-59877
-59870
-59847
-59822
-59820
-59798
-59741
-59672
-59661
-59647
-59636
-59607
-59606
-59602
-59580
-59535
-59516
-59495
-59480
-59465
-59453
-59444
-59424
-59421
-59384
-59365
-59357
-59353
-59308
-59286
-59270
-59267
-59260
-59253
-59222
-59221
-59215
-59210
-59201
-59175
-59169
-59153
-59144
-59122
-59119
-59065
-59058
-59025
-59006
-59005
-58978
-58968
-58926
-58911
-58891
-58889
-58881
-58865
-58846
-58845
-58837
-58832
-58800
-58775
-58761
-58696
-58695
-58688
-58687
-58668
-58665
-58662
-58607
-58604
-58554
-58538
-58531
-58527
-58523
-58501
-58498
-58462
-58455
-58434
-58351
-58315
-58309
-58272
-58259
-58250
-58234
-58231
-58176
-58138
-58109
-58101
-58100
-58099
-58090
-58071
-58067
-58061
-58035
-58020
-58016
-58011
-58005
-57928
-57893
-57883
-57844
-57821
-57788
-57767
-57715
-57715
-57687
-57679
-57663
-57644
-57609
-57598
-57594
-57562
-57551
-57542
-57521
-57512
-57498
-57493
-57486
-57480
-57470
-57438
-57432
-57424
-57392
-57392
-57377
-57348
-57338
-57315
-57309
-57286
-57281
-57260
-57238
-57225
-57218
-57188
-57170
-57124
-57066
-57058
-57035
-57032
-57025
-56976
-56943
-56895
-56852
-56847
-56824
-56816
-56808
-56794
-56759
-56745
-56736
-56713
-56657
-56653
-56625
-56615
-56599
-56576
-56568
-56558
-56549
-56529
-56524
-56522
-56452
-56421
-56416
-56395
-56392
-56390
-56375
-56374
-56367
-56349
-56346
-56336
-56330
-56308
-56266
-56228
-56214
-56185
-56184
-56171
-56170
-56163
-56122
-56110
-56110
-56096
-56061
-55984
-55958
-55924
-55924
-55859
-55830
-55830
-55819
-55798
-55795
-55793
-55698
-55677
-55671
-55660
-55655
-55639
-55608
-55587
-55573
-55549
-55521
-55511
-55467
-55456
-55428
-55412
-55334
-55282
-55246
-55241
-55233
-55221
-55209
-55156
-55123
-55120
-55106
-55104
-55102
-55074
-55049
-55038
-55038
-55012
-54990
-54988
-54938
-54930
-54929
-54904
-54885
-54861
-54844
-54821
-54820
-54816
-54755
-54736
-54736
-54735
-54711
-54674
-54674
-54637
-54579
-54544
-54499
-54474
-54465
-54456
-54440
-54401
-54384
-54374
-54363
-54355
-54344
-54225
-54217
-54202
-54199
-54183
-54134
-54094
-54084
-54062
-54044
-53955
-53944
-53934
-53933
-53930
-53883
-53878
-53849
-53846
-53830
-53801
-53796
-53790
-53740
-53732
-53684
-53667
-53654
-53621
-53613
-53596
-53589
-53576
-53572
-53562
-53556
-53496
-53481
-53403
-53363
-53342
-53328
-53317
-53307
-53306
-53305
-53277
-53264
-53224
-53223
-53209
-53202
-53187
-53185
-53172
-53170
-53159
-53132
-53131
-53125
-53077
-53075
-53063
-53006
-52998
-52979
-52974
-52967
-52942
-52933
-52926
-52923
-52881
-52846
-52840
-52819
-52776
-52722
-52708
-52705
-52692
-52689
-52649
-52644
-52599
-52574
-52501
-52479
-52459
-52436
-52403
-52396
-52386
-52367
-52338
-52331
-52256
-52233
-52198
-52189
-52187
-52175
-52162
-52138
-52135
-52126
-52118
-52040
-52036
-51995
-51993
-51975
-51970
-51967
-51951
-51947
-51916
-51909
-51908
-51906
-51879
-51872
-51860
-51842
-51835
-51828
-51813
-51794
-51784
-51751
-51734
-51715
-51693
-51675
-51671
-51666
-51640
-51559
-51528
-51500
-51418
-51401
-51399
-51383
-51365
-51357
-51345
-51319
-51296
-51294
-51250
-51234
-51219
-51208
-51165
-51162
-51149
-51142
-51141
-51135
-51107
-51073
-51064
-51041
-51019
-51009
-51007
-50994
-50988
-50947
-50941
-50921
-50912
-50895
-50893
-50831
-50830
-50807
-50775
-50775
-50752
-50738
-50724
-50721
-50665
-50654
-50538
-50527
-50481
-50454
-50453
-50433
-50362
-50327
-50325
-50313
-50303
-50280
-50273
-50202
-50114
-50113
-50110
-50088
-50060
-50032
-50029
-50029
-50014
-49994
-49986
-49971
-49942
-49863
-49862
-49780
-49771
-49769
-49767
-49661
-49631
-49614
-49572
-49510
-49509
-49504
-49431
-49413
-49383
-49366
-49358
-49350
-49350
-49344
-49329
-49299
-49295
-49276
-49262
-49260
-49232
-49213
-49212
-49197
-49192
-49191
-49177
-49166
-49165
-49159
-49148
-49140
-49137
-49123
-49122
-49116
-49109
-49106
-49088
-49086
-49073
-49020
-49011
-48980
-48967
-48954
-48935
-48921
-48895
-48877
-48853
-48821
-48785
-48747
-48720
-48715
-48640
-48625
-48624
-48621
-48614
-48611
-48597
-48591
-48591
-48439
-48416
-48404
-48389
-48380
-48351
-48348
-48341
-48339
-48336
-48303
-48301
-48248
-48232
-48222
-48218
-48207
-48200
-48193
-48188
-48107
-48071
-48031
-47983
-47973
-47921
-47915
-47910
-47853
-47849
-47841
-47834
-47793
-47788
-47785
-47771
-47763
-47748
-47727
-47690
-47676
-47666
-47648
-47606
-47602
-47592
-47591
-47587
-47574
-47562
-47540
-47491
-47467
-47444
-47405
-47344
-47336
-47308
-47278
-47272
-47226
-47216
-47166
-47165
-47133
-47126
-47086
-47057
-47054
-46989
-46985
-46982
-46972
-46950
-46904
-46863
-46832
-46825
-46820
-46743
-46734
-46678
-46666
-46634
-46630
-46619
-46607
-46586
-46552
-46525
-46507
-46504
-46446
-46423
-46409
-46389
-46368
-46343
-46323
-46311
-46284
-46278
-46273
-46251
-46238
-46200
-46122
-46092
-46062
-46059
-46048
-46043
-46039
-46007
-45987
-45917
-45914
-45907
-45851
-45786
-45772
-45719
-45716
-45707
-45664
-45663
-45655
-45653
-45620
-45614
-45557
-45556
-45552
-45474
-45449
-45445
-45440
-45426
-45426
-45407
-45375
-45373
-45352
-45349
-45338
-45236
-45225
-45219
-45216
-45207
-45197
-45180
-45149
-45124
-45090
-45081
-45057
-45033
-45032
-45030
-45017
-45000
-44999
-44982
-44972
-44968
-44961
-44945
-44912
-44898
-44887
-44875
-44851
-44824
-44778
-44749
-44738
-44681
-44643
-44625
-44614
-44607
-44588
-44587
-44572
-44562
-44542
-44533
-44518
-44485
-44474
-44411
-44401
-44393
-44362
-44325
-44317
-44283
-44280
-44201
-44130
-44058
-44054
-44008
-43995
-43975
-43950
-43903
-43874
-43845
-43801
-43797
-43743
-43738
-43726
-43680
-43671
-43606
-43591
-43577
-43566
-43560
-43552
-43550
-43494
-43477
-43474
-43469
-43447
-43424
-43361
-43358
-43327
-43319
-43318
-43282
-43268
-43195
-43176
-43119
-43117
-43096
-43093
-43090
-43028
-42987
-42969
-42965
-42934
-42906
-42880
-42871
-42864
-42858
-42849
-42842
-42826
-42796
-42795
-42789
-42789
-42787
-42777
-42768
-42715
-42706
-42700
-42692
-42690
-42668
-42625
-42623
-42600
-42576
-42557
-42531
-42497
-42485
-42423
-42419
-42403
-42397
-42390
-42390
-42389
-42365
-42352
-42346
-42283
-42259
-42255
-42220
-42218
-42212
-42203
-42193
-42171
-42131
-42121
-42038
-42032
-42023
-42004
-41978
-41943
-41868
-41853
-41840
-41798
-41771
-41770
-41753
-41735
-41714
-41700
-41694
-41657
-41656
-41654
-41624
-41618
-41604
-41600
-41584
-41581
-41575
-41510
-41507
-41501
-41493
-41470
-41468
-41446
-41443
-41413
-41333
-41329
-41280
-41257
-41214
-41206
-41184
-41143
-41123
-41108
-41097
-41085
-41082
-41079
-41065
-41026
-41013
-40999
-40967
-40925
-40910
-40855
-40845
-40805
-40803
-40801
-40795
-40766
-40740
-40693
-40687
-40680
-40679
-40672
-40651
-40647
-40647
-40628
-40574
-40570
-40557
-40556
-40537
-40532
-40524
-40516
-40466
-40428
-40428
-40396
-40374
-40373
-40363
-40322
-40309
-40250
-40236
-40224
-40214
-40169
-40130
-40124
-40122
-40122
-40111
-40087
-40079
-40051
-40037
-40034
-39926
-39920
-39889
-39873
-39852
-39839
-39820
-39816
-39805
-39785
-39736
-39694
-39616
-39593
-39585
-39582
-39576
-39567
-39523
-39518
-39486
-39452
-39433
-39419
-39399
-39399
-39378
-39353
-39330
-39325
-39314
-39312
-39308
-39294
-39268
-39261
-39254
-39245
-39236
-39213
-39199
-39198
-39180
-39144
-39129
-39122
-39113
-39108
-39101
-39088
-39071
-39028
-39016
-38989
-38943
-38924
-38924
-38907
-38886
-38886
-38880
-38855
-38852
-38839
-38805
-38781
-38671
-38648
-38611
-38577
-38567
-38557
-38548
-38501
-38448
-38442
-38398
-38392
-38357
-38357
-38336
-38296
-38243
-38242
-38237
-38237
-38216
-38173
-38140
-38111
-38078
-38039
-38037
-37969
-37962
-37927
-37851
-37850
-37826
-37822
-37810
-37769
-37737
-37723
-37691
-37685
-37667
-37649
-37647
-37643
-37593
-37581
-37554
-37546
-37526
-37523
-37507
-37416
-37392
-37353
-37346
-37300
-37300
-37254
-37246
-37165
-37157
-37147
-37113
-37065
-37037
-37025
-36964
-36939
-36913
-36912
-36872
-36842
-36820
-36808
-36784
-36771
-36750
-36702
-36687
-36673
-36665
-36652
-36648
-36607
-36606
-36586
-36579
-36553
-36534
-36521
-36517
-36501
-36500
-36497
-36477
-36469
-36466
-36440
-36438
-36402
-36364
-36353
-36334
-36301
-36293
-36281
-36238
-36235
-36139
-36117
-36115
-36057
-36055
-36032
-36019
-36002
-35978
-35955
-35948
-35945
-35933
-35924
-35902
-35853
-35844
-35813
-35792
-35789
-35779
-35767
-35745
-35738
-35723
-35720
-35652
-35642
-35640
-35639
-35628
-35619
-35619
-35599
-35570
-35563
-35557
-35535
-35532
-35468
-35433
-35386
-35365
-35364
-35356
-35351
-35318
-35289
-35274
-35234
-35149
-35147
-35146
-35130
-35096
-35095
-35069
-34980
-34944
-34939
-34914
-34906
-34894
-34839
-34833
-34813
-34788
-34779
-34779
-34737
-34718
-34697
-34683
-34677
-34628
-34616
-34614
-34601
-34592
-34573
-34570
-34566
-34542
-34537
-34535
-34535
-34526
-34523
-34486
-34474
-34467
-34444
-34429
-34387
-34336
-34300
-34276
-34263
-34189
-34184
-34178
-34176
-34172
-34161
-34158
-34140
-34118
-34079
-34071
-34064
-34047
-34045
-34025
-34018
-33995
-33991
-33983
-33974
-33970
-33948
-33923
-33898
-33897
-33896
-33896
-33886
-33857
-33834
-33825
-33797
-33786
-33725
-33714
-33689
-33653
-33649
-33615
-33588
-33582
-33561
-33556
-33533
-33531
-33511
-33489
-33479
-33469
-33469
-33466
-33462
-33428
-33426
-33419
-33407
-33393
-33384
-33384
-33348
-33335
-33334
-33293
-33282
-33263
-33260
-33245
-33235
-33229
-33207
-33187
-33174
-33164
-33152
-33136
-33114
-33099
-33096
-33032
-33015
-33004
-32984
-32970
-32968
-32963
-32897
-32891
-32861
-32859
-32813
-32799
-32797
-32786
-32755
-32718
-32710
-32694
-32681
-32668
-32653
-32606
-32605
-32591
-32561
-32545
-32524
-32516
-32513
-32511
-32477
-32438
-32425
-32409
-32388
-32363
-32346
-32318
-32309
-32260
-32233
-32222
-32176
-32149
-32130
-32117
-32112
-32077
-32069
-32047
-32039
-32004
-31982
-31941
-31935
-31921
-31899
-31876
-31860
-31859
-31841
-31773
-31739
-31735
-31723
-31703
-31694
-31694
-31667
-31659
-31573
-31560
-31519
-31507
-31506
-31495
-31488
-31454
-31419
-31411
-31389
-31384
-31366
-31327
-31320
-31318
-31315
-31288
-31265
-31247
-31239
-31232
-31220
-31200
-31196
-31181
-31155
-31140
-31079
-31055
-31032
-30997
-30981
-30980
-30965
-30950
-30933
-30921
-30903
-30895
-30855
-30852
-30836
-30826
-30794
-30775
-30751
-30742
-30716
-30676
-30667
-30648
-30634
-30598
-30595
-30592
-30565
-30507
-30483
-30478
-30473
-30465
-30459
-30455
-30430
-30426
-30421
-30406
-30394
-30381
-30337
-30300
-30268
-30267
-30251
-30240
-30187
-30184
-30178
-30163
-30126
-30124
-30112
-30067
-30054
-30050
-30048
-30013
-29995
-29990
-29989
-29956
-29930
-29924
-29879
-29878
-29805
-29804
-29800
-29760
-29730
-29708
-29693
-29664
-29663
-29645
-29622
-29621
-29560
-29552
-29498
-29485
-29483
-29447
-29417
-29312
-29305
-29297
-29289
-29282
-29253
-29243
-29209
-29208
-29171
-29169
-29130
-29086
-29082
-29054
-29051
-29038
-29036
-29033
-29025
-28964
-28919
-28919
-28911
-28862
-28850
-28845
-28829
-28802
-28787
-28785
-28757
-28752
-28739
-28726
-28726
-28689
-28656
-28636
-28624
-28567
-28565
-28528
-28453
-28429
-28428
-28396
-28327
-28315
-28261
-28259
-28254
-28244
-28232
-28207
-28194
-28156
-28129
-28125
-28089
-28071
-28065
-28057
-28055
-28023
-27994
-27944
-27922
-27921
-27909
-27899
-27864
-27862
-27852
-27789
-27767
-27763
-27757
-27757
-27751
-27744
-27726
-27707
-27682
-27657
-27574
-27563
-27543
-27516
-27504
-27489
-27483
-27452
-27451
-27445
-27371
-27352
-27317
-27306
-27289
-27268
-27251
-27233
-27228
-27201
-27184
-27176
-27153
-27131
-27117
-27115
-27099
-27098
-27070
-27062
-27046
-27022
-27013
-26997
-26962
-26945
-26945
-26894
-26858
-26846
-26771
-26764
-26725
-26701
-26674
-26669
-26660
-26638
-26621
-26595
-26543
-26539
-26534
-26476
-26468
-26466
-26458
-26456
-26456
-26420
-26390
-26368
-26335
-26286
-26242
-26211
-26182
-26164
-26155
-26149
-26145
-26141
-26128
-26105
-26098
-26093
-26085
-26044
-26026
-26015
-25973
-25969
-25953
-25927
-25922
-25893
-25831
-25817
-25789
-25762
-25741
-25654
-25638
-25619
-25610
-25590
-25582
-25582
-25545
-25517
-25514
-25504
-25497
-25452
-25435
-25429
-25411
-25365
-25356
-25345
-25329
-25299
-25292
-25289
-25285
-25277
-25257
-25250
-25246
-25236
-25234
-25189
-25177
-25125
-25110
-25096
-25095
-25066
-25062
-25047
-25041
-25035
-25033
-25025
-25021
-25021
-25011
-24987
-24977
-24950
-24943
-24929
-24928
-24925
-24907
-24869
-24865
-24834
-24815
-24790
-24776
-24751
-24750
-24749
-24749
-24732
-24729
-24700
-24634
-24619
-24604
-24561
-24559
-24512
-24397
-24374
-24374
-24367
-24366
-24349
-24314
-24301
-24298
-24277
-24269
-24260
-24240
-24203
-24201
-24180
-24171
-24150
-24106
-24102
-24092
-24089
-24056
-24045
-24032
-23998
-23969
-23947
-23935
-23897
-23889
-23859
-23844
-23814
-23809
-23802
-23792
-23790
-23754
-23744
-23728
-23693
-23691
-23681
-23666
-23658
-23632
-23621
-23558
-23550
-23530
-23529
-23481
-23453
-23407
-23369
-23366
-23359
-23350
-23336
-23314
-23308
-23274
-23256
-23232
-23227
-23200
-23179
-23088
-23068
-23059
-23056
-23020
-22971
-22936
-22919
-22908
-22892
-22859
-22829
-22827
-22815
-22815
-22785
-22784
-22777
-22760
-22723
-22716
-22709
-22709
-22696
-22688
-22686
-22685
-22668
-22660
-22569
-22566
-22562
-22551
-22547
-22538
-22535
-22512
-22494
-22489
-22478
-22433
-22427
-22426
-22392
-22379
-22361
-22348
-22334
-22330
-22326
-22288
-22256
-22241
-22237
-22230
-22211
-22199
-22193
-22175
-22147
-22144
-22104
-22100
-22083
-22076
-22031
-22030
-22028
-22014
-22006
-21963
-21963
-21944
-21936
-21922
-21873
-21871
-21837
-21836
-21824
-21815
-21797
-21748
-21721
-21715
-21692
-21685
-21675
-21660
-21648
-21631
-21610
-21583
-21570
-21515
-21473
-21457
-21450
-21437
-21434
-21389
-21363
-21353
-21334
-21328
-21300
-21300
-21215
-21204
-21184
-21166
-21136
-21104
-21090
-21083
-21064
-21061
-21056
-21002
-20996
-20987
-20986
-20950
-20945
-20940
-20930
-20868
-20856
-20847
-20818
-20815
-20811
-20760
-20747
-20726
-20715
-20701
-20694
-20677
-20665
-20664
-20645
-20621
-20616
-20613
-20586
-20566
-20552
-20516
-20491
-20410
-20394
-20383
-20380
-20364
-20326
-20297
-20276
-20190
-20179
-20149
-20087
-20082
-20052
-20029
-20021
-20018
-20016
-20012
-20004
-19946
-19930
-19916
-19905
-19898
-19885
-19861
-19861
-19849
-19842
-19820
-19810
-19797
-19785
-19747
-19737
-19712
-19680
-19637
-19624
-19621
-19618
-19585
-19525
-19524
-19515
-19496
-19492
-19472
-19470
-19463
-19427
-19398
-19373
-19363
-19350
-19340
-19335
-19303
-19296
-19286
-19285
-19270
-19250
-19229
-19196
-19195
-19166
-19131
-19125
-19107
-19064
-19062
-19061
-19045
-19039
-19034
-19016
-19008
-18979
-18970
-18965
-18951
-18942
-18912
-18903
-18899
-18871
-18848
-18820
-18806
-18806
-18795
-18783
-18773
-18765
-18746
-18737
-18717
-18685
-18669
-18666
-18657
-18633
-18617
-18606
-18581
-18543
-18540
-18535
-18531
-18521
-18513
-18493
-18452
-18444
-18355
-18340
-18321
-18266
-18262
-18223
-18192
-18181
-18110
-18098
-18091
-18089
-18084
-18050
-18036
-18034
-18006
-17972
-17969
-17950
-17924
-17921
-17905
-17891
-17880
-17879
-17874
-17821
-17818
-17800
-17788
-17780
-17742
-17733
-17729
-17728
-17655
-17639
-17638
-17629
-17597
-17596
-17572
-17553
-17502
-17497
-17483
-17474
-17466
-17442
-17426
-17418
-17397
-17377
-17328
-17298
-17280
-17272
-17268
-17251
-17178
-17167
-17167
-17149
-17127
-17091
-17087
-17082
-17067
-17045
-17002
-16998
-16996
-16994
-16983
-16978
-16972
-16960
-16946
-16940
-16917
-16900
-16898
-16862
-16853
-16844
-16835
-16805
-16792
-16760
-16749
-16738
-16675
-16674
-16666
-16657
-16632
-16630
-16617
-16609
-16593
-16494
-16491
-16429
-16422
-16418
-16409
-16363
-16330
-16321
-16314
-16302
-16262
-16247
-16237
-16191
-16188
-16166
-16144
-16135
-16131
-16131
-16125
-16066
-16031
-16010
-15998
-15904
-15886
-15878
-15849
-15805
-15800
-15760
-15747
-15740
-15721
-15715
-15713
-15702
-15697
-15688
-15675
-15670
-15614
-15590
-15588
-15574
-15508
-15457
-15427
-15424
-15422
-15422
-15408
-15395
-15377
-15359
-15339
-15274
-15237
-15213
-15166
-15136
-15120
-15099
-15086
-15080
-15065
-15055
-15045
-15020
-15002
-14979
-14918
-14916
-14885
-14838
-14796
-14768
-14751
-14739
-14712
-14711
-14700
-14694
-14662
-14662
-14638
-14636
-14627
-14619
-14588
-14560
-14552
-14537
-14512
-14502
-14479
-14474
-14471
-14464
-14450
-14447
-14414
-14402
-14396
-14383
-14371
-14367
-14362
-14340
-14339
-14322
-14308
-14285
-14283
-14274
-14251
-14199
-14197
-14181
-14176
-14132
-14117
-14113
-14111
-14048
-13936
-13919
-13905
-13886
-13876
-13863
-13828
-13825
-13781
-13757
-13751
-13732
-13722
-13720
-13697
-13682
-13679
-13649
-13589
-13581
-13545
-13523
-13495
-13492
-13490
-13487
-13482
-13447
-13438
-13410
-13409
-13384
-13377
-13372
-13325
-13299
-13258
-13248
-13239
-13162
-13160
-13153
-13131
-13114
-13107
-13101
-13084
-13084
-13082
-13081
-13057
-12981
-12900
-12873
-12852
-12798
-12787
-12786
-12764
-12741
-12740
-12715
-12689
-12654
-12648
-12644
-12616
-12604
-12591
-12575
-12559
-12531
-12528
-12524
-12484
-12474
-12426
-12375
-12360
-12359
-12337
-12313
-12272
-12240
-12221
-12216
-12210
-12209
-12208
-12191
-12164
-12163
-12161
-12151
-12148
-12126
-12113
-12111
-12017
-12010
-11981
-11966
-11959
-11959
-11950
-11943
-11932
-11845
-11826
-11811
-11809
-11801
-11799
-11797
-11773
-11753
-11714
-11661
-11647
-11640
-11636
-11635
-11628
-11624
-11613
-11609
-11601
-11578
-11574
-11531
-11510
-11433
-11398
-11390
-11357
-11353
-11350
-11348
-11340
-11301
-11271
-11260
-11232
-11149
-11131
-11089
-11063
-11045
-11038
-10994
-10967
-10959
-10924
-10921
-10911
-10904
-10813
-10810
-10793
-10793
-10755
-10752
-10736
-10662
-10651
-10644
-10624
-10599
-10582
-10503
-10484
-10472
-10470
-10433
-10414
-10410
-10400
-10398
-10364
-10352
-10350
-10333
-10317
-10290
-10276
-10247
-10246
-10245
-10242
-10220
-10168
-10154
-10144
-10142
-10141
-10140
-10108
-10091
-10069
-10063
-10061
-10044
-10004
-9982
-9974
-9970
-9956
-9934
-9923
-9863
-9848
-9792
-9771
-9760
-9711
-9684
-9648
-9609
-9600
-9597
-9590
-9535
-9527
-9488
-9486
-9479
-9467
-9461
-9453
-9433
-9415
-9385
-9339
-9332
-9299
-9288
-9240
-9233
-9223
-9220
-9216
-9213
-9210
-9201
-9193
-9193
-9184
-9175
-9165
-9153
-9096
-9095
-9046
-9027
-9021
-8992
-8976
-8968
-8921
-8875
-8864
-8814
-8773
-8746
-8743
-8676
-8661
-8645
-8626
-8601
-8583
-8556
-8546
-8520
-8494
-8440
-8420
-8387
-8384
-8357
-8337
-8317
-8271
-8253
-8227
-8205
-8195
-8177
-8172
-8152
-8144
-8131
-8121
-8119
-8103
-8091
-8061
-8035
-8034
-8017
-8013
-8003
-7954
-7932
-7923
-7876
-7808
-7791
-7767
-7763
-7738
-7723
-7611
-7591
-7588
-7585
-7548
-7525
-7502
-7359
-7351
-7326
-7313
-7298
-7296
-7286
-7248
-7245
-7235
-7225
-7186
-7186
-7173
-7145
-7142
-7101
-7087
-7081
-7081
-7026
-7020
-7000
-6982
-6969
-6950
-6950
-6941
-6941
-6937
-6922
-6917
-6914
-6898
-6896
-6892
-6882
-6863
-6842
-6820
-6802
-6785
-6707
-6704
-6689
-6670
-6668
-6643
-6531
-6519
-6519
-6515
-6478
-6455
-6429
-6406
-6351
-6277
-6247
-6238
-6233
-6229
-6195
-6183
-6088
-6081
-6056
-6000
-5991
-5947
-5925
-5872
-5857
-5821
-5814
-5810
-5799
-5773
-5764
-5745
-5744
-5664
-5623
-5614
-5608
-5583
-5571
-5550
-5519
-5502
-5483
-5471
-5467
-5462
-5418
-5412
-5400
-5399
-5373
-5305
-5301
-5266
-5256
-5247
-5238
-5211
-5165
-5144
-5139
-5084
-5064
-5052
-5026
-5000
-4995
-4974
-4963
-4958
-4953
-4950
-4901
-4809
-4801
-4797
-4795
-4772
-4749
-4739
-4708
-4661
-4614
-4611
-4606
-4591
-4579
-4574
-4562
-4550
-4488
-4480
-4471
-4409
-4390
-4384
-4374
-4368
-4367
-4363
-4319
-4305
-4288
-4274
-4272
-4252
-4238
-4225
-4215
-4200
-4192
-4175
-4169
-4161
-4154
-4154
-4148
-4132
-4071
-4067
-4050
-4044
-4042
-3961
-3960
-3941
-3918
-3918
-3905
-3808
-3758
-3726
-3712
-3651
-3594
-3572
-3535
-3502
-3483
-3467
-3461
-3461
-3419
-3411
-3377
-3346
-3307
-3302
-3300
-3294
-3285
-3266
-3266
-3245
-3225
-3221
-3212
-3212
-3201
-3189
-3182
-3166
-3162
-3162
-3136
-3102
-3084
-3057
-3035
-3030
-3030
-3026
-2987
-2975
-2974
-2953
-2944
-2906
-2899
-2894
-2888
-2861
-2854
-2828
-2824
-2823
-2808
-2804
-2744
-2739
-2738
-2730
-2715
-2677
-2666
-2651
-2624
-2590
-2561
-2550
-2522
-2481
-2466
-2359
-2354
-2349
-2346
-2344
-2340
-2327
-2304
-2293
-2290
-2260
-2259
-2249
-2230
-2190
-2161
-2126
-2118
-2073
-2058
-2051
-2001
-1992
-1936
-1895
-1817
-1817
-1815
-1791
-1771
-1677
-1663
-1660
-1633
-1630
-1568
-1557
-1523
-1480
-1445
-1442
-1440
-1421
-1420
-1417
-1375
-1347
-1328
-1322
-1317
-1294
-1291
-1285
-1283
-1280
-1280
-1266
-1266
-1261
-1259
-1245
-1209
-1195
-1173
-1160
-1140
-1106
-1094
-1068
-1041
-1003
-923
-896
-894
-892
-879
-869
-857
-835
-829
-819
-816
-809
-786
-785
-780
-776
-775
-773
-731
-713
-713
-702
-682
-679
-633
-620
-601
-578
-577
-525
-521
-516
-513
-424
-403
-363
-339
-331
-321
-299
-298
-243
-243
-237
-219
-215
-196
-188
-164
-163
-132
-88
-66
-47
-7
11
16
52
79
91
98
221
270
288
300
365
388
423
479
486
498
507
520
540
553
556
593
598
631
631
643
685
694
714
728
783
803
835
845
849
858
908
917
939
968
974
1007
1015
1021
1041
1052
1071
1097
1166
1175
1204
1236
1240
1244
1263
1407
1413
1418
1419
1446
1473
1496
1580
1632
1636
1658
1700
1707
1713
1751
1751
1770
1780
1801
1833
1834
1850
1880
1952
1986
2016
2030
2033
2039
2058
2078
2090
2091
2096
2126
2138
2181
2218
2237
2256
2268
2275
2293
2295
2319
2320
2355
2357
2358
2364
2369
2417
2422
2468
2473
2504
2513
2519
2529
2534
2548
2579
2582
2603
2616
2622
2626
2637
2681
2705
2728
2728
2744
2767
2788
2810
2828
2838
2853
2861
2886
2889
2913
2924
2963
2966
2967
2971
2974
2982
3008
3009
3033
3037
3061
3067
3094
3101
3111
3111
3117
3149
3158
3199
3208
3210
3226
3236
3242
3247
3310
3324
3324
3351
3360
3378
3430
3459
3462
3476
3489
3514
3522
3524
3548
3553
3570
3577
3632
3634
3655
3696
3712
3757
3765
3799
3802
3824
3840
3857
3896
3923
3930
3983
3983
4022
4045
4064
4095
4110
4139
4200
4215
4242
4249
4249
4260
4261
4268
4286
4303
4374
4375
4396
4400
4412
4413
4419
4425
4425
4445
4452
4455
4512
4514
4521
4524
4554
4566
4584
4616
4617
4620
4633
4659
4662
4712
4717
4735
4742
4752
4765
4791
4800
4802
4866
4894
4928
4942
4951
4967
4967
5047
5049
5050
5050
5055
5060
5079
5104
5138
5146
5147
5158
5190
5220
5220
5220
5225
5233
5235
5258
5277
5285
5309
5337
5344
5352
5369
5378
5390
5414
5417
5457
5467
5505
5521
5538
5544
5549
5554
5568
5571
5575
5586
5610
5663
5710
5739
5773
5774
5788
5833
5836
5840
5864
5892
5901
5914
5920
5930
5941
5951
5968
5973
6072
6079
6153
6157
6201
6208
6215
6220
6234
6281
6313
6323
6397
6399
6464
6467
6495
6497
6502
6504
6510
6528
6550
6561
6584
6647
6688
6691
6724
6744
6757
6766
6784
6790
6815
6816
6847
6858
6864
6877
6879
6889
6989
7001
7012
7015
7023
7032
7037
7060
7074
7096
7125
7136
7138
7140
7144
7144
7153
7174
7178
7188
7208
7209
7216
7340
7362
7390
7470
7542
7557
7591
7628
7634
7671
7698
7716
7729
7760
7816
7823
7848
7855
7893
7899
7903
7907
7926
7976
7984
7994
8011
8033
8047
8057
8058
8074
8084
8151
8154
8215
8238
8241
8243
8268
8273
8279
8300
8359
8370
8381
8392
8471
8521
8524
8525
8571
8625
8626
8640
8659
8683
8685
8738
8795
8796
8796
8832
8841
8859
8862
8877
8927
8935
8973
8985
9014
9045
9059
9119
9119
9141
9157
9174
9174
9222
9236
9292
9296
9335
9362
9363
9363
9383
9451
9472
9489
9506
9559
9569
9596
9617
9628
9657
9658
9680
9683
9728
9740
9807
9868
9879
9924
9948
9962
9982
9997
9999
10001
10024
10030
10043
10044
10079
10079
10116
10136
10162
10182
10203
10218
10225
10262
10266
10267
10277
10294
10367
10382
10393
10394
10396
10451
10493
10497
10505
10516
10531
10535
10536
10553
10558
10563
10592
10626
10635
10641
10652
10654
10664
10717
10773
10778
10794
10798
10800
10810
10840
10841
10843
10854
10867
10895
10911
10913
10930
10941
11003
11027
11039
11072
11115
11122
11129
11137
11157
11176
11207
11211
11224
11242
11242
11277
11282
11290
11298
11303
11306
11328
11340
11351
11362
11425
11470
11516
11520
11527
11546
11555
11563
11580
11582
11597
11607
11607
11641
11642
11647
11651
11678
11698
11732
11753
11807
11846
11858
11914
11923
11946
11989
12021
12038
12048
12059
12128
12138
12165
12167
12168
12237
12252
12293
12299
12329
12343
12354
12356
12433
12444
12453
12499
12537
12628
12636
12644
12650
12684
12689
12693
12712
12730
12745
12760
12764
12767
12831
12832
12833
12844
12871
12923
12930
12958
12982
12986
13043
13053
13062
13066
13074
13077
13116
13140
13144
13151
13157
13175
13186
13188
13223
13259
13286
13321
13342
13411
13476
13502
13542
13566
13568
13575
13596
13622
13647
13654
13681
13682
13715
13731
13755
13772
13846
13848
13855
13868
13883
13895
13929
13950
13963
13979
14015
14038
14062
14065
14080
14083
14099
14102
14127
14137
14151
14182
14200
14203
14219
14223
14257
14265
14273
14289
14302
14357
14385
14404
14419
14468
14478
14523
14533
14535
14540
14576
14590
14594
14660
14661
14674
14682
14686
14698
14707
14725
14743
14757
14790
14795
14803
14809
14822
14825
14829
14830
14841
14852
14869
14883
14898
14926
14934
14966
14967
14975
14990
15009
15026
15030
15051
15060
15062
15077
15078
15093
15140
15153
15158
15191
15220
15224
15237
15256
15270
15299
15299
15334
15356
15409
15443
15452
15457
15463
15524
15526
15529
15530
15538
15590
15631
15632
15720
15729
15815
15835
15850
15872
15912
15915
15963
15966
16015
16021
16029
16030
16034
16079
16098
16108
16133
16185
16190
16201
16237
16255
16286
16293
16324
16375
16419
16448
16460
16464
16466
16477
16487
16492
16497
16520
16526
16532
16542
16548
16557
16567
16568
16586
16593
16605
16607
16612
16616
16618
16622
16625
16635
16638
16639
16701
16736
16747
16755
16757
16778
16779
16817
16821
16830
16839
16862
16874
16899
16940
16942
16987
17020
17039
17047
17057
17107
17178
17227
17235
17254
17280
17379
17398
17426
17434
17486
17491
17560
17611
17638
17668
17694
17702
17751
17771
17792
17796
17797
17798
17828
17838
17839
17873
17873
17875
17882
17972
17977
18000
18009
18014
18025
18042
18075
18088
18100
18170
18194
18221
18228
18230
18248
18250
18279
18282
18290
18295
18314
18318
18348
18363
18367
18369
18404
18448
18455
18493
18495
18510
18551
18567
18579
18583
18606
18636
18648
18683
18690
18695
18697
18697
18718
18721
18739
18753
18770
18772
18814
18827
18828
18883
18898
18911
18932
18982
18990
18991
19027
19040
19066
19084
19091
19116
19120
19139
19145
19151
19218
19314
19315
19320
19332
19334
19339
19341
19345
19362
19371
19374
19383
19391
19391
19393
19398
19420
19437
19441
19447
19481
19535
19541
19584
19592
19646
19698
19725
19758
19812
19892
19915
19918
19939
19976
19982
19992
20014
20025
20072
20111
20139
20151
20154
20184
20239
20300
20303
20329
20343
20352
20399
20410
20426
20433
20442
20448
20498
20501
20502
20510
20527
20546
20565
20642
20710
20741
20771
20783
20831
20908
20917
20935
20944
20955
20969
20970
20981
21023
21118
21122
21124
21136
21146
21153
21161
21165
21173
21187
21188
21189
21189
21203
21234
21238
21355
21364
21423
21427
21486
21492
21508
21558
21589
21623
21642
21656
21663
21682
21709
21717
21739
21763
21769
21802
21806
21817
21823
21824
21862
21926
21954
21969
21969
21978
21990
22027
22029
22032
22039
22049
22066
22068
22112
22120
22150
22170
22185
22197
22214
22227
22235
22254
22259
22279
22286
22288
22315
22340
22372
22382
22389
22402
22402
22407
22408
22424
22457
22505
22580
22589
22620
22625
22651
22679
22679
22684
22705
22708
22788
22806
22829
22856
22865
22907
22915
22928
22933
22965
22967
23020
23030
23045
23049
23067
23091
23131
23170
23177
23211
23271
23283
23290
23291
23326
23332
23332
23356
23366
23404
23405
23454
23487
23490
23504
23520
23523
23524
23551
23563
23604
23608
23630
23654
23654
23669
23690
23701
23703
23709
23723
23748
23769
23783
23785
23785
23801
23811
23813
23822
23831
23868
23880
23893
23907
23973
23987
23991
24036
24061
24095
24180
24197
24210
24232
24242
24274
24274
24280
24322
24338
24347
24359
24367
24418
24418
24435
24440
24502
24517
24563
24585
24601
24626
24630
24658
24678
24688
24693
24711
24720
24726
24729
24737
24759
24770
24795
24811
24820
24829
24842
24843
24846
24854
24860
24895
24896
24897
24928
24957
24958
24977
25022
25022
25037
25090
25124
25127
25130
25138
25146
25155
25167
25197
25234
25260
25291
25291
25293
25312
25313
25315
25349
25446
25452
25453
25468
25474
25475
25490
25496
25505
25513
25555
25594
25662
25684
25688
25692
25739
25750
25766
25824
25849
25886
25911
25928
25968
25997
26003
26007
26010
26087
26105
26123
26127
26143
26154
26169
26192
26243
26257
26277
26302
26311
26312
26388
26422
26430
26446
26457
26475
26490
26490
26497
26500
26515
26531
26545
26550
26582
26587
26588
26610
26616
26617
26624
26652
26653
26654
26661
26667
26679
26686
26737
26760
26797
26806
26811
26827
26894
26924
26932
26976
26978
26984
27014
27025
27058
27070
27086
27089
27092
27099
27148
27173
27219
27234
27236
27238
27264
27266
27283
27301
27302
27306
27307
27332
27346
27402
27457
27460
27520
27527
27529
27569
27573
27607
27625
27681
27692
27703
27740
27746
27824
27860
27862
27870
27897
27938
27943
27992
27993
28008
28041
28054
28055
28089
28105
28130
28189
28244
28261
28269
28277
28328
28334
28347
28388
28396
28434
28438
28439
28478
28496
28516
28527
28544
28578
28594
28609
28612
28614
28630
28721
28761
28762
28772
28773
28800
28806
28834
28867
28870
28894
28911
28914
28943
28955
28971
28974
28979
28999
29036
29042
29057
29086
29106
29120
29130
29160
29186
29238
29275
29290
29297
29304
29325
29388
29395
29397
29399
29401
29405
29410
29432
29433
29442
29456
29489
29510
29520
29554
29557
29568
29568
29585
29604
29605
29609
29614
29647
29650
29660
29697
29715
29732
29753
29765
29766
29837
29861
29876
29880
29918
29936
29949
30022
30027
30051
30079
30081
30086
30114
30130
30130
30174
30175
30192
30201
30206
30232
30278
30317
30347
30367
30371
30394
30409
30431
30450
30456
30467
30509
30512
30521
30539
30545
30572
30595
30609
30620
30625
30658
30686
30749
30773
30813
30830
30849
30877
30907
30988
31034
31058
31078
31085
31086
31104
31113
31130
31135
31159
31178
31190
31193
31199
31237
31246
31246
31246
31273
31280
31301
31323
31334
31349
31353
31375
31437
31439
31442
31443
31457
31475
31493
31511
31537
31557
31575
31610
31611
31647
31647
31663
31685
31711
31714
31719
31731
31754
31776
31802
31813
31819
31825
31865
31873
31881
31885
31899
31918
31928
31953
31965
32017
32069
32128
32139
32170
32173
32178
32238
32265
32318
32320
32344
32378
32386
32391
32529
32544
32568
32586
32606
32637
32638
32647
32654
32678
32729
32729
32736
32752
32784
32846
32854
32860
32948
32968
33009
33010
33022
33022
33029
33032
33060
33070
33072
33097
33118
33124
33135
33145
33176
33207
33208
33248
33249
33259
33295
33313
33335
33346
33349
33381
33390
33399
33425
33439
33463
33503
33515
33527
33533
33565
33569
33573
33577
33600
33606
33606
33625
33631
33639
33662
33678
33684
33720
33744
33746
33768
33786
33810
33824
33843
33844
33864
33870
33891
33892
33913
33915
33923
33934
33965
33976
33987
34026
34059
34072
34103
34136
34151
34170
34175
34176
34181
34210
34211
34250
34262
34297
34338
34344
34360
34362
34366
34396
34459
34464
34505
34520
34520
34528
34533
34540
34541
34549
34588
34591
34640
34664
34671
34674
34678
34690
34692
34729
34741
34758
34767
34783
34836
34842
34859
34877
34878
34907
34914
34914
34958
35004
35014
35027
35040
35074
35082
35084
35085
35105
35118
35189
35202
35209
35215
35218
35248
35286
35294
35312
35330
35331
35342
35360
35380
35423
35438
35451
35499
35501
35502
35504
35566
35582
35584
35585
35589
35593
35611
35625
35629
35650
35656
35676
35686
35694
35731
35741
35742
35750
35863
35904
35918
35943
35964
35970
36038
36059
36084
36099
36162
36165
36185
36190
36190
36239
36251
36276
36278
36297
36324
36327
36331
36374
36386
36400
36469
36469
36567
36585
36621
36624
36650
36664
36674
36705
36707
36719
36731
36736
36741
36744
36770
36777
36783
36810
36831
36842
36856
36862
36876
36881
36889
36894
36894
36895
36927
36933
36945
36990
36992
37005
37018
37040
37052
37071
37098
37138
37170
37178
37182
37213
37287
37342
37354
37359
37388
37408
37416
37456
37459
37525
37534
37584
37590
37619
37648
37677
37699
37709
37727
37739
37739
37759
37806
37814
37867
37898
37942
38035
38046
38085
38111
38135
38139
38163
38185
38189
38190
38194
38195
38208
38279
38289
38300
38312
38315
38324
38339
38349
38373
38394
38395
38461
38489
38561
38564
38585
38588
38593
38601
38612
38704
38736
38749
38760
38771
38779
38796
38844
38853
38903
38915
38926
38937
38954
38963
38963
38982
38982
39030
39065
39075
39103
39114
39120
39135
39164
39179
39192
39200
39239
39257
39264
39305
39312
39322
39322
39328
39433
39446
39480
39504
39520
39537
39546
39554
39579
39580
39621
39656
39685
39688
39731
39743
39747
39868
39885
39887
39889
39921
39938
39968
39989
40038
40043
40048
40056
40061
40111
40120
40137
40204
40209
40220
40224
40233
40237
40255
40272
40308
40325
40341
40357
40390
40392
40399
40402
40413
40490
40534
40534
40551
40552
40555
40564
40572
40586
40605
40619
40646
40663
40668
40671
40676
40695
40701
40739
40747
40752
40755
40759
40776
40778
40789
40790
40800
40830
40849
40864
40869
40871
40920
40967
41013
41025
41028
41046
41050
41064
41096
41118
41164
41199
41214
41223
41238
41289
41341
41353
41353
41366
41377
41418
41456
41468
41536
41541
41595
41604
41613
41634
41634
41646
41703
41734
41742
41805
41822
41828
41829
41833
41884
41900
41921
41933
41937
41946
41950
41969
42006
42051
42052
42053
42071
42089
42120
42135
42156
42193
42237
42244
42254
42352
42360
42363
42364
42380
42458
42473
42478
42512
42534
42539
42545
42550
42572
42589
42594
42635
42694
42704
42725
42735
42739
42756
42776
42791
42793
42812
42837
42861
42878
42884
42925
42925
43007
43023
43051
43095
43097
43115
43120
43135
43142
43147
43180
43205
43219
43228
43277
43306
43310
43316
43326
43329
43341
43350
43390
43392
43406
43424
43429
43440
43470
43496
43502
43509
43533
43544
43557
43647
43650
43666
43683
43709
43716
43722
43750
43752
43803
43821
43864
43865
43874
43911
43927
43933
43978
43982
43984
44026
44026
44043
44063
44064
44077
44113
44140
44141
44172
44191
44226
44229
44233
44284
44336
44340
44347
44366
44369
44402
44418
44480
44490
44510
44514
44534
44574
44611
44627
44662
44704
44726
44885
44890
44947
44962
44964
45011
45019
45023
45045
45091
45174
45179
45202
45213
45214
45226
45234
45253
45253
45272
45281
45284
45306
45315
45327
45368
45377
45378
45386
45388
45423
45423
45432
45445
45489
45519
45529
45539
45551
45560
45593
45596
45618
45624
45644
45644
45652
45680
45693
45704
45717
45721
45753
45770
45788
45804
45817
45820
45858
45862
45886
45898
45905
45919
45923
45926
45936
45947
45954
45957
45957
45957
45980
46018
46022
46022
46036
46058
46081
46142
46151
46152
46171
46173
46177
46198
46199
46208
46264
46268
46270
46284
46294
46295
46296
46301
46311
46376
46407
46411
46436
46483
46488
46488
46527
46530
46544
46549
46550
46580
46592
46626
46661
46667
46679
46763
46798
46812
46820
46851
46889
46931
46981
46989
47013
47039
47050
47068
47101
47117
47133
47174
47197
47201
47224
47268
47270
47293
47361
47369
47372
47387
47389
47390
47398
47413
47460
47478
47483
47485
47497
47507
47565
47597
47614
47632
47659
47665
47694
47698
47703
47706
47715
47739
47747
47771
47779
47785
47798
47839
47852
47891
47905
47921
47929
47977
48021
48024
48091
48130
48146
48158
48191
48282
48299
48311
48318
48328
48351
48400
48408
48416
48434
48446
48459
48460
48475
48485
48494
48560
48562
48592
48592
48593
48646
48668
48686
48698
48708
48725
48741
48747
48839
48839
48854
48855
48887
48932
48933
48948
48999
49021
49105
49112
49116
49139
49143
49158
49165
49169
49187
49208
49264
49302
49316
49341
49343
49348
49355
49357
49370
49373
49388
49391
49438
49459
49480
49497
49511
49524
49550
49612
49623
49642
49670
49675
49683
49694
49697
49707
49714
49755
49784
49788
49799
49843
49853
49861
49880
49953
49975
49991
49994
50002
50006
50006
50038
50060
50105
50125
50126
50132
50134
50137
50146
50198
50200
50218
50219
50231
50244
50298
50328
50330
50341
50347
50366
50366
50409
50413
50420
50426
50432
50443
50466
50519
50528
50598
50604
50616
50624
50654
50673
50676
50680
50687
50698
50722
50722
50732
50770
50781
50781
50796
50814
50824
50826
50840
50914
50937
50948
51009
51031
51071
51117
51122
51126
51139
51162
51175
51187
51215
51217
51220
51224
51257
51267
51274
51301
51301
51305
51307
51333
51364
51370
51395
51398
51406
51416
51418
51472
51486
51508
51526
51544
51604
51650
51667
51691
51697
51705
51714
51728
51728
51738
51744
51758
51782
51791
51806
51854
51887
51906
51947
51948
51951
51955
51976
52023
52031
52052
52054
52084
52100
52132
52143
52151
52167
52210
52274
52274
52281
52286
52287
52343
52377
52400
52414
52464
52471
52503
52523
52595
52595
52602
52605
52611
52618
52639
52641
52658
52663
52673
52737
52740
52768
52775
52794
52815
52817
52820
52831
52855
52943
53023
53064
53079
53083
53126
53133
53144
53153
53175
53176
53187
53278
53280
53290
53305
53317
53346
53353
53360
53362
53421
53483
53487
53523
53552
53575
53621
53639
53662
53716
53722
53724
53735
53749
53773
53793
53802
53813
53813
53816
53822
53936
53969
54011
54062
54191
54192
54221
54223
54240
54293
54300
54304
54331
54333
54334
54348
54394
54397
54431
54438
54447
54469
54515
54516
54518
54520
54554
54574
54579
54595
54634
54637
54662
54687
54718
54800
54802
54876
54940
54944
54980
55010
55027
55038
55105
55121
55132
55138
55158
55160
55166
55178
55178
55183
55213
55218
55237
55282
55287
55305
55308
55312
55333
55348
55358
55378
55409
55412
55420
55431
55609
55623
55659
55661
55693
55703
55740
55744
55754
55790
55828
55856
55930
55947
55962
55973
55988
55999
56037
56039
56051
56079
56174
56193
56231
56247
56268
56270
56277
56306
56334
56348
56363
56404
56420
56503
56531
56554
56588
56598
56604
56647
56654
56656
56665
56701
56723
56736
56741
56781
56783
56806
56822
56851
56891
56911
56937
56988
57016
57016
57017
57034
57034
57042
57043
57052
57071
57095
57123
57131
57165
57204
57252
57265
57294
57294
57297
57301
57301
57322
57349
57351
57378
57394
57411
57415
57453
57463
57492
57502
57535
57603
57614
57616
57641
57660
57695
57714
57719
57726
57736
57791
57840
57900
57957
57961
57971
58015
58053
58086
58095
58129
58129
58130
58138
58152
58158
58187
58218
58248
58273
58273
58281
58354
58381
58502
58554
58564
58568
58614
58615
58616
58617
58623
58636
58697
58704
58723
58734
58753
58759
58787
58809
58839
58885
58936
58957
59068
59068
59074
59078
59127
59175
59195
59232
59250
59293
59293
59307
59308
59311
59318
59343
59346
59358
59445
59499
59502
59529
59550
59577
59623
59624
59628
59654
59671
59682
59717
59773
59882
59887
59905
59926
59936
59948
59951
60023
60052
60090
60101
60115
60142
60243
60285
60342
60449
60472
60486
60510
60512
60544
60546
60595
60612
60632
60632
60634
60640
60641
60668
60677
60681
60702
60715
60733
60741
60752
60760
60762
60764
60784
60823
60837
60865
60881
60890
60956
60964
60968
61005
61034
61067
61086
61089
61092
61113
61131
61177
61193
61217
61246
61249
61252
61283
61298
61319
61322
61334
61356
61361
61371
61409
61478
61479
61481
61495
61525
61537
61542
61551
61580
61583
61597
61613
61622
61636
61663
61672
61731
61752
61787
61788
61796
61808
61853
61865
61880
61888
61905
61948
61971
61981
62004
62024
62041
62051
62057
62073
62103
62119
62174
62225
62252
62263
62267
62312
62377
62392
62393
62412
62427
62458
62461
62473
62474
62476
62495
62516
62525
62536
62544
62553
62577
62587
62604
62618
62619
62623
62706
62711
62725
62742
62793
62819
62846
62849
62861
62866
62888
62894
62918
62924
62946
62947
62954
62960
62974
62984
63001
63004
63021
63043
63058
63093
63098
63104
63143
63151
63215
63268
63295
63304
63309
63329
63346
63350
63380
63390
63424
63451
63493
63502
63517
63555
63581
63582
63590
63620
63629
63648
63650
63656
63657
63668
63678
63685
63706
63724
63735
63766
63779
63784
63803
63809
63857
63918
63921
63984
63996
63998
64020
64025
64040
64059
64085
64089
64105
64129
64131
64143
64158
64201
64226
64234
64237
64294
64310
64333
64341
64346
64348
64368
64394
64395
64411
64420
64480
64492
64493
64501
64506
64512
64528
64545
64546
64549
64563
64579
64596
64612
64629
64661
64668
64683
64686
64698
64701
64715
64757
64763
64812
64890
64910
64966
64969
64971
64971
64973
65017
65028
65032
65058
65072
65120
65121
65125
65130
65142
65145
65154
65179
65182
65187
65194
65211
65219
65227
65233
65284
65399
65406
65428
65458
65474
65480
65506
65601
65623
65662
65724
65765
65811
65814
65815
65826
65829
65840
65853
65863
65910
65965
65971
66009
66060
66065
66112
66131
66136
66140
66155
66161
66179
66202
66207
66226
66248
66281
66298
66301
66353
66388
66408
66437
66443
66460
66467
66499
66509
66518
66525
66543
66608
66658
66660
66676
66694
66726
66734
66747
66760
66789
66793
66819
66875
66881
66891
66892
66936
66951
66952
66961
66989
67008
67028
67061
67081
67136
67172
67223
67231
67245
67256
67271
67286
67290
67307
67335
67371
67376
67387
67413
67450
67462
67477
67486
67500
67509
67561
67597
67606
67614
67626
67659
67722
67775
67785
67848
67895
67903
67912
67919
67920
67922
67962
67984
67986
68031
68078
68110
68114
68128
68139
68179
68237
68263
68285
68292
68302
68321
68332
68439
68445
68512
68546
68555
68571
68590
68608
68611
68636
68666
68703
68708
68742
68749
68768
68799
68802
68855
68862
68902
68916
68946
68984
68991
69012
69055
69076
69106
69126
69133
69191
69192
69198
69215
69222
69310
69328
69394
69398
69404
69448
69460
69478
69498
69517
69525
69527
69569
69585
69598
69599
69606
69614
69719
69728
69741
69751
69787
69822
69850
69864
69891
69920
69931
69946
69962
69968
69969
69982
69986
70023
70046
70102
70116
70120
70170
70190
70210
70226
70238
70240
70273
70274
70286
70327
70346
70348
70366
70414
70434
70455
70457
70468
70525
70605
70640
70642
70678
70691
70697
70702
70771
70796
70825
70835
70850
70853
70853
70860
70866
70866
70891
70894
70913
70939
70950
70999
71018
71019
71032
71050
71090
71093
71108
71122
71156
71178
71201
71220
71258
71258
71263
71265
71275
71296
71302
71349
71380
71385
71395
71417
71425
71436
71469
71512
71527
71539
71604
71634
71646
71649
71687
71716
71756
71758
71761
71787
71788
71808
71847
71894
71940
71978
72033
72058
72061
72063
72130
72130
72148
72166
72221
72232
72283
72292
72299
72334
72365
72446
72467
72468
72503
72504
72531
72537
72571
72572
72575
72588
72590
72591
72617
72638
72699
72745
72752
72755
72757
72791
72858
72934
72945
72958
72963
72971
72996
72997
73000
73014
73048
73086
73099
73129
73202
73249
73250
73277
73293
73303
73303
73317
73325
73364
73371
73447
73474
73488
73517
73547
73550
73586
73595
73601
73618
73671
73697
73745
73756
73762
73768
73780
73786
73788
73818
73823
73835
73857
73945
73955
73960
74006
74006
74031
74035
74042
74046
74057
74061
74063
74090
74104
74117
74156
74168
74188
74204
74210
74233
74240
74266
74286
74303
74346
74418
74424
74448
74472
74475
74534
74534
74559
74592
74604
74608
74656
74691
74694
74698
74712
74729
74742
74753
74761
74765
74796
74810
74826
74854
74871
74872
74925
74934
74975
74989
75007
75020
75022
75024
75030
75032
75044
75056
75096
75099
75104
75104
75194
75214
75233
75248
75254
75261
75272
75299
75327
75356
75382
75409
75411
75419
75419
75436
75438
75494
75523
75544
75545
75571
75598
75606
75633
75635
75714
75724
75727
75772
75777
75783
75789
75791
75798
75807
75808
75856
75910
75922
75935
75988
76000
76006
76006
76032
76079
76079
76102
76103
76155
76177
76177
76224
76250
76262
76312
76436
76446
76459
76479
76481
76521
76549
76581
76603
76611
76635
76659
76664
76680
76720
76766
76780
76823
76851
76895
76913
76917
76920
76933
76935
76946
76953
76960
76962
77006
77047
77049
77081
77094
77096
77132
77133
77154
77154
77161
77167
77202
77219
77221
77237
77245
77304
77310
77331
77356
77357
77369
77388
77420
77437
77441
77496
77562
77577
77578
77618
77625
77637
77652
77661
77714
77763
77764
77788
77812
77817
77831
77835
77861
77880
77883
77893
77927
77935
77949
77991
78049
78050
78094
78153
78158
78181
78182
78184
78191
78218
78239
78286
78296
78308
78313
78315
78349
78354
78354
78386
78410
78418
78436
78447
78508
78509
78540
78551
78576
78622
78634
78663
78672
78697
78738
78739
78758
78776
78783
78808
78818
78835
78849
78892
78901
78906
78952
78999
79056
79072
79124
79145
79148
79154
79160
79170
79193
79232
79309
79389
79422
79447
79476
79483
79529
79546
79647
79725
79733
79735
79747
79757
79831
79842
79892
79895
79917
79959
79961
79974
79978
79997
80002
80016
80159
80162
80169
80192
80195
80207
80212
80293
80299
80300
80301
80330
80332
80349
80356
80384
80394
80398
80412
80440
80475
80529
80532
80570
80576
80593
80597
80637
80638
80663
80663
80680
80684
80685
80699
80710
80718
80756
80759
80779
80780
80809
80825
80844
80895
80905
80933
80942
80960
80983
80992
81037
81088
81103
81109
81120
81173
81191
81220
81238
81245
81247
81249
81291
81361
81366
81405
81437
81456
81465
81474
81499
81552
81554
81563
81566
81593
81615
81637
81656
81661
81683
81700
81716
81720
81721
81812
81817
81831
81838
81840
81844
81857
81890
81922
81935
81935
81944
81957
81966
81990
82048
82127
82152
82155
82167
82187
82195
82196
82248
82256
82279
82292
82303
82392
82430
82433
82437
82446
82468
82487
82498
82563
82603
82607
82607
82619
82669
82673
82686
82788
82834
82851
82879
82889
82908
82911
82920
82951
82996
83015
83018
83027
83045
83050
83055
83159
83171
83183
83194
83226
83267
83293
83302
83303
83318
83332
83334
83336
83352
83360
83380
83402
83470
83476
83480
83552
83571
83596
83616
83627
83631
83667
83696
83705
83718
83721
83754
83793
83810
83819
83820
83822
83826
83854
83960
84028
84073
84099
84115
84160
84192
84244
84251
84255
84258
84267
84305
84328
84329
84357
84388
84391
84415
84438
84490
84522
84525
84532
84536
84545
84590
84595
84647
84734
84783
84789
84834
84837
84850
84867
84879
84892
84930
84937
84967
84970
84985
85019
85031
85091
85094
85095
85105
85105
85110
85148
85179
85205
85227
85249
85274
85299
85304
85317
85349
85366
85378
85387
85412
85437
85448
85455
85474
85479
85486
85517
85518
85521
85533
85575
85588
85588
85600
85618
85637
85640
85641
85649
85674
85684
85693
85758
85782
85782
85836
85855
85860
85864
85879
85927
85940
85976
85982
85983
85997
86004
86012
86022
86029
86035
86060
86072
86089
86089
86122
86168
86173
86195
86225
86251
86259
86306
86353
86397
86439
86518
86530
86550
86552
86599
86617
86645
86652
86684
86692
86720
86748
86749
86764
86783
86788
86791
86809
86829
86889
86894
86895
86895
86902
86946
87019
87054
87061
87085
87124
87150
87173
87182
87193
87213
87220
87222
87226
87239
87257
87288
87349
87349
87357
87389
87431
87452
87479
87483
87521
87634
87641
87650
87652
87656
87663
87691
87712
87748
87769
87773
87824
87845
87851
87862
87865
87898
87944
87957
87975
88011
88014
88050
88059
88066
88075
88078
88102
88109
88123
88135
88137
88156
88158
88177
88208
88219
88228
88233
88258
88273
88279
88283
88290
88328
88341
88353
88356
88391
88394
88418
88441
88446
88453
88515
88544
88547
88560
88598
88671
88686
88690
88703
88712
88766
88788
88817
88821
88831
88835
88836
88844
88877
88913
88923
88945
88987
89046
89074
89078
89080
89091
89101
89104
89106
89123
89139
89139
89154
89205
89213
89219
89228
89245
89247
89276
89300
89316
89355
89355
89397
89400
89409
89422
89442
89471
89483
89503
89533
89587
89592
89597
89600
89633
89649
89650
89664
89668
89705
89757
89781
89783
89789
89803
89831
89875
89905
89920
89941
89957
89962
89971
90018
90021
90034
90038
90170
90182
90246
90249
90275
90290
90331
90345
90368
90397
90401
90402
90439
90447
90479
90482
90504
90521
90532
90540
90558
90587
90589
90592
90598
90599
90621
90630
90636
90643
90665
90705
90735
90740
90755
90825
90832
90858
90916
90924
90927
90929
90978
90979
90986
91004
91006
91067
91090
91099
91104
91132
91159
91170
91184
91227
91238
91252
91255
91256
91268
91277
91284
91295
91327
91354
91370
91450
91455
91476
91480
91499
91500
91515
91531
91590
91596
91609
91616
91688
91743
91798
91828
91837
91837
91853
91864
91865
91868
91870
91889
91911
91916
91923
91928
91963
92000
92019
92041
92051
92063
92102
92121
92138
92139
92150
92152
92247
92258
92262
92272
92318
92330
92334
92338
92341
92377
92400
92419
92438
92474
92510
92570
92583
92600
92619
92702
92730
92741
92747
92753
92770
92775
92777
92783
92787
92823
92852
92862
92878
92903
92925
92931
92995
93030
93037
93048
93082
93098
93098
93133
93155
93194
93200
93311
93347
93372
93384
93401
93453
93476
93488
93491
93526
93539
93552
93555
93572
93584
93609
93643
93652
93672
93686
93696
93730
93730
93819
93856
93880
93953
93956
93975
93983
93991
94011
94031
94035
94070
94088
94093
94095
94128
94171
94193
94239
94288
94328
94345
94375
94398
94403
94404
94429
94439
94443
94459
94516
94574
94593
94625
94658
94662
94701
94709
94743
94753
94766
94783
94783
94787
94806
94812
94826
94832
94842
94896
94905
94915
94921
94922
94969
94978
94989
94996
95003
95005
95029
95035
95093
95098
95120
95139
95169
95198
95221
95284
95316
95339
95381
95409
95416
95421
95456
95484
95497
95510
95518
95575
95584
95595
95603
95609
95620
95713
95714
95773
95814
95835
95847
95853
95874
95877
95885
95919
95929
95956
95971
95999
96005
96006
96041
96053
96067
96071
96073
96132
96141
96141
96148
96155
96223
96239
96241
96266
96279
96283
96329
96338
96375
96402
96470
96487
96494
96497
96502
96507
96521
96538
96602
96604
96606
96642
96677
96679
96681
96707
96717
96724
96739
96745
96766
96781
96797
96803
96805
96843
96847
96849
96862
96868
96880
96900
96911
96948
96960
97007
97012
97031
97040
97074
97084
97113
97118
97126
97160
97210
97212
97228
97256
97264
97281
97296
97303
97345
97354
97359
97360
97375
97445
97474
97483
97560
97566
97582
97600
97615
97617
97645
97650
97675
97703
97718
97724
97751
97761
97798
97804
97815
97821
97855
97878
97918
97941
97941
97966
97974
97975
97976
98034
98043
98051
98064
98086
98114
98127
98132
98160
98175
98176
98211
98217
98240
98241
98268
98283
98288
98290
98291
98301
98311
98311
98321
98356
98356
98370
98429
98455
98468
98491
98543
98560
98570
98576
98577
98598
98617
98624
98692
98702
98719
98719
98805
98813
98859
98874
98875
98930
98935
98951
98954
98993
98994
99068
99070
99078
99083
99086
99088
99088
99089
99099
99169
99175
99177
99177
99204
99212
99229
99240
99257
99276
99284
99292
99316
99342
99369
99384
99388
99403
99421
99495
99537
99541
99548
99574
99581
99583
99585
99593
99671
99672
99706
99712
99713
99760
99777
99786
99814
99862
99890
99893
99955
99963
100008
100031
100073
100081
100120
100122
100148
100168
100169
100188
100198
100210
100268
100273
100309
100326
100352
100386
100401
100425
100453
100465
100484
100522
100549
100561
100604
100632
100633
100651
100663
100694
100720
100748
100755
100779
100811
100847
100856
100866
100869
100882
100886
100890
100898
100973
100979
100998
101011
101024
101043
101057
101092
101104
101108
101212
101225
101250
101254
101271
101295
101352
101361
101362
101377
101393
101397
101410
101421
101475
101486
101579
101613
101622
101638
101646
101670
101680
101682
101690
101698
101741
101789
101791
101804
101816
101825
101840
101873
101937
101951
101977
102003
102076
102094
102098
102103
102117
102124
102155
102156
102168
102194
102273
102290
102318
102373
102378
102412
102413
102425
102431
102437
102448
102507
102541
102554
102562
102602
102623
102629
102629
102631
102677
102679
102679
102716
102750
102762
102794
102814
102821
102853
102864
102917
102964
103010
103048
103048
103075
103083
103105
103117
103145
103159
103170
103205
103247
103310
103370
103424
103454
103462
103463
103468
103476
103517
103606
103645
103662
103672
103726
103734
103738
103780
103788
103811
103853
103902
103908
103909
103934
103940
104045
104049
104057
104125
104134
104174
104181
104202
104265
104279
104290
104323
104325
104333
104336
104340
104386
104414
104424
104462
104479
104487
104502
104565
104565
104586
104631
104642
104645
104708
104713
104745
104752
104756
104764
104774
104793
104795
104797
104810
104848
104849
104850
104855
104887
104906
104939
104965
104998
105007
105031
105048
105105
105126
105133
105190
105210
105217
105222
105223
105252
105261
105272
105281
105291
105292
105295
105316
105329
105359
105371
105373
105378
105395
105426
105450
105479
105514
105521
105569
105577
105622
105623
105648
105687
105737
105753
105775
105794
105800
105913
105964
105998
106002
106014
106018
106020
106026
106072
106111
106122
106135
106140
106168
106220
106239
106250
106254
106272
106275
106275
106276
106295
106335
106361
106392
106406
106469
106515
106525
106533
106585
106603
106655
106678
106694
106731
106774
106775
106802
106809
106811
106830
106858
106869
106935
106946
106949
106961
106967
107012
107022
107045
107056
107104
107106
107154
107181
107183
107186
107194
107196
107228
107275
107277
107334
107344
107353
107372
107373
107449
107449
107455
107472
107481
107495
107519
107520
107560
107564
107598
107627
107634
107642
107672
107695
107739
107784
107835
107855
107860
107874
107935
107938
107970
107972
107998
108009
108011
108035
108075
108098
108120
108124
108147
108160
108170
108183
108236
108237
108260
108270
108278
108369
108371
108406
108433
108444
108465
108468
108480
108498
108543
108545
108551
108629
108633
108653
108670
108720
108747
108762
108790
108796
108819
108837
108855
108859
108859
108914
108921
108950
109030
109071
109096
109103
109110
109148
109154
109188
109194
109223
109251
109283
109319
109401
109412
109420
109450
109467
109472
109492
109546
109556
109564
109582
109584
109591
109599
109604
109618
109626
109631
109632
109637
109663
109668
109674
109680
109695
109701
109740
109745
109749
109757
109760
109777
109814
109826
109828
109833
109843
109863
109878
109978
110006
110008
110027
110069
110070
110076
110088
110117
110154
110167
110170
110200
110203
110255
110264
110266
110283
110285
110307
110347
110349
110387
110389
110483
110505
110533
110537
110550
110574
110578
110608
110681
110682
110686
110726
110727
110757
110763
110765
110823
110832
110848
110849
110874
110898
110937
110938
110959
110965
111067
111101
111103
111168
111176
111186
111198
111224
111239
111267
111268
111276
111277
111329
111377
111396
111444
111458
111471
111491
111498
111505
111536
111539
111572
111605
111648
111651
111704
111704
111717
111731
111790
111811
111823
111831
111845
111855
111914
111947
111986
111995
112008
112055
112070
112142
112188
112214
112226
112245
112262
112301
112301
112331
112335
112342
112348
112352
112356
112362
112396
112412
112477
112492
112496
112501
112502
112518
112557
112570
112619
112637
112637
112674
112676
112726
112753
112816
112818
112836
112855
112871
112873
112881
112945
112990
113002
113003
113029
113036
113038
113046
113057
113081
113107
113111
113117
113120
113130
113137
113155
113182
113183
113200
113202
113222
113249
113282
113303
113307
113345
113384
113394
113442
113452
113456
113460
113513
113520
113523
113576
113609
113617
113619
113661
113695
113698
113710
113711
113737
113763
113769
113803
113828
113850
113914
113926
113933
113942
114008
114080
114105
114135
114162
114179
114189
114197
114230
114236
114249
114256
114261
114277
114320
114348
114349
114384
114404
114404
114442
114442
114447
114457
114458
114469
114470
114560
114561
114569
114606
114625
114678
114720
114737
114741
114754
114769
114801
114814
114825
114880
114882
114889
114938
114944
114951
115013
115043
115049
115068
115082
115084
115152
115160
115162
115167
115168
115179
115196
115200
115214
115246
115281
115294
115296
115335
115352
115362
115363
115384
115391
115434
115497
115516
115540
115563
115570
115633
115635
115651
115654
115695
115711
115714
115735
115774
115793
115817
115818
115818
115861
115878
115899
115927
116000
116007
116035
116073
116077
116078
116121
116125
116137
116149
116171
116212
116247
116258
116261
116286
116299
116333
116369
116369
116370
116373
116381
116402
116406
116423
116456
116494
116538
116539
116599
116605
116609
116626
116627
116664
116690
116725
116738
116751
116784
116828
116886
116904
116917
116935
116941
116959
116974
116977
116978
117017
117033
117062
117083
117107
117123
117147
117151
117157
117226
117273
117289
117292
117303
117336
117351
117358
117361
117380
117401
117402
117420
117456
117457
117508
117508
117514
117515
117549
117567
117576
117584
117610
117611
117631
117667
117677
117718
117722
117738
117759
117761
117767
117786
117810
117867
117872
117911
117930
117931
117943
117944
118011
118031
118060
118077
118089
118101
118107
118108
118109
118117
118137
118149
118158
118207
118225
118254
118255
118256
118292
118298
118302
118305
118315
118316
118329
118343
118365
118374
118383
118402
118467
118477
118508
118521
118542
118558
118580
118604
118628
118647
118684
118695
118720
118728
118750
118763
118764
118768
118795
118797
118807
118855
118923
118926
118929
118931
118945
118970
118970
119032
119039
119046
119047
119061
119083
119094
119116
119118
119124
119154
119238
119270
119272
119318
119356
119365
119390
119396
119427
119445
119445
119479
119494
119516
119522
119523
119564
119593
119597
119682
119708
119718
119719
119732
119760
119766
119801
119801
119809
119812
119840
119868
119873
119883
119917
119928
119963
119967
119983
119992
119998
120016
120024
120043
120049
120066
120082
120121
120130
120187
120197
120203
120209
120212
120247
120257
120341
120341
120356
120358
120364
120373
120375
120379
120381
120395
120404
120435
120441
120443
120463
120481
120491
120526
120549
120552
120558
120577
120578
120592
120615
120693
120705
120717
120718
120727
120733
120748
120761
120771
120789
120789
120789
120792
120805
120826
120839
120854
120877
120889
120896
120932
120936
120952
120972
120974
120992
120997
121037
121043
121097
121116
121129
121162
121164
121218
121223
121237
121257
121272
121282
121322
121328
121335
121335
121341
121394
121405
121415
121417
121454
121473
121525
121556
121557
121584
121603
121628
121683
121692
121704
121712
121727
121766
121787
121806
121835
121869
121874
121878
121885
121904
121907
121925
121933
121948
121960
121984
121999
122054
122092
122114
122120
122124
122140
122156
122157
122308
122314
122336
122344
122345
122371
122381
122397
122427
122468
122485
122514
122550
122552
122552
122568
122585
122586
122600
122607
122627
122630
122663
122665
122695
122702
122703
122781
122784
122806
122851
122868
122884
122890
122891
122918
122949
122962
122981
122985
123005
123009
123030
123045
123062
123120
123138
123142
123188
123222
123225
123266
123277
123278
123280
123298
123324
123325
123434
123434
123438
123444
123486
123491
123495
123517
123522
123523
123578
123637
123652
123674
123681
123682
123687
123699
123735
123749
123763
123783
123805
123818
123842
123858
123866
123866
123868
123887
123936
123990
124012
124021
124043
124069
124090
124100
124134
124143
124172
124203
124211
124221
124229
124256
124272
124293
124313
124317
124334
124341
124349
124363
124424
124448
124475
124497
124507
124516
124542
124549
124565
124587
124592
124592
124603
124657
124658
124679
124692
124709
124715
124737
124739
124839
124900
124916
124929
124944
124948
125019
125040
125046
125080
125083
125117
125127
125158
125172
125179
125230
125261
125305
125312
125316
125336
125347
125353
125353
125372
125387
125387
125407
125419
125423
125426
125432
125458
125461
125483
125494
125507
125508
125510
125545
125558
125563
125605
125619
125622
125623
125729
125729
125730
125768
125785
125819
125830
125947
125987
125999
126014
126064
126066
126111
126117
126132
126167
126180
126217
126330
126371
126376
126379
126386
126398
126402
126414
126419
126441
126443
126447
126459
126479
126492
126499
126509
126526
126537
126574
126579
126586
126615
126644
126651
126685
126696
126724
126726
126768
126771
126829
126838
126859
126885
126926
126945
126964
126965
126990
127002
127013
127037
127040
127075
127101
127127
127136
127151
127183
127188
127198
127224
127235
127237
127276
127279
127294
127314
127325
127355
127379
127431
127458
127460
127474
127486
127494
127501
127515
127518
127519
127521
127542
127542
127544
127575
127584
127585
127598
127603
127635
127659
127660
127679
127681
127702
127705
127706
127716
127734
127771
127779
127784
127816
127830
127873
127879
127883
127889
127898
127937
128019
128036
128046
128062
128075
128103
128130
128171
128175
128185
128261
128266
128269
128273
128295
128328
128390
128410
128416
128470
128471
128477
128498
128502
128517
128534
128538
128548
128549
128568
128572
128597
128600
128614
128628
128630
128635
128652
128653
128706
128717
128728
128766
128771
128809
128822
128834
128850
128864
128896
128945
128962
128981
129018
129018
129039
129039
129044
129064
129067
129093
129096
129106
129114
129117
129146
129148
129159
129169
129215
129256
129266
129300
129320
129324
129350
129361
129366
129369
129481
129501
129552
129572
129590
129591
129597
129614
129647
129656
129659
129660
129683
129695
129738
129743
129754
129763
129770
129830
129847
129851
129851
129865
129866
129867
129870
129880
129883
129884
129904
129915
129948
129963
129966
129983
130028
130034
130082
130101
130124
130130
130148
130156
130174
130239
130253
130254
130284
130324
130354
130410
130416
130419
130464
130480
130496
130518
130548
130598
130610
130661
130663
130692
130728
130772
130792
130794
130803
130808
130836
130877
130893
130906
130918
130976
130982
131043
131057
131064
131078
131120
131122
131129
131133
131135
131165
131168
131174
131184
131185
131223
131223
131265
131269
131272
131310
131322
131365
131395
131395
131397
131400
131400
131403
131410
131412
131438
131447
131452
131454
131457
131464
131496
131505
131531
131537
131538
131556
131606
131623
131625
131646
131665
131676
131750
131755
131755
131803
131812
131839
131906
131919
131955
131966
131974
131978
131990
132007
132014
132020
132058
132081
132085
132119
132136
132145
132174
132204
132229
132240
132257
132265
132272
132298
132301
132312
132318
132345
132353
132353
132405
132415
132419
132554
132557
132565
132572
132590
132590
132625
132647
132675
132676
132690
132701
132706
132737
132787
132827
132828
132838
132849
132888
132894
132936
132940
132966
132975
133038
133054
133058
133089
133115
133166
133192
133196
133206
133223
133230
133231
133241
133247
133248
133248
133257
133261
133262
133264
133265
133268
133296
133334
133376
133403
133439
133451
133466
133475
133526
133540
133558
133566
133592
133604
133608
133614
133682
133696
133696
133707
133707
133715
133719
133722
133730
133795
133811
133812
133842
133861
133872
133928
133932
133935
134020
134057
134078
134103
134118
134225
134226
134264
134274
134307
134340
134342
134351
134383
134386
134426
134570
134618
134629
134631
134663
134688
134715
134720
134738
134739
134743
134773
134773
134779
134816
134842
134919
134920
134938
134944
134974
134992
134998
135009
135011
135101
135115
135123
135147
135151
135162
135166
135166
135172
135186
135198
135228
135266
135287
135299
135363
135383
135409
135434
135446
135447
135467
135518
135556
135558
135563
135582
135584
135595
135621
135632
135657
135704
135715
135742
135786
135812
135825
135852
135923
135930
135950
135996
136032
136062
136067
136080
136110
136117
136133
136147
136155
136159
136177
136178
136212
136216
136229
136235
136254
136259
136291
136295
136306
136333
136366
136383
136403
136453
136468
136469
136563
136599
136609
136636
136641
136678
136696
136711
136731
136759
136774
136803
136826
136833
136860
136862
136872
136906
136928
136946
136963
136981
137027
137034
137069
137075
137081
137083
137126
137137
137186
137217
137230
137232
137275
137302
137320
137334
137342
137351
137359
137393
137403
137405
137411
137426
137437
137462
137481
137511
137564
137598
137631
137643
137651
137656
137716
137725
137741
137767
137773
137848
137909
137910
137911
137982
137993
138018
138032
138033
138033
138046
138058
138076
138087
138102
138120
138130
138142
138142
138156
138158
138168
138187
138222
138228
138241
138255
138311
138362
138375
138397
138434
138454
138478
138536
138544
138569
138593
138613
138614
138639
138647
138674
138678
138733
138734
138770
138790
138916
138925
138982
139003
139005
139018
139021
139037
139079
139080
139085
139085
139108
139161
139173
139199
139203
139234
139237
139244
139291
139297
139321
139349
139361
139396
139412
139431
139445
139534
139536
139537
139548
139567
139568
139673
139681
139685
139740
139782
139797
139818
139877
139893
139899
139904
139912
139931
139932
139944
139981
140087
140088
140137
140159
140218
140263
140312
140313
140324
140333
140360
140368
140375
140389
140411
140416
140440
140448
140488
140507
140533
140577
140582
140590
140662
140701
140707
140758
140758
140763
140768
140777
140790
140805
140819
140856
140885
140886
140894
140898
140941
140949
140959
140960
141023
141038
141048
141061
141069
141073
141089
141111
141113
141113
141184
141197
141200
141209
141211
141214
141218
141223
141270
141295
141305
141319
141320
141332
141341
141343
141357
141380
141498
141507
141517
141575
141575
141587
141591
141600
141632
141673
141705
141710
141720
141725
141730
141733
141750
141760
141765
141783
141785
141791
141798
141812
141812
141813
141815
141823
141832
141858
141873
141889
141927
141953
141954
141976
142010
142038
142218
142225
142275
142300
142312
142328
142356
142376
142383
142533
142592
142621
142649
142658
142713
142748
142751
142763
142774
142778
142804
142807
142817
142822
142832
142849
142865
142893
142898
142907
142926
142949
142954
142954
142956
142971
143000
143016
143024
143037
143084
143097
143107
143109
143131
143218
143240
143252
143303
143342
143357
143370
143412
143432
143444
143467
143473
143499
143513
143517
143521
143561
143659
143671
143789
143802
143807
143820
143836
143853
143899
143901
143903
143932
143962
144020
144021
144046
144049
144055
144087
144089
144111
144113
144134
144156
144169
144184
144198
144215
144231
144232
144244
144256
144273
144277
144340
144357
144362
144370
144406
144453
144459
144467
144487
144526
144565
144569
144600
144607
144609
144645
144648
144687
144787
144804
144878
144879
144933
144966
144972
144991
144992
145010
145025
145043
145051
145055
145058
145058
145062
145069
145086
145100
145126
145147
145160
145179
145205
145207
145213
145222
145225
145231
145233
145236
145281
145282
145305
145307
145308
145313
145317
145322
145348
145372
145406
145412
145501
145514
145528
145533
145546
145549
145591
145622
145644
145646
145658
145658
145672
145673
145683
145729
145749
145774
145816
145818
145819
145827
145892
145909
145945
145954
145954
145990
146000
146012
146022
146035
146043
146089
146121
146128
146151
146158
146249
146314
146326
146327
146330
146338
146344
146370
146398
146420
146447
146449
146518
146525
146532
146565
146575
146616
146660
146666
146688
146725
146736
146751
146756
146792
146802
146826
146836
146846
146901
146929
146931
146934
146954
146955
146987
146993
147016
147047
147049
147065
147069
147076
147079
147082
147162
147165
147165
147211
147250
147262
147267
147268
147278
147282
147305
147362
147364
147366
147381
147430
147459
147475
147481
147511
147516
147533
147549
147555
147563
147597
147601
147612
147613
147618
147656
147661
147671
147681
147685
147690
147691
147746
147750
147761
147769
147780
147785
147793
147802
147802
147807
147817
147834
147854
147854
147878
147901
147918
147930
147974
147982
147989
148035
148065
148089
148090
148125
148128
148138
148139
148166
148173
148183
148287
148291
148314
148350
148362
148375
148384
148408
148410
148427
148431
148452
148471
148489
148492
148513
148520
148553
148562
148621
148635
148636
148677
148716
148717
148720
148732
148756
148764
148781
148811
148813
148833
148844
148847
148864
148872
148902
148931
148969
148972
148976
148979
148987
149004
149024
149039
149104
149151
149216
149231
149234
149248
149259
149270
149307
149307
149400
149401
149412
149420
149479
149483
149490
149508
149539
149573
149605
149623
149626
149644
149655
149656
149666
149673
149677
149708
149760
149762
149762
149771
149776
149807
149808
149815
149842
149863
149945
149948
149955
149971
150020
150020
150041
150115
150117
150124
150128
150163
150167
150168
150208
150212
150227
150235
150258
150282
150377
150428
150437
150456
150483
150496
150508
150521
150528
150534
150554
150556
150558
150587
150601
150610
150633
150634
150663
150758
150762
150765
150775
150782
150832
150840
150851
150896
150926
150973
151020
151040
151057
151073
151139
151209
151248
151274
151277
151287
151301
151328
151339
151342
151366
151380
151380
151414
151430
151432
151436
151458
151459
151478
151493
151524
151534
151558
151562
151594
151632
151661
151673
151683
151741
151770
151774
151795
151796
151820
151862
151864
151865
151888
151895
151900
151914
151922
151935
151945
151955
151962
151963
151967
151985
151991
152079
152090
152092
152110
152122
152140
152150
152154
152159
152171
152210
152214
152219
152247
152272
152281
152283
152284
152294
152315
152341
152342
152359
152361
152373
152402
152435
152437
152451
152508
152523
152540
152559
152580
152588
152611
152652
152679
152682
152686
152706
152729
152731
152735
152757
152788
152801
152812
152813
152815
152838
152840
152856
152872
152894
152898
152910
152993
153013
153059
153065
153090
153092
153098
153122
153124
153183
153201
153217
153230
153232
153247
153302
153308
153315
153364
153398
153408
153416
153424
153440
153472
153480
153514
153517
153521
153601
153625
153700
153707
153717
153734
153743
153746
153799
153805
153815
153816
153852
153870
153878
153895
153898
153909
153911
153955
153969
153974
153985
153993
154004
154025
154040
154045
154066
154080
154085
154094
154108
154109
154141
154156
154169
154184
154235
154240
154246
154260
154274
154315
154319
154364
154381
154395
154398
154400
154405
154407
154413
154422
154457
154459
154507
154515
154529
154530
154536
154569
154614
154661
154725
154740
154750
154781
154783
154830
154855
154869
154870
154873
154891
154914
154931
154932
154945
154950
154992
155001
155027
155055
155059
155066
155070
155081
155088
155139
155158
155198
155201
155211
155221
155286
155291
155326
155347
155363
155400
155452
155514
155525
155528
155538
155574
155609
155616
155621
155635
155638
155702
155719
155720
155753
155770
155779
155780
155788
155856
155864
155865
155866
155879
155879
155879
155882
155923
155925
155929
155981
156008
156018
156019
156038
156043
156108
156114
156134
156159
156212
156231
156273
156275
156278
156312
156320
156360
156389
156433
156467
156487
156494
156562
156596
156618
156641
156689
156703
156719
156743
156744
156767
156770
156778
156779
156780
156794
156880
156906
156944
156951
156965
156965
156973
156977
157013
157073
157083
157105
157106
157163
157182
157185
157187
157189
157220
157226
157255
157293
157328
157362
157474
157483
157504
157505
157523
157545
157560
157572
157614
157661
157705
157765
157772
157784
157787
157818
157826
157856
157869
157869
157885
157892
157903
157903
157930
157935
157957
157986
157991
158046
158072
158109
158129
158151
158154
158183
158193
158241
158305
158309
158325
158348
158435
158465
158506
158508
158545
158557
158560
158589
158607
158621
158630
158676
158688
158708
158710
158719
158723
158749
158798
158965
159002
159025
159026
159027
159046
159048
159064
159071
159085
159095
159104
159119
159143
159164
159165
159173
159176
159191
159206
159227
159236
159252
159295
159331
159345
159362
159534
159537
159597
159597
159614
159625
159626
159632
159638
159642
159668
159672
159674
159685
159706
159711
159756
159775
159791
159811
159825
159827
159876
159929
160024
160039
160050
160081
160083
160087
160089
160126
160141
160157
160213
160229
160249
160265
160278
160281
160290
160320
160347
160421
160446
160463
160494
160518
160569
160597
160609
160653
160659
160703
160709
160741
160759
160774
160824
160870
160881
160915
160915
160945
160972
160973
160982
161018
161021
161042
161103
161125
161152
161177
161200
161209
161209
161220
161238
161238
161260
161337
161339
161346
161369
161421
161422
161422
161442
161443
161451
161490
161508
161520
161566
161589
161592
161601
161606
161623
161636
161653
161664
161691
161711
161713
161720
161732
161746
161758
161764
161792
161796
161811
161833
161908
161972
162008
162010
162016
162021
162030
162050
162083
162095
162125
162162
162165
162174
162175
162182
162183
162198
162202
162206
162207
162214
162216
162238
162273
162278
162279
162299
162329
162342
162390
162391
162439
162474
162479
162481
162497
162499
162512
162535
162545
162554
162582
162596
162618
162633
162644
162665
162672
162694
162699
162737
162741
162748
162783
162799
162804
162830
162867
162911
162918
162922
162966
162984
162995
162996
162999
163010
163039
163068
163091
163095
163115
163129
163136
163155
163158
163174
163191
163235
163237
163286
163309
163343
163397
163414
163448
163475
163476
163483
163499
163519
163530
163536
163591
163624
163664
163676
163681
163711
163771
163772
163791
163822
163887
163957
163988
164007
164019
164025
164081
164087
164096
164097
164121
164159
164167
164201
164215
164274
164276
164278
164286
164288
164291
164294
164330
164347
164386
164390
164422
164446
164448
164493
164494
164521
164559
164564
164579
164594
164602
164620
164627
164628
164646
164655
164685
164709
164723
164736
164766
164796
164809
164831
164839
164898
164900
164909
164928
164936
164938
164948
164956
164994
164998
165000
165036
165041
165049
165060
165081
165084
165085
165099
165144
165174
165186
165197
165212
165222
165258
165258
165261
165274
165283
165300
165302
165343
165389
165403
165411
165419
165429
165439
165490
165598
165598
165678
165701
165727
165730
165740
165741
165798
165807
165815
165822
165844
165846
165863
165866
165876
165894
165903
165922
165931
165997
166001
166033
166047
166133
166196
166196
166197
166204
166212
166217
166246
166251
166268
166280
166326
166336
166396
166464
166493
166511
166526
166531
166543
166547
166556
166556
166563
166574
166583
166601
166613
166623
166639
166661
166701
166713
166743
166748
166756
166784
166787
166791
166824
166845
166887
166895
166900
166906
166932
166935
166937
166971
166972
166990
167000
167001
167027
167034
167054
167061
167091
167145
167153
167161
167170
167190
167192
167220
167230
167239
167246
167251
167263
167329
167389
167390
167392
167409
167414
167415
167428
167430
167435
167463
167479
167490
167497
167531
167605
167614
167616
167666
167704
167713
167730
167758
167784
167796
167828
167844
167916
167950
167988
167997
167998
168069
168097
168143
168166
168204
168210
168232
168232
168234
168244
168284
168310
168329
168329
168334
168356
168373
168384
168397
168405
168408
168447
168483
168522
168573
168585
168627
168655
168665
168680
168730
168731
168744
168751
168754
168756
168758
168783
168804
168816
168824
168842
168858
168878
168884
168885
168904
168936
168939
168950
168988
169004
169016
169048
169059
169085
169109
169113
169135
169139
169148
169179
169181
169182
169187
169196
169199
169229
169241
169257
169270
169272
169325
169352
169394
169402
169421
169424
169425
169455
169493
169514
169528
169570
169611
169614
169622
169623
169650
169673
169681
169697
169699
169706
169735
169754
169760
169766
169776
169776
169779
169783
169792
169801
169823
169857
169862
169908
169940
169942
169943
169947
169951
169962
169973
169974
169979
170018
170028
170030
170036
170070
170081
170106
170159
170169
170275
170275
170293
170321
170328
170337
170342
170350
170355
170375
170376
170389
170413
170416
170417
170458
170465
170485
170515
170515
170537
170538
170540
170548
170593
170637
170692
170721
170743
170748
170754
170773
170821
170834
170904
170933
170963
170972
170984
170990
170993
171004
171016
171046
171048
171077
171095
171100
171122
171134
171157
171159
171174
171189
171189
171208
171217
171272
171279
171283
171303
171379
171419
171423
171471
171500
171517
171531
171562
171600
171607
171655
171668
171676
171678
171684
171686
171700
171741
171762
171779
171788
171834
171839
171844
171857
171873
171916
171928
171963
171988
172069
172075
172081
172097
172112
172130
172199
172208
172239
172311
172327
172338
172360
172437
172442
172455
172492
172512
172517
172528
172563
172565
172591
172599
172606
172607
172632
172639
172662
172676
172704
172712
172726
172742
172754
172759
172766
172785
172787
172794
172829
172832
172842
172856
172856
172870
172877
172990
172994
173006
173073
173087
173095
173096
173146
173161
173185
173186
173201
173212
173253
173266
173268
173278
173283
173283
173330
173364
173454
173533
173536
173543
173545
173563
173588
173625
173636
173642
173655
173658
173667
173667
173670
173691
173725
173734
173742
173750
173756
173766
173812
173812
173817
173864
173864
173882
173886
173897
173903
173917
173947
173967
174003
174024
174047
174054
174056
174095
174132
174144
174144
174145
174153
174160
174211
174220
174238
174246
174250
174278
174301
174315
174373
174373
174382
174387
174420
174422
174456
174483
174496
174504
174520
174521
174530
174534
174541
174583
174583
174604
174630
174720
174741
174749
174789
174815
174823
174848
174855
174856
174856
174918
174981
174988
175006
175009
175020
175030
175045
175056
175130
175138
175154
175159
175173
175207
175222
175232
175264
175278
175289
175292
175327
175337
175433
175456
175482
175488
175492
175504
175527
175552
175589
175593
175602
175604
175671
175708
175714
175747
175767
175835
175846
175849
175865
175872
175901
175904
175939
175941
176011
176018
176039
176052
176087
176101
176105
176151
176180
176187
176247
176251
176341
176354
176358
176359
176363
176385
176392
176424
176524
176539
176581
176582
176647
176648
176666
176682
176685
176691
176732
176744
176759
176777
176781
176792
176794
176797
176818
176824
176830
176839
176897
176902
176911
176930
176933
176971
176975
176981
176998
177065
177068
177179
177218
177268
177281
177290
177332
177351
177485
177530
177587
177606
177670
177673
177705
177767
177774
177778
177786
177832
177848
177861
177862
177865
177876
177902
177903
177912
177913
177915
177918
177929
177965
178037
178046
178047
178063
178064
178090
178096
178143
178161
178164
178185
178197
178213
178217
178223
178260
178270
178281
178307
178326
178346
178351
178371
178378
178397
178480
178503
178521
178526
178532
178544
178548
178556
178565
178579
178588
178594
178600
178604
178611
178669
178702
178713
178739
178769
178780
178781
178788
178788
178839
178857
178862
178873
178877
178885
178898
178912
178939
178947
178992
179005
179005
179044
179068
179079
179088
179106
179107
179124
179126
179140
179159
179167
179212
179257
179276
179280
179285
179296
179296
179301
179303
179309
179314
179345
179366
179373
179405
179425
179480
179500
179559
179589
179618
179625
179643
179653
179745
179751
179752
179770
179801
179806
179858
179868
179890
179894
179913
179917
179966
179972
180003
180005
180008
180061
180095
180103
180103
180109
180119
180122
180184
180200
180210
180213
180215
180231
180273
180277
180317
180328
180328
180333
180342
180345
180361
180373
180381
180383
180394
180430
180446
180453
180490
180494
180498
180553
180581
180612
180619
180640
180640
180662
180687
180703
180732
180735
180835
180835
180841
180895
180921
180932
180940
180953
180963
180997
181007
181011
181044
181053
181058
181101
181105
181107
181111
181126
181183
181183
181190
181191
181255
181330
181336
181365
181383
181390
181420
181420
181451
181457
181516
181522
181527
181592
181614
181621
181624
181641
181643
181678
181710
181729
181773
181792
181816
181820
181832
181862
181869
181921
181922
181925
181945
182001
182040
182053
182055
182059
182100
182119
182120
182168
182216
182220
182272
182382
182407
182418
182441
182445
182465
182465
182503
182505
182518
182529
182559
182592
182600
182611
182629
182656
182662
182667
182674
182685
182772
182787
182868
182899
182920
182947
183040
183058
183068
183069
183077
183153
183158
183191
183207
183229
183234
183243
183245
183250
183252
183273
183303
183303
183325
183325
183331
183361
183361
183367
183434
183434
183451
183457
183463
183546
183558
183560
183606
183629
183649
183658
183720
183743
183753
183762
183767
183809
183818
183819
183823
183891
184005
184024
184048
184145
184164
184168
184169
184173
184203
184226
184245
184271
184274
184279
184300
184312
184314
184326
184347
184351
184458
184479
184514
184547
184551
184576
184606
184616
184618
184642
184642
184663
184732
184767
184782
184800
184826
184876
184882
184896
184904
184946
184991
185047
185063
185072
185080
185090
185092
185150
185211
185268
185334
185365
185375
185376
185404
185426
185474
185483
185489
185496
185557
185568
185609
185647
185691
185710
185774
185779
185781
185800
185813
185818
185821
185835
185882
185896
185915
185939
185949
185966
185968
185980
185990
186014
186019
186027
186035
186054
186064
186075
186090
186091
186110
186188
186198
186215
186222
186278
186304
186320
186354
186378
186388
186389
186407
186477
186496
186511
186519
186528
186541
186545
186574
186576
186596
186599
186639
186648
186656
186658
186661
186667
186685
186699
186718
186739
186764
186779
186796
186797
186807
186813
186821
186822
186845
186846
186862
186868
186875
186944
186947
186994
187041
187066
187072
187090
187093
187186
187199
187222
187242
187255
187260
187265
187282
187287
187293
187303
187323
187334
187338
187339
187340
187365
187370
187400
187402
187413
187443
187518
187534
187539
187550
187556
187580
187627
187629
187647
187669
187685
187688
187725
187734
187760
187765
187815
187839
187857
187864
187885
187971
188024
188045
188046
188048
188050
188077
188083
188084
188098
188106
188106
188134
188207
188212
188213
188261
188265
188296
188296
188321
188321
188328
188338
188371
188397
188431
188547
188577
188628
188656
188673
188688
188730
188753
188753
188807
188830
188837
188862
188865
188889
188933
188962
188964
188973
188974
188985
189021
189031
189038
189058
189058
189112
189145
189146
189164
189192
189204
189241
189253
189259
189282
189290
189312
189341
189345
189374
189380
189435
189450
189523
189534
189537
189539
189570
189571
189576
189587
189620
189623
189624
189625
189734
189825
189845
189891
189905
189909
189926
189936
189940
189940
189943
189949
189968
189981
189999
190026
190083
190093
190135
190153
190154
190179
190233
190265
190269
190281
190294
190299
190303
190322
190348
190353
190422
190428
190429
190438
190448
190448
190471
190522
190555
190559
190580
190621
190635
190638
190656
190664
190666
190695
190721
190727
190733
190767
190770
190772
190813
190823
190826
190832
190881
190882
190928
190966
190997
190998
190999
191084
191112
191134
191134
191142
191167
191199
191201
191237
191242
191280
191322
191323
191324
191333
191336
191355
191372
191384
191480
191490
191493
191571
191583
191613
191623
191628
191642
191656
191657
191707
191717
191740
191818
191870
191870
191919
191942
191979
192021
192033
192045
192051
192088
192129
192147
192159
192168
192184
192195
192206
192229
192271
192282
192345
192364
192389
192398
192415
192442
192463
192471
192490
192523
192562
192578
192608
192657
192659
192670
192676
192695
192758
192776
192776
192787
192796
192810
192838
192883
192907
192919
192926
192942
192945
192947
193036
193044
193048
193049
193058
193100
193109
193137
193151
193193
193233
193243
193298
193306
193332
193348
193357
193382
193426
193452
193482
193513
193557
193591
193600
193639
193648
193674
193769
193788
193800
193832
193840
193846
193883
193890
193892
193895
193907
193907
193922
194032
194042
194043
194127
194150
194150
194171
194175
194177
194254
194272
194294
194313
194319
194387
194388
194398
194412
194493
194523
194552
194563
194580
194589
194590
194611
194629
194713
194724
194727
194729
194736
194780
194787
194816
194861
194861
194864
194924
194954
195005
195030
195037
195050
195102
195108
195115
195118
195119
195136
195151
195156
195179
195191
195222
195265
195300
195317
195328
195334
195341
195373
195381
195386
195399
195405
195411
195420
195487
195505
195514
195529
195529
195533
195540
195540
195543
195597
195600
195619
195682
195683
195695
195707
195750
195750
195770
195781
195821
195870
195901
195928
195954
195955
195956
195957
195981
195998
196000
196007
196007
196025
196035
196137
196146
196150
196164
196175
196186
196197
196255
196266
196289
196330
196336
196396
196400
196419
196426
196485
196538
196607
196614
196630
196641
196644
196648
196698
196714
196727
196746
196783
196792
196794
196807
196811
196823
196857
196915
196917
196940
196969
197050
197054
197094
197130
197164
197164
197174
197175
197186
197192
197198
197202
197206
197210
197216
197237
197238
197291
197304
197340
197362
197374
197376
197378
197384
197386
197392
197404
197405
197405
197407
197433
197472
197478
197612
197612
197630
197680
197699
197765
197782
197812
197821
197845
197855
197925
197934
197950
197959
197994
197999
198010
198064
198098
198120
198130
198159
198161
198177
198178
198185
198186
198220
198221
198255
198279
198347
198384
198386
198402
198424
198490
198508
198515
198531
198533
198535
198543
198552
198555
198578
198590
198641
198661
198696
198700
198705
198738
198746
198747
198750
198773
198786
198802
198822
198836
198837
198838
198901
198909
198914
198946
198966
199002
199017
199029
199033
199039
199048
199102
199110
199154
199173
199173
199175
199189
199205
199225
199230
199241
199252
199256
199300
199327
199397
199410
199438
199495
199497
199500
199531
199545
199552
199561
199565
199571
199572
199601
199623
199629
199665
199690
199712
199740
199747
199761
199776
199835
199854
199882
199888
199891
199906
199953
199970
199984
200008
200036
200049
200068
200069
200114
200127
200167
200167
200173
200214
200273
200302
200366
200391
200396
200428
200455
200466
200467
200475
200484
200490
200579
200590
200591
200610
200615
200631
200654
200686
200722
200739
200746
200754
200788
200798
200817
200829
200864
200894
200898
200918
200961
200992
201022
201029
201111
201120
201137
201139
201170
201176
201180
201214
201217
201239
201318
201324
201325
201374
201391
201392
201408
201419
201439
201458
201472
201476
201476
201487
201519
201521
201540
201555
201557
201567
201577
201579
201591
201594
201595
201617
201623
201709
201712
201731
201748
201773
201780
201791
201797
201828
201859
201930
201935
201955
202005
202007
202013
202082
202094
202097
202126
202127
202134
202150
202159
202165
202180
202196
202205
202212
202222
202243
202266
202278
202287
202290
202335
202355
202361
202389
202407
202412
202460
202465
202470
202474
202483
202522
202554
202596
202634
202642
202697
202697
202701
202726
202738
202748
202750
202755
202755
202767
202794
202815
202822
202825
202836
202839
202855
202865
202876
202911
202912
202935
203015
203024
203026
203084
203090
203093
203101
203106
203115
203142
203147
203156
203166
203220
203220
203237
203252
203256
203262
203265
203345
203345
203355
203376
203381
203384
203406
203414
203433
203452
203459
203474
203483
203498
203514
203516
203547
203580
203632
203645
203667
203695
203726
203738
203741
203755
203807
203807
203835
203836
203906
203923
203928
203930
203940
203968
203978
203986
203999
204009
204080
204084
204096
204128
204155
204158
204164
204173
204175
204176
204207
204217
204252
204288
204299
204303
204312
204317
204320
204372
204385
204393
204397
204445
204474
204483
204497
204503
204535
204542
204585
204590
204604
204616
204620
204634
204639
204718
204745
204746
204790
204791
204794
204797
204837
204855
204888
204912
204981
205020
205055
205087
205133
205137
205158
205241
205278
205413
205432
205432
205520
205523
205541
205584
205586
205626
205640
205670
205709
205721
205775
205776
205797
205803
205849
205870
205880
205897
205968
205996
206026
206040
206045
206069
206085
206101
206110
206121
206200
206222
206234
206251
206279
206286
206305
206329
206338
206356
206365
206389
206397
206398
206401
206464
206468
206493
206503
206525
206528
206555
206604
206614
206622
206661
206703
206737
206744
206754
206755
206763
206765
206781
206781
206791
206866
206871
206894
206954
207012
207026
207055
207072
207086
207104
207108
207150
207170
207193
207193
207200
207219
207225
207230
207233
207238
207258
207262
207290
207377
207377
207401
207410
207427
207470
207490
207507
207539
207544
207574
207596
207607
207618
207633
207640
207648
207673
207716
207757
207785
207791
207806
207809
207846
207871
207872
207888
207894
207930
207959
207968
207995
207998
208021
208044
208128
208131
208147
208165
208192
208200
208216
208219
208275
208339
208360
208436
208448
208495
208497
208514
208563
208615
208688
208797
208797
208830
208836
208843
208901
208909
208940
208950
208978
209003
209018
209021
209024
209041
209049
209081
209082
209091
209113
209127
209173
209180
209182
209188
209201
209210
209234
209237
209291
209331
209422
209459
209473
209491
209568
209608
209616
209649
209703
209724
209730
209748
209770
209774
209782
209812
209828
209828
209847
209856
209868
209883
209887
209962
209966
209989
210063
210064
210115
210121
210152
210179
210201
210233
210251
210258
210259
210301
210330
210342
210373
210380
210404
210422
210443
210456
210466
210496
210501
210504
210506
210521
210552
210570
210600
210636
210652
210673
210676
210697
210759
210790
210815
210820
210848
210852
210856
210859
210865
210879
210891
210895
210918
210942
210943
210975
211003
211046
211072
211074
211076
211086
211118
211140
211142
211163
211192
211216
211223
211232
211237
211245
211248
211309
211311
211337
211352
211356
211373
211395
211396
211400
211435
211441
211454
211459
211461
211631
211650
211663
211673
211684
211701
211763
211787
211794
211809
211811
211843
211876
211885
211889
211944
211984
212003
212023
212026
212027
212031
212070
212086
212101
212122
212146
212181
212200
212209
212266
212281
212329
212370
212400
212417
212443
212445
212463
212464
212478
212531
212560
212579
212617
212618
212625
212637
212668
212684
212723
212728
212765
212814
212853
212870
212871
212871
212890
212894
212898
212907
212912
212964
213025
213040
213083
213183
213190
213204
213207
213225
213241
213250
213292
213295
213303
213348
213387
213408
213430
213465
213507
213512
213516
213534
213541
213545
213578
213582
213617
213634
213637
213646
213653
213727
213754
213785
213794
213804
213833
213860
213862
213878
213886
213923
213947
213948
213976
213994
214040
214057
214062
214073
214074
214085
214090
214095
214112
214114
214127
214162
214173
214227
214235
214246
214260
214264
214270
214275
214280
214286
214286
214303
214339
214379
214396
214450
214481
214526
214539
214541
214580
214621
214622
214718
214728
214739
214784
214805
214819
214842
214876
214878
214897
214918
214924
214925
214947
215030
215073
215116
215138
215172
215172
215192
215212
215241
215302
215420
215443
215446
215481
215482
215492
215600
215606
215611
215621
215634
215644
215718
215831
215854
215890
215891
215901
215908
215919
215940
215959
215978
215988
215999
216013
216036
216041
216064
216065
216082
216088
216101
216141
216153
216155
216216
216247
216274
216309
216326
216346
216352
216364
216366
216387
216417
216474
216510
216542
216610
216639
216657
216664
216689
216691
216732
216739
216798
216806
216815
216831
216846
216919
216933
216933
216971
216972
217004
217047
217084
217096
217120
217122
217149
217155
217155
217192
217210
217235
217239
217245
217285
217311
217316
217344
217358
217400
217417
217439
217452
217458
217466
217515
217528
217530
217543
217547
217573
217608
217623
217686
217687
217720
217721
217723
217734
217749
217753
217757
217771
217787
217795
217804
217824
217839
217881
217891
217895
217944
217963
217968
218022
218071
218073
218087
218089
218118
218224
218242
218256
218262
218281
218286
218306
218325
218358
218360
218371
218373
218384
218404
218415
218442
218443
218469
218539
218556
218633
218641
218649
218674
218681
218699
218723
218761
218763
218815
218838
218868
218902
218920
218939
218942
218955
218959
218972
218972
218974
218978
219021
219027
219031
219052
219066
219110
219133
219150
219152
219188
219197
219210
219215
219227
219242
219248
219250
219259
219276
219278
219279
219291
219304
219313
219371
219426
219428
219444
219474
219491
219496
219499
219514
219565
219568
219571
219600
219609
219612
219662
219690
219702
219711
219732
219745
219760
219765
219768
219777
219784
219809
219810
219829
219843
219853
219865
219894
219900
219929
219960
219987
220035
220040
220044
220084
220109
220109
220114
220133
220136
220191
220196
220215
220219
220224
220225
220263
220314
220320
220353
220367
220397
220399
220407
220439
220457
220470
220496
220514
220622
220626
220632
220637
220640
220651
220687
220691
220701
220727
220747
220748
220753
220754
220769
220800
220805
220811
220865
220876
220882
220912
220917
220926
220932
220934
220996
221009
221035
221036
221053
221054
221076
221164
221169
221189
221231
221242
221258
221295
221328
221398
221401
221425
221428
221443
221466
221470
221477
221491
221499
221517
221545
221561
221573
221583
221603
221612
221616
221628
221643
221727
221746
221786
221825
221874
221879
221886
221915
221924
221927
221948
221951
221963
221976
221988
221988
222016
222027
222056
222080
222123
222178
222201
222204
222207
222246
222265
222283
222295
222296
222307
222313
222330
222332
222350
222354
222427
222446
222461
222473
222524
222531
222561
222571
222644
222670
222681
222757
222790
222804
222851
222862
222866
222936
222941
222961
222970
222978
222978
222996
223007
223009
223009
223012
223066
223199
223202
223238
223278
223291
223332
223346
223384
223390
223390
223416
223504
223522
223537
223539
223544
223547
223557
223561
223562
223588
223597
223608
223628
223654
223660
223745
223761
223798
223821
223824
223833
223859
223955
223965
223966
223974
223975
224036
224048
224049
224061
224067
224076
224080
224095
224104
224115
224126
224158
224165
224166
224173
224175
224180
224204
224219
224409
224429
224459
224483
224535
224558
224570
224623
224660
224673
224679
224698
224723
224739
224749
224768
224774
224777
224794
224800
224852
224852
224878
224883
224892
224922
224935
224936
224936
224959
224978
225015
225019
225024
225036
225036
225041
225042
225047
225088
225112
225114
225120
225174
225186
225233
225267
225283
225287
225330
225368
225373
225388
225422
225527
225538
225542
225554
225584
225617
225642
225643
225648
225667
225669
225687
225691
225699
225783
225803
225838
225878
225883
225906
225911
225946
225989
226028
226032
226046
226050
226055
226060
226077
226084
226095
226101
226117
226155
226176
226180
226256
226260
226268
226317
226321
226364
226385
226399
226422
226425
226433
226461
226487
226523
226537
226570
226610
226612
226648
226683
226690
226704
226704
226745
226748
226759
226797
226832
226840
226849
226854
226893
226918
226926
226958
226972
227012
227018
227023
227039
227047
227048
227048
227080
227085
227110
227114
227116
227167
227230
227239
227249
227285
227291
227300
227311
227341
227349
227358
227416
227457
227458
227490
227501
227515
227517
227524
227527
227572
227577
227581
227636
227641
227663
227671
227713
227729
227730
227736
227744
227746
227776
227785
227786
227832
227834
227876
227879
227897
227917
227953
227977
227988
227993
228000
228005
228092
228101
228133
228141
228146
228159
228163
228171
228173
228181
228189
228210
228220
228254
228263
228292
228322
228325
228363
228380
228410
228414
228420
228434
228475
228475
228519
228531
228591
228615
228619
228687
228696
228739
228753
228789
228861
228888
228891
228956
228959
228971
229011
229018
229033
229081
229085
229137
229140
229168
229198
229211
229214
229219
229226
229229
229239
229292
229293
229304
229340
229345
229371
229387
229401
229413
229441
229446
229484
229512
229525
229532
229534
229536
229544
229573
229623
229637
229640
229658
229711
229732
229739
229767
229776
229776
229782
229787
229789
229825
229836
229842
229847
229859
229872
229885
229925
229931
229951
229953
230002
230007
230022
230025
230049
230067
230074
230101
230163
230188
230229
230273
230298
230301
230344
230347
230365
230428
230432
230458
230465
230511
230516
230540
230571
230587
230604
230635
230659
230666
230675
230682
230686
230699
230705
230705
230712
230722
230779
230837
230878
230886
230930
230939
230982
231013
231026
231032
231061
231077
231088
231108
231110
231170
231173
231174
231204
231208
231223
231229
231279
231281
231323
231422
231432
231436
231437
231451
231451
231453
231463
231476
231511
231524
231639
231644
231664
231687
231694
231696
231709
231727
231750
231754
231757
231761
231770
231780
231836
231838
231839
231849
231854
231859
231882
231890
231913
231918
231927
231937
231948
231954
231955
231971
231985
232074
232075
232105
232119
232136
232151
232168
232181
232192
232203
232227
232262
232295
232337
232343
232349
232367
232418
232424
232425
232466
232475
232530
232533
232553
232575
232578
232581
232616
232639
232640
232649
232656
232656
232678
232691
232733
232743
232849
232877
232902
232907
232919
232929
232953
232985
232994
233002
233039
233065
233098
233157
233164
233168
233217
233222
233258
233292
233323
233336
233445
233461
233469
233470
233523
233524
233535
233562
233575
233580
233593
233619
233630
233647
233664
233669
233724
233727
233741
233772
233800
233820
233831
233875
233878
233883
233887
233893
233895
233933
234009
234070
234096
234117
234147
234158
234193
234201
234247
234256
234276
234290
234299
234305
234325
234329
234353
234393
234415
234427
234440
234444
234463
234491
234535
234556
234559
234606
234615
234640
234652
234689
234721
234759
234795
234819
234839
234855
234881
234891
234901
234921
234941
234973
234977
234986
235001
235021
235026
235045
235051
235056
235063
235119
235197
235224
235244
235248
235256
235265
235267
235286
235290
235300
235310
235386
235413
235465
235553
235586
235601
235642
235659
235671
235681
235684
235685
235688
235719
235783
235830
235835
235899
235907
235935
235936
236005
236014
236022
236039
236063
236109
236111
236121
236153
236173
236185
236267
236282
236309
236318
236346
236368
236372
236384
236385
236444
236446
236453
236469
236473
236474
236475
236482
236497
236543
236596
236627
236639
236651
236666
236673
236737
236761
236773
236776
236804
236819
236845
236874
236888
236928
236983
236989
237017
237021
237027
237028
237051
237064
237086
237091
237105
237125
237129
237172
237245
237257
237356
237369
237376
237414
237494
237496
237511
237527
237542
237550
237567
237569
237581
237591
237594
237610
237616
237633
237641
237649
237651
237725
237746
237747
237748
237754
237780
237800
237806
237865
237868
237871
237872
237875
237880
237899
237899
237929
237959
237995
237999
238016
238052
238085
238099
238110
238115
238119
238124
238152
238177
238204
238205
238209
238261
238269
238273
238292
238300
238313
238326
238348
238353
238373
238384
238443
238493
238505
238513
238521
238556
238575
238586
238605
238617
238617
238639
238676
238686
238697
238717
238725
238726
238746
238752
238754
238776
238788
238807
238824
238847
238867
238877
238882
238890
238890
238894
238904
238925
238955
238955
238964
239031
239048
239105
239112
239141
239149
239164
239180
239216
239227
239241
239265
239281
239322
239324
239408
239411
239452
239470
239481
239495
239516
239555
239566
239589
239626
239638
239662
239667
239679
239698
239714
239741
239741
239742
239746
239765
239806
239880
239881
239883
239906
239940
239961
239966
239979
240008
240024
240041
240049
240070
240090
240093
240117
240123
240138
240171
240178
240198
240204
240216
240242
240261
240270
240305
240338
240416
240452
240467
240480
240523
240535
240541
240557
240584
240615
240615
240622
240622
240744
240762
240797
240803
240854
240863
240918
240962
240985
240989
241060
241073
241084
241095
241118
241123
241125
241131
241143
241144
241155
241166
241177
241187
241210
241211
241224
241246
241313
241316
241322
241348
241350
241367
241375
241382
241427
241432
241434
241469
241476
241483
241508
241512
241520
241522
241527
241577
241597
241598
241606
241614
241640
241679
241698
241706
241743
241791
241791
241808
241814
241854
241858
241865
241868
241936
241940
241948
241991
242021
242043
242048
242052
242089
242097
242097
242106
242115
242133
242163
242169
242176
242201
242203
242296
242305
242308
242375
242389
242395
242415
242422
242426
242442
242445
242445
242449
242452
242471
242488
242502
242511
242542
242547
242565
242586
242601
242674
242678
242771
242792
242794
242812
242814
242829
242861
242865
242904
242926
242941
242946
242951
242975
243015
243028
243033
243044
243071
243100
243109
243138
243180
243207
243215
243245
243265
243328
243334
243342
243343
243351
243401
243421
243471
243474
243485
243516
243549
243605
243608
243641
243642
243655
243665
243681
243691
243703
243761
243767
243777
243784
243787
243811
243811
243816
243842
243867
243899
243922
243931
243940
243956
243966
243989
243999
244106
244124
244135
244203
244214
244215
244220
244228
244258
244293
244320
244320
244323
244334
244358
244378
244379
244399
244402
244405
244446
244452
244477
244500
244504
244507
244537
244553
244574
244598
244607
244643
244646
244682
244691
244707
244733
244753
244776
244800
244836
244848
244849
244859
244873
244961
244996
245012
245014
245015
245017
245035
245050
245083
245099
245111
245119
245133
245150
245233
245243
245290
245297
245340
245359
245370
245371
245383
245390
245439
245465
245539
245560
245574
245580
245679
245680
245686
245736
245737
245738
245738
245745
245745
245758
245760
245762
245773
245797
245810
245836
245877
245943
245962
246009
246015
246016
246056
246069
246097
246101
246109
246126
246156
246187
246208
246245
246252
246275
246329
246346
246399
246420
246422
246429
246449
246457
246470
246477
246485
246550
246560
246567
246573
246581
246597
246614
246629
246675
246725
246741
246758
246762
246782
246801
246827
246833
246922
246923
246928
246933
246949
247007
247010
247019
247024
247073
247097
247113
247143
247152
247158
247174
247205
247230
247241
247241
247241
247290
247344
247366
247370
247391
247395
247413
247434
247477
247500
247537
247566
247576
247588
247623
247652
247668
247681
247683
247711
247717
247718
247748
247833
247891
247894
247896
247957
247971
248007
248036
248080
248089
248098
248099
248099
248106
248109
248129
248140
248142
248147
248175
248178
248199
248211
248244
248268
248277
248292
248334
248355
248403
248442
248459
248494
248500
248512
248513
248519
248535
248574
248588
248622
248661
248684
248685
248705
248715
248740
248759
248798
248816
248860
248861
248870
248898
248914
248915
248939
248960
248962
248972
249029
249033
249043
249076
249078
249095
249125
249130
249153
249169
249176
249208
249250
249257
249287
249419
249453
249475
249478
249511
249514
249578
249587
249591
249602
249633
249641
249646
249662
249702
249723
249764
249767
249807
249823
249852
249891
249900
249926
249941
249953
249963
250026
250027
250032
250051
250055
250104
250125
250154
250163
250169
250183
250250
250254
250265
250279
250298
250311
250334
250373
250384
250408
250443
250476
250484
250496
250515
250550
250551
250607
250625
250656
250670
250700
250714
250740
250742
250764
250783
250813
250834
250843
250867
250887
250891
250901
250949
250993
250995
251028
251045
251056
251061
251069
251072
251096
251121
251123
251129
251134
251145
251146
251196
251199
251218
251229
251246
251257
251258
251260
251265
251286
251289
251306
251310
251323
251355
251379
251416
251439
251449
251450
251489
251500
251518
251536
251549
251576
251595
251601
251704
251718
251753
251769
251774
251789
251815
251819
251825
251834
251864
251868
251883
251883
251934
251937
251942
251950
251975
251983
251990
252021
252025
252040
252083
252115
252146
252160
252181
252207
252216
252217
252224
252233
252301
252332
252347
252387
252417
252438
252441
252447
252459
252463
252471
252481
252518
252522
252522
252539
252552
252563
252573
252588
252590
252600
252607
252607
252608
252653
252699
252734
252759
252763
252775
252823
252825
252848
252852
252894
252910
252936
252958
252968
253029
253032
253068
253071
253074
253075
253082
253092
253097
253112
253116
253127
253130
253140
253159
253165
253203
253214
253217
253223
253223
253242
253242
253248
253279
253308
253343
253346
253367
253396
253475
253508
253553
253576
253645
253668
253687
253761
253771
253796
253797
253812
253841
253856
253869
253875
253909
253912
253922
253947
253950
253950
253967
253976
254000
254011
254085
254088
254128
254136
254193
254253
254272
254277
254294
254294
254302
254314
254342
254349
254352
254413
254467
254477
254506
254507
254514
254532
254534
254578
254609
254612
254636
254666
254694
254735
254758
254787
254789
254800
254818
254842
254869
254908
254923
254958
254976
254978
255009
255047
255078
255081
255107
255107
255111
255153
255177
255186
255190
255259
255259
255304
255328
255340
255352
255391
255393
255415
255421
255440
255497
255511
255558
255591
255638
255651
255668
255678
255694
255727
255750
255753
255781
255792
255800
255825
255853
255899
255920
255931
255972
256000
256001
256018
256028
256038
256041
256045
256055
256063
256080
256081
256094
256113
256127
256144
256156
256186
256229
256259
256263
256299
256301
256315
256317
256318
256388
256393
256411
256411
256413
256428
256430
256441
256451
256493
256507
256519
256537
256547
256549
256567
256568
256568
256570
256571
256574
256574
256620
256651
256673
256708
256727
256733
256763
256773
256775
256779
256818
256827
256861
256883
256911
256917
256919
256963
256965
256983
256987
256991
256994
257000
257029
257056
257098
257119
257120
257147
257217
257234
257245
257265
257275
257329
257336
257357
257360
257370
257377
257393
257446
257483
257523
257552
257578
257596
257598
257612
257625
257629
257639
257659
257667
257681
257682
257697
257713
257728
257729
257754
257754
257758
257783
257834
257919
257928
257929
257965
257978
257988
258012
258018
258038
258075
258079
258081
258104
258106
258113
258125
258131
258137
258145
258151
258178
258178
258180
258184
258189
258222
258233
258239
258250
258256
258259
258278
258292
258293
258316
258317
258366
258381
258413
258419
258427
258455
258471
258477
258489
258514
258547
258574
258576
258578
258595
258615
258638
258675
258684
258703
258716
258721
258723
258755
258763
258766
258812
258852
258892
258934
258942
258944
258968
258995
259007
259009
259044
259059
259073
259085
259091
259122
259126
259154
259170
259208
259214
259223
259229
259245
259258
259260
259266
259288
259302
259354
259357
259372
259382
259395
259446
259453
259479
259525
259527
259546
259573
259619
259635
259696
259723
259731
259740
259749
259749
259841
259875
259914
259918
259955
259996
260006
260063
260064
260074
260078
260095
260119
260155
260155
260173
260180
260183
260204
260212
260219
260221
260222
260232
260251
260261
260264
260278
260293
260308
260332
260339
260345
260350
260358
260360
260365
260367
260390
260411
260416
260429
260455
260471
260477
260486
260502
260525
260537
260541
260555
260584
260598
260654
260694
260710
260723
260749
260769
260772
260802
260858
260862
260923
260931
260932
260936
260979
260983
260992
260997
260997
261006
261015
261049
261050
261064
261108
261137
261162
261165
261181
261192
261198
261222
261224
261235
261239
261256
261257
261261
261269
261279
261295
261302
261322
261340
261378
261393
261394
261418
261453
261457
261469
261502
261524
261533
261554
261559
261565
261580
261591
261607
261618
261658
261660
261692
261698
261715
261727
261730
261772
261799
261836
261853
261859
261887
261929
261947
261958
261959
261985
261994
262011
262058
262059
262086
262091
262095
262111
262124
262131
262237
262246
262272
262280
262332
262340
262346
262350
262361
262389
262411
262417
262432
262447
262455
262475
262487
262501
262508
262517
262525
262534
262548
262549
262564
262566
262595
262598
262601
262614
262627
262651
262669
262675
262684
262697
262700
262743
262763
262767
262784
262787
262806
262811
262836
262838
262852
262853
262856
262858
262880
262898
262918
262926
262944
262950
262956
262978
263010
263069
263079
263103
263125
263133
263176
263184
263186
263218
263219
263244
263274
263288
263321
263324
263338
263362
263362
263366
263475
263500
263530
263550
263568
263570
263572
263600
263628
263632
263637
263642
263652
263666
263675
263700
263704
263721
263724
263750
263782
263798
263837
263852
263863
263868
263877
263923
263932
263942
263958
263989
263994
264023
264061
264167
264171
264173
264181
264195
264226
264231
264261
264264
264268
264275
264279
264329
264356
264377
264384
264390
264409
264419
264425
264436
264469
264490
264495
264573
264590
264606
264606
264625
264626
264633
264635
264638
264640
264650
264669
264681
264682
264684
264710
264721
264740
264792
264817
264846
264868
264893
264940
264964
264991
265054
265087
265105
265114
265120
265125
265134
265155
265192
265199
265213
265215
265273
265293
265306
265306
265308
265313
265384
265405
265431
265466
265496
265552
265565
265572
265617
265626
265645
265680
265694
265712
265720
265753
265772
265813
265813
265814
265839
265872
265890
265890
265910
265910
265913
265933
265953
265979
266033
266053
266084
266108
266109
266119
266136
266137
266139
266279
266322
266331
266371
266413
266421
266434
266438
266444
266454
266462
266475
266478
266485
266514
266516
266569
266649
266677
266695
266698
266702
266717
266756
266801
266809
266831
266861
266872
266926
266961
266962
266980
266983
267005
267005
267019
267044
267056
267068
267095
267119
267134
267135
267157
267161
267179
267183
267204
267219
267232
267236
267256
267258
267291
267351
267388
267429
267444
267446
267454
267458
267471
267482
267491
267516
267534
267619
267662
267667
267681
267706
267708
267770
267807
267854
267880
267883
268009
268022
268040
268046
268051
268068
268089
268097
268145
268161
268162
268173
268200
268205
268207
268225
268243
268247
268249
268279
268314
268340
268369
268373
268380
268408
268416
268484
268566
268578
268602
268635
268644
268656
268682
268690
268719
268720
268725
268752
268816
268819
268823
268848
268862
268883
268890
268934
268942
268968
268978
268983
268984
269011
269031
269032
269071
269120
269149
269157
269158
269161
269189
269212
269212
269216
269233
269246
269265
269270
269311
269363
269386
269420
269512
269517
269546
269555
269560
269568
269568
269580
269580
269582
269586
269589
269605
269677
269695
269781
269789
269797
269805
269818
269879
269925
269948
269951
269985
269987
270033
270102
270110
270114
270141
270141
270159
270183
270271
270290
270363
270370
270374
270377
270380
270384
270401
270425
270457
270493
270500
270509
270705
270705
270719
270754
270757
270759
270765
270806
270873
270890
270902
270914
271060
271068
271091
271103
271106
271119
271124
271181
271182
271186
271216
271222
271244
271280
271303
271411
271431
271442
271452
271534
271537
271539
271547
271553
271559
271568
271569
271577
271579
271587
271597
271637
271641
271676
271685
271709
271735
271750
271753
271794
271803
271852
271854
271863
271866
271869
271951
271979
271984
272000
272003
272044
272090
272119
272243
272260
272298
272314
272386
272417
272448
272464
272485
272495
272537
272543
272547
272551
272561
272586
272597
272637
272642
272649
272661
272706
272707
272717
272748
272788
272805
272836
272914
272938
272953
272966
272983
272984
273031
273091
273097
273150
273154
273165
273178
273195
273206
273215
273217
273227
273230
273245
273260
273280
273283
273306
273327
273333
273339
273361
273368
273374
273394
273394
273405
273427
273450
273520
273528
273533
273533
273566
273588
273591
273649
273663
273673
273680
273690
273702
273705
273710
273735
273737
273746
273805
273811
273837
273904
273912
273912
273962
274016
274036
274056
274074
274115
274117
274134
274148
274148
274169
274173
274180
274181
274192
274240
274272
274288
274288
274292
274298
274304
274305
274335
274339
274369
274392
274410
274414
274434
274452
274456
274504
274505
274518
274557
274599
274629
274654
274669
274724
274730
274733
274742
274745
274760
274765
274767
274769
274802
274841
274861
274863
274895
274928
274945
274984
274986
274995
275007
275020
275024
275024
275037
275075
275084
275087
275099
275110
275139
275151
275165
275184
275232
275265
275271
275297
275323
275333
275335
275344
275358
275433
275439
275440
275488
275496
275505
275531
275548
275572
275576
275582
275590
275598
275607
275688
275688
275732
275795
275797
275808
275847
275905
275905
275906
275910
275926
275931
275940
275949
276016
276024
276083
276187
276211
276230
276255
276327
276340
276408
276412
276451
276465
276493
276519
276519
276524
276529
276529
276532
276532
276535
276544
276551
276574
276581
276602
276631
276655
276668
276683
276688
276702
276728
276735
276781
276791
276801
276806
276830
276868
276898
276899
276951
276959
277088
277093
277101
277139
277163
277174
277213
277226
277249
277291
277293
277311
277326
277333
277352
277373
277388
277426
277433
277449
277455
277475
277478
277491
277518
277560
277607
277614
277619
277621
277651
277668
277670
277670
277702
277705
277710
277729
277730
277739
277741
277784
277788
277803
277865
277873
277881
277885
277900
277913
277914
277937
277947
277949
277953
277958
277964
277967
277979
278000
278004
278030
278120
278125
278150
278151
278189
278190
278194
278230
278288
278301
278304
278307
278316
278345
278412
278445
278446
278525
278591
278611
278642
278644
278653
278661
278682
278684
278742
278759
278763
278766
278779
278789
278805
278827
278852
278859
278867
278879
278881
278962
278986
278994
279011
279028
279043
279064
279101
279125
279151
279157
279165
279175
279176
279204
279227
279261
279274
279295
279297
279309
279334
279374
279464
279489
279532
279563
279564
279573
279644
279680
279706
279730
279741
279746
279764
279768
279770
279774
279784
279794
279873
279887
279907
279916
279937
279950
279983
279993
280048
280062
280075
280090
280107
280124
280142
280164
280164
280183
280210
280213
280217
280252
280270
280277
280334
280335
280369
280409
280417
280468
280489
280495
280498
280499
280527
280567
280572
280596
280615
280646
280656
280701
280723
280756
280768
280787
280792
280796
280800
280857
280858
280858
280894
280896
280897
280917
280920
280973
280993
280998
281006
281013
281070
281095
281098
281159
281168
281175
281244
281254
281269
281278
281306
281310
281328
281341
281345
281377
281378
281410
281420
281445
281454
281459
281464
281466
281495
281498
281551
281572
281575
281587
281605
281614
281614
281642
281656
281673
281759
281799
281823
281828
281842
281846
281846
281859
281861
281885
281904
281928
281933
281945
281949
281965
281990
282044
282059
282077
282093
282100
282114
282120
282126
282126
282133
282140
282141
282175
282181
282191
282230
282244
282250
282279
282289
282297
282315
282326
282368
282379
282387
282417
282421
282426
282432
282481
282499
282514
282571
282575
282602
282610
282614
282624
282650
282658
282681
282698
282735
282752
282753
282765
282768
282808
282811
282830
282904
282918
282922
282930
282980
282982
282993
283019
283048
283074
283089
283095
283107
283151
283167
283226
283233
283268
283271
283274
283307
283335
283336
283356
283367
283425
283434
283436
283448
283473
283494
283503
283513
283524
283544
283572
283577
283600
283637
283640
283651
283653
283711
283731
283751
283769
283776
283787
283805
283816
283821
283835
283889
283898
283950
283961
284008
284049
284066
284080
284091
284099
284139
284144
284206
284221
284231
284252
284255
284259
284281
284330
284335
284377
284387
284399
284421
284428
284432
284436
284510
284518
284548
284558
284559
284591
284593
284626
284633
284672
284773
284795
284840
284844
284896
284903
284905
284916
284922
284948
284954
284968
284995
285006
285057
285062
285102
285178
285185
285220
285222
285222
285222
285223
285263
285274
285274
285283
285305
285328
285336
285337
285341
285366
285375
285415
285420
285442
285445
285456
285483
285518
285544
285563
285579
285601
285635
285757
285761
285772
285799
285831
285837
285844
285846
285873
285891
285895
285912
285929
285935
285959
285959
285962
286012
286072
286093
286174
286181
286195
286263
286316
286354
286403
286420
286463
286464
286480
286518
286518
286580
286590
286614
286620
286671
286678
286707
286737
286775
286814
286845
286852
286878
286931
286955
286967
286974
287051
287080
287104
287106
287138
287147
287147
287155
287168
287177
287186
287192
287195
287254
287290
287294
287295
287309
287320
287328
287364
287369
287373
287415
287426
287426
287436
287448
287545
287556
287564
287566
287578
287578
287593
287623
287632
287640
287676
287712
287755
287761
287763
287774
287835
287848
287850
287873
287925
287933
288006
288008
288040
288047
288079
288099
288103
288130
288139
288153
288171
288213
288222
288245
288260
288262
288268
288393
288398
288413
288425
288432
288435
288441
288490
288502
288503
288521
288553
288560
288588
288599
288609
288624
288649
288661
288677
288697
288747
288769
288816
288853
288858
288874
288910
288923
288926
288941
288943
288977
289024
289032
289065
289074
289089
289104
289105
289125
289150
289206
289237
289253
289269
289296
289305
289322
289377
289385
289391
289432
289461
289478
289496
289506
289518
289522
289548
289551
289552
289601
289606
289616
289636
289648
289649
289693
289708
289761
289765
289833
289835
289838
289842
289852
289856
289857
289863
289904
289911
289931
289945
289984
290015
290019
290045
290051
290057
290070
290117
290120
290126
290142
290143
290158
290191
290246
290259
290259
290271
290321
290337
290365
290380
290411
290452
290508
290676
290682
290693
290718
290769
290823
290823
290825
290847
290858
290896
290900
290906
290953
290958
290974
290992
291002
291015
291071
291081
291084
291093
291096
291104
291106
291117
291121
291127
291127
291133
291134
291167
291168
291172
291191
291200
291203
291206
291210
291213
291240
291245
291247
291250
291347
291395
291403
291408
291433
291438
291464
291466
291466
291470
291488
291517
291523
291527
291542
291555
291555
291607
291625
291640
291652
291656
291658
291667
291674
291675
291681
291692
291732
291734
291738
291784
291792
291812
291835
291847
291905
291915
291930
291987
292000
292034
292105
292108
292122
292127
292180
292181
292224
292254
292298
292309
292338
292342
292376
292383
292385
292388
292410
292473
292484
292532
292547
292582
292590
292625
292642
292698
292728
292731
292745
292764
292775
292788
292840
292860
292876
292880
292973
292980
293002
293022
293130
293134
293134
293146
293176
293194
293222
293258
293282
293282
293330
293372
293378
293387
293410
293410
293415
293453
293458
293498
293505
293518
293535
293547
293557
293585
293605
293623
293629
293665
293690
293693
293722
293726
293749
293774
293780
293780
293790
293882
293910
293921
293929
293934
293988
294016
294038
294045
294054
294059
294083
294144
294145
294168
294168
294176
294216
294224
294227
294229
294270
294273
294282
294290
294345
294360
294381
294393
294428
294445
294477
294514
294521
294527
294535
294537
294549
294562
294596
294637
294658
294671
294676
294691
294723
294741
294746
294794
294802
294837
294837
294839
294848
294876
294881
294882
294945
294946
294947
294950
294965
294990
294992
295031
295037
295056
295068
295070
295130
295148
295151
295185
295203
295212
295220
295235
295270
295281
295292
295302
295320
295364
295384
295386
295420
295458
295476
295488
295516
295551
295559
295624
295635
295700
295704
295715
295731
295748
295753
295799
295838
295864
295881
295881
295944
295951
295987
295993
296013
296041
296064
296065
296069
296069
296073
296084
296130
296140
296140
296169
296185
296201
296221
296225
296239
296249
296254
296266
296273
296305
296309
296318
296330
296353
296381
296391
296410
296417
296423
296440
296447
296449
296456
296459
296467
296504
296516
296531
296560
296575
296581
296617
296618
296624
296629
296632
296634
296667
296709
296721
296799
296816
296843
296853
296860
296860
296861
296864
296882
296896
296953
296956
296961
296971
296972
297017
297018
297065
297100
297104
297146
297155
297162
297165
297176
297183
297209
297230
297254
297312
297331
297350
297355
297407
297411
297443
297456
297462
297477
297499
297521
297548
297558
297593
297625
297636
297645
297664
297704
297737
297743
297750
297752
297776
297784
297804
297821
297827
297827
297836
297855
297857
297859
297873
297883
297890
297932
297932
297951
298009
298034
298053
298055
298111
298122
298125
298146
298161
298177
298178
298218
298224
298248
298272
298304
298305
298340
298342
298362
298373
298381
298391
298421
298448
298464
298473
298498
298503
298531
298534
298538
298561
298569
298582
298590
298622
298629
298647
298660
298698
298702
298706
298728
298739
298763
298770
298783
298835
298866
298907
298932
298960
299023
299024
299102
299122
299128
299131
299133
299134
299176
299195
299318
299335
299356
299357
299383
299387
299420
299427
299436
299454
299480
299529
299533
299545
299573
299573
299579
299580
299597
299631
299645
299655
299697
299741
299793
299799
299842
299857
299870
299900
299901
299904
299922
299922
299933
299936
299962
299968
299984
299986
300051
300067
300094
300095
300099
300117
300123
300170
300184
300186
300191
300213
300219
300239
300242
300245
300277
300356
300362
300392
300400
300408
300412
300434
300435
300446
300495
300517
300532
300540
300576
300622
300631
300661
300667
300692
300714
300733
300742
300839
300839
300864
300900
300929
300949
300964
300971
300991
300993
300999
301017
301035
301061
301068
301103
301110
301113
301131
301160
301168
301226
301279
301322
301325
301353
301367
301405
301444
301472
301482
301546
301561
301565
301566
301587
301606
301619
301629
301634
301648
301666
301667
301670
301679
301687
301745
301759
301761
301771
301801
301804
301819
301843
301867
301899
301906
301952
301962
301967
301998
302028
302031
302056
302074
302077
302089
302118
302141
302148
302157
302215
302242
302256
302260
302261
302283
302329
302337
302350
302382
302476
302504
302514
302522
302524
302532
302542
302577
302608
302615
302623
302649
302657
302671
302672
302696
302748
302769
302772
302819
302823
302836
302841
302849
302854
302869
302874
302876
302890
302898
302899
302917
303009
303014
303037
303040
303046
303061
303066
303067
303083
303119
303119
303171
303184
303205
303219
303221
303232
303256
303297
303301
303308
303310
303324
303358
303388
303393
303411
303412
303438
303464
303470
303497
303499
303506
303516
303532
303534
303540
303547
303579
303580
303591
303596
303650
303668
303670
303677
303687
303693
303704
303725
303732
303772
303792
303793
303819
303873
303936
303941
303953
303963
303989
304023
304028
304034
304058
304117
304121
304128
304135
304178
304187
304192
304209
304275
304321
304337
304339
304379
304392
304403
304433
304460
304468
304501
304502
304577
304652
304674
304674
304690
304701
304725
304726
304729
304738
304762
304817
304833
304834
304850
304859
304891
304951
304970
304990
305002
305012
305069
305102
305125
305129
305168
305174
305264
305326
305355
305388
305409
305417
305417
305467
305473
305523
305531
305575
305585
305611
305615
305629
305675
305683
305712
305720
305724
305753
305773
305777
305781
305782
305782
305817
305841
305846
305879
305894
305952
305958
305961
305965
305988
306048
306060
306090
306132
306138
306156
306158
306193
306238
306292
306315
306315
306316
306320
306330
306365
306413
306415
306428
306438
306491
306493
306494
306510
306528
306539
306576
306578
306581
306584
306592
306605
306631
306647
306686
306764
306768
306772
306787
306822
306837
306863
306881
306905
306947
306990
307008
307034
307081
307139
307170
307175
307187
307263
307298
307302
307330
307369
307396
307404
307440
307460
307468
307477
307486
307495
307547
307559
307566
307623
307651
307660
307711
307717
307733
307739
307758
307791
307910
307911
307950
307968
307969
307971
307973
308013
308020
308031
308039
308083
308087
308116
308128
308141
308205
308225
308261
308264
308269
308280
308283
308298
308343
308380
308392
308414
308444
308465
308467
308493
308494
308498
308500
308515
308531
308532
308568
308578
308589
308591
308596
308624
308667
308674
308722
308722
308832
308845
308859
308899
308915
308932
308937
309016
309079
309087
309103
309106
309149
309170
309183
309191
309222
309236
309238
309245
309252
309286
309289
309293
309298
309301
309302
309319
309377
309393
309418
309430
309434
309482
309484
309506
309576
309581
309602
309618
309622
309629
309640
309662
309672
309680
309712
309730
309747
309750
309763
309767
309770
309823
309829
309857
309871
309875
309962
309980
310016
310062
310068
310078
310125
310127
310266
310272
310278
310293
310296
310316
310361
310376
310376
310389
310390
310437
310465
310486
310507
310516
310546
310547
310550
310558
310574
310608
310622
310686
310698
310715
310722
310735
310749
310753
310778
310798
310808
310809
310858
310907
310921
310998
310998
311001
311012
311089
311111
311133
311153
311205
311210
311217
311248
311256
311265
311330
311353
311368
311393
311394
311411
311416
311418
311432
311460
311469
311484
311517
311541
311550
311555
311580
311631
311634
311649
311649
311666
311701
311708
311711
311712
311724
311750
311753
311764
311803
311813
311826
311835
311835
311851
311857
311886
311892
311966
311973
311996
312012
312013
312014
312029
312052
312062
312062
312069
312089
312113
312140
312145
312156
312160
312185
312192
312197
312268
312270
312308
312312
312324
312335
312341
312350
312359
312368
312387
312392
312403
312409
312440
312466
312467
312481
312489
312562
312563
312584
312591
312626
312635
312774
312821
312834
312836
312864
312872
312888
312903
312916
312924
312951
312963
313000
313013
313031
313032
313039
313063
313076
313092
313097
313108
313122
313126
313135
313139
313146
313156
313175
313210
313228
313235
313241
313263
313315
313321
313384
313386
313440
313445
313458
313472
313484
313485
313498
313513
313533
313539
313576
313606
313639
313672
313688
313748
313753
313754
313757
313782
313786
313786
313793
313814
313817
313885
313895
313927
313936
313959
313978
313989
313989
314006
314045
314078
314088
314107
314129
314130
314143
314168
314195
314198
314212
314220
314248
314270
314325
314326
314327
314342
314348
314397
314405
314422
314461
314484
314528
314582
314597
314613
314638
314639
314640
314646
314702
314746
314801
314836
314849
314854
314860
314869
314875
314877
314878
314912
314958
314992
315025
315026
315103
315112
315114
315123
315136
315172
315181
315203
315205
315217
315236
315263
315284
315298
315321
315359
315364
315372
315396
315410
315426
315426
315462
315480
315496
315510
315539
315561
315575
315585
315596
315611
315627
315639
315690
315712
315713
315732
315750
315785
315830
315843
315846
315860
315869
315891
315919
315939
315944
315965
316068
316079
316099
316110
316111
316116
316161
316170
316193
316246
316270
316282
316286
316305
316306
316329
316342
316349
316401
316404
316436
316440
316455
316516
316535
316563
316572
316572
316600
316617
316618
316626
316640
316671
316734
316740
316740
316783
316800
316824
316846
316859
316863
316881
316884
316905
316912
316924
316974
317011
317021
317022
317037
317050
317055
317117
317126
317132
317151
317206
317214
317228
317236
317251
317259
317266
317278
317290
317325
317397
317413
317416
317417
317425
317438
317446
317481
317485
317560
317593
317601
317617
317638
317665
317680
317693
317697
317738
317746
317766
317784
317788
317792
317805
317832
317846
317867
317923
317930
317972
317988
317990
318008
318036
318053
318053
318065
318075
318097
318152
318159
318230
318249
318264
318290
318305
318305
318367
318379
318444
318517
318530
318560
318560
318604
318643
318657
318680
318697
318720
318728
318744
318790
318822
318825
318887
318914
318934
319012
319035
319047
319073
319080
319101
319104
319152
319157
319172
319172
319181
319237
319254
319274
319283
319328
319340
319419
319435
319453
319453
319484
319487
319497
319504
319517
319549
319563
319615
319615
319623
319625
319695
319723
319768
319785
319804
319850
319862
319910
319922
319928
319938
319971
319993
320004
320025
320031
320044
320053
320097
320119
320182
320211
320236
320248
320287
320300
320301
320371
320397
320427
320438
320459
320466
320469
320494
320500
320547
320559
320563
320602
320677
320698
320708
320709
320732
320735
320750
320833
320837
320841
320868
320880
320882
320883
320906
320916
320930
320933
320986
320987
320999
321006
321040
321041
321049
321056
321091
321125
321146
321178
321192
321209
321228
321237
321258
321274
321297
321390
321409
321495
321497
321532
321533
321534
321559
321565
321566
321593
321637
321662
321666
321666
321703
321712
321718
321719
321726
321753
321762
321796
321809
321810
321815
321815
321819
321819
321821
321889
321891
321898
321929
321966
321968
321983
321991
322001
322027
322030
322047
322072
322104
322142
322149
322160
322172
322191
322191
322192
322215
322259
322286
322289
322310
322329
322355
322359
322373
322393
322402
322417
322435
322450
322455
322471
322475
322481
322508
322514
322524
322540
322544
322558
322571
322575
322575
322582
322584
322587
322599
322599
322623
322634
322637
322710
322748
322756
322770
322770
322788
322809
322843
322864
322900
322906
322946
322951
322958
322991
322998
323014
323020
323022
323048
323052
323075
323089
323129
323147
323184
323192
323262
323272
323285
323314
323352
323416
323422
323475
323481
323506
323517
323529
323564
323574
323590
323619
323650
323653
323668
323674
323683
323688
323692
323712
323731
323735
323773
323781
323797
323845
323875
323882
323900
323902
323908
323922
323925
323933
323933
323968
323983
323990
323996
324025
324064
324098
324127
324170
324214
324219
324234
324241
324271
324294
324299
324318
324336
324409
324428
324461
324528
324533
324546
324549
324553
324555
324556
324583
324595
324596
324599
324602
324612
324637
324642
324665
324716
324745
324783
324814
324826
324842
324852
324854
324856
324900
324929
324933
324937
324950
324951
324955
324969
324981
324988
324996
325016
325040
325098
325300
325313
325324
325332
325340
325344
325345
325346
325360
325361
325385
325399
325417
325425
325439
325487
325506
325537
325550
325569
325590
325612
325622
325659
325670
325690
325767
325783
325786
325800
325838
325843
325888
325891
325892
325915
325957
325973
325993
326016
326022
326057
326099
326155
326156
326160
326167
326181
326198
326252
326257
326298
326319
326342
326345
326346
326350
326353
326376
326391
326401
326406
326410
326445
326492
326496
326627
326627
326648
326659
326671
326680
326700
326708
326729
326744
326758
326772
326780
326792
326827
326852
326858
326864
326932
326935
326956
326964
326974
326989
326991
327000
327044
327060
327071
327107
327128
327139
327152
327152
327192
327218
327278
327283
327297
327299
327329
327364
327371
327396
327407
327422
327539
327549
327550
327585
327609
327625
327627
327689
327696
327725
327737
327744
327848
327876
327887
327891
327905
327908
327931
327967
327967
327987
328011
328022
328024
328030
328182
328201
328232
328237
328253
328261
328271
328289
328308
328317
328327
328328
328358
328417
328421
328424
328429
328457
328477
328497
328504
328531
328588
328612
328633
328639
328640
328644
328647
328660
328663
328667
328684
328719
328736
328742
328758
328786
328806
328818
328859
328866
328871
328892
328915
328963
328969
328969
328975
328976
328990
328997
328999
329006
329014
329018
329023
329056
329066
329069
329082
329086
329098
329123
329128
329128
329153
329156
329244
329272
329301
329304
329330
329356
329362
329370
329375
329380
329385
329386
329405
329409
329419
329422
329428
329452
329467
329469
329476
329477
329494
329496
329509
329522
329536
329592
329599
329608
329622
329646
329647
329659
329660
329688
329703
329741
329808
329855
329874
329912
329946
329962
329977
330000
330052
330059
330081
330081
330087
330113
330117
330128
330129
330130
330150
330153
330167
330198
330218
330234
330298
330391
330417
330425
330428
330454
330460
330481
330526
330536
330546
330627
330651
330659
330659
330667
330689
330693
330725
330732
330741
330742
330744
330749
330789
330816
330829
330830
330882
330889
330944
330954
330991
331001
331033
331067
331067
331067
331096
331102
331112
331122
331153
331157
331175
331182
331206
331221
331244
331261
331292
331294
331294
331305
331317
331327
331330
331347
331369
331406
331407
331418
331459
331462
331471
331517
331528
331530
331531
331536
331570
331577
331579
331579
331634
331652
331678
331700
331773
331787
331808
331838
331866
331874
331943
331952
331956
331981
332068
332084
332101
332113
332123
332177
332221
332298
332304
332307
332347
332360
332362
332369
332372
332398
332400
332405
332412
332456
332494
332496
332559
332574
332577
332591
332592
332604
332615
332632
332663
332708
332725
332761
332771
332785
332789
332830
332838
332900
332918
332924
332941
332942
332983
333021
333030
333032
333045
333092
333113
333137
333148
333195
333279
333296
333304
333347
333363
333405
333427
333455
333455
333467
333482
333500
333503
333539
333556
333579
333601
333603
333608
333618
333620
333726
333731
333749
333799
333898
333900
333929
333947
333978
333984
334007
334046
334049
334069
334074
334080
334092
334099
334147
334196
334255
334283
334297
334312
334339
334341
334354
334366
334373
334389
334395
334419
334423
334433
334466
334505
334517
334544
334598
334616
334628
334661
334667
334673
334698
334714
334761
334799
334821
334831
334834
334857
334864
334892
334929
334939
334947
334956
334958
334969
334998
335019
335030
335030
335056
335086
335093
335102
335123
335126
335126
335135
335188
335275
335289
335306
335320
335336
335368
335441
335452
335472
335507
335513
335533
335555
335559
335590
335594
335602
335622
335629
335641
335650
335661
335673
335685
335811
335865
335885
335911
335961
336020
336027
336031
336035
336036
336040
336125
336134
336145
336156
336169
336181
336202
336203
336240
336248
336306
336319
336324
336327
336357
336382
336393
336394
336410
336419
336424
336441
336444
336447
336451
336491
336497
336497
336507
336532
336548
336588
336622
336626
336651
336672
336708
336712
336813
336834
336838
336864
336880
336895
336899
336909
336930
336953
336975
336981
336985
336989
337026
337033
337099
337107
337113
337142
337147
337162
337193
337208
337221
337341
337347
337353
337355
337358
337363
337364
337369
337378
337394
337457
337480
337481
337498
337501
337501
337502
337509
337526
337530
337557
337569
337573
337578
337607
337620
337620
337644
337651
337666
337674
337708
337722
337762
337770
337776
337786
337806
337817
337832
337834
337872
337878
337914
337959
337966
337968
338032
338085
338088
338099
338112
338205
338230
338276
338281
338312
338322
338331
338366
338369
338392
338400
338441
338475
338483
338499
338512
338576
338576
338594
338649
338658
338677
338733
338752
338799
338816
338869
338877
338913
338923
338932
338937
338958
339009
339028
339074
339077
339082
339102
339109
339125
339159
339173
339200
339201
339214
339247
339290
339307
339330
339333
339346
339357
339455
339481
339486
339488
339512
339517
339523
339543
339545
339546
339563
339578
339578
339605
339606
339641
339655
339695
339709
339756
339768
339787
339842
339864
339871
339910
339912
339918
339925
339954
339980
339981
340041
340044
340061
340065
340069
340101
340111
340136
340153
340162
340173
340208
340258
340302
340330
340333
340473
340492
340525
340548
340569
340595
340614
340631
340634
340637
340645
340645
340696
340740
340817
340826
340845
340848
340856
340872
340881
340892
340902
340923
340953
340984
341025
341026
341039
341041
341095
341197
341219
341223
341243
341270
341280
341282
341304
341334
341334
341355
341382
341385
341402
341448
341450
341461
341491
341500
341501
341511
341567
341590
341626
341694
341698
341743
341745
341815
341860
341881
341881
341890
341938
342005
342005
342006
342016
342026
342053
342068
342155
342156
342161
342170
342176
342182
342195
342196
342223
342229
342249
342259
342266
342272
342279
342282
342305
342329
342350
342365
342415
342430
342435
342447
342499
342573
342589
342691
342699
342718
342749
342764
342786
342800
342833
342838
342864
342880
342882
342891
342927
342928
342943
342955
342975
342985
342998
343006
343012
343022
343055
343066
343093
343101
343129
343140
343149
343194
343214
343242
343255
343264
343285
343303
343309
343339
343376
343385
343387
343447
343481
343481
343516
343521
343555
343575
343591
343605
343628
343639
343643
343684
343690
343692
343707
343728
343734
343748
343748
343777
343784
343793
343793
343810
343821
343858
343925
343953
343964
343967
343976
343986
343990
343993
344000
344002
344003
344008
344019
344021
344031
344052
344054
344060
344076
344117
344128
344205
344276
344281
344315
344318
344320
344323
344360
344363
344396
344401
344412
344504
344521
344540
344566
344570
344615
344666
344705
344718
344727
344771
344790
344797
344808
344821
344832
344868
344870
344878
344918
344922
344926
344935
344944
344955
345005
345010
345021
345022
345044
345050
345059
345070
345073
345100
345114
345138
345160
345197
345205
345206
345230
345254
345279
345292
345319
345330
345335
345337
345349
345360
345390
345394
345400
345408
345410
345428
345447
345452
345478
345490
345506
345539
345556
345590
345594
345634
345646
345672
345683
345732
345751
345762
345815
345833
345859
345861
345898
345921
345929
345930
346028
346032
346035
346044
346056
346061
346076
346083
346100
346103
346110
346112
346133
346148
346155
346171
346173
346181
346205
346252
346261
346272
346328
346372
346390
346393
346464
346477
346488
346494
346545
346580
346585
346594
346602
346615
346615
346622
346633
346664
346671
346742
346767
346772
346836
346839
346845
346864
346885
346886
346886
346904
346922
346937
346938
346939
346942
346953
346960
346961
346985
347003
347004
347048
347073
347074
347080
347137
347151
347155
347159
347185
347186
347201
347232
347292
347317
347336
347344
347349
347361
347431
347435
347457
347496
347504
347514
347521
347549
347552
347554
347566
347595
347597
347627
347657
347682
347690
347694
347716
347774
347777
347782
347792
347818
347821
347840
347862
347871
347872
347873
347884
347946
347976
347989
348043
348044
348106
348111
348112
348117
348124
348162
348165
348167
348182
348202
348222
348223
348224
348224
348276
348284
348318
348340
348369
348372
348377
348416
348432
348447
348449
348484
348502
348516
348556
348580
348597
348618
348622
348632
348664
348686
348713
348736
348743
348779
348786
348831
348834
348862
348904
348907
348956
348957
348958
348959
348965
348972
348980
348988
348999
349014
349023
349032
349036
349045
349052
349072
349090
349093
349096
349097
349113
349120
349176
349181
349205
349222
349237
349257
349267
349292
349296
349304
349313
349382
349386
349394
349394
349400
349410
349416
349425
349427
349469
349494
349505
349525
349578
349581
349636
349670
349683
349693
349718
349748
349753
349773
349792
349809
349839
349865
349878
349880
349892
349913
349929
349939
349942
349957
349967
349976
350026
350034
350037
350085
350088
350107
350108
350111
350119
350133
350141
350160
350248
350303
350334
350369
350371
350465
350470
350517
350535
350560
350567
350570
350588
350591
350605
350605
350607
350612
350621
350630
350634
350643
350643
350658
350693
350732
350737
350761
350772
350794
350804
350819
350836
350875
350895
350912
350957
350980
351024
351034
351036
351038
351052
351058
351090
351123
351123
351135
351170
351178
351184
351226
351235
351241
351252
351264
351280
351281
351290
351303
351306
351322
351349
351372
351424
351441
351477
351480
351481
351500
351509
351514
351517
351525
351552
351553
351562
351568
351598
351631
351646
351694
351720
351727
351737
351804
351830
351845
351859
351860
351863
351912
351958
351959
351974
351984
351994
352007
352058
352092
352112
352114
352169
352201
352227
352253
352260
352261
352289
352294
352302
352343
352404
352420
352453
352497
352535
352623
352632
352633
352634
352634
352657
352658
352665
352673
352681
352700
352704
352710
352722
352737
352751
352771
352780
352784
352817
352824
352845
352951
353009
353026
353085
353091
353093
353093
353099
353121
353150
353161
353163
353165
353180
353191
353192
353212
353241
353248
353278
353288
353305
353314
353327
353358
353376
353406
353413
353419
353423
353433
353441
353442
353520
353536
353579
353606
353606
353657
353664
353720
353723
353731
353732
353747
353770
353824
353830
353840
353849
353850
353900
353909
353917
353918
353921
353929
353994
353995
354086
354113
354120
354159
354214
354220
354266
354321
354328
354346
354385
354389
354414
354424
354456
354457
354493
354504
354506
354537
354545
354549
354553
354555
354559
354566
354566
354577
354579
354584
354615
354616
354670
354679
354709
354711
354714
354719
354726
354797
354800
354814
354826
354846
354855
354858
354868
354869
354897
354906
354921
354940
354943
354949
355042
355091
355113
355133
355143
355151
355162
355164
355172
355175
355178
355252
355260
355261
355275
355291
355306
355318
355321
355335
355336
355347
355373
355395
355414
355433
355435
355435
355459
355469
355519
355532
355574
355575
355584
355604
355620
355635
355650
355673
355682
355710
355717
355745
355752
355760
355770
355789
355853
355881
355884
355890
355912
355929
355943
355983
355996
356001
356052
356061
356065
356074
356079
356107
356129
356133
356164
356170
356205
356215
356268
356273
356291
356306
356309
356389
356419
356419
356446
356466
356473
356497
356522
356523
356564
356578
356587
356609
356659
356740
356810
356825
356836
356861
356865
356879
356886
356887
356917
356924
356949
356988
356993
357034
357088
357098
357100
357138
357208
357220
357223
357283
357290
357309
357344
357348
357388
357388
357405
357409
357451
357454
357460
357465
357469
357525
357570
357570
357596
357598
357632
357649
357653
357670
357683
357761
357783
357815
357815
357820
357821
357844
357873
357893
357897
357909
357919
357967
357980
358005
358029
358035
358035
358102
358131
358137
358151
358170
358209
358239
358245
358278
358302
358329
358330
358339
358344
358350
358375
358375
358401
358412
358437
358463
358465
358479
358488
358493
358503
358531
358553
358557
358592
358595
358652
358659
358664
358664
358686
358688
358694
358708
358774
358786
358792
358828
358828
358831
358835
358905
358906
358921
358944
358947
358953
358972
359036
359042
359046
359068
359080
359088
359088
359090
359114
359120
359131
359149
359161
359211
359214
359236
359251
359293
359297
359347
359406
359488
359505
359510
359557
359558
359574
359603
359622
359626
359639
359647
359674
359676
359684
359692
359733
359751
359782
359785
359884
359897
359927
359928
359934
359949
359964
360022
360036
360044
360063
360080
360088
360128
360130
360136
360138
360148
360171
360176
360196
360198
360232
360242
360250
360254
360294
360380
360383
360395
360404
360406
360435
360472
360478
360478
360496
360498
360516
360518
360540
360584
360590
360597
360598
360606
360642
360666
360684
360689
360762
360785
360792
360834
360835
360840
360863
360902
360946
360947
360971
360994
361033
361035
361070
361081
361084
361088
361098
361155
361173
361196
361198
361215
361219
361225
361249
361258
361260
361275
361352
361369
361426
361476
361506
361508
361597
361636
361651
361667
361674
361687
361700
361707
361736
361745
361775
361777
361835
361840
361841
361909
361926
361926
361932
361948
361963
361971
361976
361980
361980
362006
362014
362016
362024
362035
362060
362064
362109
362120
362128
362147
362258
362261
362295
362341
362381
362418
362443
362445
362461
362467
362495
362498
362509
362515
362521
362532
362571
362589
362615
362647
362654
362654
362656
362658
362670
362696
362704
362717
362735
362798
362808
362818
362821
362834
362860
362889
362924
362965
363006
363025
363029
363038
363047
363059
363064
363073
363086
363093
363104
363217
363218
363222
363227
363234
363275
363298
363303
363314
363332
363336
363337
363345
363349
363357
363393
363450
363509
363527
363545
363551
363564
363575
363648
363653
363666
363669
363691
363725
363728
363730
363823
363871
363919
363921
363921
363940
363946
363958
363959
363999
364000
364022
364046
364076
364081
364093
364120
364124
364136
364137
364192
364233
364255
364290
364303
364315
364321
364354
364409
364417
364444
364468
364505
364572
364572
364582
364599
364610
364621
364658
364699
364721
364769
364772
364823
364857
364866
364890
364893
365036
365046
365049
365054
365060
365069
365086
365092
365143
365162
365185
365186
365187
365199
365211
365211
365213
365366
365389
365418
365427
365430
365474
365524
365618
365640
365645
365681
365690
365713
365744
365745
365765
365769
365775
365787
365808
365837
365857
365869
365871
365898
365920
365935
365965
365996
366001
366002
366009
366010
366012
366106
366120
366125
366148
366186
366204
366219
366222
366254
366255
366257
366287
366303
366316
366323
366368
366381
366409
366440
366456
366458
366476
366505
366506
366513
366542
366550
366551
366561
366573
366630
366642
366645
366663
366671
366684
366693
366701
366730
366736
366766
366779
366824
366825
366878
366894
366897
366902
366912
366951
366958
366991
367012
367030
367052
367089
367111
367133
367137
367139
367175
367202
367208
367212
367228
367243
367252
367267
367270
367278
367295
367300
367304
367305
367308
367309
367315
367343
367348
367348
367370
367372
367378
367415
367436
367444
367512
367563
367565
367579
367579
367583
367595
367628
367638
367664
367667
367670
367699
367706
367738
367745
367754
367778
367782
367801
367839
367847
367880
367888
367907
367924
367925
367941
367982
368029
368051
368072
368085
368162
368197
368201
368201
368215
368215
368233
368241
368271
368317
368357
368379
368406
368412
368447
368459
368497
368510
368534
368555
368567
368586
368621
368698
368699
368702
368702
368714
368716
368736
368750
368791
368836
368851
368853
368879
368914
368954
368966
369012
369014
369081
369087
369094
369104
369117
369141
369213
369220
369250
369256
369263
369267
369279
369313
369315
369318
369319
369324
369335
369344
369350
369376
369388
369389
369417
369429
369459
369503
369535
369563
369617
369617
369622
369627
369651
369660
369668
369685
369692
369737
369754
369779
369869
369889
369950
369953
369955
369956
369972
369993
369995
370031
370037
370065
370107
370108
370126
370130
370138
370140
370162
370213
370259
370268
370270
370302
370348
370355
370362
370417
370420
370427
370440
370457
370458
370551
370620
370640
370683
370698
370713
370715
370740
370765
370765
370795
370825
370851
370851
370911
370911
370914
370934
370964
370979
371005
371012
371021
371045
371052
371056
371068
371073
371078
371136
371199
371238
371240
371245
371273
371280
371284
371291
371310
371334
371356
371362
371380
371414
371425
371441
371466
371480
371517
371518
371552
371574
371608
371636
371638
371656
371657
371686
371690
371734
371869
371871
371878
371880
371909
371910
371919
371932
371934
371978
371985
371994
372009
372040
372046
372056
372058
372065
372067
372069
372074
372102
372104
372113
372170
372188
372226
372238
372258
372262
372272
372275
372316
372343
372345
372414
372440
372446
372453
372482
372509
372510
372537
372551
372568
372571
372572
372580
372594
372607
372622
372623
372658
372668
372672
372673
372680
372697
372701
372746
372770
372774
372787
372789
372807
372823
372844
372876
372936
372938
372942
372952
372963
372965
373008
373041
373045
373055
373062
373072
373112
373113
373139
373187
373188
373223
373251
373276
373277
373294
373310
373337
373380
373394
373400
373444
373458
373460
373467
373482
373488
373491
373494
373537
373546
373562
373571
373618
373651
373655
373658
373682
373706
373717
373724
373743
373862
373876
373944
373957
373962
373998
374023
374027
374042
374048
374065
374071
374101
374120
374178
374183
374192
374198
374207
374208
374288
374305
374342
374353
374370
374385
374411
374419
374424
374496
374499
374501
374512
374523
374529
374533
374547
374564
374576
374590
374597
374659
374668
374687
374710
374720
374746
374752
374752
374767
374817
374832
374867
374888
374913
374922
374922
374950
374967
375052
375115
375135
375136
375185
375254
375256
375259
375265
375278
375281
375296
375300
375341
375349
375369
375379
375390
375431
375433
375435
375466
375504
375549
375551
375563
375571
375587
375593
375600
375624
375695
375700
375712
375726
375755
375758
375803
375822
375837
375846
375889
375899
375965
375998
376002
376025
376025
376034
376040
376054
376068
376095
376134
376141
376171
376179
376180
376181
376226
376255
376293
376319
376343
376361
376387
376406
376445
376518
376521
376541
376568
376604
376606
376610
376612
376636
376637
376666
376667
376667
376677
376750
376764
376767
376785
376824
376845
376925
376926
376932
376946
376960
377010
377021
377031
377056
377059
377112
377192
377197
377214
377224
377357
377363
377371
377394
377396
377406
377415
377450
377451
377478
377494
377511
377518
377525
377545
377567
377576
377606
377634
377690
377700
377711
377729
377770
377777
377785
377827
377890
377901
377983
378023
378036
378040
378071
378077
378123
378127
378136
378137
378157
378169
378185
378242
378329
378349
378362
378369
378389
378394
378395
378426
378437
378443
378446
378477
378522
378553
378555
378559
378573
378580
378622
378624
378633
378634
378637
378673
378689
378726
378731
378740
378754
378775
378786
378795
378809
378813
378864
378866
378886
378900
378906
378966
378974
378998
379000
379009
379024
379056
379074
379074
379088
379129
379180
379183
379204
379226
379239
379275
379278
379303
379312
379314
379327
379333
379349
379362
379377
379384
379395
379434
379458
379477
379497
379516
379518
379530
379534
379543
379548
379573
379577
379583
379591
379627
379694
379738
379775
379785
379785
379796
379796
379815
379836
379846
379869
379872
379891
379894
379917
379920
379921
379921
379947
379968
379992
380004
380027
380048
380074
380081
380093
380130
380145
380180
380193
380196
380200
380240
380256
380374
380396
380423
380459
380461
380571
380608
380624
380628
380630
380642
380688
380695
380712
380785
380787
380796
380806
380824
380827
380844
380845
380864
380867
380873
380891
380900
380909
380921
380932
380938
380942
380988
381028
381093
381107
381140
381144
381153
381191
381199
381209
381217
381229
381250
381253
381266
381274
381356
381382
381456
381492
381493
381510
381511
381511
381596
381635
381642
381646
381697
381700
381727
381752
381758
381770
381781
381797
381830
381831
381843
381857
381859
381863
381885
381902
381940
381942
381952
381986
382034
382049
382057
382058
382079
382080
382147
382153
382160
382178
382204
382208
382217
382229
382229
382233
382241
382255
382258
382275
382280
382282
382286
382309
382310
382334
382340
382344
382373
382373
382403
382439
382445
382463
382492
382511
382517
382525
382538
382572
382607
382611
382616
382631
382638
382682
382709
382739
382754
382755
382783
382790
382802
382822
382825
382840
382846
382853
382856
382863
382878
382882
382915
382919
382933
382942
382997
382998
383007
383030
383038
383066
383089
383106
383109
383156
383171
383189
383201
383202
383231
383240
383272
383329
383333
383343
383350
383402
383404
383407
383429
383437
383438
383515
383527
383527
383529
383550
383552
383556
383598
383603
383623
383624
383639
383685
383746
383751
383807
383836
383837
383847
383849
383862
383881
383889
383934
383947
383965
383987
383994
384012
384036
384075
384086
384086
384115
384115
384127
384140
384145
384194
384194
384195
384255
384257
384291
384303
384306
384311
384346
384378
384396
384402
384418
384451
384458
384469
384500
384509
384533
384580
384634
384644
384696
384725
384754
384787
384834
384876
384930
384940
384952
384975
384986
385011
385015
385035
385053
385055
385072
385168
385170
385196
385216
385264
385351
385353
385354
385396
385410
385421
385442
385463
385564
385565
385589
385599
385624
385629
385631
385676
385676
385688
385689
385731
385738
385796
385803
385821
385834
385839
385843
385884
385891
385932
385954
385980
385982
385985
386008
386013
386020
386027
386028
386072
386085
386101
386144
386198
386214
386221
386235
386311
386313
386318
386328
386339
386355
386412
386415
386427
386431
386476
386494
386497
386504
386527
386558
386562
386580
386593
386601
386610
386637
386669
386729
386754
386773
386775
386792
386803
386847
386897
386910
386932
386934
387083
387085
387103
387155
387225
387232
387240
387307
387322
387344
387364
387377
387380
387385
387412
387454
387464
387503
387529
387548
387554
387564
387564
387593
387594
387634
387638
387671
387674
387677
387702
387731
387754
387755
387757
387771
387795
387841
387847
387873
387874
387878
387887
387913
387952
388027
388040
388096
388103
388188
388203
388205
388259
388292
388292
388307
388308
388317
388321
388326
388357
388374
388405
388463
388466
388486
388502
388523
388540
388561
388573
388587
388644
388664
388698
388703
388721
388743
388748
388775
388788
388799
388850
388852
388872
388899
388933
388958
389041
389113
389133
389140
389157
389169
389171
389175
389182
389213
389234
389240
389248
389280
389284
389287
389314
389319
389348
389350
389366
389420
389421
389445
389445
389452
389464
389470
389479
389496
389498
389504
389514
389548
389551
389568
389590
389602
389610
389625
389630
389640
389646
389651
389652
389658
389662
389678
389686
389748
389774
389796
389811
389819
389864
389888
389985
389989
390020
390027
390057
390059
390117
390117
390220
390222
390260
390266
390275
390287
390320
390322
390325
390337
390352
390365
390391
390418
390425
390429
390472
390472
390478
390513
390533
390537
390555
390556
390573
390576
390586
390629
390654
390672
390676
390692
390714
390722
390738
390775
390780
390828
390836
390840
390844
390852
390854
390892
390939
390979
390980
391010
391043
391061
391078
391083
391087
391103
391109
391162
391211
391220
391230
391252
391281
391294
391310
391335
391352
391405
391416
391449
391499
391521
391543
391544
391588
391608
391642
391682
391695
391731
391792
391809
391811
391831
391862
391863
391890
391895
391934
391935
391953
391953
391953
391978
392007
392020
392057
392091
392133
392146
392167
392236
392244
392253
392260
392264
392354
392369
392381
392406
392439
392490
392490
392565
392604
392643
392647
392660
392692
392747
392751
392754
392765
392793
392807
392811
392852
392865
392866
392867
392889
392910
392911
392959
393017
393037
393040
393045
393078
393100
393131
393137
393139
393139
393142
393159
393169
393197
393206
393279
393288
393313
393362
393365
393392
393441
393455
393487
393499
393537
393548
393597
393606
393652
393674
393709
393709
393711
393713
393714
393751
393760
393782
393794
393825
393831
393859
393861
393867
393884
393884
393901
393905
393911
393920
393954
393961
393973
393982
393999
394008
394042
394043
394066
394084
394084
394094
394100
394104
394107
394126
394146
394157
394157
394164
394174
394191
394257
394305
394321
394322
394324
394361
394370
394421
394423
394428
394440
394475
394478
394482
394534
394538
394546
394546
394548
394607
394614
394631
394665
394680
394706
394713
394721
394744
394750
394752
394795
394803
394814
394829
394874
394961
394996
395002
395004
395017
395036
395039
395042
395054
395064
395080
395081
395086
395089
395101
395104
395114
395119
395130
395161
395168
395168
395189
395209
395237
395239
395281
395292
395294
395315
395362
395388
395408
395422
395436
395455
395463
395470
395483
395494
395521
395561
395575
395606
395633
395652
395653
395681
395719
395735
395747
395756
395766
395804
395810
395813
395814
395827
395858
395861
395886
395888
395900
395914
395950
396010
396012
396026
396040
396041
396088
396106
396111
396131
396142
396146
396205
396205
396205
396232
396237
396249
396310
396324
396366
396368
396387
396395
396435
396463
396464
396469
396498
396501
396505
396523
396545
396600
396623
396624
396642
396690
396699
396710
396741
396765
396805
396853
396900
396932
396956
396990
396992
397016
397054
397063
397090
397100
397125
397193
397236
397246
397273
397290
397291
397307
397308
397316
397324
397328
397340
397345
397372
397388
397406
397469
397477
397483
397511
397529
397535
397569
397592
397620
397629
397633
397673
397741
397743
397787
397814
397818
397859
397905
397914
397958
397968
398025
398124
398155
398175
398206
398220
398226
398246
398263
398340
398341
398351
398356
398393
398417
398462
398481
398490
398491
398496
398518
398537
398540
398585
398599
398623
398631
398652
398696
398709
398717
398751
398761
398773
398778
398800
398818
398823
398864
398908
398928
398972
398984
399061
399088
399095
399105
399185
399186
399214
399224
399298
399340
399344
399357
399371
399380
399385
399397
399406
399422
399443
399472
399487
399568
399614
399628
399646
399664
399679
399700
399763
399766
399775
399829
399832
399856
399857
399897
399942
399948
399962
399975
399986
399994
400004
400012
400058
400110
400115
400118
400121
400142
400143
400149
400155
400178
400186
400199
400231
400234
400253
400262
400273
400284
400321
400359
400363
400366
400375
400416
400450
400457
400500
400501
400518
400550
400563
400576
400581
400599
400600
400613
400622
400671
400682
400685
400721
400737
400744
400753
400756
400760
400763
400766
400775
400813
400839
400849
400852
400869
400874
400885
400957
400960
400971
400986
401019
401039
401052
401142
401161
401170
401190
401201
401211
401248
401251
401260
401274
401312
401330
401336
401337
401406
401435
401446
401446
401454
401493
401585
401651
401704
401718
401718
401733
401736
401738
401738
401777
401778
401794
401796
401825
401856
401868
401898
401900
401908
401914
401919
401946
401954
401982
401999
402019
402033
402033
402077
402107
402157
402180
402201
402232
402238
402247
402254
402254
402255
402314
402353
402357
402381
402386
402404
402407
402444
402463
402515
402543
402562
402572
402593
402605
402627
402632
402650
402658
402761
402761
402786
402816
402826
402842
402874
402948
402998
403032
403035
403051
403062
403088
403088
403090
403101
403133
403192
403198
403207
403208
403232
403271
403312
403318
403378
403381
403403
403431
403461
403462
403467
403468
403474
403551
403561
403578
403586
403606
403607
403614
403637
403656
403665
403688
403708
403721
403726
403728
403731
403758
403780
403786
403796
403827
403828
403869
403875
403895
403898
403956
403997
404027
404055
404062
404067
404070
404083
404103
404109
404129
404139
404142
404146
404153
404162
404189
404210
404228
404240
404242
404247
404252
404258
404310
404342
404384
404390
404396
404418
404426
404459
404472
404481
404486
404574
404578
404586
404586
404643
404671
404673
404685
404705
404731
404756
404775
404790
404816
404840
404853
404912
404932
404937
404967
404985
405000
405005
405018
405027
405047
405106
405118
405157
405198
405228
405251
405258
405262
405269
405287
405301
405307
405342
405378
405420
405423
405434
405452
405467
405476
405483
405485
405529
405532
405574
405601
405612
405643
405685
405702
405723
405744
405761
405794
405817
405852
405862
405862
405911
405944
405949
405964
406003
406017
406018
406022
406092
406108
406137
406156
406229
406254
406267
406287
406313
406327
406332
406344
406349
406356
406365
406394
406401
406402
406416
406420
406428
406439
406445
406453
406490
406494
406522
406553
406592
406616
406623
406659
406728
406730
406748
406761
406782
406797
406826
406841
406870
406900
406938
406954
406969
406977
406991
406993
407001
407023
407028
407035
407057
407060
407117
407148
407155
407157
407165
407169
407186
407192
407195
407297
407303
407322
407337
407338
407348
407351
407370
407414
407503
407572
407578
407581
407592
407612
407621
407643
407650
407658
407664
407687
407703
407712
407735
407746
407818
407829
407835
407838
407844
407859
407883
407908
407911
407923
407938
407988
408077
408085
408108
408113
408116
408133
408154
408158
408161
408180
408199
408242
408244
408249
408257
408312
408344
408345
408396
408433
408434
408439
408491
408504
408507
408537
408546
408550
408555
408564
408570
408619
408627
408668
408669
408676
408692
408707
408708
408743
408743
408758
408768
408793
408815
408819
408852
408879
408908
408916
409009
409019
409023
409039
409062
409066
409092
409104
409125
409144
409169
409190
409260
409275
409294
409297
409297
409326
409375
409382
409390
409402
409426
409428
409438
409442
409445
409459
409499
409499
409532
409544
409590
409606
409659
409675
409677
409683
409694
409698
409745
409756
409789
409807
409865
409881
409910
409965
409968
409982
409996
410000
410047
410057
410075
410094
410095
410107
410112
410123
410128
410170
410213
410228
410265
410279
410291
410301
410304
410355
410365
410379
410389
410413
410430
410434
410440
410440
410449
410471
410499
410500
410502
410508
410532
410582
410601
410648
410716
410749
410765
410770
410778
410822
410858
410861
410865
410871
410899
410930
410936
410946
410955
410960
410975
411011
411017
411031
411100
411104
411134
411142
411149
411149
411153
411167
411178
411243
411246
411261
411263
411281
411300
411302
411306
411321
411325
411339
411346
411354
411372
411381
411395
411404
411413
411419
411423
411429
411474
411480
411488
411520
411551
411566
411585
411596
411681
411755
411764
411782
411802
411808
411810
411839
411849
411853
411870
411878
411880
411924
411930
411934
411942
411947
411961
411986
412007
412029
412053
412064
412075
412082
412162
412199
412206
412331
412365
412365
412406
412424
412431
412468
412470
412496
412531
412536
412556
412589
412606
412607
412617
412720
412724
412742
412751
412753
412768
412841
412843
412854
412862
412903
412914
412930
413004
413016
413061
413063
413065
413067
413069
413087
413107
413135
413140
413141
413156
413164
413193
413249
413249
413304
413336
413340
413378
413385
413445
413446
413446
413446
413467
413477
413510
413539
413585
413589
413611
413612
413631
413647
413649
413651
413698
413700
413720
413745
413746
413758
413802
413833
413857
413866
413872
413892
413902
413914
413917
413975
413998
414028
414060
414123
414123
414139
414155
414161
414190
414196
414203
414208
414231
414261
414262
414277
414308
414328
414342
414372
414464
414479
414546
414555
414573
414603
414637
414642
414651
414657
414712
414785
414787
414794
414804
414835
414860
414863
414870
414889
414898
414921
414968
414982
414990
414996
415007
415023
415025
415031
415046
415072
415080
415104
415122
415165
415175
415186
415199
415203
415212
415219
415236
415247
415250
415256
415295
415310
415318
415318
415326
415327
415329
415337
415345
415367
415367
415415
415423
415425
415439
415482
415520
415541
415553
415562
415567
415570
415612
415646
415654
415658
415706
415718
415749
415759
415762
415777
415782
415805
415828
415836
415868
415887
415897
415911
415939
415968
415983
415999
416019
416067
416073
416093
416100
416101
416103
416126
416128
416129
416155
416156
416187
416194
416214
416229
416232
416273
416343
416357
416361
416386
416417
416429
416447
416475
416502
416528
416540
416563
416565
416571
416583
416602
416642
416674
416716
416749
416755
416779
416809
416825
416829
416852
416886
416902
416918
416920
416933
416983
417069
417072
417081
417166
417173
417179
417180
417195
417217
417244
417267
417273
417301
417361
417375
417398
417463
417508
417571
417573
417577
417592
417595
417599
417613
417651
417696
417746
417751
417873
417888
417895
417898
417900
417909
417915
417924
417938
417953
417966
417984
418051
418148
418152
418157
418225
418226
418285
418293
418303
418338
418359
418369
418380
418400
418406
418411
418418
418431
418437
418445
418483
418503
418522
418564
418578
418582
418585
418599
418630
418641
418663
418683
418693
418719
418727
418803
418901
418914
418927
418954
418959
418988
419002
419054
419059
419073
419099
419106
419128
419157
419162
419162
419171
419245
419274
419300
419301
419308
419320
419326
419342
419345
419361
419406
419408
419431
419461
419484
419486
419490
419496
419510
419512
419543
419546
419571
419592
419645
419654
419664
419676
419681
419689
419691
419698
419712
419718
419723
419724
419753
419800
419883
419913
419918
419954
419974
419985
420003
420012
420046
420083
420094
420095
420102
420133
420147
420154
420183
420190
420215
420256
420322
420322
420322
420336
420340
420349
420364
420413
420437
420456
420461
420537
420584
420587
420626
420705
420749
420757
420775
420780
420804
420806
420857
420859
420870
420872
420906
420909
420927
420939
420971
420978
420984
421006
421042
421112
421170
421188
421191
421239
421300
421315
421365
421368
421371
421387
421395
421404
421438
421446
421472
421498
421513
421517
421540
421543
421547
421548
421561
421571
421599
421603
421648
421665
421668
421684
421694
421697
421698
421707
421744
421751
421757
421784
421787
421794
421802
421808
421814
421814
421818
421866
421876
421906
421959
422008
422021
422034
422050
422055
422063
422107
422117
422137
422139
422162
422199
422219
422231
422240
422308
422359
422360
422362
422364
422400
422415
422417
422469
422482
422524
422528
422537
422550
422571
422607
422627
422657
422658
422662
422670
422685
422719
422744
422805
422861
422862
422881
422899
422906
422919
422932
423001
423026
423052
423079
423098
423141
423149
423160
423171
423172
423193
423196
423216
423245
423245
423247
423248
423286
423306
423323
423333
423351
423366
423404
423415
423421
423457
423489
423490
423494
423528
423539
423614
423619
423644
423646
423660
423752
423771
423789
423797
423806
423824
423837
423846
423852
423876
423929
423964
424041
424047
424048
424048
424059
424073
424091
424100
424111
424129
424150
424155
424206
424231
424231
424231
424271
424291
424334
424339
424380
424399
424427
424459
424471
424475
424546
424547
424548
424556
424564
424569
424572
424631
424645
424657
424724
424726
424758
424775
424797
424800
424802
424829
424830
424889
424927
424980
424996
425007
425041
425073
425102
425103
425122
425125
425145
425161
425167
425175
425194
425213
425220
425276
425282
425291
425306
425312
425331
425338
425369
425384
425415
425434
425435
425445
425516
425542
425565
425585
425601
425615
425638
425640
425669
425683
425689
425692
425725
425759
425774
425784
425794
425799
425839
425868
425868
425870
425874
425899
425916
425972
426014
426021
426023
426089
426099
426124
426134
426135
426152
426158
426162
426163
426171
426196
426253
426275
426295
426306
426306
426313
426340
426355
426373
426383
426387
426433
426449
426466
426477
426479
426493
426499
426529
426544
426549
426577
426583
426605
426625
426630
426656
426659
426669
426671
426689
426708
426713
426717
426794
426799
426806
426818
426845
426855
426860
426915
426946
426964
426978
426991
427009
427066
427078
427109
427129
427149
427175
427257
427308
427325
427391
427451
427454
427455
427457
427483
427490
427519
427530
427537
427577
427587
427591
427599
427604
427611
427628
427656
427663
427666
427673
427674
427687
427693
427714
427719
427723
427784
427792
427801
427827
427828
427905
427929
427939
427947
427952
427956
427981
427993
427996
428032
428035
428063
428110
428133
428147
428172
428204
428246
428263
428273
428289
428302
428308
428327
428328
428334
428357
428402
428423
428427
428454
428455
428459
428481
428517
428527
428547
428553
428576
428609
428647
428667
428715
428723
428723
428723
428730
428746
428752
428765
428765
428778
428783
428813
428817
428825
428828
428840
428840
428885
428890
428894
428907
428921
428968
429060
429075
429090
429158
429196
429202
429248
429263
429283
429287
429299
429315
429340
429363
429365
429371
429377
429447
429451
429486
429487
429506
429626
429640
429653
429685
429693
429727
429793
429801
429817
429839
429849
429867
429881
429907
429917
429954
429963
429988
430002
430018
430043
430049
430066
430070
430084
430101
430156
430187
430204
430233
430246
430280
430320
430323
430333
430363
430373
430412
430414
430451
430527
430541
430543
430547
430591
430601
430608
430639
430675
430694
430707
430745
430776
430784
430784
430820
430830
430833
430834
430847
430867
430883
430883
430899
430912
430928
430929
430932
430946
430994
431024
431066
431097
431131
431147
431152
431171
431172
431211
431258
431269
431302
431312
431330
431340
431380
431387
431399
431408
431443
431458
431462
431468
431497
431580
431586
431587
431616
431660
431696
431737
431743
431818
431820
431830
431835
431889
431892
431919
431924
431939
431968
431972
431982
431990
431991
432055
432118
432139
432209
432260
432304
432307
432316
432317
432333
432339
432347
432367
432374
432392
432428
432459
432461
432465
432507
432509
432513
432523
432549
432582
432607
432630
432640
432674
432714
432731
432763
432765
432772
432818
432826
432868
432879
432881
432906
432910
432915
432919
432931
432952
432971
433021
433029
433043
433046
433064
433128
433129
433134
433177
433180
433212
433253
433299
433302
433327
433344
433346
433348
433352
433392
433397
433410
433441
433450
433456
433463
433469
433475
433522
433556
433568
433598
433610
433633
433676
433731
433789
433851
433859
433922
433955
433981
434024
434035
434046
434070
434091
434107
434126
434141
434168
434176
434182
434190
434196
434198
434206
434211
434230
434251
434265
434291
434307
434315
434329
434345
434361
434363
434376
434390
434407
434420
434430
434431
434446
434516
434518
434556
434562
434583
434590
434600
434604
434617
434649
434663
434703
434717
434718
434739
434773
434817
434905
434940
434959
434974
434984
434989
435003
435010
435049
435053
435118
435154
435168
435180
435199
435229
435249
435263
435281
435340
435361
435381
435383
435403
435418
435481
435491
435493
435500
435504
435519
435536
435547
435560
435570
435570
435614
435624
435644
435652
435676
435693
435702
435716
435727
435736
435793
435806
435807
435849
435903
435924
435955
435998
436000
436001
436051
436062
436102
436116
436151
436165
436183
436194
436252
436264
436290
436324
436341
436384
436409
436433
436455
436465
436517
436522
436632
436640
436659
436666
436729
436777
436781
436804
436818
436829
436830
436849
436867
436867
436883
436895
436901
436908
436918
436929
436936
436948
436951
436957
436964
436981
437022
437029
437050
437054
437080
437097
437129
437133
437185
437195
437209
437239
437302
437315
437338
437360
437401
437417
437472
437474
437500
437506
437508
437520
437522
437523
437543
437553
437561
437648
437663
437669
437774
437775
437856
437869
437928
437955
438004
438005
438007
438033
438098
438119
438123
438148
438161
438165
438175
438242
438261
438275
438295
438307
438316
438324
438326
438329
438376
438437
438472
438481
438492
438494
438508
438523
438525
438534
438547
438576
438582
438582
438654
438684
438767
438797
438820
438823
438833
438857
438869
438869
438873
438909
438922
438924
438930
438934
438953
438955
438959
438989
439013
439015
439017
439060
439073
439083
439107
439112
439119
439122
439132
439151
439178
439180
439223
439262
439270
439300
439313
439335
439341
439354
439362
439366
439381
439383
439390
439412
439416
439450
439540
439540
439578
439584
439597
439612
439614
439635
439669
439685
439715
439715
439789
439801
439809
439827
439828
439831
439831
439833
439839
439852
439879
439901
439907
439917
439931
439931
439941
439946
439979
439982
440043
440044
440045
440094
440106
440112
440116
440117
440129
440133
440134
440170
440186
440194
440194
440305
440307
440329
440352
440362
440385
440388
440414
440416
440452
440459
440469
440480
440489
440499
440500
440530
440550
440557
440587
440615
440623
440635
440645
440697
440726
440726
440756
440762
440763
440778
440823
440823
440826
440855
440865
440868
440873
440878
440893
440918
440931
440952
440970
441001
441062
441067
441076
441087
441148
441202
441204
441218
441265
441306
441315
441320
441331
441338
441353
441376
441397
441411
441417
441428
441461
441519
441566
441578
441593
441615
441651
441675
441677
441679
441694
441741
441766
441777
441797
441824
441837
441853
441863
441867
441952
441954
441959
441965
441972
442001
442012
442044
442077
442141
442144
442148
442180
442199
442201
442215
442221
442227
442247
442266
442301
442343
442349
442363
442381
442383
442387
442406
442419
442429
442437
442438
442443
442444
442446
442491
442549
442552
442567
442568
442586
442682
442691
442717
442746
442750
442772
442791
442818
442887
442944
442958
442959
442974
442982
443032
443038
443068
443132
443155
443162
443177
443213
443214
443255
443256
443257
443264
443300
443314
443318
443351
443357
443386
443406
443429
443445
443454
443458
443477
443483
443484
443534
443545
443602
443638
443647
443656
443671
443704
443736
443749
443792
443838
443838
443858
443885
443900
443905
443936
443977
443992
444007
444017
444076
444111
444130
444136
444160
444197
444215
444218
444263
444274
444290
444311
444335
444340
444391
444399
444401
444404
444427
444440
444451
444468
444491
444552
444570
444636
444673
444692
444695
444712
444746
444798
444802
444863
444873
444912
444934
444945
444978
444990
444995
445024
445037
445058
445062
445068
445069
445071
445083
445109
445122
445127
445130
445178
445181
445222
445232
445259
445261
445264
445265
445269
445291
445294
445320
445333
445334
445351
445363
445381
445386
445392
445430
445466
445477
445487
445488
445505
445539
445548
445558
445574
445613
445642
445739
445749
445807
445811
445816
445846
445846
445889
445920
445947
446034
446113
446130
446136
446154
446175
446213
446233
446263
446292
446314
446328
446375
446417
446420
446427
446447
446452
446480
446484
446487
446533
446536
446589
446593
446619
446639
446639
446654
446675
446691
446702
446704
446742
446764
446771
446773
446783
446785
446813
446834
446834
446841
446844
446884
446891
446903
446911
446922
446950
446957
446973
446993
447009
447009
447037
447040
447050
447059
447101
447122
447123
447128
447156
447157
447173
447185
447206
447215
447239
447245
447257
447258
447259
447263
447281
447293
447308
447326
447375
447399
447420
447424
447454
447454
447529
447538
447557
447571
447602
447604
447612
447681
447684
447688
447702
447705
447731
447744
447772
447799
447804
447817
447829
447850
447865
447900
447904
447916
447924
447939
447996
448026
448026
448050
448074
448074
448099
448125
448128
448136
448188
448198
448206
448240
448252
448283
448292
448327
448407
448422
448425
448455
448473
448511
448518
448593
448594
448604
448645
448703
448733
448752
448784
448847
448877
448907
448926
448932
448940
448957
448981
449090
449098
449104
449112
449127
449148
449163
449195
449205
449219
449236
449247
449250
449254
449268
449284
449306
449313
449316
449323
449336
449338
449343
449355
449370
449371
449377
449436
449443
449459
449460
449464
449474
449484
449494
449500
449512
449512
449540
449555
449569
449628
449647
449661
449690
449717
449718
449734
449737
449753
449782
449806
449812
449817
449862
449869
449890
449921
449927
449938
449964
449993
449997
450005
450010
450032
450057
450063
450081
450115
450155
450185
450214
450241
450245
450250
450280
450303
450308
450310
450398
450405
450420
450455
450456
450488
450489
450500
450550
450557
450583
450616
450664
450678
450684
450690
450695
450710
450712
450744
450767
450800
450802
450807
450828
450849
450880
450929
450930
451004
451007
451043
451081
451105
451128
451142
451143
451157
451160
451183
451190
451234
451244
451250
451255
451297
451321
451341
451341
451396
451403
451418
451427
451437
451465
451495
451514
451545
451547
451552
451568
451597
451598
451620
451631
451665
451690
451702
451734
451763
451766
451771
451819
451961
451980
452014
452059
452062
452079
452090
452101
452136
452167
452225
452244
452261
452284
452325
452337
452345
452367
452382
452384
452450
452459
452482
452492
452505
452524
452544
452547
452556
452575
452590
452594
452595
452604
452640
452643
452658
452682
452698
452733
452750
452758
452760
452765
452815
452820
452821
452826
452837
452843
452846
452895
452924
452939
452946
453012
453013
453036
453051
453063
453081
453096
453179
453197
453205
453231
453238
453290
453305
453330
453333
453355
453367
453372
453373
453405
453416
453436
453442
453449
453459
453501
453508
453511
453527
453529
453563
453578
453627
453633
453675
453686
453692
453700
453707
453714
453723
453732
453733
453736
453763
453797
453808
453839
453840
453846
453852
453856
453884
453904
453940
453944
453946
453961
453985
453992
454028
454033
454037
454053
454067
454079
454091
454094
454099
454103
454138
454158
454162
454166
454179
454204
454216
454222
454227
454234
454258
454269
454282
454285
454288
454324
454357
454361
454384
454391
454396
454411
454436
454440
454444
454445
454450
454453
454474
454515
454537
454583
454616
454672
454787
454808
454816
454824
454860
454872
454900
454917
454961
454976
455023
455074
455078
455140
455183
455207
455230
455238
455238
455332
455338
455385
455449
455449
455502
455530
455571
455632
455640
455660
455689
455724
455726
455727
455737
455773
455773
455777
455788
455831
455837
455842
455855
455862
455874
455893
455922
455942
455946
455967
455981
456012
456015
456030
456039
456040
456042
456069
456086
456090
456109
456129
456142
456195
456199
456247
456251
456328
456424
456440
456526
456537
456610
456641
456668
456687
456689
456696
456762
456799
456814
456837
456846
456855
456864
456871
456880
456923
456946
456946
456952
457022
457023
457044
457045
457055
457101
457105
457151
457167
457174
457187
457235
457273
457288
457291
457293
457294
457294
457322
457373
457375
457379
457385
457398
457423
457461
457481
457526
457537
457542
457575
457596
457627
457631
457633
457645
457662
457675
457708
457728
457737
457739
457748
457753
457799
457813
457826
457903
457903
457980
457999
458012
458046
458062
458070
458072
458078
458079
458083
458085
458102
458126
458144
458146
458172
458188
458215
458242
458251
458251
458253
458305
458309
458312
458320
458350
458437
458439
458443
458444
458461
458471
458487
458534
458566
458569
458571
458578
458584
458606
458607
458611
458632
458636
458637
458638
458713
458746
458785
458814
458816
458858
458860
458865
458871
458887
458907
458926
458931
458961
458971
458975
459004
459030
459080
459104
459127
459161
459181
459185
459189
459201
459205
459219
459220
459225
459234
459235
459255
459268
459275
459289
459342
459360
459371
459406
459455
459464
459471
459473
459483
459523
459527
459557
459580
459670
459717
459738
459743
459756
459799
459802
459810
459832
459890
459903
459904
459929
459930
459982
459982
460017
460025
460030
460045
460049
460061
460068
460137
460177
460208
460213
460223
460234
460250
460272
460302
460320
460435
460438
460460
460490
460492
460500
460526
460550
460559
460613
460614
460617
460655
460661
460664
460710
460720
460742
460753
460781
460788
460810
460814
460877
460925
460933
460954
460966
460991
460993
461058
461063
461105
461114
461117
461129
461165
461173
461198
461325
461361
461365
461402
461410
461413
461459
461487
461555
461605
461624
461627
461628
461701
461722
461744
461751
461754
461763
461789
461794
461804
461823
461890
461893
461898
461938
461941
461959
461972
462014
462064
462068
462077
462098
462104
462140
462161
462221
462229
462285
462300
462323
462336
462347
462362
462375
462384
462389
462419
462424
462439
462445
462458
462462
462477
462478
462486
462512
462524
462537
462551
462565
462567
462580
462585
462591
462603
462617
462626
462657
462673
462707
462812
462870
462879
462887
462918
462919
462922
462951
462960
462962
462969
462990
463008
463009
463023
463029
463033
463051
463083
463098
463100
463118
463151
463212
463232
463233
463250
463252
463263
463324
463333
463388
463390
463407
463414
463441
463447
463454
463467
463513
463524
463537
463540
463598
463610
463674
463708
463729
463734
463751
463793
463797
463802
463804
463805
463810
463817
463818
463844
463845
463896
463943
463957
464018
464052
464054
464060
464071
464101
464110
464131
464140
464143
464146
464152
464153
464206
464221
464234
464248
464254
464255
464267
464282
464296
464298
464321
464335
464345
464357
464369
464398
464403
464431
464465
464490
464501
464517
464522
464535
464551
464568
464579
464598
464599
464619
464621
464631
464635
464638
464654
464679
464704
464712
464801
464824
464847
464853
464857
464864
464882
464884
464900
464912
464928
464963
464981
465045
465060
465060
465100
465101
465129
465162
465170
465227
465230
465232
465262
465263
465277
465350
465353
465389
465412
465418
465419
465424
465446
465451
465477
465499
465516
465533
465555
465564
465566
465579
465609
465620
465642
465649
465669
465681
465705
465716
465724
465743
465744
465763
465768
465807
465849
465943
465966
466038
466039
466060
466147
466158
466177
466187
466193
466194
466225
466235
466298
466301
466321
466330
466337
466343
466380
466382
466383
466403
466431
466452
466483
466514
466541
466557
466563
466564
466570
466587
466632
466671
466678
466747
466769
466798
466816
466820
466850
466853
466856
466865
466899
466911
466917
466921
466971
467027
467041
467056
467056
467071
467079
467118
467176
467176
467179
467190
467210
467215
467227
467229
467238
467253
467278
467285
467304
467306
467319
467360
467363
467363
467377
467391
467416
467451
467467
467483
467492
467592
467605
467635
467635
467638
467640
467660
467671
467717
467722
467730
467731
467760
467777
467801
467845
467854
467865
467912
467960
468009
468020
468025
468033
468044
468049
468051
468061
468083
468097
468105
468121
468143
468166
468178
468230
468258
468272
468273
468296
468317
468327
468332
468354
468356
468357
468359
468363
468366
468380
468446
468506
468508
468516
468517
468518
468544
468551
468570
468621
468680
468718
468725
468757
468758
468793
468803
468819
468822
468856
468888
468932
468939
468966
468971
468971
468979
469054
469063
469068
469079
469088
469090
469139
469172
469183
469208
469255
469277
469278
469278
469279
469301
469309
469319
469350
469381
469410
469417
469418
469423
469427
469473
469501
469505
469515
469584
469633
469657
469676
469678
469685
469688
469694
469698
469702
469705
469730
469772
469792
469826
469848
469902
469941
469977
469989
470097
470097
470139
470144
470149
470200
470214
470218
470231
470232
470255
470277
470277
470297
470298
470373
470389
470395
470405
470430
470451
470547
470552
470622
470632
470633
470643
470655
470671
470671
470701
470703
470730
470778
470831
470847
470848
470953
470979
470986
470991
471015
471042
471059
471064
471076
471082
471114
471123
471143
471158
471190
471196
471224
471251
471255
471256
471332
471341
471344
471362
471383
471451
471463
471467
471491
471516
471516
471536
471537
471544
471550
471555
471590
471594
471606
471633
471716
471719
471721
471731
471745
471781
471787
471795
471848
471862
471930
471964
471967
471983
471985
471998
472008
472010
472046
472073
472093
472099
472131
472162
472206
472211
472227
472262
472272
472291
472296
472304
472327
472332
472334
472358
472379
472383
472392
472431
472440
472456
472516
472532
472548
472548
472569
472588
472608
472640
472653
472658
472704
472732
472756
472798
472803
472810
472822
472829
472831
472833
472858
472882
472898
472905
472910
472939
472974
473038
473073
473129
473140
473144
473205
473207
473233
473252
473253
473258
473287
473301
473344
473350
473384
473397
473408
473431
473458
473472
473491
473492
473507
473580
473582
473586
473609
473643
473650
473669
473671
473707
473753
473797
473798
473814
473817
473856
473909
473923
473930
473940
473988
474002
474013
474017
474042
474053
474092
474126
474176
474176
474222
474241
474295
474318
474323
474331
474406
474421
474440
474506
474531
474536
474567
474572
474577
474592
474607
474611
474673
474677
474705
474714
474754
474765
474773
474779
474793
474799
474806
474813
474815
474845
474869
474907
474909
474925
474925
475020
475044
475102
475124
475125
475126
475144
475194
475209
475215
475237
475267
475280
475299
475312
475330
475350
475372
475381
475381
475407
475428
475468
475474
475485
475485
475486
475500
475512
475543
475555
475588
475589
475596
475613
475614
475622
475705
475713
475722
475726
475734
475767
475771
475781
475790
475810
475814
475817
475818
475827
475846
475850
475850
475869
475888
475934
475947
475967
476002
476009
476025
476033
476035
476036
476133
476182
476293
476295
476366
476402
476420
476461
476463
476499
476520
476523
476529
476532
476544
476549
476610
476611
476663
476678
476738
476754
476755
476760
476833
476849
476857
476863
476984
476986
477014
477016
477026
477027
477047
477111
477148
477155
477158
477163
477166
477171
477190
477213
477236
477251
477267
477277
477301
477326
477333
477394
477433
477452
477488
477540
477553
477555
477566
477590
477591
477592
477602
477628
477641
477657
477708
477737
477739
477819
477855
477858
477862
477867
477912
477925
477981
477992
478030
478103
478127
478140
478147
478157
478158
478166
478169
478181
478201
478214
478261
478265
478297
478314
478352
478373
478389
478395
478457
478459
478495
478507
478537
478590
478609
478657
478661
478682
478684
478695
478701
478735
478771
478808
478812
478831
478845
478885
478896
478904
478928
478958
478966
479012
479053
479076
479081
479102
479130
479156
479178
479194
479226
479242
479254
479258
479301
479311
479338
479355
479365
479380
479420
479440
479446
479515
479532
479543
479567
479581
479586
479597
479629
479645
479648
479706
479768
479788
479799
479802
479847
479860
479877
479885
479913
480031
480035
480088
480100
480101
480130
480149
480178
480179
480183
480283
480289
480295
480312
480350
480360
480369
480373
480379
480390
480411
480413
480446
480526
480543
480594
480597
480646
480690
480691
480751
480757
480761
480762
480771
480812
480837
480909
480923
480935
480936
480946
480961
481041
481078
481172
481193
481196
481197
481221
481242
481251
481373
481385
481387
481398
481400
481413
481437
481461
481523
481555
481592
481603
481613
481617
481620
481625
481648
481655
481672
481687
481721
481737
481740
481782
481886
481887
481901
481912
481915
481918
481923
481945
481961
481997
481997
482021
482029
482034
482035
482046
482047
482074
482078
482080
482086
482106
482108
482111
482194
482205
482222
482233
482254
482282
482287
482335
482362
482363
482364
482372
482375
482392
482427
482450
482459
482491
482509
482525
482547
482551
482591
482594
482594
482597
482601
482609
482613
482673
482686
482703
482754
482762
482787
482806
482837
482869
482879
482889
482891
482907
482944
482947
483007
483024
483045
483047
483139
483142
483149
483191
483194
483218
483224
483254
483268
483310
483343
483359
483368
483377
483386
483403
483439
483446
483446
483447
483450
483455
483462
483472
483499
483514
483523
483580
483583
483589
483607
483624
483630
483631
483652
483677
483692
483709
483713
483734
483759
483763
483857
483859
483876
483903
483904
483963
483990
483991
484014
484048
484051
484075
484078
484084
484090
484105
484130
484154
484169
484178
484215
484217
484222
484241
484316
484323
484335
484365
484370
484371
484388
484397
484442
484456
484465
484477
484478
484502
484516
484521
484543
484544
484580
484582
484595
484619
484639
484648
484714
484715
484748
484770
484779
484815
484818
484887
484892
484909
484983
485026
485044
485068
485104
485110
485201
485211
485275
485285
485288
485290
485405
485425
485431
485455
485492
485498
485513
485588
485591
485593
485627
485631
485636
485646
485662
485663
485665
485675
485676
485679
485681
485747
485764
485785
485809
485828
485860
485906
485909
485928
485938
485954
485958
485961
485966
485980
485981
486040
486045
486077
486078
486102
486102
486114
486167
486193
486203
486216
486257
486262
486263
486294
486302
486331
486365
486391
486401
486456
486506
486522
486523
486562
486570
486596
486666
486682
486704
486715
486724
486726
486730
486746
486746
486790
486791
486810
486831
486839
486859
486910
486923
486923
486937
486938
486942
487009
487021
487058
487069
487094
487112
487129
487133
487141
487188
487230
487246
487280
487293
487301
487307
487308
487316
487318
487318
487342
487351
487371
487379
487383
487395
487425
487436
487440
487501
487532
487550
487557
487597
487604
487618
487699
487746
487758
487765
487807
487833
487856
487868
487910
487918
487924
487939
488004
488036
488042
488046
488067
488165
488165
488201
488220
488260
488273
488277
488309
488315
488318
488356
488363
488368
488372
488402
488412
488421
488448
488503
488533
488543
488571
488572
488590
488600
488610
488622
488644
488647
488698
488717
488720
488723
488740
488750
488761
488768
488768
488790
488807
488870
488872
488953
489011
489013
489013
489013
489016
489061
489135
489139
489146
489170
489206
489224
489255
489286
489304
489306
489330
489336
489349
489369
489452
489536
489565
489592
489599
489638
489647
489674
489686
489717
489759
489762
489815
489827
489861
489889
489892
489913
489934
489990
489991
490014
490017
490022
490024
490031
490038
490111
490126
490160
490163
490187
490211
490253
490259
490267
490352
490360
490376
490378
490393
490417
490450
490472
490481
490483
490512
490517
490542
490548
490550
490552
490555
490572
490573
490576
490597
490600
490624
490634
490650
490653
490687
490698
490699
490716
490734
490749
490776
490787
490815
490854
490854
490878
490895
490897
490909
490934
490951
490952
490957
490962
491005
491019
491022
491028
491032
491081
491098
491099
491099
491193
491196
491212
491223
491223
491242
491271
491326
491328
491369
491393
491409
491410
491434
491434
491463
491477
491487
491511
491514
491553
491561
491600
491602
491611
491620
491626
491632
491635
491640
491642
491679
491693
491731
491739
491746
491756
491779
491812
491814
491816
491824
491874
491881
491940
491947
491969
491970
492006
492016
492023
492047
492069
492083
492105
492106
492115
492136
492157
492174
492176
492190
492192
492356
492369
492385
492404
492424
492429
492442
492454
492481
492505
492519
492537
492540
492548
492555
492569
492584
492599
492631
492635
492641
492654
492676
492681
492721
492772
492879
492909
492919
492944
492947
493002
493010
493012
493052
493057
493076
493093
493103
493116
493145
493162
493174
493184
493237
493248
493250
493259
493267
493290
493299
493313
493323
493330
493365
493367
493389
493390
493393
493400
493415
493418
493422
493431
493436
493468
493475
493509
493542
493565
493617
493618
493619
493620
493623
493691
493708
493725
493738
493753
493761
493769
493789
493812
493815
493877
493893
493895
493986
493991
494002
494006
494008
494035
494038
494078
494111
494120
494139
494175
494192
494207
494222
494288
494297
494301
494364
494433
494459
494478
494485
494489
494513
494534
494567
494576
494600
494601
494622
494649
494650
494653
494653
494660
494664
494671
494683
494689
494698
494702
494712
494724
494724
494725
494764
494782
494811
494816
494877
494906
494906
494907
494922
494950
494964
494998
495029
495037
495040
495043
495055
495081
495118
495131
495150
495170
495202
495204
495301
495302
495335
495373
495379
495383
495432
495448
495480
495481
495492
495498
495550
495560
495570
495588
495612
495619
495677
495693
495695
495737
495750
495779
495812
495834
495858
495864
495877
495889
495914
495926
495994
496006
496034
496055
496056
496062
496090
496115
496143
496191
496219
496219
496231
496252
496273
496277
496402
496442
496463
496471
496482
496530
496539
496578
496616
496682
496692
496706
496744
496749
496822
496833
496862
496868
496922
496946
497027
497040
497095
497121
497128
497162
497177
497185
497205
497224
497232
497261
497263
497312
497322
497336
497352
497369
497372
497382
497398
497432
497435
497458
497462
497482
497496
497551
497581
497588
497633
497663
497667
497772
497789
497798
497801
497804
497814
497877
497885
497960
497977
497977
497981
498011
498012
498026
498060
498129
498216
498259
498283
498286
498307
498331
498336
498368
498376
498394
498422
498432
498444
498513
498545
498547
498558
498562
498590
498614
498633
498655
498682
498715
498728
498751
498769
498792
498813
498815
498864
498880
498893
498942
498946
498962
498965
498979
498994
499008
499008
499033
499035
499055
499065
499098
499117
499127
499150
499152
499177
499193
499292
499305
499314
499316
499329
499334
499355
499355
499363
499375
499389
499418
499422
499434
499437
499438
499463
499509
499510
499519
499545
499546
499558
499590
499597
499611
499614
499639
499641
499682
499684
499727
499735
499746
499769
499824
499826
499849
499903
499943
499951
500059
500066
500076
500117
500139
500144
500151
500162
500173
500173
500182
500207
500222
500239
500247
500262
500264
500267
500277
500299
500359
500404
500432
500461
500490
500517
500518
500576
500596
500694
500701
500710
500716
500718
500743
500777
500810
500832
500881
500901
500904
500905
500922
500922
500951
501007
501026
501027
501121
501124
501171
501191
501195
501233
501238
501270
501277
501287
501310
501316
501338
501371
501439
501449
501475
501477
501478
501507
501562
501588
501607
501623
501651
501661
501694
501722
501727
501731
501747
501762
501775
501775
501798
501823
501843
501861
501879
501922
501967
501988
502019
502019
502063
502079
502107
502109
502118
502125
502125
502127
502130
502138
502139
502174
502197
502213
502241
502248
502251
502268
502282
502304
502414
502429
502437
502440
502474
502477
502488
502521
502545
502551
502554
502568
502578
502592
502598
502629
502630
502661
502676
502715
502728
502738
502767
502774
502780
502791
502800
502810
502880
502886
502893
502896
502923
502955
502956
502985
503011
503025
503037
503046
503059
503072
503103
503110
503133
503159
503171
503187
503194
503200
503202
503245
503276
503306
503325
503331
503363
503407
503434
503492
503498
503502
503552
503584
503595
503608
503623
503642
503652
503653
503681
503682
503716
503756
503764
503872
503883
503894
503908
503936
503956
503965
503978
503990
504003
504019
504036
504044
504054
504082
504084
504089
504102
504110
504119
504134
504170
504179
504200
504213
504246
504263
504270
504288
504304
504311
504315
504319
504323
504338
504343
504358
504363
504384
504401
504402
504403
504405
504446
504455
504458
504514
504528
504587
504706
504758
504761
504794
504814
504836
504838
504865
504887
504933
504960
505014
505019
505020
505044
505056
505058
505065
505099
505101
505141
505145
505148
505152
505162
505208
505215
505223
505230
505270
505310
505313
505331
505342
505360
505372
505377
505406
505438
505470
505473
505480
505481
505504
505517
505534
505555
505557
505557
505595
505601
505636
505639
505669
505721
505722
505792
505843
505847
505856
505858
505876
505885
505893
505898
505901
505922
505927
505945
505946
505949
505966
505978
505990
505992
506072
506123
506157
506162
506216
506229
506234
506259
506262
506276
506276
506295
506297
506303
506325
506349
506386
506396
506400
506402
506439
506446
506448
506448
506470
506471
506481
506513
506547
506552
506562
506601
506601
506643
506647
506658
506676
506700
506715
506722
506740
506748
506837
506852
506860
506866
506904
506908
506909
506928
506952
506975
506993
507070
507080
507146
507154
507165
507185
507228
507261
507310
507319
507351
507355
507357
507387
507446
507454
507464
507486
507491
507496
507496
507516
507525
507564
507569
507645
507655
507684
507688
507708
507718
507727
507735
507736
507753
507754
507774
507774
507818
507834
507867
507867
507874
507897
507904
507911
507913
507915
507963
507983
508001
508008
508014
508076
508088
508090
508142
508188
508195
508244
508280
508288
508341
508346
508359
508427
508435
508447
508466
508522
508562
508607
508658
508674
508695
508695
508700
508701
508701
508707
508716
508753
508799
508810
508823
508852
508922
508924
508957
508961
509036
509108
509129
509130
509147
509166
509168
509195
509202
509208
509303
509324
509325
509328
509335
509351
509372
509431
509511
509520
509521
509523
509529
509549
509570
509573
509574
509586
509590
509591
509606
509610
509616
509660
509663
509669
509684
509693
509712
509777
509777
509787
509877
509898
509907
509913
509914
509931
509938
509960
509961
509995
510025
510046
510076
510086
510091
510117
510132
510138
510157
510177
510191
510192
510195
510197
510222
510229
510254
510256
510267
510272
510288
510334
510350
510354
510367
510388
510415
510435
510455
510477
510498
510503
510514
510532
510551
510571
510573
510598
510619
510717
510719
510719
510732
510793
510846
510850
510851
510862
510878
510890
510896
510921
510956
510987
510987
510998
511050
511059
511162
511230
511245
511292
511318
511321
511375
511382
511384
511427
511432
511439
511490
511500
511542
511550
511594
511622
511664
511664
511672
511683
511703
511710
511744
511763
511797
511805
511810
511820
511832
511835
511901
511948
511952
511982
512022
512026
512070
512088
512121
512139
512145
512156
512159
512203
512214
512225
512294
512299
512300
512300
512303
512309
512337
512352
512358
512380
512401
512423
512425
512443
512450
512465
512466
512500
512541
512543
512544
512555
512568
512570
512571
512572
512587
512597
512614
512644
512657
512658
512669
512698
512726
512757
512766
512800
512807
512825
512836
512840
512862
512875
512898
512960
512989
512993
513019
513025
513028
513095
513118
513140
513148
513172
513195
513200
513212
513236
513244
513262
513280
513306
513309
513320
513339
513400
513450
513450
513463
513522
513550
513616
513617
513649
513655
513657
513682
513709
513717
513728
513738
513849
513849
513852
513933
513996
514019
514054
514067
514078
514093
514098
514126
514169
514169
514216
514234
514259
514267
514270
514284
514293
514315
514332
514336
514355
514377
514404
514409
514424
514440
514444
514467
514492
514502
514508
514511
514530
514541
514555
514586
514605
514606
514619
514624
514635
514655
514658
514667
514669
514670
514757
514761
514768
514794
514829
514829
514830
514833
514847
514875
514885
514892
514903
514938
514971
515029
515054
515057
515066
515109
515120
515124
515137
515139
515174
515210
515221
515280
515321
515353
515376
515424
515429
515454
515487
515588
515597
515610
515620
515676
515696
515696
515724
515739
515743
515746
515768
515828
515835
515840
515857
515890
515895
515904
515908
515920
515925
515944
515954
515995
516006
516019
516080
516095
516121
516201
516204
516205
516209
516212
516213
516220
516233
516237
516264
516279
516339
516352
516378
516378
516381
516401
516430
516433
516439
516449
516457
516480
516482
516517
516552
516574
516630
516648
516658
516671
516708
516710
516722
516725
516789
516791
516793
516795
516798
516807
516824
516846
516855
516857
516867
516872
516886
516894
516910
516914
516916
516921
516923
516937
516947
516960
516965
516972
517040
517073
517088
517123
517125
517128
517148
517193
517206
517283
517285
517324
517340
517343
517343
517362
517381
517388
517399
517420
517502
517507
517524
517527
517529
517573
517580
517588
517592
517666
517667
517674
517679
517680
517687
517691
517717
517736
517776
517782
517829
517831
517839
517866
517896
518010
518058
518073
518092
518097
518132
518167
518192
518195
518205
518244
518251
518251
518254
518290
518340
518344
518363
518373
518411
518414
518422
518459
518463
518483
518490
518502
518526
518595
518635
518637
518641
518720
518782
518798
518810
518813
518839
518845
518850
518851
518901
518925
518962
518972
518991
518992
519008
519019
519029
519071
519097
519101
519122
519150
519150
519165
519169
519183
519219
519221
519226
519227
519232
519267
519281
519289
519291
519292
519322
519343
519351
519371
519392
519398
519404
519432
519440
519446
519455
519455
519471
519513
519556
519573
519577
519589
519621
519685
519693
519707
519827
519921
519924
519927
519953
519957
519966
519990
520014
520019
520025
520026
520089
520120
520133
520162
520187
520190
520198
520237
520284
520311
520329
520354
520385
520423
520423
520434
520469
520513
520518
520535
520595
520608
520611
520691
520697
520723
520725
520757
520812
520819
520839
520864
520894
520915
520918
520938
520958
520960
521004
521074
521077
521102
521103
521122
521126
521133
521148
521170
521194
521232
521250
521298
521300
521390
521390
521420
521423
521434
521453
521461
521470
521473
521481
521490
521521
521526
521537
521543
521568
521571
521583
521603
521638
521649
521655
521664
521666
521673
521679
521767
521774
521778
521786
521798
521886
521891
521900
521902
521909
521926
521940
521940
521945
521946
521949
521980
522001
522015
522027
522039
522052
522058
522059
522071
522083
522085
522119
522143
522151
522162
522163
522189
522201
522218
522225
522247
522260
522318
522401
522410
522432
522441
522446
522446
522449
522454
522509
522520
522521
522593
522597
522615
522644
522667
522707
522752
522767
522805
522825
522827
522841
522862
522883
522891
522912
522920
522922
522928
522940
522947
522947
523011
523031
523045
523070
523085
523112
523135
523135
523139
523141
523175
523192
523193
523282
523286
523299
523385
523400
523441
523471
523472
523492
523506
523536
523546
523555
523575
523596
523610
523622
523623
523631
523638
523664
523683
523694
523697
523738
523747
523802
523804
523806
523819
523842
523935
523944
523947
523959
523960
523983
524054
524056
524074
524089
524109
524118
524120
524122
524126
524133
524153
524171
524203
524266
524297
524298
524305
524353
524354
524415
524423
524446
524454
524470
524474
524512
524521
524534
524537
524593
524617
524629
524655
524663
524678
524732
524746
524802
524809
524811
524846
524896
524928
524929
524936
524936
525019
525041
525066
525131
525151
525159
525165
525178
525195
525206
525229
525253
525291
525307
525317
525330
525398
525399
525471
525481
525484
525497
525501
525519
525566
525655
525667
525700
525705
525715
525790
525818
525820
525894
525910
525913
525948
525965
526050
526061
526105
526111
526115
526120
526124
526131
526139
526153
526153
526182
526199
526218
526222
526266
526293
526306
526314
526320
526350
526359
526364
526402
526455
526515
526518
526551
526578
526640
526649
526653
526670
526677
526717
526721
526788
526812
526840
526845
526898
526955
526955
526961
527008
527009
527014
527014
527025
527033
527064
527099
527099
527101
527108
527121
527183
527188
527189
527224
527251
527289
527305
527310
527364
527369
527383
527393
527415
527419
527421
527441
527447
527465
527466
527519
527521
527549
527574
527597
527625
527643
527659
527660
527668
527673
527706
527711
527721
527722
527726
527733
527733
527740
527814
527822
527831
527851
527880
527890
527894
527917
527925
527990
527998
528077
528083
528118
528149
528156
528160
528167
528167
528219
528223
528257
528285
528297
528303
528325
528337
528340
528357
528360
528440
528441
528452
528461
528470
528482
528501
528507
528510
528514
528540
528555
528575
528580
528591
528607
528645
528722
528809
528812
528920
528925
528927
528959
528961
528993
528994
528997
529011
529027
529047
529059
529067
529072
529084
529121
529136
529139
529186
529224
529278
529279
529285
529288
529318
529337
529370
529377
529394
529412
529434
529467
529473
529484
529493
529593
529604
529626
529644
529671
529706
529713
529722
529755
529777
529790
529823
529829
529838
529870
529887
529902
529929
529949
530002
530009
530010
530030
530038
530124
530163
530166
530187
530201
530281
530303
530310
530341
530354
530371
530390
530391
530394
530504
530521
530524
530529
530541
530543
530629
530681
530682
530690
530695
530702
530750
530760
530783
530799
530802
530826
530843
530923
530974
530974
530977
530979
530994
531034
531045
531051
531082
531083
531126
531180
531184
531190
531201
531218
531231
531234
531241
531258
531268
531279
531317
531329
531343
531381
531407
531449
531457
531515
531515
531517
531558
531570
531620
531645
531661
531671
531689
531695
531736
531762
531769
531814
531835
531838
531845
531858
531878
531918
531926
531938
532019
532069
532096
532177
532232
532267
532267
532270
532277
532291
532306
532319
532391
532400
532422
532458
532459
532477
532490
532497
532503
532509
532545
532548
532557
532575
532588
532603
532606
532619
532663
532669
532695
532698
532724
532726
532775
532779
532799
532803
532805
532819
532835
532871
532884
532906
532924
532947
532952
532982
533000
533019
533030
533038
533046
533060
533074
533088
533098
533104
533107
533148
533158
533190
533211
533223
533231
533240
533288
533358
533363
533364
533402
533407
533420
533463
533529
533577
533581
533588
533590
533672
533680
533682
533686
533687
533689
533737
533739
533749
533753
533800
533814
533859
533890
533891
533898
533900
533906
533907
533934
533934
533946
533989
533993
534047
534055
534061
534098
534105
534112
534114
534138
534139
534167
534172
534232
534234
534242
534251
534258
534267
534276
534303
534304
534340
534380
534453
534454
534497
534504
534526
534542
534573
534586
534626
534638
534658
534668
534700
534706
534707
534760
534780
534800
534831
534838
534840
534860
534861
534866
534873
534882
534893
534905
535026
535064
535085
535087
535096
535132
535135
535139
535174
535216
535221
535229
535245
535247
535251
535254
535255
535334
535346
535379
535411
535421
535486
535509
535535
535550
535563
535618
535632
535641
535648
535651
535669
535695
535700
535729
535743
535767
535800
535801
535831
535878
535896
535919
535925
535926
535931
535934
535936
535940
535951
535966
535970
535975
535989
536003
536028
536046
536091
536095
536118
536123
536125
536125
536130
536141
536167
536182
536213
536222
536263
536336
536376
536441
536461
536461
536481
536487
536496
536508
536518
536534
536538
536541
536565
536584
536588
536624
536674
536687
536689
536744
536746
536786
536811
536814
536835
536865
536871
536885
536904
536932
536990
537037
537037
537184
537187
537202
537220
537253
537276
537284
537365
537412
537469
537535
537553
537568
537571
537572
537579
537586
537598
537604
537631
537657
537716
537718
537726
537735
537839
537854
537860
537867
537881
537887
537894
537899
537948
537975
538022
538042
538050
538070
538072
538112
538200
538205
538245
538251
538262
538306
538314
538321
538346
538352
538356
538375
538446
538450
538462
538513
538540
538559
538576
538711
538715
538736
538782
538783
538837
538891
538921
538927
538932
538968
538984
539010
539030
539039
539061
539137
539171
539175
539184
539222
539235
539274
539299
539343
539368
539371
539386
539420
539496
539520
539541
539544
539612
539637
539638
539680
539727
539748
539778
539780
539782
539801
539803
539853
539862
539880
539883
539899
539963
539987
539995
540034
540045
540082
540155
540201
540281
540292
540299
540344
540360
540396
540419
540426
540426
540462
540472
540495
540550
540556
540574
540599
540612
540629
540630
540653
540671
540702
540710
540724
540741
540753
540787
540806
540813
540816
540839
540895
540936
540969
540975
540996
541025
541035
541036
541118
541125
541130
541140
541145
541244
541276
541297
541306
541318
541365
541407
541410
541427
541507
541517
541531
541534
541539
541567
541569
541579
541586
541594
541604
541631
541634
541647
541722
541727
541730
541747
541750
541780
541785
541797
541800
541806
541829
541858
541881
541909
541914
541958
541983
542011
542019
542021
542022
542024
542092
542093
542107
542164
542211
542233
542252
542252
542284
542315
542342
542343
542390
542408
542458
542482
542513
542514
542520
542525
542528
542538
542546
542569
542574
542598
542641
542648
542657
542674
542685
542737
542741
542823
542824
542825
542857
542871
542904
542907
542933
542970
543001
543022
543040
543063
543082
543091
543124
543150
543151
543164
543166
543174
543195
543219
543220
543295
543304
543326
543365
543369
543386
543394
543399
543406
543473
543484
543484
543569
543571
543587
543607
543665
543687
543695
543730
543740
543757
543761
543810
543817
543833
543837
543843
543854
543892
543908
543939
543979
544010
544045
544078
544092
544114
544143
544224
544232
544244
544281
544288
544292
544293
544301
544306
544307
544319
544327
544349
544356
544371
544448
544483
544492
544493
544498
544552
544602
544606
544614
544660
544691
544714
544716
544729
544751
544792
544792
544793
544836
544839
544842
544850
544875
544878
544879
544890
544901
544946
544956
544971
544984
544985
545010
545013
545017
545020
545064
545066
545110
545196
545244
545279
545295
545304
545320
545336
545347
545350
545388
545395
545425
545442
545453
545460
545490
545504
545510
545521
545536
545540
545576
545592
545619
545628
545650
545652
545662
545664
545690
545730
545774
545785
545791
545800
545816
545818
545910
545919
545919
545926
545936
545938
545965
545993
546005
546017
546038
546081
546098
546138
546180
546186
546208
546244
546258
546260
546282
546302
546320
546322
546340
546373
546385
546424
546427
546469
546479
546484
546519
546537
546541
546550
546562
546585
546588
546596
546651
546695
546735
546745
546746
546748
546752
546793
546807
546813
546821
546835
546838
546846
546857
546894
546896
546910
546915
546922
546925
546935
546971
546981
546989
546997
547009
547036
547082
547082
547108
547137
547222
547281
547299
547337
547337
547377
547408
547418
547434
547437
547459
547506
547516
547549
547562
547564
547568
547569
547601
547612
547627
547651
547653
547655
547660
547688
547702
547732
547744
547805
547818
547835
547838
547868
547874
547890
547990
547998
548013
548072
548078
548079
548105
548107
548109
548114
548126
548151
548169
548179
548198
548230
548234
548247
548250
548271
548302
548308
548342
548362
548411
548426
548455
548512
548531
548548
548607
548613
548613
548616
548621
548671
548702
548722
548787
548805
548818
548844
548932
548939
548946
548954
548974
548997
549011
549033
549039
549058
549072
549084
549159
549168
549184
549209
549215
549222
549223
549229
549240
549271
549277
549295
549296
549309
549309
549337
549358
549367
549370
549381
549393
549424
549424
549472
549483
549502
549504
549524
549582
549614
549619
549620
549624
549668
549689
549695
549703
549730
549735
549763
549774
549776
549777
549800
549820
549830
549851
549893
549917
549930
549983
549984
549986
550001
550006
550008
550032
550138
550164
550171
550186
550205
550233
550293
550294
550298
550334
550337
550370
550398
550426
550455
550468
550485
550527
550562
550594
550600
550622
550640
550641
550667
550675
550700
550711
550731
550731
550740
550746
550755
550791
550795
550822
550861
550871
550896
550919
550964
550966
550976
550981
551001
551019
551028
551036
551061
551104
551107
551126
551138
551138
551150
551172
551193
551230
551262
551264
551269
551338
551346
551380
551380
551394
551427
551441
551441
551442
551481
551484
551517
551578
551628
551644
551664
551689
551690
551713
551734
551745
551750
551801
551852
551872
551874
551885
551925
551969
551992
551995
552044
552057
552068
552153
552162
552190
552199
552216
552270
552279
552291
552314
552315
552317
552328
552349
552351
552360
552364
552373
552417
552425
552435
552444
552469
552494
552562
552564
552600
552607
552613
552616
552620
552637
552657
552658
552665
552684
552709
552723
552745
552763
552777
552788
552851
552859
552860
552904
552921
552966
552966
553004
553013
553015
553028
553047
553066
553091
553130
553145
553158
553172
553183
553237
553343
553389
553412
553418
553473
553479
553486
553486
553553
553577
553594
553599
553650
553678
553734
553757
553761
553764
553774
553779
553819
553822
553845
553854
553952
553971
554024
554086
554145
554175
554191
554203
554212
554238
554249
554259
554287
554292
554299
554312
554425
554450
554523
554534
554641
554659
554718
554720
554735
554761
554768
554771
554771
554798
554802
554807
554870
554890
554919
554926
554930
554930
554934
554943
554960
554995
555057
555064
555075
555129
555168
555178
555202
555204
555211
555225
555235
555255
555272
555287
555291
555331
555335
555338
555373
555378
555432
555488
555488
555511
555534
555535
555540
555540
555566
555594
555617
555623
555646
555670
555675
555692
555737
555745
555751
555757
555759
555782
555852
555855
555869
555877
555879
555882
555891
555943
555948
555948
556008
556094
556110
556117
556138
556162
556183
556190
556195
556208
556214
556219
556232
556289
556322
556364
556406
556433
556436
556468
556524
556528
556533
556536
556538
556556
556568
556575
556579
556580
556585
556601
556631
556653
556680
556684
556733
556781
556800
556845
556849
556851
556864
556869
556915
556949
556972
556974
556977
556982
556993
557013
557020
557033
557086
557114
557117
557170
557185
557200
557205
557215
557312
557323
557333
557367
557370
557372
557377
557391
557392
557401
557430
557453
557469
557521
557529
557611
557634
557657
557706
557716
557721
557758
557769
557788
557792
557821
557829
557860
557879
557882
557886
557906
557950
557987
558006
558013
558019
558027
558033
558034
558034
558057
558086
558105
558114
558122
558124
558128
558138
558171
558181
558303
558383
558385
558390
558391
558397
558475
558482
558508
558519
558579
558591
558644
558645
558670
558671
558707
558708
558745
558747
558781
558785
558785
558828
558832
558839
558842
558910
558948
559005
559008
559010
559022
559045
559112
559121
559123
559125
559130
559168
559177
559184
559190
559263
559285
559289
559296
559299
559320
559336
559356
559379
559390
559443
559443
559452
559455
559479
559499
559508
559509
559537
559562
559565
559662
559753
559764
559795
559826
559856
559858
559878
559909
559944
559989
559993
560037
560064
560080
560198
560228
560229
560234
560250
560257
560272
560272
560296
560309
560320
560371
560379
560385
560389
560429
560467
560469
560477
560492
560492
560507
560508
560509
560531
560532
560568
560568
560583
560654
560655
560664
560682
560697
560725
560728
560760
560766
560784
560788
560788
560826
560866
560881
560896
560899
560914
560937
560946
561044
561049
561054
561090
561148
561160
561185
561240
561268
561271
561282
561299
561320
561323
561352
561392
561435
561450
561458
561466
561477
561543
561583
561599
561659
561661
561722
561726
561736
561741
561765
561771
561784
561795
561799
561803
561803
561816
561818
561819
561822
561822
561868
561876
561911
561948
561968
561973
561988
561998
562004
562008
562039
562065
562115
562130
562151
562161
562169
562195
562197
562204
562207
562212
562244
562250
562252
562263
562274
562334
562372
562379
562394
562411
562414
562422
562460
562503
562515
562529
562554
562622
562648
562665
562677
562681
562684
562691
562701
562701
562709
562715
562720
562725
562737
562739
562777
562828
562832
562852
562862
562863
562875
562875
562929
562937
562939
562943
562951
562974
562976
563018
563059
563092
563099
563102
563109
563112
563167
563174
563267
563305
563313
563366
563371
563373
563406
563426
563453
563461
563476
563483
563483
563505
563547
563580
563591
563636
563658
563703
563726
563728
563745
563774
563792
563835
563843
563879
563882
563892
563897
563898
563907
563927
563949
564025
564043
564058
564115
564116
564121
564123
564151
564171
564172
564185
564213
564329
564340
564347
564369
564411
564430
564432
564453
564467
564478
564499
564524
564568
564598
564608
564626
564626
564681
564683
564702
564714
564775
564791
564817
564830
564854
564880
564902
564906
564922
564926
564929
564933
564939
564952
564977
565001
565033
565047
565056
565078
565091
565112
565142
565186
565193
565203
565204
565267
565273
565287
565307
565307
565308
565335
565342
565367
565384
565384
565415
565416
565426
565502
565551
565553
565558
565568
565569
565583
565611
565634
565655
565694
565694
565711
565778
565786
565793
565793
565809
565827
565847
565871
565874
565907
565975
565979
565986
565997
566023
566024
566078
566094
566113
566122
566188
566191
566198
566224
566273
566274
566274
566287
566292
566323
566338
566409
566446
566460
566476
566478
566481
566504
566555
566559
566571
566571
566572
566573
566590
566610
566619
566692
566694
566699
566732
566732
566735
566737
566739
566765
566765
566771
566774
566826
566833
566847
566861
566870
566870
566889
566897
566910
566926
566926
566931
566941
566951
566953
566953
566990
567026
567029
567058
567102
567107
567114
567117
567129
567164
567169
567219
567220
567235
567251
567301
567309
567312
567320
567328
567336
567344
567363
567377
567381
567386
567392
567423
567439
567452
567461
567463
567485
567497
567514
567523
567555
567568
567649
567664
567683
567699
567706
567742
567746
567748
567762
567781
567814
567821
567823
567825
567828
567853
567860
567888
567914
567940
567943
568001
568003
568049
568051
568092
568097
568106
568143
568173
568180
568184
568260
568330
568343
568366
568379
568389
568390
568402
568446
568469
568472
568489
568512
568528
568555
568579
568590
568604
568666
568678
568687
568700
568726
568777
568787
568796
568799
568825
568859
568913
568919
568921
568925
568927
568967
568969
569084
569089
569107
569194
569208
569215
569217
569217
569281
569301
569303
569329
569336
569357
569364
569368
569383
569392
569397
569404
569415
569421
569487
569503
569508
569508
569565
569588
569625
569626
569653
569688
569701
569714
569747
569787
569848
569851
569862
569900
569911
569917
569926
569958
569982
569997
570003
570006
570009
570017
570050
570113
570145
570210
570217
570257
570295
570319
570329
570367
570374
570386
570403
570412
570439
570453
570470
570472
570501
570532
570549
570580
570599
570600
570662
570662
570669
570684
570701
570705
570727
570764
570771
570801
570841
570842
570882
570889
570917
570975
570979
571053
571076
571078
571079
571119
571122
571130
571179
571199
571201
571202
571202
571210
571211
571238
571255
571292
571293
571375
571377
571385
571385
571392
571397
571409
571446
571459
571511
571511
571534
571551
571606
571662
571664
571726
571750
571761
571777
571778
571778
571784
571784
571787
571819
571829
571925
571951
571963
571975
571977
571991
571992
572033
572047
572101
572166
572175
572265
572265
572268
572288
572301
572317
572331
572348
572353
572362
572388
572395
572454
572459
572465
572465
572487
572490
572553
572566
572566
572568
572575
572603
572631
572657
572660
572688
572718
572745
572777
572778
572790
572804
572824
572824
572859
572874
572898
572924
572948
573010
573049
573107
573117
573136
573147
573165
573170
573189
573212
573212
573215
573226
573278
573289
573302
573304
573326
573340
573369
573423
573441
573460
573475
573526
573547
573549
573564
573579
573598
573617
573619
573622
573629
573673
573689
573711
573740
573782
573786
573837
573856
573875
573884
573898
573905
573938
573941
573952
573961
573979
573993
574010
574011
574039
574073
574112
574114
574150
574174
574178
574188
574190
574212
574213
574219
574251
574308
574322
574326
574361
574362
574386
574468
574477
574489
574528
574579
574583
574589
574603
574622
574632
574637
574667
574680
574704
574727
574821
574831
574856
574927
574967
574967
574980
574996
575026
575048
575053
575118
575125
575138
575151
575155
575196
575203
575208
575219
575224
575227
575231
575250
575251
575251
575260
575292
575313
575323
575347
575356
575374
575378
575386
575389
575397
575398
575474
575531
575543
575554
575577
575614
575629
575639
575645
575657
575663
575683
575683
575686
575689
575704
575760
575761
575762
575891
575893
575899
575996
576003
576034
576045
576061
576110
576124
576131
576146
576172
576255
576262
576373
576401
576418
576420
576422
576493
576494
576515
576531
576539
576553
576558
576560
576586
576616
576621
576629
576680
576703
576718
576722
576735
576735
576886
576915
576946
577019
577022
577046
577057
577069
577096
577103
577114
577130
577134
577134
577146
577182
577192
577195
577233
577244
577260
577265
577339
577367
577368
577391
577400
577409
577452
577483
577494
577514
577528
577529
577565
577672
577702
577716
577722
577728
577731
577749
577763
577770
577797
577830
577840
577869
577870
577916
577916
577918
577946
578007
578043
578045
578047
578073
578074
578087
578131
578139
578151
578155
578197
578218
578247
578262
578278
578305
578307
578323
578325
578347
578348
578356
578384
578390
578404
578430
578442
578451
578465
578475
578485
578522
578536
578545
578547
578577
578596
578599
578637
578641
578650
578657
578671
578708
578721
578733
578767
578771
578826
578838
578842
578858
578861
578863
578883
578935
578957
578968
578970
579013
579074
579082
579091
579095
579107
579109
579118
579120
579142
579142
579166
579199
579203
579229
579270
579276
579300
579300
579311
579332
579351
579353
579356
579362
579366
579385
579413
579454
579516
579519
579545
579587
579592
579595
579606
579609
579614
579617
579625
579633
579642
579667
579669
579699
579725
579739
579740
579765
579786
579845
579866
579878
579884
579890
579897
579904
579955
579958
579990
580019
580031
580042
580057
580100
580131
580154
580201
580202
580212
580226
580237
580250
580251
580257
580264
580298
580315
580320
580329
580335
580342
580352
580379
580387
580432
580449
580455
580456
580457
580490
580493
580516
580532
580540
580547
580563
580582
580588
580592
580599
580602
580626
580662
580667
580675
580685
580695
580712
580758
580772
580783
580791
580796
580801
580812
580845
580861
580874
580876
580897
580916
580970
580994
581028
581071
581078
581176
581208
581250
581280
581323
581346
581351
581380
581390
581405
581411
581416
581456
581463
581486
581489
581514
581514
581542
581604
581629
581632
581632
581645
581665
581673
581709
581788
581853
581863
581950
581981
581984
581989
582012
582037
582041
582047
582067
582080
582090
582123
582158
582204
582250
582303
582304
582312
582316
582343
582358
582376
582386
582391
582395
582452
582469
582472
582478
582491
582524
582530
582547
582557
582561
582561
582581
582585
582589
582592
582613
582643
582656
582673
582700
582711
582744
582755
582765
582795
582799
582802
582807
582813
582846
582887
582914
582938
582951
582961
582962
582966
582972
582979
582984
582989
582995
583000
583047
583054
583069
583090
583120
583136
583189
583199
583215
583222
583239
583242
583243
583266
583267
583294
583300
583317
583369
583374
583426
583475
583494
583495
583500
583501
583509
583512
583533
583539
583558
583617
583659
583682
583688
583704
583730
583737
583748
583769
583772
583777
583809
583811
583877
583895
583930
583934
583982
583988
584000
584032
584045
584062
584105
584113
584144
584146
584185
584192
584227
584302
584348
584362
584371
584379
584398
584405
584410
584438
584442
584460
584472
584491
584548
584576
584585
584609
584630
584638
584642
584648
584670
584710
584852
584867
584872
584910
584919
584930
584938
584940
584954
584990
584993
585014
585029
585069
585076
585078
585089
585098
585108
585132
585195
585228
585245
585254
585268
585269
585277
585325
585371
585374
585414
585421
585443
585451
585472
585480
585488
585503
585522
585533
585563
585577
585636
585639
585700
585703
585728
585734
585757
585761
585776
585836
585855
585871
585875
585903
585904
585935
585937
585941
585961
585981
585986
586010
586054
586086
586116
586143
586165
586185
586215
586235
586242
586247
586258
586266
586270
586283
586284
586307
586337
586353
586355
586358
586358
586365
586389
586400
586421
586508
586510
586571
586597
586609
586612
586627
586627
586632
586635
586644
586672
586674
586682
586721
586752
586761
586829
586831
586845
586891
586909
586911
586919
586922
586924
586928
586961
587041
587072
587077
587077
587080
587100
587101
587159
587166
587216
587266
587267
587289
587291
587303
587316
587350
587380
587403
587427
587491
587506
587512
587542
587577
587612
587615
587624
587651
587663
587758
587770
587840
587848
587851
587855
587907
587918
587931
587936
587949
588009
588016
588032
588037
588048
588080
588085
588098
588102
588112
588132
588134
588184
588185
588192
588215
588224
588236
588238
588257
588258
588262
588267
588268
588283
588321
588335
588340
588348
588349
588393
588424
588427
588447
588469
588504
588507
588538
588553
588553
588595
588621
588638
588654
588660
588710
588749
588754
588761
588786
588787
588790
588807
588839
588861
588862
588882
588899
588907
588919
588930
588956
588959
588987
589030
589057
589060
589089
589092
589093
589110
589128
589153
589167
589178
589220
589255
589257
589275
589290
589309
589313
589359
589363
589377
589385
589387
589393
589432
589449
589479
589481
589508
589526
589545
589607
589623
589663
589665
589675
589685
589707
589732
589797
589821
589834
589880
589881
589896
589905
589943
589950
589960
589968
589978
589998
590021
590047
590052
590123
590140
590154
590203
590204
590244
590258
590268
590282
590303
590329
590343
590357
590371
590419
590423
590426
590433
590449
590459
590471
590501
590505
590519
590534
590537
590547
590558
590575
590630
590640
590651
590659
590709
590729
590735
590753
590778
590921
590929
590940
590980
590992
591001
591117
591119
591133
591135
591163
591182
591183
591200
591213
591219
591220
591242
591263
591269
591308
591352
591386
591414
591449
591465
591529
591553
591578
591594
591598
591720
591730
591739
591746
591756
591758
591771
591792
591792
591799
591812
591830
591927
591941
591980
591983
592019
592032
592042
592043
592047
592172
592188
592189
592197
592200
592218
592221
592254
592266
592286
592307
592327
592338
592343
592358
592396
592411
592424
592428
592430
592469
592489
592504
592516
592540
592572
592593
592629
592676
592692
592700
592723
592745
592748
592816
592816
592868
592872
592906
592923
592923
592956
592962
592964
592983
593008
593014
593026
593031
593033
593055
593059
593064
593072
593076
593127
593132
593135
593142
593143
593227
593234
593234
593245
593304
593305
593334
593348
593356
593383
593392
593416
593441
593444
593488
593504
593533
593541
593556
593588
593590
593595
593597
593613
593621
593633
593665
593665
593689
593698
593710
593725
593731
593736
593748
593805
593832
593842
593883
593901
593917
593947
593978
594078
594081
594083
594104
594109
594126
594175
594191
594200
594215
594218
594222
594231
594243
594259
594268
594269
594270
594271
594274
594302
594325
594358
594363
594401
594406
594420
594436
594465
594481
594497
594499
594547
594550
594567
594575
594637
594637
594678
594693
594700
594760
594790
594795
594803
594810
594833
594847
594851
594896
594900
594942
594980
595034
595060
595096
595113
595161
595199
595201
595210
595226
595244
595337
595346
595364
595366
595389
595403
595414
595425
595439
595470
595482
595488
595538
595562
595587
595590
595602
595622
595635
595748
595752
595760
595799
595813
595814
595825
595836
595841
595863
595872
595879
595905
595905
595912
595946
595977
596025
596049
596071
596076
596124
596147
596159
596184
596249
596266
596280
596288
596294
596307
596326
596335
596343
596355
596384
596414
596415
596440
596458
596480
596512
596516
596541
596566
596577
596581
596627
596652
596672
596674
596692
596741
596764
596775
596790
596816
596841
596851
596862
596873
596876
596876
596883
596902
596915
596920
596927
596941
596943
596992
597022
597033
597061
597069
597076
597081
597084
597115
597161
597168
597172
597229
597232
597245
597251
597256
597278
597282
597283
597308
597314
597327
597350
597361
597363
597366
597411
597453
597465
597475
597545
597547
597550
597557
597564
597600
597640
597665
597678
597727
597738
597739
597740
597740
597749
597755
597760
597761
597817
597862
597870
597889
597909
597916
597959
597974
597990
598008
598044
598049
598075
598094
598129
598142
598148
598164
598187
598244
598250
598304
598313
598315
598316
598347
598347
598436
598511
598546
598574
598583
598589
598598
598609
598645
598664
598669
598673
598685
598693
598756
598763
598823
598833
598847
598909
598972
598985
598993
599002
599016
599041
599090
599100
599111
599140
599141
599162
599183
599202
599222
599260
599291
599304
599309
599336
599397
599456
599473
599497
599525
599557
599575
599591
599623
599625
599636
599648
599680
599718
599727
599743
599745
599808
599809
599811
599832
599855
599856
599859
599946
599947
599960
600009
600016
600026
600056
600061
600126
600159
600161
600176
600176
600199
600206
600253
600265
600279
600281
600290
600300
600300
600308
600329
600353
600363
600376
600392
600407
600410
600422
600447
600456
600509
600523
600531
600548
600550
600554
600559
600578
600668
600697
600718
600727
600728
600757
600762
600795
600818
600831
600863
600880
600898
600907
600926
600930
600944
600951
600971
600972
600977
600987
600989
601032
601099
601135
601146
601148
601165
601169
601180
601203
601216
601223
601226
601234
601251
601258
601291
601294
601354
601378
601407
601432
601433
601442
601447
601464
601467
601515
601524
601529
601549
601551
601553
601562
601580
601611
601673
601700
601720
601742
601756
601793
601811
601826
601885
601896
601902
601909
601930
601966
601973
601975
602043
602045
602056
602059
602069
602084
602118
602123
602156
602162
602166
602178
602221
602322
602346
602431
602458
602472
602510
602513
602516
602524
602564
602591
602594
602600
602603
602636
602644
602685
602688
602704
602705
602731
602736
602771
602781
602786
602789
602808
602813
602818
602857
602894
602899
602938
602963
602964
602977
602984
603025
603057
603102
603109
603123
603151
603203
603210
603249
603269
603279
603287
603294
603301
603314
603332
603338
603339
603397
603401
603413
603425
603432
603462
603501
603508
603517
603548
603555
603557
603565
603629
603648
603663
603725
603766
603771
603800
603840
603861
603899
603908
603910
603947
603948
603988
603996
604007
604020
604020
604034
604087
604106
604123
604148
604154
604157
604165
604183
604183
604196
604203
604206
604230
604276
604288
604306
604326
604336
604351
604351
604352
604361
604382
604399
604407
604423
604449
604474
604530
604554
604567
604576
604579
604607
604686
604714
604791
604813
604816
604862
604866
604881
604891
604899
604904
604955
604960
604979
604994
605008
605014
605034
605040
605105
605119
605144
605157
605169
605180
605180
605193
605195
605198
605232
605233
605241
605246
605254
605255
605260
605271
605339
605418
605427
605451
605457
605472
605476
605514
605522
605528
605574
605577
605586
605641
605643
605667
605681
605704
605736
605740
605766
605830
605831
605832
605859
605876
605877
605878
605907
606015
606066
606108
606114
606121
606189
606212
606295
606302
606337
606343
606417
606434
606435
606438
606446
606455
606465
606556
606568
606609
606648
606658
606667
606693
606700
606701
606722
606737
606758
606806
606836
606846
606849
606850
606891
606897
606901
606939
606960
606980
606989
607017
607018
607040
607062
607085
607086
607086
607089
607095
607147
607176
607188
607206
607215
607218
607237
607313
607366
607405
607414
607422
607436
607439
607448
607517
607528
607534
607554
607581
607592
607611
607616
607633
607671
607681
607688
607721
607730
607736
607768
607805
607818
607820
607838
607844
607865
607869
607870
607915
607999
608021
608028
608057
608125
608136
608151
608163
608178
608210
608210
608248
608320
608359
608363
608375
608384
608391
608407
608424
608430
608465
608466
608510
608514
608596
608601
608626
608638
608825
608836
608852
608860
608888
608930
608930
608966
608973
609055
609076
609082
609110
609132
609148
609177
609212
609218
609227
609233
609247
609264
609277
609288
609294
609298
609325
609354
609360
609397
609410
609432
609441
609449
609473
609494
609503
609515
609528
609543
609546
609579
609589
609602
609609
609625
609647
609672
609677
609684
609724
609741
609753
609781
609794
609857
609867
609883
609888
609916
609943
609960
610006
610009
610010
610084
610093
610097
610098
610104
610112
610140
610149
610160
610169
610201
610215
610222
610227
610254
610261
610272
610283
610290
610315
610351
610394
610446
610460
610463
610487
610492
610513
610518
610526
610543
610573
610580
610593
610627
610654
610659
610659
610659
610665
610676
610695
610733
610733
610739
610771
610802
610816
610836
610846
610863
610895
610930
610947
610990
610997
611000
611011
611014
611015
611025
611037
611108
611186
611205
611212
611212
611275
611289
611294
611296
611347
611381
611382
611382
611386
611399
611412
611425
611440
611441
611454
611507
611548
611552
611571
611601
611602
611602
611750
611756
611758
611773
611790
611817
611836
611847
611869
611899
611909
611944
611955
611981
611989
612009
612016
612032
612039
612072
612076
612087
612090
612125
612126
612132
612133
612141
612165
612194
612212
612221
612256
612258
612288
612338
612340
612341
612351
612382
612438
612470
612473
612500
612512
612518
612548
612550
612561
612572
612575
612577
612592
612594
612621
612649
612668
612730
612742
612755
612770
612820
612825
612827
612866
612939
612960
612960
612998
613000
613031
613035
613107
613127
613166
613179
613180
613189
613217
613241
613267
613277
613291
613346
613354
613429
613460
613461
613487
613556
613557
613567
613596
613613
613643
613643
613666
613667
613678
613683
613701
613713
613750
613771
613773
613774
613810
613831
613844
613868
613890
613911
613914
613934
613938
614005
614007
614019
614045
614056
614059
614063
614095
614106
614112
614129
614136
614136
614155
614187
614197
614202
614207
614214
614224
614226
614244
614306
614329
614344
614353
614362
614386
614401
614412
614423
614423
614424
614437
614444
614483
614493
614547
614550
614569
614670
614681
614688
614712
614748
614771
614833
614876
614938
614963
614978
614982
615030
615035
615038
615044
615056
615090
615125
615155
615166
615173
615187
615188
615190
615197
615245
615281
615299
615318
615329
615346
615367
615403
615403
615404
615424
615438
615440
615477
615478
615496
615526
615551
615565
615566
615567
615588
615637
615638
615672
615684
615687
615710
615717
615721
615735
615750
615779
615787
615846
615870
615887
615988
615996
616026
616029
616083
616085
616102
616114
616157
616173
616181
616243
616321
616378
616412
616428
616431
616441
616467
616499
616506
616536
616539
616541
616597
616606
616607
616638
616659
616662
616668
616694
616717
616757
616765
616770
616785
616809
616816
616871
616883
616890
616941
616948
616950
616962
617049
617077
617079
617084
617100
617147
617150
617175
617178
617212
617229
617299
617383
617386
617395
617402
617445
617452
617455
617457
617510
617513
617524
617574
617575
617631
617639
617648
617676
617709
617710
617710
617718
617746
617754
617792
617795
617825
617865
617916
617924
617926
618003
618040
618119
618125
618158
618164
618211
618233
618239
618282
618282
618431
618447
618467
618500
618510
618518
618537
618548
618552
618553
618560
618571
618726
618760
618762
618766
618784
618789
618797
618825
618852
618864
618910
618947
618959
618960
618963
618987
619015
619023
619040
619043
619115
619136
619137
619163
619173
619189
619224
619238
619239
619261
619281
619292
619295
619299
619306
619315
619319
619336
619359
619375
619383
619389
619414
619440
619455
619487
619508
619536
619539
619554
619557
619565
619572
619581
619594
619619
619663
619674
619709
619731
619771
619771
619773
619783
619809
619835
619851
619867
619889
619900
619906
619908
619945
619957
619988
620014
620020
620034
620098
620131
620138
620174
620195
620196
620219
620237
620277
620323
620331
620344
620346
620388
620436
620456
620460
620474
620479
620508
620521
620558
620561
620571
620604
620615
620630
620671
620673
620705
620713
620723
620756
620804
620823
620829
620838
620854
620869
620875
620889
620902
620910
620912
621018
621030
621053
621070
621077
621105
621135
621160
621182
621227
621245
621245
621309
621318
621319
621340
621367
621380
621401
621430
621436
621461
621480
621483
621523
621536
621539
621544
621546
621565
621566
621567
621576
621579
621628
621649
621659
621679
621772
621774
621787
621805
621817
621823
621846
621847
621890
621892
621902
621960
621971
621972
621977
621986
621996
622015
622033
622041
622072
622086
622087
622113
622149
622158
622166
622168
622198
622206
622226
622228
622231
622267
622279
622301
622312
622340
622356
622357
622393
622397
622410
622415
622417
622469
622514
622526
622536
622538
622539
622548
622559
622566
622582
622585
622646
622655
622679
622696
622724
622749
622758
622782
622824
622853
622882
622903
622911
622928
622971
622981
623018
623038
623042
623046
623087
623101
623105
623115
623133
623145
623184
623213
623229
623263
623309
623317
623363
623372
623410
623414
623424
623443
623459
623470
623478
623520
623527
623536
623565
623587
623602
623610
623630
623669
623675
623696
623750
623793
623803
623810
623829
623832
623845
623860
623862
623890
623892
623923
623980
623994
623995
624015
624074
624126
624168
624194
624202
624205
624210
624260
624262
624265
624269
624291
624297
624330
624337
624400
624406
624410
624440
624475
624494
624525
624526
624556
624581
624587
624591
624634
624693
624699
624709
624734
624741
624770
624791
624797
624805
624813
624816
624897
624911
624921
624927
624948
624951
624954
624957
624964
624999
625007
625010
625036
625048
625048
625049
625069
625103
625145
625201
625234
625244
625245
625279
625294
625325
625329
625334
625344
625354
625359
625394
625425
625437
625447
625459
625475
625482
625495
625530
625565
625591
625620
625638
625671
625679
625696
625707
625747
625749
625820
625859
625860
625867
625892
625912
625991
626003
626013
626024
626082
626097
626100
626110
626118
626144
626145
626153
626164
626165
626173
626181
626188
626196
626223
626244
626264
626289
626315
626387
626401
626460
626478
626540
626552
626569
626603
626608
626637
626662
626686
626741
626742
626747
626763
626767
626768
626810
626841
626859
626891
626903
626906
626924
626969
626971
627014
627070
627074
627104
627152
627154
627166
627197
627219
627221
627221
627232
627236
627241
627262
627265
627266
627280
627281
627291
627311
627312
627337
627356
627367
627432
627445
627447
627472
627486
627498
627508
627512
627530
627540
627541
627546
627577
627591
627599
627612
627645
627681
627722
627728
627741
627748
627753
627765
627766
627766
627772
627779
627784
627828
627856
627890
627898
627920
627928
627976
627991
627992
628006
628016
628020
628031
628031
628071
628085
628091
628093
628095
628098
628113
628126
628191
628201
628205
628237
628253
628267
628295
628314
628334
628334
628417
628429
628467
628515
628528
628542
628610
628659
628662
628680
628687
628689
628721
628744
628776
628783
628784
628824
628826
628835
628857
628862
628873
628875
628901
628906
628912
628932
628938
628950
628966
628994
629006
629007
629021
629045
629108
629121
629148
629168
629189
629202
629209
629238
629268
629269
629287
629301
629308
629309
629368
629386
629386
629415
629434
629436
629469
629469
629475
629476
629481
629494
629496
629537
629545
629577
629578
629585
629587
629597
629614
629630
629679
629716
629720
629738
629765
629821
629829
629852
629882
629897
629913
629926
629963
629963
629976
629986
629989
630009
630050
630053
630066
630075
630084
630101
630133
630139
630151
630160
630224
630230
630248
630262
630288
630315
630320
630330
630331
630356
630364
630369
630444
630444
630445
630460
630531
630589
630614
630615
630642
630659
630664
630700
630734
630775
630802
630838
630851
630865
630891
630895
630896
630912
630921
631015
631026
631076
631094
631166
631168
631206
631251
631254
631301
631324
631329
631346
631349
631353
631358
631361
631371
631374
631375
631394
631407
631412
631421
631438
631467
631472
631473
631475
631491
631495
631525
631541
631562
631578
631605
631612
631625
631639
631666
631709
631767
631784
631821
631838
631846
631857
631863
631866
631938
631987
631991
632015
632043
632069
632093
632101
632102
632104
632106
632111
632127
632133
632136
632153
632158
632179
632182
632231
632236
632244
632249
632271
632285
632318
632332
632344
632360
632387
632433
632442
632462
632488
632489
632493
632540
632585
632598
632607
632643
632652
632658
632660
632673
632701
632707
632729
632730
632752
632768
632827
632850
632854
632868
632934
632959
632970
633001
633010
633012
633020
633048
633054
633087
633091
633140
633186
633186
633187
633217
633240
633247
633247
633317
633321
633328
633332
633342
633349
633356
633369
633381
633397
633414
633417
633488
633558
633582
633592
633628
633638
633646
633672
633728
633792
633816
633829
633832
633832
633882
633928
634019
634023
634031
634034
634045
634045
634072
634082
634090
634098
634149
634150
634158
634190
634229
634239
634273
634276
634294
634343
634349
634366
634382
634417
634470
634471
634479
634547
634553
634570
634579
634609
634625
634661
634675
634688
634688
634694
634732
634740
634758
634771
634782
634785
634795
634803
634803
634834
634858
634872
634914
634919
634941
634958
634966
634976
634996
634999
635008
635032
635056
635069
635103
635116
635123
635161
635169
635175
635179
635184
635209
635236
635244
635296
635316
635322
635333
635336
635367
635383
635390
635424
635426
635474
635474
635499
635521
635554
635579
635580
635618
635654
635657
635665
635679
635685
635715
635727
635744
635773
635805
635819
635823
635837
635909
635973
635979
636091
636101
636116
636121
636144
636194
636263
636268
636283
636285
636290
636291
636301
636338
636349
636373
636383
636392
636405
636426
636457
636457
636483
636487
636501
636517
636537
636592
636614
636642
636684
636685
636695
636721
636737
636844
636876
636889
636903
636943
636958
637037
637055
637060
637067
637074
637089
637105
637189
637196
637197
637261
637321
637359
637378
637393
637394
637422
637446
637447
637462
637475
637476
637529
637545
637546
637560
637577
637580
637589
637593
637604
637611
637617
637633
637668
637692
637717
637770
637823
637837
637850
637878
637887
637889
637895
637896
637898
637913
637921
637931
637962
638008
638016
638020
638079
638088
638108
638114
638122
638133
638144
638193
638210
638211
638228
638274
638293
638302
638312
638332
638356
638364
638365
638368
638371
638372
638381
638387
638423
638434
638456
638498
638513
638538
638540
638540
638544
638552
638572
638610
638667
638668
638668
638677
638693
638700
638720
638726
638736
638770
638816
638821
638858
638904
638957
638966
638991
639002
639045
639045
639057
639058
639085
639134
639134
639138
639144
639152
639185
639205
639220
639221
639223
639240
639260
639274
639291
639320
639322
639331
639372
639408
639415
639420
639430
639448
639472
639473
639494
639501
639521
639530
639545
639562
639572
639593
639613
639615
639624
639632
639653
639690
639745
639748
639775
639783
639802
639820
639845
639865
639865
639889
639907
639928
639950
639954
639964
639971
640001
640009
640059
640073
640085
640090
640113
640133
640135
640154
640159
640174
640195
640202
640227
640230
640267
640314
640320
640320
640364
640383
640395
640408
640415
640426
640457
640461
640487
640514
640528
640552
640615
640617
640628
640630
640634
640653
640658
640660
640661
640705
640779
640788
640818
640819
640835
640846
640848
640865
640866
640869
640890
640912
640916
640933
640938
640948
640951
640971
640992
641016
641022
641022
641026
641032
641100
641115
641143
641172
641177
641181
641190
641193
641202
641226
641229
641240
641242
641244
641255
641260
641285
641324
641362
641367
641413
641539
641545
641546
641574
641586
641615
641622
641625
641634
641647
641652
641660
641664
641694
641705
641705
641706
641768
641800
641843
641887
641891
641898
641900
641906
641913
641919
641923
641924
641964
641964
641973
641975
641991
642009
642036
642039
642064
642066
642081
642091
642093
642098
642109
642125
642133
642154
642157
642183
642209
642209
642267
642276
642280
642280
642290
642311
642317
642323
642338
642338
642368
642373
642374
642398
642453
642465
642484
642605
642635
642638
642720
642746
642764
642797
642806
642837
642844
642847
642847
642901
642906
643001
643038
643050
643089
643103
643126
643135
643142
643147
643176
643180
643193
643296
643309
643331
643337
643476
643498
643499
643581
643590
643623
643662
643686
643703
643716
643750
643777
643797
643813
643827
643835
643878
643902
643907
643913
643921
643936
643966
643999
644020
644038
644056
644147
644179
644182
644217
644244
644272
644294
644304
644311
644413
644425
644427
644427
644502
644529
644536
644547
644570
644587
644594
644619
644690
644691
644707
644782
644822
644845
644858
644866
644879
644880
644892
644909
644918
644929
644958
644960
645010
645040
645050
645074
645080
645119
645132
645144
645152
645177
645225
645226
645237
645241
645247
645265
645268
645296
645318
645330
645350
645375
645389
645406
645428
645479
645491
645513
645532
645549
645563
645564
645570
645593
645604
645628
645656
645672
645709
645731
645734
645740
645745
645752
645769
645777
645804
645836
645837
645961
645995
646018
646062
646109
646133
646165
646173
646183
646212
646230
646256
646280
646294
646305
646311
646376
646391
646425
646460
646468
646474
646513
646518
646519
646538
646538
646650
646684
646742
646757
646763
646768
646810
646819
646892
646893
646933
646942
646944
646945
646968
646998
647025
647042
647048
647048
647050
647058
647063
647074
647080
647084
647104
647124
647127
647147
647158
647160
647162
647181
647190
647209
647248
647252
647292
647294
647300
647338
647351
647392
647411
647421
647421
647422
647430
647439
647442
647466
647476
647487
647498
647504
647526
647592
647593
647597
647606
647632
647642
647678
647689
647699
647704
647711
647727
647744
647748
647803
647819
647827
647829
647830
647853
647896
647900
647950
647981
648033
648063
648069
648074
648149
648174
648190
648193
648221
648225
648247
648294
648332
648342
648364
648365
648378
648396
648419
648442
648457
648469
648478
648484
648572
648588
648616
648631
648699
648754
648760
648830
648846
648851
648865
648870
648887
648897
648919
648986
648995
649002
649023
649030
649051
649069
649080
649144
649163
649165
649221
649231
649233
649244
649292
649309
649311
649311
649316
649319
649321
649341
649417
649425
649448
649487
649501
649502
649583
649608
649611
649624
649650
649674
649682
649722
649765
649781
649786
649828
649835
649840
649841
649868
649869
649872
649880
649883
649905
649932
649965
649983
649986
650002
650016
650035
650039
650062
650107
650107
650113
650140
650147
650149
650161
650188
650213
650254
650270
650278
650280
650289
650297
650305
650318
650326
650349
650358
650390
650411
650419
650421
650434
650449
650451
650539
650542
650553
650597
650629
650658
650662
650709
650720
650721
650748
650751
650800
650822
650822
650855
650866
650875
650875
650889
650966
650981
650997
651002
651018
651038
651047
651049
651070
651082
651116
651155
651171
651183
651192
651201
651201
651211
651323
651388
651460
651478
651489
651532
651577
651601
651610
651612
651628
651655
651670
651697
651707
651730
651757
651786
651838
651858
651867
651869
651944
651993
652017
652020
652022
652023
652027
652029
652057
652057
652079
652089
652093
652103
652123
652225
652239
652270
652282
652286
652306
652316
652323
652362
652372
652482
652507
652569
652578
652585
652597
652608
652681
652716
652729
652741
652768
652780
652780
652795
652801
652879
652883
652907
652913
652913
652926
652930
652939
652953
653028
653058
653069
653087
653109
653123
653140
653153
653167
653170
653198
653229
653253
653273
653279
653326
653332
653345
653368
653370
653428
653430
653455
653478
653502
653520
653559
653568
653592
653612
653626
653709
653724
653738
653741
653761
653767
653783
653789
653840
653867
653916
653917
653927
653968
653980
653990
654001
654004
654047
654062
654082
654085
654126
654140
654181
654205
654235
654240
654267
654270
654278
654283
654302
654339
654349
654361
654363
654377
654398
654407
654414
654417
654436
654438
654444
654503
654517
654520
654541
654583
654583
654584
654625
654675
654708
654715
654742
654762
654766
654769
654777
654799
654800
654871
654888
654900
654924
654942
654991
655008
655038
655039
655040
655041
655045
655061
655094
655106
655126
655172
655242
655307
655351
655352
655355
655373
655414
655416
655422
655422
655471
655480
655481
655518
655528
655545
655564
655575
655620
655632
655653
655692
655771
655819
655835
655867
655873
655874
655892
655912
655929
655931
655969
655989
656008
656071
656115
656133
656137
656154
656183
656220
656272
656280
656283
656286
656299
656369
656389
656391
656405
656410
656435
656437
656454
656466
656493
656496
656570
656570
656594
656646
656649
656650
656664
656665
656680
656680
656683
656720
656788
656877
656893
656901
656905
656950
656990
656999
657001
657004
657031
657052
657071
657088
657112
657157
657164
657166
657170
657171
657171
657186
657223
657261
657308
657324
657330
657331
657334
657336
657355
657370
657387
657397
657424
657444
657444
657460
657471
657479
657486
657516
657542
657572
657633
657639
657641
657739
657759
657786
657814
657818
657819
657829
657839
657849
657873
657887
657897
657929
657949
657956
657958
657998
658018
658032
658041
658074
658078
658086
658122
658129
658137
658169
658197
658223
658247
658267
658271
658278
658293
658296
658321
658336
658346
658355
658375
658382
658390
658420
658421
658425
658438
658486
658513
658543
658651
658665
658698
658716
658762
658773
658825
658866
658874
658887
658889
658916
658918
658921
658936
658941
658991
658996
659005
659027
659029
659037
659051
659090
659097
659099
659134
659138
659144
659152
659177
659189
659214
659219
659227
659235
659253
659272
659273
659274
659282
659303
659306
659340
659345
659379
659397
659399
659403
659411
659437
659443
659452
659469
659524
659531
659538
659552
659598
659639
659648
659648
659668
659695
659708
659733
659793
659837
659843
659852
659855
659878
659888
659889
659892
659897
659897
659913
659922
659937
659958
659966
659992
660001
660020
660028
660052
660061
660124
660152
660173
660209
660224
660269
660271
660276
660279
660291
660298
660307
660342
660378
660383
660390
660410
660425
660428
660438
660447
660466
660474
660542
660558
660634
660634
660635
660669
660695
660723
660755
660795
660811
660824
660846
660872
660896
660984
661009
661043
661087
661093
661094
661097
661113
661114
661122
661132
661155
661169
661170
661193
661195
661201
661232
661241
661243
661263
661280
661317
661360
661384
661409
661429
661430
661470
661492
661513
661514
661548
661579
661580
661581
661582
661593
661602
661666
661680
661682
661718
661761
661781
661879
661888
661918
661927
661935
661944
661949
661960
661967
661980
662001
662013
662027
662084
662180
662208
662210
662213
662235
662253
662264
662283
662319
662361
662384
662411
662450
662465
662545
662552
662571
662573
662595
662596
662601
662603
662607
662630
662640
662645
662650
662675
662680
662682
662727
662735
662743
662769
662781
662792
662797
662855
662875
662887
662906
662928
662930
662934
662967
662972
662972
662976
662979
662991
663002
663014
663026
663068
663082
663110
663111
663148
663167
663188
663198
663206
663215
663271
663271
663273
663320
663355
663376
663397
663415
663427
663452
663469
663525
663526
663527
663538
663546
663555
663591
663592
663597
663603
663645
663730
663751
663768
663783
663806
663834
663847
663864
663868
663874
663878
663891
663909
663936
663951
663967
663974
663986
664001
664030
664049
664064
664070
664071
664097
664113
664207
664246
664257
664267
664271
664306
664310
664364
664369
664388
664392
664399
664401
664433
664433
664444
664468
664484
664506
664509
664523
664532
664544
664636
664643
664656
664658
664681
664709
664713
664715
664734
664758
664791
664796
664801
664836
664846
664865
664918
664934
664945
664949
664978
664980
664991
665019
665026
665040
665067
665120
665234
665285
665318
665366
665388
665398
665400
665411
665467
665510
665524
665529
665530
665557
665571
665611
665614
665629
665630
665633
665633
665667
665682
665691
665709
665717
665723
665726
665740
665745
665757
665782
665804
665805
665842
665844
665845
665876
665898
665899
665910
665916
665941
665951
665969
665992
666030
666103
666109
666132
666134
666140
666149
666192
666216
666220
666227
666231
666235
666241
666254
666270
666277
666278
666313
666332
666362
666377
666401
666412
666413
666416
666450
666474
666495
666505
666535
666585
666590
666636
666649
666760
666783
666788
666854
666886
666959
667002
667014
667033
667055
667061
667062
667071
667092
667095
667114
667116
667117
667138
667165
667225
667259
667295
667312
667327
667347
667422
667458
667470
667497
667500
667509
667511
667555
667578
667585
667606
667622
667698
667710
667729
667745
667796
667828
667845
667850
667876
667907
667916
667919
667940
667956
667958
667969
667970
668015
668028
668039
668101
668104
668135
668158
668159
668161
668172
668188
668189
668207
668293
668303
668331
668358
668368
668386
668402
668414
668452
668498
668569
668571
668576
668592
668632
668659
668662
668679
668687
668743
668799
668816
668823
668833
668884
668886
668900
668932
668974
668988
668989
669006
669060
669066
669072
669081
669115
669150
669161
669166
669177
669179
669208
669225
669233
669247
669253
669258
669261
669271
669271
669288
669322
669354
669399
669411
669420
669438
669537
669542
669545
669557
669560
669597
669609
669645
669664
669715
669723
669728
669767
669785
669828
669838
669843
669860
669864
669904
669904
669918
669933
669978
670057
670063
670107
670142
670148
670175
670226
670235
670252
670256
670269
670314
670317
670324
670327
670376
670377
670379
670395
670409
670423
670440
670441
670475
670502
670503
670527
670590
670616
670654
670658
670660
670696
670706
670743
670748
670756
670770
670796
670808
670836
670844
670862
670877
670885
670891
670894
670902
670952
670953
670965
671006
671044
671057
671061
671139
671147
671222
671222
671226
671236
671243
671308
671334
671342
671348
671375
671389
671420
671458
671501
671524
671538
671577
671578
671625
671648
671655
671661
671686
671717
671837
671842
671906
672012
672067
672079
672107
672108
672160
672163
672168
672190
672191
672199
672199
672221
672235
672250
672257
672286
672370
672421
672426
672470
672475
672477
672490
672500
672512
672538
672562
672562
672574
672577
672610
672659
672663
672686
672690
672729
672736
672754
672767
672789
672801
672844
672845
672895
672919
672945
672949
672951
672953
672955
673016
673020
673046
673054
673065
673073
673090
673096
673128
673174
673218
673228
673249
673295
673356
673373
673377
673420
673513
673545
673560
673582
673637
673645
673645
673658
673675
673675
673716
673724
673750
673776
673815
673851
673867
673894
673908
673937
673977
673977
673984
674053
674078
674088
674100
674110
674208
674211
674240
674296
674338
674340
674366
674377
674384
674389
674396
674406
674435
674462
674465
674470
674471
674493
674525
674527
674529
674545
674600
674611
674623
674652
674662
674665
674814
674824
674848
674861
674885
674902
674925
674950
674952
674965
674966
674976
674993
675008
675030
675031
675036
675077
675077
675108
675109
675118
675162
675164
675197
675218
675239
675241
675292
675302
675369
675376
675392
675419
675421
675496
675497
675507
675519
675547
675547
675570
675604
675604
675614
675615
675619
675620
675622
675627
675667
675703
675738
675780
675810
675820
675826
675836
675869
675913
675917
675929
675957
675987
676059
676080
676142
676182
676215
676234
676265
676269
676298
676301
676376
676381
676419
676427
676436
676438
676446
676547
676599
676606
676629
676673
676690
676705
676717
676750
676757
676780
676810
676825
676870
676875
676891
676931
676974
676987
676988
677015
677030
677134
677143
677206
677210
677213
677220
677250
677264
677265
677284
677285
677305
677312
677336
677382
677428
677478
677535
677583
677606
677649
677652
677655
677690
677691
677721
677749
677751
677770
677827
677839
677839
677857
677875
677899
677950
678012
678013
678021
678032
678073
678078
678095
678119
678135
678143
678160
678204
678237
678237
678252
678287
678316
678333
678406
678432
678434
678464
678510
678532
678540
678604
678612
678615
678672
678692
678699
678744
678746
678791
678854
678884
678908
678917
678927
678929
678946
678971
678994
679000
679025
679044
679051
679068
679074
679083
679108
679109
679142
679165
679170
679180
679182
679226
679244
679293
679298
679312
679319
679373
679392
679401
679413
679438
679444
679447
679469
679485
679508
679549
679556
679557
679590
679601
679603
679613
679636
679679
679694
679716
679720
679743
679749
679760
679765
679786
679802
679802
679890
679894
679900
679905
679910
679952
679957
679958
679997
680047
680060
680139
680156
680202
680206
680209
680215
680358
680359
680368
680369
680395
680416
680430
680448
680455
680483
680487
680517
680547
680633
680641
680650
680669
680721
680752
680757
680786
680818
680834
680853
680867
680869
680883
680895
680923
680953
680964
680990
680998
681027
681029
681029
681034
681046
681126
681152
681195
681264
681302
681331
681390
681393
681473
681474
681508
681563
681609
681611
681637
681642
681652
681677
681679
681698
681751
681795
681798
681817
681862
681879
681881
681889
681892
681895
681910
681916
681969
681972
681979
681985
682009
682038
682041
682042
682053
682054
682090
682124
682141
682216
682241
682298
682307
682308
682323
682323
682355
682362
682381
682414
682425
682426
682430
682468
682522
682569
682599
682620
682717
682723
682734
682746
682831
682844
682849
682857
682885
682917
682925
682967
683002
683029
683039
683056
683103
683112
683148
683151
683151
683152
683211
683217
683266
683269
683294
683302
683379
683382
683445
683485
683488
683489
683526
683533
683549
683572
683582
683624
683642
683675
683685
683686
683691
683698
683721
683771
683809
683810
683839
683860
683866
683867
683874
683932
683945
683958
683980
683983
684007
684082
684109
684110
684163
684167
684168
684182
684241
684245
684256
684272
684278
684298
684320
684370
684376
684383
684417
684419
684421
684435
684455
684465
684474
684479
684491
684492
684525
684568
684603
684607
684612
684614
684640
684648
684668
684678
684696
684764
684765
684770
684795
684810
684826
684844
684863
684899
684902
684924
684934
684949
684961
684976
684981
684983
684986
684994
684997
685002
685014
685020
685033
685074
685074
685087
685088
685091
685123
685137
685175
685183
685200
685206
685216
685243
685258
685260
685307
685318
685346
685385
685392
685394
685428
685433
685443
685456
685462
685477
685487
685495
685508
685509
685546
685560
685589
685592
685597
685601
685604
685699
685705
685714
685743
685748
685754
685788
685808
685813
685840
685862
685875
685886
685886
685897
685940
685958
685969
685984
685984
686030
686030
686047
686049
686054
686055
686057
686061
686067
686105
686112
686121
686151
686166
686190
686216
686250
686311
686326
686328
686353
686384
686419
686420
686427
686487
686493
686494
686507
686509
686529
686553
686561
686590
686597
686598
686635
686647
686703
686714
686772
686775
686804
686871
686874
686916
686916
686924
686955
687005
687006
687027
687038
687050
687058
687075
687083
687085
687142
687147
687207
687222
687237
687243
687244
687270
687315
687350
687351
687367
687372
687378
687379
687389
687393
687393
687394
687403
687409
687416
687437
687466
687501
687524
687559
687562
687562
687572
687579
687581
687604
687650
687654
687656
687668
687703
687707
687806
687827
687830
687885
687890
687916
687920
687949
687960
687966
687970
687971
687974
687989
687993
688005
688009
688012
688093
688096
688105
688154
688179
688184
688200
688235
688249
688312
688323
688349
688357
688374
688400
688464
688476
688530
688552
688590
688598
688681
688700
688712
688723
688731
688737
688744
688756
688761
688764
688791
688791
688808
688843
688857
688885
688900
688913
688923
688947
688967
688986
688998
689041
689058
689098
689141
689169
689209
689217
689226
689263
689277
689285
689342
689362
689376
689376
689391
689392
689403
689406
689412
689439
689443
689450
689480
689490
689492
689506
689506
689517
689537
689555
689565
689566
689602
689629
689657
689660
689665
689670
689673
689674
689744
689750
689756
689762
689799
689830
689869
689871
689874
689928
689932
689934
689940
689942
690001
690007
690021
690037
690044
690072
690074
690136
690173
690182
690196
690204
690209
690226
690247
690285
690293
690296
690319
690348
690368
690383
690438
690477
690490
690519
690526
690527
690549
690562
690594
690637
690649
690686
690726
690729
690735
690742
690748
690753
690801
690804
690828
690900
690902
690944
690953
690962
690969
690975
691050
691060
691065
691069
691070
691114
691214
691241
691243
691245
691286
691317
691328
691336
691362
691372
691433
691442
691499
691559
691623
691639
691651
691666
691698
691705
691719
691722
691735
691744
691758
691767
691770
691774
691777
691791
691819
691820
691836
691927
691937
691960
691969
691984
691994
691997
692002
692013
692052
692069
692092
692095
692145
692161
692173
692193
692226
692243
692243
692324
692359
692392
692394
692399
692401
692411
692416
692488
692505
692508
692509
692509
692515
692527
692528
692549
692560
692584
692589
692615
692619
692674
692686
692712
692744
692793
692846
692931
692991
693013
693019
693022
693057
693071
693100
693102
693131
693142
693150
693164
693171
693171
693247
693260
693271
693272
693274
693284
693288
693296
693351
693396
693408
693424
693456
693461
693478
693538
693576
693590
693620
693631
693675
693677
693683
693685
693691
693695
693709
693713
693719
693739
693755
693764
693773
693794
693803
693840
693904
693912
693914
693919
693946
693962
693981
693999
694011
694013
694041
694044
694052
694074
694078
694081
694098
694114
694116
694119
694164
694169
694186
694189
694191
694210
694223
694223
694260
694272
694273
694290
694330
694346
694363
694375
694400
694405
694407
694441
694441
694442
694468
694480
694480
694518
694534
694537
694544
694550
694595
694611
694636
694655
694698
694711
694761
694826
694843
694851
694857
694861
694862
694879
694895
694895
694898
694902
694975
694989
694996
695005
695007
695037
695043
695070
695079
695088
695096
695136
695148
695153
695161
695187
695226
695266
695278
695368
695385
695420
695421
695473
695492
695518
695518
695529
695572
695616
695626
695639
695680
695688
695698
695711
695732
695763
695878
695886
695925
695927
695950
695952
695955
695972
695990
696013
696018
696022
696033
696040
696053
696060
696064
696067
696096
696153
696171
696181
696190
696268
696274
696275
696282
696285
696288
696298
696311
696314
696322
696323
696327
696329
696343
696371
696374
696377
696379
696380
696384
696387
696402
696456
696458
696512
696516
696526
696538
696542
696548
696550
696590
696627
696689
696705
696732
696758
696760
696760
696761
696764
696782
696853
696888
696928
696937
696949
696975
697006
697021
697049
697086
697091
697108
697196
697211
697267
697274
697279
697284
697296
697331
697332
697347
697370
697386
697401
697401
697413
697414
697447
697500
697500
697500
697500
697524
697534
697551
697584
697586
697599
697622
697658
697669
697673
697681
697692
697698
697698
697702
697731
697733
697743
697755
697770
697773
697794
697815
697836
697837
697846
697855
697918
697922
697925
697971
698014
698017
698032
698043
698091
698093
698096
698115
698144
698155
698159
698171
698175
698184
698197
698211
698253
698270
698271
698277
698282
698283
698297
698298
698302
698311
698345
698351
698354
698372
698442
698493
698506
698517
698529
698599
698599
698645
698657
698668
698675
698688
698692
698730
698736
698753
698803
698818
698842
698858
698860
698905
698919
698947
698980
698988
699001
699004
699020
699036
699039
699125
699130
699168
699186
699192
699274
699284
699311
699336
699365
699386
699398
699420
699424
699424
699434
699516
699541
699595
699614
699654
699660
699666
699678
699692
699701
699715
699733
699736
699748
699752
699756
699799
699802
699830
699831
699844
699849
699855
699869
699893
699920
699928
699934
699935
699944
699948
699950
699964
699966
699977
699987
699991
700010
700020
700032
700071
700097
700102
700106
700114
700117
700142
700146
700153
700174
700175
700225
700252
700284
700295
700318
700393
700408
700462
700466
700496
700503
700511
700523
700523
700554
700572
700593
700635
700690
700707
700709
700793
700852
700933
700947
700951
700964
700996
701031
701036
701042
701051
701053
701063
701069
701130
701131
701138
701184
701255
701281
701377
701390
701421
701443
701452
701463
701552
701553
701586
701591
701600
701609
701611
701623
701628
701635
701651
701708
701713
701752
701799
701806
701807
701807
701808
701820
701862
701974
702026
702026
702064
702140
702183
702201
702206
702221
702229
702249
702251
702288
702338
702371
702385
702407
702420
702425
702437
702449
702450
702459
702476
702486
702489
702526
702538
702542
702551
702556
702565
702580
702668
702700
702732
702772
702792
702833
702843
702863
702863
702884
702900
702924
702928
702962
702974
702977
702979
702988
702989
703000
703001
703014
703035
703051
703059
703082
703103
703114
703115
703116
703127
703137
703145
703146
703181
703182
703192
703222
703224
703268
703299
703317
703336
703343
703357
703377
703378
703418
703466
703486
703507
703511
703525
703531
703604
703632
703681
703701
703727
703764
703794
703802
703828
703837
703848
703862
703868
703874
703948
704003
704040
704057
704119
704152
704154
704207
704211
704215
704239
704260
704261
704274
704281
704300
704302
704372
704475
704490
704517
704519
704533
704544
704579
704591
704606
704627
704629
704644
704644
704668
704678
704705
704726
704796
704814
704822
704830
704895
704924
704941
704959
704978
704984
704990
704997
705025
705136
705137
705148
705152
705189
705207
705215
705216
705304
705323
705340
705392
705423
705428
705430
705454
705460
705497
705507
705528
705540
705558
705564
705570
705574
705659
705704
705713
705725
705727
705749
705763
705785
705794
705806
705860
705869
705945
705954
705987
706004
706102
706109
706130
706148
706208
706240
706275
706278
706344
706350
706381
706383
706425
706456
706470
706535
706539
706550
706605
706616
706645
706656
706656
706699
706707
706732
706735
706812
706830
706834
706860
706878
706885
706903
706908
706917
706926
706927
706929
706955
706974
706975
707015
707030
707045
707090
707116
707125
707138
707185
707200
707260
707263
707293
707301
707315
707351
707353
707379
707385
707412
707431
707466
707476
707489
707494
707503
707578
707643
707679
707712
707724
707728
707750
707839
707843
707845
707859
707893
707945
707962
707994
708006
708036
708036
708054
708056
708056
708079
708082
708091
708109
708158
708203
708206
708236
708256
708279
708291
708292
708341
708362
708367
708413
708460
708480
708505
708524
708553
708593
708652
708669
708672
708690
708709
708721
708733
708746
708766
708807
708807
708824
708826
708851
708864
708865
708872
708887
708889
708901
708918
708930
708938
708947
708975
709018
709030
709056
709062
709097
709129
709184
709266
709280
709296
709313
709344
709344
709350
709363
709407
709414
709478
709482
709608
709641
709649
709670
709677
709699
709708
709762
709775
709784
709796
709804
709826
709828
709881
709950
709972
709992
710055
710082
710084
710090
710117
710128
710147
710163
710164
710183
710186
710187
710189
710230
710233
710241
710245
710246
710250
710282
710301
710327
710331
710368
710375
710386
710405
710434
710440
710451
710484
710490
710494
710497
710523
710541
710545
710569
710583
710646
710676
710686
710713
710723
710735
710756
710797
710808
710810
710813
710839
710845
710870
710925
710948
710948
711004
711012
711016
711042
711114
711138
711144
711191
711198
711199
711219
711220
711226
711229
711258
711263
711294
711317
711321
711336
711372
711395
711404
711437
711462
711512
711539
711564
711568
711570
711607
711645
711661
711666
711674
711705
711738
711749
711758
711763
711778
711800
711800
711804
711816
711833
711862
711868
711875
711897
711914
711922
711926
711980
711996
712022
712024
712037
712055
712062
712086
712093
712098
712116
712120
712123
712135
712149
712202
712207
712218
712244
712246
712264
712333
712367
712410
712416
712417
712429
712473
712480
712483
712502
712510
712556
712574
712579
712678
712689
712707
712717
712726
712812
712813
712848
712861
712866
712887
712907
712914
712919
712934
712951
712953
713015
713030
713034
713046
713049
713050
713077
713090
713095
713100
713174
713217
713230
713258
713262
713264
713281
713286
713303
713306
713336
713360
713365
713385
713402
713412
713451
713467
713531
713568
713569
713574
713584
713596
713601
713621
713632
713641
713720
713725
713732
713798
713807
713832
713880
713885
713887
713891
713915
713918
713927
713934
713943
713965
713970
713971
713975
713982
714003
714053
714057
714059
714113
714132
714150
714151
714179
714181
714197
714250
714262
714264
714268
714284
714296
714309
714312
714337
714359
714378
714394
714395
714400
714404
714444
714453
714454
714462
714491
714505
714535
714538
714556
714590
714626
714633
714674
714700
714726
714750
714750
714753
714754
714755
714767
714787
714789
714824
714825
714834
714838
714852
714858
714887
714917
714929
714938
714940
714953
714959
714962
714964
714989
715052
715067
715134
715135
715174
715183
715192
715220
715221
715275
715292
715302
715312
715314
715321
715324
715340
715343
715383
715388
715390
715394
715410
715418
715446
715455
715472
715488
715517
715530
715579
715609
715614
715621
715625
715666
715692
715694
715726
715737
715742
715747
715748
715760
715847
715848
715866
715896
715946
715961
716012
716036
716058
716120
716124
716125
716131
716133
716139
716150
716152
716185
716204
716215
716237
716256
716256
716284
716339
716345
716346
716373
716384
716405
716417
716421
716452
716470
716480
716555
716559
716582
716605
716606
716612
716616
716626
716677
716683
716705
716719
716724
716726
716756
716777
716788
716789
716789
716796
716825
716888
716897
716925
716940
716944
716945
716953
716969
716993
717010
717012
717012
717028
717044
717047
717104
717146
717149
717175
717183
717189
717191
717198
717206
717231
717233
717255
717276
717280
717293
717328
717334
717363
717373
717375
717389
717411
717412
717451
717463
717507
717520
717528
717531
717553
717553
717580
717591
717667
717749
717756
717760
717771
717771
717802
717845
717859
717885
717890
717929
717961
717969
717988
718000
718023
718037
718074
718093
718115
718121
718121
718128
718223
718227
718243
718331
718337
718348
718355
718367
718391
718396
718405
718414
718415
718425
718437
718442
718459
718566
718572
718576
718595
718625
718634
718643
718669
718685
718693
718709
718751
718759
718776
718791
718795
718802
718839
718840
718859
718868
718908
718927
718935
718950
718952
718988
719000
719014
719020
719049
719075
719111
719157
719172
719183
719186
719197
719239
719240
719264
719276
719282
719304
719317
719324
719339
719346
719392
719401
719417
719424
719483
719486
719487
719498
719547
719557
719561
719595
719599
719614
719615
719660
719673
719726
719736
719745
719751
719788
719812
719822
719875
719882
719961
720005
720017
720017
720024
720042
720047
720064
720081
720107
720197
720227
720241
720278
720345
720353
720354
720358
720406
720414
720456
720462
720483
720509
720522
720546
720691
720700
720703
720746
720752
720769
720820
720838
720846
720847
720872
720979
721004
721009
721010
721016
721035
721047
721047
721077
721092
721122
721124
721125
721185
721187
721212
721230
721299
721309
721310
721335
721336
721365
721376
721378
721399
721407
721426
721482
721486
721492
721516
721548
721560
721577
721656
721735
721768
721810
721813
721849
721876
721884
721884
721902
721904
721960
721986
721996
722053
722080
722094
722121
722157
722173
722208
722222
722298
722324
722384
722384
722412
722416
722422
722430
722455
722461
722490
722505
722556
722570
722624
722638
722647
722648
722648
722682
722684
722688
722693
722697
722697
722704
722714
722770
722880
722888
722888
722889
722898
722903
722929
722962
722966
722993
723003
723033
723087
723090
723101
723115
723186
723190
723191
723194
723214
723230
723275
723291
723294
723309
723310
723335
723349
723357
723361
723374
723409
723413
723415
723436
723447
723449
723461
723468
723474
723502
723506
723514
723517
723595
723599
723612
723630
723632
723645
723650
723668
723668
723694
723722
723725
723736
723740
723755
723758
723767
723810
723834
723841
723842
723866
723869
723881
723921
723994
724038
724050
724055
724070
724092
724102
724121
724155
724156
724217
724219
724222
724241
724279
724280
724396
724402
724413
724459
724486
724494
724523
724526
724536
724538
724549
724565
724585
724602
724642
724655
724678
724688
724692
724753
724761
724762
724764
724772
724793
724813
724858
724861
724868
724886
724928
724947
724963
724971
724974
724985
725004
725021
725047
725063
725089
725095
725119
725142
725156
725172
725226
725232
725316
725319
725332
725336
725381
725384
725388
725393
725412
725414
725436
725474
725481
725498
725508
725512
725513
725514
725530
725552
725580
725612
725618
725658
725685
725705
725737
725765
725775
725786
725812
725818
725827
725837
725900
725905
726009
726032
726047
726075
726156
726156
726186
726199
726200
726204
726259
726260
726355
726359
726376
726385
726400
726406
726409
726432
726458
726488
726495
726495
726544
726545
726552
726591
726618
726629
726786
726794
726801
726813
726816
726826
726862
726869
726878
726917
726942
726943
726956
726962
726980
727000
727003
727020
727028
727059
727090
727098
727108
727125
727137
727145
727173
727204
727216
727234
727252
727252
727254
727256
727271
727273
727310
727327
727334
727342
727373
727396
727420
727465
727493
727514
727581
727596
727616
727648
727652
727661
727667
727695
727706
727707
727711
727761
727770
727785
727794
727812
727891
727892
727898
727901
727904
727904
727907
727922
727948
728016
728017
728019
728031
728043
728043
728064
728067
728074
728078
728145
728212
728213
728238
728240
728244
728248
728284
728284
728287
728404
728404
728407
728450
728487
728504
728508
728511
728527
728534
728566
728598
728660
728683
728691
728704
728723
728740
728757
728804
728828
728833
728860
728875
728883
728892
728920
728942
728972
728991
729022
729026
729076
729077
729099
729115
729115
729119
729155
729163
729175
729176
729183
729189
729226
729231
729261
729269
729273
729284
729291
729310
729335
729355
729392
729402
729441
729476
729484
729497
729533
729550
729575
729576
729638
729654
729666
729685
729698
729714
729720
729721
729734
729736
729759
729781
729801
729803
729874
729891
729929
729933
729956
729968
729992
730010
730017
730040
730067
730076
730123
730144
730149
730165
730211
730223
730263
730265
730270
730295
730320
730338
730359
730378
730387
730517
730524
730528
730578
730591
730597
730613
730623
730646
730653
730658
730669
730686
730715
730727
730737
730739
730792
730794
730799
730808
730821
730822
730855
730900
730908
730921
730933
730979
730979
730984
731013
731034
731041
731052
731076
731110
731134
731149
731154
731188
731202
731261
731274
731287
731311
731319
731328
731361
731364
731374
731384
731389
731413
731418
731427
731469
731508
731520
731544
731578
731581
731612
731661
731670
731718
731801
731820
731834
731866
731929
731936
731937
731940
731974
732004
732016
732039
732064
732073
732119
732131
732151
732153
732155
732168
732187
732236
732245
732247
732276
732281
732285
732295
732298
732318
732335
732351
732352
732362
732376
732433
732443
732446
732448
732457
732464
732481
732513
732518
732521
732563
732569
732585
732609
732620
732624
732635
732640
732641
732679
732750
732777
732783
732806
732860
732864
732868
732871
732891
732930
732954
732988
733000
733049
733050
733055
733072
733092
733131
733144
733171
733182
733191
733207
733286
733309
733313
733325
733326
733339
733358
733391
733452
733456
733479
733507
733519
733537
733560
733600
733607
733626
733628
733630
733636
733650
733670
733695
733736
733742
733770
733829
733838
733911
733927
733942
733979
733980
733990
733995
734020
734063
734078
734113
734115
734125
734164
734190
734195
734263
734282
734308
734314
734324
734385
734451
734453
734463
734509
734509
734514
734529
734539
734547
734581
734582
734583
734583
734605
734625
734640
734642
734661
734707
734739
734768
734797
734804
734847
734853
734854
734865
734891
734920
734924
734941
734969
734974
735071
735081
735101
735152
735181
735203
735204
735221
735290
735292
735310
735328
735342
735344
735352
735357
735391
735410
735417
735429
735435
735456
735458
735474
735506
735525
735536
735560
735568
735597
735606
735607
735610
735628
735650
735655
735734
735761
735776
735786
735798
735805
735840
735867
735874
735890
735916
735956
735956
735956
735961
735964
735970
735972
735988
736032
736033
736042
736067
736084
736098
736103
736111
736141
736145
736230
736238
736260
736270
736275
736293
736295
736303
736334
736364
736417
736420
736422
736433
736434
736474
736491
736496
736508
736528
736533
736539
736565
736568
736575
736580
736594
736608
736610
736619
736638
736654
736657
736663
736692
736703
736737
736741
736750
736771
736806
736852
736861
736879
736937
736946
736997
737007
737073
737077
737085
737087
737120
737124
737124
737131
737136
737156
737173
737208
737223
737295
737386
737438
737440
737467
737493
737554
737577
737590
737654
737662
737678
737698
737734
737763
737787
737789
737793
737804
737816
737853
737854
737861
737866
737889
737898
737927
737948
737952
737956
737972
737974
738011
738040
738086
738116
738145
738171
738171
738183
738248
738259
738270
738314
738336
738382
738383
738419
738439
738442
738468
738472
738484
738507
738514
738560
738627
738690
738692
738726
738745
738751
738755
738778
738824
738856
738861
738871
738874
738887
738906
738938
738951
738954
739036
739040
739043
739078
739092
739094
739146
739178
739253
739267
739283
739307
739312
739362
739366
739412
739453
739478
739482
739483
739526
739530
739578
739606
739615
739616
739631
739632
739720
739726
739774
739781
739793
739816
739832
739844
739845
739890
739904
739934
739945
739947
739964
739993
740030
740073
740078
740110
740125
740131
740184
740219
740252
740259
740287
740288
740302
740321
740324
740328
740333
740347
740352
740394
740395
740414
740465
740471
740483
740496
740504
740516
740545
740547
740561
740586
740604
740647
740732
740735
740735
740740
740749
740761
740809
740822
740889
740889
740921
740960
740963
740969
740988
741002
741018
741023
741034
741116
741148
741163
741165
741168
741209
741247
741268
741276
741284
741307
741313
741346
741383
741391
741413
741416
741473
741490
741491
741517
741518
741547
741554
741568
741585
741607
741638
741643
741662
741666
741688
741733
741745
741748
741763
741768
741777
741800
741816
741857
741889
741898
741905
741923
741927
741951
741971
741978
741998
742029
742050
742054
742100
742104
742111
742122
742146
742157
742220
742220
742235
742266
742329
742335
742345
742386
742386
742397
742407
742456
742498
742522
742542
742549
742590
742621
742632
742661
742672
742699
742701
742702
742718
742728
742728
742731
742739
742739
742751
742781
742804
742814
742843
742844
742844
742846
742860
742862
742870
742895
742896
742932
742954
742959
742998
743023
743031
743051
743094
743114
743121
743121
743127
743143
743159
743280
743292
743303
743342
743416
743438
743444
743459
743464
743466
743515
743525
743538
743545
743559
743579
743607
743621
743623
743624
743627
743670
743679
743688
743706
743718
743727
743761
743767
743767
743816
743817
743824
743851
743858
743877
743946
743963
744002
744021
744030
744049
744050
744090
744116
744117
744134
744169
744233
744234
744253
744274
744277
744278
744283
744290
744302
744327
744330
744363
744394
744416
744435
744436
744449
744452
744465
744472
744519
744522
744552
744557
744570
744578
744610
744621
744633
744646
744662
744685
744698
744740
744754
744755
744820
744832
744839
744873
744902
744954
744967
744975
744981
744997
745053
745076
745097
745133
745136
745144
745191
745201
745202
745224
745225
745237
745262
745324
745324
745331
745348
745371
745405
745457
745461
745478
745516
745524
745530
745536
745537
745568
745572
745576
745605
745614
745651
745707
745727
745729
745733
745734
745742
745762
745767
745770
745773
745777
745822
745850
745852
745897
745909
745934
745950
745979
746025
746032
746037
746049
746070
746081
746098
746102
746138
746139
746157
746208
746245
746255
746281
746304
746315
746317
746360
746362
746365
746370
746382
746386
746405
746472
746477
746480
746523
746623
746657
746702
746704
746707
746725
746729
746739
746752
746778
746780
746782
746789
746828
746836
746875
746929
746941
746948
746952
746963
746984
746987
746992
746998
747003
747051
747113
747123
747129
747239
747265
747291
747315
747340
747353
747374
747443
747498
747521
747522
747533
747581
747649
747657
747672
747682
747686
747716
747755
747766
747835
747836
747860
747866
747925
747936
747969
747978
747985
748024
748201
748203
748210
748240
748294
748302
748334
748363
748376
748381
748387
748396
748432
748437
748469
748487
748501
748501
748504
748530
748534
748541
748548
748577
748582
748597
748599
748613
748636
748662
748673
748766
748785
748785
748787
748800
748809
748816
748858
748868
748872
748874
748877
748898
748904
748928
748944
748947
748958
748984
748995
749002
749008
749056
749064
749071
749079
749086
749086
749094
749094
749104
749105
749119
749176
749192
749229
749256
749279
749334
749351
749362
749378
749408
749420
749445
749469
749561
749654
749666
749713
749727
749735
749756
749818
749836
749869
749872
749874
749875
749914
749928
749929
749941
749985
750021
750026
750027
750029
750037
750048
750051
750056
750077
750101
750107
750116
750126
750150
750154
750156
750157
750194
750199
750203
750211
750347
750352
750387
750399
750441
750442
750444
750468
750493
750522
750523
750537
750538
750557
750566
750568
750604
750610
750620
750620
750624
750649
750687
750692
750696
750703
750746
750751
750753
750760
750770
750865
750869
750872
750884
750893
750953
750996
751008
751027
751027
751033
751056
751068
751071
751087
751105
751125
751128
751163
751174
751181
751198
751210
751232
751241
751250
751266
751292
751311
751312
751314
751327
751327
751338
751346
751350
751359
751389
751395
751480
751481
751507
751527
751540
751541
751564
751597
751626
751635
751653
751659
751686
751704
751738
751780
751834
751834
751865
751866
751925
751930
751934
751945
751950
751950
751959
751964
751983
751997
752018
752021
752043
752057
752075
752098
752099
752112
752119
752195
752379
752402
752428
752475
752478
752482
752520
752525
752616
752618
752679
752686
752713
752732
752743
752756
752768
752833
752870
752877
752882
752928
752945
752945
752962
753036
753044
753051
753063
753114
753119
753126
753181
753184
753193
753329
753341
753392
753393
753411
753423
753428
753481
753542
753561
753575
753598
753598
753607
753636
753674
753675
753727
753747
753765
753770
753818
753848
753850
753856
753858
753859
753861
753877
753886
753896
753957
754006
754009
754010
754049
754060
754070
754109
754143
754183
754239
754245
754278
754297
754300
754318
754320
754331
754344
754351
754375
754402
754435
754472
754475
754581
754596
754597
754628
754640
754652
754673
754680
754691
754692
754710
754758
754773
754811
754825
754865
754893
754895
754902
754905
754917
754926
754931
754935
754938
754978
755065
755108
755119
755130
755157
755171
755171
755173
755210
755233
755245
755262
755275
755292
755408
755418
755418
755432
755448
755448
755449
755453
755481
755489
755498
755513
755520
755535
755541
755548
755550
755584
755613
755616
755618
755626
755660
755725
755742
755804
755821
755834
755850
755853
755876
755885
755886
755899
755919
755923
755925
755948
755954
755964
756007
756023
756095
756116
756121
756137
756154
756156
756157
756165
756168
756187
756206
756210
756217
756218
756236
756267
756288
756296
756309
756317
756349
756351
756354
756431
756472
756489
756492
756531
756533
756543
756568
756575
756606
756614
756637
756684
756689
756801
756845
756858
756871
756897
756906
756954
756971
756987
756997
757020
757048
757093
757101
757125
757127
757146
757155
757156
757166
757249
757263
757282
757292
757295
757297
757320
757323
757330
757335
757336
757387
757406
757424
757439
757440
757441
757504
757523
757573
757620
757638
757639
757643
757651
757691
757693
757695
757729
757740
757746
757790
757812
757835
757837
757874
757884
757897
757918
757935
757962
757971
757979
757982
758024
758027
758126
758128
758129
758144
758146
758163
758168
758172
758194
758197
758202
758230
758238
758239
758249
758269
758276
758313
758331
758335
758350
758355
758364
758383
758445
758450
758465
758478
758511
758547
758553
758577
758609
758653
758669
758685
758755
758779
758785
758785
758797
758813
758819
758830
758854
758858
758882
758882
758909
758934
758946
758950
758954
758991
759031
759081
759096
759115
759137
759163
759171
759173
759190
759194
759203
759217
759228
759241
759243
759246
759272
759289
759303
759308
759314
759318
759355
759404
759407
759427
759427
759439
759524
759544
759557
759590
759628
759629
759670
759699
759701
759709
759733
759749
759750
759763
759790
759836
759874
759893
759900
759908
759953
759955
760005
760024
760079
760079
760083
760097
760102
760129
760141
760169
760211
760252
760298
760321
760376
760426
760446
760459
760461
760476
760518
760544
760562
760586
760605
760606
760608
760653
760655
760676
760696
760709
760719
760738
760764
760764
760790
760840
760878
760880
760889
760894
760900
760937
760978
761022
761039
761045
761051
761063
761076
761109
761116
761118
761121
761141
761163
761164
761177
761181
761207
761227
761257
761282
761308
761349
761351
761360
761369
761386
761424
761467
761500
761560
761599
761627
761627
761639
761655
761677
761679
761684
761717
761734
761737
761751
761751
761794
761807
761818
761825
761836
761837
761853
761866
761875
761879
761883
761949
761978
762075
762092
762122
762126
762141
762166
762167
762203
762280
762286
762292
762297
762301
762303
762351
762391
762393
762428
762430
762444
762460
762467
762469
762479
762490
762524
762531
762569
762570
762582
762603
762630
762630
762633
762645
762657
762671
762674
762693
762698
762702
762702
762707
762717
762770
762775
762776
762798
762811
762816
762858
762887
762917
762941
762968
762969
762981
763000
763001
763012
763026
763035
763060
763066
763078
763083
763083
763099
763103
763103
763117
763126
763169
763170
763177
763179
763185
763197
763217
763222
763226
763271
763280
763294
763297
763298
763319
763359
763393
763426
763443
763478
763507
763541
763545
763558
763608
763640
763647
763659
763680
763692
763721
763726
763752
763785
763800
763812
763842
763851
763854
763925
763940
763947
763949
763979
764033
764042
764068
764069
764160
764166
764181
764186
764202
764243
764251
764287
764297
764306
764340
764412
764428
764433
764452
764458
764487
764507
764527
764574
764604
764650
764724
764730
764770
764807
764810
764856
764860
764861
764870
764887
764889
764892
764898
764900
764921
764948
764949
764993
765035
765054
765070
765086
765092
765096
765105
765116
765118
765132
765145
765166
765166
765202
765211
765220
765221
765238
765243
765258
765305
765311
765347
765366
765411
765412
765418
765420
765432
765433
765472
765480
765486
765495
765518
765551
765587
765598
765611
765668
765685
765695
765702
765706
765752
765781
765850
765914
765932
765958
765977
766003
766003
766004
766006
766014
766019
766043
766052
766054
766061
766068
766114
766173
766174
766176
766186
766215
766215
766301
766337
766341
766356
766370
766499
766514
766522
766525
766540
766573
766575
766578
766609
766666
766675
766685
766702
766754
766784
766796
766799
766809
766819
766819
766833
766838
766840
766848
766866
766879
766885
766923
766931
766946
766962
766973
766982
767017
767029
767072
767080
767082
767083
767085
767094
767104
767108
767135
767144
767171
767186
767397
767414
767423
767474
767486
767496
767530
767561
767572
767587
767616
767618
767628
767638
767646
767652
767679
767692
767702
767709
767744
767750
767757
767765
767769
767818
767820
767826
767846
767858
767890
767893
767906
767912
767915
767973
767979
767983
768009
768019
768031
768033
768042
768047
768087
768162
768176
768193
768202
768243
768244
768300
768316
768319
768428
768433
768443
768523
768544
768549
768570
768591
768652
768703
768704
768709
768769
768771
768778
768880
768913
768935
768980
768984
768997
769053
769069
769076
769079
769137
769184
769224
769239
769297
769308
769351
769402
769440
769466
769476
769492
769496
769503
769506
769528
769542
769555
769569
769586
769588
769597
769649
769659
769661
769663
769725
769813
769851
769895
769951
769964
769992
770013
770017
770021
770027
770037
770042
770128
770130
770174
770219
770229
770282
770283
770321
770326
770393
770409
770423
770470
770557
770596
770601
770605
770670
770700
770701
770701
770717
770739
770743
770767
770777
770792
770804
770846
770899
770965
770967
770968
771004
771009
771019
771023
771064
771088
771098
771134
771187
771199
771226
771251
771257
771304
771374
771400
771437
771454
771457
771457
771476
771479
771501
771534
771545
771550
771561
771576
771596
771597
771660
771660
771673
771694
771721
771741
771759
771763
771775
771775
771841
771848
771881
771888
771894
771926
771935
771938
771957
771970
771989
771992
771994
772081
772081
772109
772127
772134
772152
772162
772181
772189
772217
772226
772229
772249
772287
772290
772339
772363
772372
772407
772426
772435
772440
772454
772471
772476
772491
772508
772522
772526
772527
772537
772544
772558
772573
772588
772594
772600
772611
772618
772628
772663
772671
772676
772678
772688
772701
772722
772738
772745
772787
772794
772802
772831
772844
772863
772873
772876
772933
772948
772981
773223
773256
773257
773279
773290
773337
773357
773360
773370
773408
773463
773481
773487
773542
773559
773562
773567
773583
773592
773652
773708
773709
773712
773753
773779
773781
773819
773829
773866
773872
773874
773905
773932
773976
773989
773999
774036
774050
774058
774063
774066
774107
774135
774152
774166
774167
774208
774250
774257
774294
774308
774381
774381
774434
774447
774469
774525
774557
774610
774637
774650
774662
774675
774679
774682
774744
774744
774821
774843
774847
774883
774894
774898
774925
774928
774989
774990
774995
774999
775011
775016
775028
775029
775070
775072
775074
775083
775088
775093
775096
775099
775116
775148
775166
775166
775181
775183
775214
775226
775263
775270
775277
775316
775321
775383
775399
775432
775444
775450
775453
775459
775477
775488
775536
775578
775582
775586
775587
775597
775618
775669
775673
775680
775700
775773
775811
775884
775937
775952
775954
775961
775979
775991
775998
776000
776031
776074
776078
776117
776124
776150
776159
776176
776178
776184
776196
776203
776257
776301
776316
776406
776408
776412
776427
776446
776476
776506
776542
776601
776627
776633
776638
776652
776657
776657
776660
776660
776661
776662
776663
776680
776735
776759
776795
776798
776807
776875
776880
776955
777027
777055
777075
777075
777137
777137
777174
777179
777211
777231
777266
777287
777315
777368
777379
777408
777413
777460
777470
777481
777483
777485
777506
777513
777516
777523
777528
777542
777557
777557
777559
777564
777576
777593
777616
777666
777675
777677
777690
777695
777695
777721
777775
777783
777853
777862
777872
777879
777962
777989
778015
778037
778037
778083
778085
778105
778143
778177
778183
778205
778225
778232
778238
778242
778256
778269
778332
778353
778356
778368
778375
778389
778437
778446
778454
778473
778473
778474
778483
778520
778535
778545
778616
778635
778661
778674
778676
778711
778713
778741
778741
778741
778770
778772
778774
778783
778785
778816
778844
778864
778891
778921
778945
778957
778958
778973
778979
778984
778993
778996
779031
779035
779041
779063
779108
779143
779182
779190
779212
779242
779247
779256
779272
779291
779315
779323
779325
779356
779378
779385
779390
779444
779475
779493
779514
779541
779567
779574
779579
779581
779630
779633
779639
779688
779688
779695
779716
779724
779736
779758
779765
779809
779827
779833
779863
779877
779932
779956
779960
779964
779969
780101
780134
780188
780198
780204
780216
780225
780280
780293
780367
780402
780403
780409
780422
780476
780502
780523
780533
780544
780548
780570
780603
780603
780624
780639
780651
780679
780715
780720
780727
780729
780733
780736
780747
780769
780787
780799
780817
780879
780887
780908
780913
780937
780961
780964
780983
780998
781028
781051
781070
781083
781128
781134
781187
781192
781216
781222
781266
781269
781287
781317
781331
781352
781353
781366
781382
781392
781427
781444
781470
781537
781542
781600
781602
781682
781732
781758
781780
781793
781814
781856
781857
781879
781884
781888
781896
781907
781918
781929
781933
781977
781979
782004
782058
782116
782154
782160
782231
782280
782332
782355
782431
782434
782435
782451
782478
782481
782487
782520
782524
782534
782550
782568
782579
782613
782625
782639
782646
782656
782687
782696
782701
782707
782728
782783
782795
782797
782804
782893
782919
782935
782943
782982
782993
783014
783026
783031
783039
783062
783087
783094
783102
783129
783154
783164
783174
783181
783192
783213
783226
783279
783290
783305
783321
783338
783342
783395
783409
783412
783414
783415
783455
783507
783541
783559
783560
783624
783633
783664
783665
783673
783698
783699
783723
783725
783769
783816
783838
783847
783855
783887
783955
783962
783984
783985
783987
784034
784042
784074
784078
784086
784086
784093
784101
784108
784113
784113
784154
784174
784176
784183
784215
784244
784245
784250
784307
784308
784329
784340
784382
784506
784608
784614
784628
784628
784631
784632
784648
784668
784682
784713
784714
784720
784740
784764
784805
784819
784835
784841
784842
784881
784909
784953
784968
784976
785021
785021
785062
785086
785150
785186
785220
785229
785234
785286
785295
785315
785319
785377
785393
785400
785424
785465
785506
785513
785548
785562
785566
785568
785571
785574
785646
785683
785691
785692
785728
785741
785750
785803
785834
785849
785892
785895
785897
785902
785904
785904
785909
785921
785923
785966
786005
786024
786025
786038
786113
786122
786132
786191
786217
786218
786219
786231
786265
786272
786278
786302
786304
786309
786316
786335
786349
786352
786379
786392
786398
786404
786421
786438
786460
786507
786514
786525
786525
786529
786533
786538
786553
786556
786559
786577
786596
786619
786625
786663
786664
786672
786679
786692
786716
786721
786778
786806
786811
786831
786834
786867
786993
787004
787006
787029
787030
787044
787057
787078
787135
787144
787167
787197
787198
787214
787239
787265
787277
787285
787286
787300
787300
787311
787311
787312
787327
787339
787349
787353
787373
787376
787381
787388
787406
787411
787442
787464
787490
787507
787532
787536
787570
787594
787595
787605
787667
787671
787694
787710
787752
787756
787807
787831
787890
787891
787897
787910
787912
787914
787920
787972
788004
788004
788005
788016
788026
788039
788071
788084
788092
788104
788113
788114
788116
788142
788147
788203
788211
788261
788268
788275
788326
788350
788358
788362
788362
788423
788444
788505
788515
788522
788530
788608
788628
788674
788688
788693
788727
788744
788766
788817
788838
788885
788957
788962
788979
788989
789013
789017
789027
789041
789105
789108
789146
789148
789208
789219
789287
789291
789304
789313
789320
789395
789416
789446
789448
789507
789530
789541
789561
789622
789630
789650
789657
789660
789677
789677
789711
789721
789721
789754
789770
789782
789804
789822
789835
789854
789865
789897
789916
789920
789951
789985
790047
790047
790062
790084
790105
790137
790160
790163
790176
790181
790185
790212
790228
790253
790260
790287
790291
790294
790297
790299
790305
790313
790316
790391
790398
790415
790431
790435
790435
790470
790475
790528
790533
790619
790643
790648
790659
790689
790716
790724
790762
790780
790797
790805
790814
790828
790835
790863
790867
790894
790961
790963
791017
791025
791028
791030
791033
791044
791068
791071
791086
791105
791149
791165
791200
791228
791243
791253
791262
791272
791281
791317
791368
791382
791396
791397
791428
791449
791464
791479
791480
791488
791489
791519
791555
791575
791575
791579
791615
791620
791633
791667
791701
791741
791836
791867
791872
791885
791913
791968
791995
792035
792079
792094
792101
792106
792134
792173
792182
792193
792214
792246
792273
792281
792320
792330
792333
792336
792345
792347
792371
792397
792401
792409
792423
792468
792479
792496
792525
792539
792548
792555
792576
792588
792596
792612
792616
792622
792655
792668
792685
792738
792763
792771
792776
792824
792830
792844
792860
792886
792889
792907
792912
792913
792948
792965
792966
792976
793017
793047
793125
793133
793178
793190
793204
793214
793216
793227
793237
793306
793350
793356
793373
793385
793403
793411
793412
793436
793449
793459
793461
793484
793491
793519
793526
793586
793597
793649
793684
793716
793741
793755
793756
793764
793816
793821
793824
793834
793837
793841
793852
793855
793856
793884
793911
794006
794011
794040
794083
794110
794126
794131
794161
794167
794167
794210
794229
794250
794268
794281
794290
794329
794384
794392
794394
794413
794415
794417
794435
794452
794472
794511
794520
794532
794539
794544
794557
794561
794570
794571
794604
794609
794615
794624
794682
794717
794729
794802
794816
794840
794873
794878
794879
794907
794910
794925
794927
794930
794933
794944
794957
794964
795040
795059
795077
795089
795124
795132
795159
795173
795189
795203
795229
795265
795270
795294
795310
795310
795347
795357
795359
795361
795366
795370
795447
795447
795452
795453
795465
795474
795493
795521
795530
795538
795551
795551
795579
795600
795615
795646
795653
795674
795706
795726
795749
795750
795756
795757
795786
795787
795798
795825
795838
795901
795920
795924
795947
795974
795992
796030
796051
796070
796074
796082
796083
796089
796090
796109
796117
796133
796169
796187
796230
796269
796348
796353
796381
796398
796438
796520
796524
796539
796547
796569
796622
796654
796736
796743
796752
796779
796780
796797
796821
796847
796848
796868
796884
796884
796897
796919
796956
796981
796993
796996
797036
797048
797058
797073
797085
797109
797126
797133
797134
797137
797177
797187
797194
797198
797203
797206
797241
797243
797271
797276
797288
797315
797318
797336
797349
797350
797364
797378
797388
797400
797402
797426
797558
797571
797575
797619
797659
797686
797708
797725
797741
797758
797852
797853
797896
797903
797931
797976
798007
798027
798032
798074
798103
798141
798160
798166
798171
798191
798208
798236
798290
798303
798325
798345
798349
798370
798396
798396
798414
798443
798518
798528
798535
798558
798578
798589
798669
798679
798719
798725
798726
798800
798833
798833
798834
798839
798839
798854
798870
798888
798964
798982
798987
798999
799032
799049
799122
799130
799185
799226
799236
799236
799292
799325
799340
799363
799397
799399
799414
799417
799444
799457
799467
799473
799476
799507
799508
799511
799559
799618
799654
799664
799685
799699
799735
799771
799802
799816
799819
799821
799858
799882
799940
799973
800057
800077
800105
800109
800119
800145
800162
800165
800174
800176
800202
800210
800286
800297
800301
800306
800314
800337
800366
800372
800378
800385
800394
800397
800400
800423
800440
800470
800547
800563
800606
800615
800617
800625
800629
800630
800643
800644
800648
800659
800690
800788
800795
800798
800800
800810
800816
800914
800954
800955
800970
800971
800973
800996
801030
801041
801043
801043
801048
801050
801113
801143
801194
801197
801312
801317
801320
801348
801359
801378
801391
801426
801445
801490
801520
801524
801536
801552
801599
801602
801613
801615
801640
801684
801684
801691
801698
801709
801724
801732
801753
801816
801835
801847
801853
801958
801959
802003
802014
802015
802081
802087
802090
802110
802116
802123
802191
802229
802237
802245
802264
802314
802368
802390
802394
802403
802443
802473
802499
802514
802519
802527
802527
802560
802562
802571
802575
802710
802711
802725
802734
802734
802735
802741
802749
802762
802770
802780
802781
802781
802793
802805
802808
802813
802815
802826
802892
802909
802921
802932
802962
803012
803024
803024
803027
803038
803053
803053
803091
803094
803101
803115
803197
803250
803287
803308
803329
803333
803362
803369
803395
803449
803549
803570
803634
803672
803699
803781
803782
803789
803894
803966
803990
803995
803997
804006
804034
804044
804056
804096
804168
804176
804191
804227
804281
804289
804344
804359
804370
804375
804383
804383
804410
804436
804444
804447
804479
804493
804534
804541
804543
804575
804579
804587
804605
804674
804682
804745
804765
804770
804776
804797
804857
804862
804882
804932
804961
805162
805194
805197
805225
805228
805243
805246
805253
805267
805275
805282
805298
805312
805317
805322
805345
805361
805403
805429
805455
805455
805496
805496
805521
805523
805561
805674
805743
805761
805789
805820
805823
805868
805883
805986
806023
806035
806050
806066
806066
806092
806115
806125
806162
806169
806169
806195
806210
806221
806248
806258
806259
806291
806301
806381
806415
806423
806434
806440
806441
806445
806466
806482
806513
806529
806529
806530
806543
806555
806584
806611
806622
806629
806631
806642
806666
806712
806718
806723
806733
806747
806755
806768
806794
806798
806826
806826
806850
806955
806956
806978
807021
807028
807033
807045
807050
807062
807069
807116
807130
807143
807144
807161
807234
807242
807243
807266
807312
807338
807382
807385
807459
807473
807480
807522
807553
807593
807638
807663
807677
807707
807712
807736
807783
807838
807850
807865
807866
807892
807892
807903
807909
807911
807915
807926
807930
807941
807944
807958
808020
808044
808066
808078
808094
808102
808106
808114
808144
808188
808224
808234
808247
808255
808260
808270
808279
808363
808368
808386
808432
808491
808506
808513
808563
808580
808638
808652
808666
808675
808708
808726
808742
808755
808764
808773
808793
808798
808822
808843
808844
808878
808886
808936
808945
808959
808961
808975
808985
808992
808993
809031
809033
809076
809120
809153
809166
809185
809191
809205
809208
809222
809237
809252
809267
809282
809288
809290
809302
809333
809385
809387
809400
809410
809436
809507
809515
809545
809552
809561
809687
809690
809705
809718
809738
809739
809756
809770
809812
809822
809887
809894
809897
809986
809990
810091
810098
810109
810128
810138
810144
810146
810167
810193
810244
810264
810287
810293
810298
810311
810318
810359
810362
810365
810374
810400
810442
810448
810470
810494
810538
810616
810640
810651
810718
810761
810808
810827
810829
810848
810861
810867
810875
810884
810895
810898
810911
810932
810971
811034
811039
811042
811080
811133
811166
811172
811180
811192
811206
811225
811283
811294
811324
811331
811402
811476
811503
811519
811550
811586
811608
811612
811622
811627
811641
811684
811722
811741
811743
811763
811765
811766
811768
811789
811795
811798
811815
811822
811837
811869
811871
811883
811898
811932
811948
811993
812015
812015
812052
812053
812055
812060
812071
812130
812134
812155
812164
812177
812197
812201
812212
812215
812242
812249
812264
812282
812287
812312
812327
812341
812397
812417
812445
812493
812515
812542
812549
812553
812556
812569
812604
812630
812678
812689
812695
812714
812746
812753
812784
812812
812816
812828
812868
812875
812896
812911
812926
812937
812945
812946
813004
813012
813035
813099
813102
813105
813169
813187
813201
813261
813271
813296
813298
813305
813322
813341
813394
813421
813444
813450
813460
813470
813489
813541
813579
813581
813590
813630
813679
813717
813734
813734
813739
813758
813789
813814
813818
813856
813864
813893
813919
813939
813948
813950
813985
813993
814006
814017
814028
814029
814052
814067
814074
814076
814098
814125
814168
814199
814218
814255
814262
814283
814287
814378
814389
814426
814428
814432
814442
814448
814494
814521
814580
814582
814601
814621
814665
814684
814697
814709
814710
814712
814724
814740
814802
814825
814843
814845
814920
814922
814927
814934
814941
814948
814959
814978
814981
815039
815041
815043
815043
815049
815070
815122
815125
815126
815200
815241
815282
815285
815305
815328
815350
815373
815411
815417
815439
815441
815455
815468
815474
815476
815480
815484
815499
815503
815540
815568
815577
815587
815597
815656
815656
815684
815722
815732
815746
815780
815798
815809
815820
815828
815848
815866
815890
815914
815954
815987
815990
815998
816023
816034
816050
816052
816061
816149
816151
816156
816194
816250
816269
816271
816285
816292
816317
816326
816353
816381
816409
816418
816424
816448
816471
816473
816474
816513
816562
816573
816592
816612
816627
816637
816653
816691
816771
816819
816838
816936
816981
816988
817019
817024
817028
817043
817063
817076
817094
817100
817105
817138
817155
817166
817175
817181
817200
817280
817303
817303
817309
817329
817349
817384
817398
817404
817405
817407
817411
817422
817430
817442
817465
817483
817531
817552
817552
817556
817568
817574
817584
817649
817660
817692
817694
817713
817721
817751
817754
817765
817770
817778
817783
817795
817796
817839
817850
817851
817872
817874
817881
817911
817916
817937
817954
817974
818019
818031
818064
818065
818065
818101
818145
818151
818181
818185
818238
818255
818284
818290
818303
818314
818340
818353
818414
818437
818453
818478
818494
818517
818526
818528
818546
818571
818612
818621
818634
818646
818699
818785
818802
818820
818821
818827
818837
818855
818862
818886
818892
818912
818916
818927
818930
818948
819062
819078
819101
819103
819131
819182
819228
819229
819231
819253
819268
819300
819345
819359
819395
819423
819424
819432
819463
819464
819465
819466
819489
819508
819511
819521
819522
819542
819624
819648
819656
819659
819682
819685
819700
819706
819720
819772
819798
819817
819866
819880
819895
819904
819919
819935
819942
819962
819964
819984
820026
820037
820044
820086
820098
820103
820116
820120
820125
820130
820151
820159
820179
820193
820211
820316
820318
820337
820343
820349
820365
820381
820384
820391
820416
820444
820465
820502
820503
820511
820546
820567
820577
820578
820598
820632
820645
820647
820657
820657
820679
820688
820713
820714
820725
820741
820757
820791
820797
820799
820813
820824
820849
820859
820878
820899
820911
820944
820953
820981
821020
821078
821086
821104
821114
821175
821192
821213
821256
821264
821268
821277
821299
821314
821320
821431
821432
821469
821481
821490
821493
821522
821529
821537
821537
821543
821553
821587
821594
821603
821605
821627
821635
821637
821651
821666
821669
821670
821713
821723
821747
821753
821776
821784
821818
821922
821922
821926
821938
821961
822012
822042
822065
822074
822076
822090
822109
822151
822230
822244
822250
822263
822281
822354
822370
822381
822410
822418
822447
822477
822482
822498
822531
822533
822538
822556
822558
822596
822607
822608
822620
822626
822626
822630
822676
822693
822750
822758
822806
822818
822823
822836
822843
822916
822936
822943
822962
822974
822978
822985
822997
823008
823044
823044
823055
823068
823084
823122
823124
823134
823134
823142
823163
823164
823171
823182
823205
823211
823219
823230
823232
823234
823252
823266
823292
823315
823322
823350
823350
823352
823387
823390
823400
823403
823417
823489
823490
823524
823537
823581
823602
823617
823634
823641
823651
823652
823652
823696
823721
823757
823763
823777
823779
823780
823785
823794
823808
823845
823857
823878
823882
823937
823943
823953
823983
823988
824013
824038
824040
824147
824199
824208
824240
824242
824246
824265
824275
824326
824336
824351
824388
824405
824417
824438
824464
824512
824513
824516
824519
824520
824536
824549
824562
824600
824601
824624
824708
824784
824787
824826
824834
824852
824869
824870
824873
824903
824905
824927
824968
824983
825008
825022
825032
825037
825039
825054
825084
825086
825110
825126
825131
825146
825162
825184
825185
825197
825201
825224
825243
825258
825274
825308
825328
825338
825341
825362
825379
825437
825445
825449
825450
825454
825491
825494
825518
825522
825544
825569
825571
825607
825630
825637
825653
825669
825703
825719
825737
825797
825809
825828
825870
825877
825889
825899
825904
825907
825919
825924
825938
825974
826004
826012
826019
826051
826074
826106
826113
826144
826155
826172
826180
826196
826203
826205
826208
826240
826259
826268
826295
826296
826307
826317
826327
826396
826426
826431
826481
826482
826489
826490
826502
826525
826581
826583
826588
826595
826601
826617
826622
826642
826645
826673
826677
826700
826715
826725
826728
826738
826756
826763
826791
826796
826810
826817
826864
826883
826904
826905
826908
826926
826934
826951
826987
826993
827038
827054
827055
827057
827061
827063
827067
827068
827086
827090
827133
827135
827147
827151
827155
827164
827170
827205
827213
827219
827220
827223
827238
827245
827259
827264
827274
827293
827308
827314
827342
827359
827384
827402
827415
827469
827493
827494
827509
827509
827538
827539
827542
827563
827582
827586
827588
827604
827612
827618
827620
827636
827659
827659
827663
827664
827684
827685
827689
827694
827757
827773
827779
827790
827815
827818
827823
827836
827844
827846
827846
827913
827926
827950
827951
827959
827959
828038
828040
828045
828063
828098
828111
828129
828132
828170
828187
828207
828266
828273
828274
828278
828360
828370
828385
828388
828455
828465
828497
828498
828510
828554
828611
828648
828656
828663
828676
828681
828768
828783
828791
828799
828827
828908
828912
828947
828982
829010
829025
829038
829061
829069
829116
829188
829196
829276
829289
829340
829341
829342
829364
829377
829380
829402
829418
829458
829515
829523
829586
829588
829594
829605
829616
829627
829670
829679
829689
829718
829747
829754
829760
829779
829788
829799
829804
829805
829807
829813
829840
829851
829880
829902
829905
829918
829924
829925
829943
829993
830027
830036
830039
830053
830064
830067
830072
830073
830089
830119
830123
830138
830169
830217
830222
830259
830288
830304
830328
830349
830358
830380
830400
830400
830404
830478
830552
830609
830618
830631
830691
830699
830706
830746
830763
830774
830788
830794
830839
830840
830854
830855
830858
830863
830893
830896
830925
830961
830992
830996
831049
831125
831144
831171
831197
831199
831209
831212
831241
831246
831277
831287
831295
831311
831314
831344
831355
831370
831406
831429
831446
831478
831481
831482
831488
831493
831519
831523
831564
831574
831598
831609
831626
831642
831661
831763
831768
831789
831840
831863
831870
831894
831904
831912
832025
832049
832103
832104
832117
832128
832150
832165
832220
832245
832256
832263
832264
832320
832344
832379
832388
832393
832398
832446
832453
832453
832455
832464
832468
832475
832493
832536
832558
832566
832588
832591
832615
832638
832681
832782
832818
832820
832847
832865
832872
832887
832890
832914
832957
832966
832972
832978
832981
832982
832996
832997
833010
833041
833054
833063
833086
833094
833122
833164
833164
833223
833224
833242
833250
833268
833314
833320
833399
833438
833441
833504
833541
833544
833544
833570
833624
833642
833660
833674
833707
833715
833721
833725
833769
833819
833821
833852
833854
833855
833867
833930
833936
833938
833938
834007
834036
834037
834076
834089
834109
834126
834131
834138
834144
834180
834251
834257
834268
834306
834362
834400
834407
834414
834428
834457
834501
834544
834547
834551
834582
834609
834610
834627
834639
834654
834678
834683
834728
834771
834783
834791
834795
834825
834830
834840
834908
834916
834931
834934
834985
835025
835029
835057
835114
835147
835148
835172
835208
835268
835320
835323
835343
835346
835365
835370
835397
835411
835436
835438
835471
835484
835500
835540
835540
835559
835561
835611
835621
835622
835625
835628
835658
835660
835661
835705
835740
835754
835769
835780
835812
835855
835860
835869
835934
835957
835966
835982
836016
836043
836078
836158
836160
836220
836232
836416
836434
836435
836453
836454
836485
836538
836549
836553
836602
836604
836720
836736
836757
836757
836836
836861
836862
836866
836882
836887
836900
836901
836931
836933
836949
836951
836955
836963
836983
836995
837004
837063
837082
837115
837149
837211
837213
837224
837235
837279
837299
837315
837321
837334
837352
837376
837386
837387
837415
837431
837432
837454
837479
837495
837500
837511
837511
837539
837540
837550
837556
837608
837614
837630
837635
837645
837651
837674
837695
837713
837713
837732
837757
837779
837781
837794
837808
837821
837852
837852
837854
837868
837871
837879
837882
837882
837888
837891
837893
837902
837939
837949
837951
837951
837959
837979
838136
838139
838162
838200
838240
838245
838248
838276
838310
838320
838324
838354
838358
838380
838386
838395
838402
838413
838415
838419
838462
838463
838484
838498
838519
838528
838535
838556
838560
838575
838611
838611
838641
838649
838654
838681
838739
838776
838781
838788
838790
838800
838811
838862
838871
838871
838916
838931
838984
838985
839029
839039
839062
839074
839160
839171
839236
839247
839274
839280
839294
839298
839303
839303
839314
839322
839326
839347
839374
839398
839408
839429
839437
839477
839513
839529
839553
839555
839613
839633
839677
839710
839712
839747
839756
839756
839768
839770
839791
839816
839841
839874
839905
839912
839924
839932
839945
839955
839982
839983
840065
840082
840126
840160
840161
840187
840219
840226
840251
840252
840275
840278
840301
840320
840361
840400
840411
840457
840478
840483
840487
840500
840508
840511
840513
840522
840548
840582
840597
840607
840642
840672
840725
840783
840791
840830
840858
840920
840956
840999
841039
841073
841106
841162
841181
841199
841220
841239
841251
841254
841274
841322
841346
841354
841371
841392
841398
841400
841402
841432
841433
841472
841494
841516
841532
841544
841546
841550
841550
841555
841562
841573
841577
841584
841608
841613
841691
841697
841703
841713
841720
841757
841837
841864
841873
841940
841944
841965
841990
841996
842007
842019
842033
842058
842067
842073
842097
842118
842182
842188
842216
842220
842226
842234
842257
842280
842315
842338
842370
842382
842412
842413
842508
842517
842556
842564
842586
842615
842619
842670
842692
842692
842702
842718
842726
842764
842771
842819
842869
842884
842884
842906
842925
842959
842986
843007
843031
843066
843067
843078
843097
843102
843166
843175
843192
843197
843200
843215
843240
843259
843277
843277
843296
843341
843350
843355
843360
843366
843383
843397
843410
843418
843431
843454
843474
843482
843497
843502
843519
843525
843535
843544
843581
843595
843608
843623
843641
843720
843763
843774
843777
843829
843835
843854
843874
843905
843913
843914
843948
843974
843976
844045
844080
844087
844135
844135
844143
844147
844150
844156
844181
844194
844198
844213
844230
844259
844274
844325
844340
844352
844363
844371
844376
844379
844397
844410
844426
844436
844445
844470
844475
844508
844513
844515
844526
844535
844569
844584
844645
844661
844679
844698
844756
844787
844884
844886
844917
844940
844979
844988
844998
845006
845023
845198
845217
845243
845300
845305
845320
845351
845404
845423
845424
845430
845438
845479
845490
845502
845554
845558
845572
845575
845583
845608
845621
845650
845657
845684
845687
845757
845817
845841
845842
845864
845907
845939
845955
845962
845964
845964
845972
845985
846002
846038
846064
846066
846088
846093
846134
846159
846170
846177
846201
846235
846257
846271
846279
846350
846354
846403
846406
846418
846422
846452
846490
846503
846539
846564
846565
846576
846595
846628
846655
846674
846687
846715
846726
846740
846819
846822
846828
846850
846893
846898
846970
846974
846986
847005
847017
847027
847027
847045
847065
847065
847087
847152
847191
847192
847203
847203
847224
847236
847255
847263
847284
847305
847324
847348
847425
847427
847456
847461
847462
847468
847493
847501
847504
847524
847558
847563
847567
847594
847631
847656
847683
847691
847709
847729
847744
847765
847779
847788
847800
847815
847836
847870
847883
847884
847889
847896
847918
847940
847941
847978
847987
848004
848017
848020
848038
848043
848064
848065
848076
848082
848082
848169
848176
848219
848223
848272
848336
848368
848402
848404
848442
848463
848468
848487
848487
848543
848581
848612
848612
848616
848618
848640
848664
848712
848727
848789
848817
848818
848820
848868
848877
848879
848882
848908
848911
848927
848990
849003
849003
849007
849010
849026
849027
849048
849093
849112
849114
849129
849142
849153
849228
849230
849232
849267
849328
849337
849392
849410
849423
849432
849432
849434
849437
849440
849447
849463
849482
849536
849572
849593
849626
849638
849683
849697
849721
849723
849728
849746
849781
849826
849834
849834
849844
849896
849897
849927
849929
849930
849955
850010
850011
850025
850031
850035
850039
850097
850140
850148
850159
850195
850202
850235
850244
850264
850291
850317
850325
850341
850366
850408
850416
850438
850456
850469
850469
850477
850483
850511
850513
850566
850591
850591
850618
850678
850683
850692
850710
850720
850725
850745
850780
850791
850800
850812
850813
850839
850845
850851
850881
850894
850901
850932
850939
850946
850956
850956
850976
850977
850982
851009
851012
851046
851053
851059
851101
851121
851123
851166
851199
851273
851286
851312
851316
851361
851366
851368
851373
851380
851385
851401
851417
851436
851466
851494
851529
851530
851532
851577
851585
851612
851616
851658
851661
851699
851726
851762
851791
851814
851820
851875
851882
851882
851888
851903
851912
851922
851941
851941
851947
851961
851975
852007
852025
852032
852034
852049
852054
852076
852111
852112
852150
852165
852176
852180
852222
852225
852230
852232
852240
852248
852305
852307
852308
852354
852397
852397
852431
852432
852473
852475
852478
852512
852516
852555
852585
852590
852597
852617
852622
852643
852659
852667
852678
852692
852701
852713
852728
852747
852767
852770
852855
852878
852893
852974
852995
853008
853012
853022
853056
853059
853081
853089
853180
853196
853231
853255
853256
853282
853292
853293
853310
853338
853341
853355
853359
853367
853394
853398
853402
853405
853414
853429
853452
853500
853533
853541
853547
853567
853577
853580
853641
853649
853651
853715
853716
853744
853775
853810
853816
853846
853882
853901
853918
853969
853979
853989
854005
854008
854019
854024
854050
854104
854117
854146
854177
854197
854201
854213
854246
854253
854263
854280
854311
854350
854365
854366
854378
854398
854430
854441
854484
854488
854506
854588
854603
854628
854703
854706
854707
854736
854788
854798
854799
854815
854822
854824
854881
854930
854939
854983
854985
854995
855020
855044
855053
855062
855108
855128
855193
855199
855206
855224
855227
855228
855265
855266
855272
855286
855304
855341
855356
855366
855371
855387
855415
855428
855431
855431
855441
855460
855471
855472
855473
855478
855499
855520
855530
855571
855580
855683
855690
855690
855761
855781
855789
855819
855825
855871
855876
855891
855970
856001
856050
856052
856147
856200
856233
856262
856289
856294
856298
856355
856367
856385
856395
856406
856426
856440
856458
856469
856469
856483
856485
856517
856538
856578
856578
856584
856589
856606
856615
856632
856709
856717
856730
856768
856773
856777
856797
856802
856836
856845
856851
856912
856958
856970
856974
856983
857011
857056
857072
857072
857093
857115
857144
857156
857197
857206
857221
857223
857232
857239
857242
857400
857412
857418
857432
857443
857463
857545
857551
857563
857576
857623
857643
857649
857651
857656
857692
857722
857725
857729
857741
857759
857773
857796
857818
857822
857890
857900
857902
857951
857957
857960
857985
857998
858033
858061
858062
858075
858081
858081
858116
858134
858135
858167
858167
858230
858234
858252
858264
858266
858309
858341
858344
858353
858368
858383
858456
858492
858516
858536
858549
858562
858585
858618
858644
858695
858750
858771
858800
858812
858820
858859
858859
858861
858866
858875
858902
858906
858915
858922
858944
858982
859015
859019
859029
859045
859059
859074
859088
859110
859135
859156
859156
859177
859185
859208
859244
859290
859291
859305
859337
859339
859348
859369
859391
859432
859494
859544
859563
859572
859607
859610
859618
859638
859641
859656
859657
859657
859670
859695
859719
859724
859731
859740
859749
859766
859787
859824
859876
859891
859900
859921
859924
859936
859964
859974
859989
859989
860005
860006
860016
860016
860023
860044
860045
860045
860087
860092
860107
860110
860148
860191
860228
860251
860305
860329
860356
860367
860393
860421
860462
860481
860492
860523
860531
860564
860579
860593
860595
860596
860607
860613
860646
860654
860657
860693
860712
860714
860741
860754
860757
860759
860778
860782
860782
860783
860796
860796
860801
860809
860830
860848
860860
860872
860874
860917
860919
860925
860981
860996
861003
861023
861047
861052
861065
861070
861081
861081
861103
861118
861153
861183
861199
861205
861208
861211
861219
861247
861263
861335
861341
861398
861417
861438
861450
861456
861459
861512
861522
861549
861551
861575
861590
861630
861643
861645
861660
861691
861692
861706
861708
861723
861754
861758
861763
861861
861869
861916
861941
861992
861995
862030
862041
862065
862079
862102
862107
862130
862131
862189
862189
862208
862226
862238
862255
862277
862291
862295
862343
862352
862354
862356
862365
862388
862389
862396
862399
862438
862439
862450
862471
862512
862535
862536
862543
862625
862635
862637
862656
862664
862739
862743
862744
862776
862779
862801
862825
862876
862894
862930
862938
862964
862968
862978
862986
863017
863023
863046
863047
863056
863099
863105
863173
863194
863199
863208
863218
863220
863234
863288
863319
863353
863360
863363
863367
863395
863437
863466
863503
863524
863549
863555
863564
863570
863572
863596
863609
863625
863675
863689
863689
863716
863717
863749
863779
863788
863804
863848
863854
863856
863868
863874
863875
863908
863913
863919
863920
863944
863946
863947
863962
863974
864025
864061
864075
864075
864090
864108
864150
864169
864199
864221
864235
864237
864252
864301
864323
864346
864407
864410
864414
864437
864460
864461
864488
864508
864537
864555
864568
864593
864629
864646
864647
864650
864655
864664
864666
864669
864671
864674
864674
864720
864766
864770
864780
864799
864822
864886
864893
864934
864945
864961
864963
864978
864990
864993
865002
865010
865017
865043
865070
865075
865117
865170
865174
865186
865220
865222
865225
865240
865250
865254
865259
865273
865292
865329
865344
865368
865374
865386
865416
865419
865453
865465
865474
865489
865495
865511
865512
865536
865550
865559
865607
865638
865659
865688
865714
865728
865732
865750
865773
865799
865811
865811
865823
865847
865849
865853
865855
865857
865877
865878
865882
865897
865901
865913
865918
865986
866007
866019
866029
866065
866093
866138
866161
866242
866257
866267
866311
866316
866354
866411
866415
866416
866443
866456
866468
866477
866490
866501
866547
866569
866588
866588
866600
866619
866628
866630
866636
866668
866709
866726
866732
866764
866819
866839
866882
866905
866917
866926
866933
866981
867021
867040
867049
867051
867059
867089
867099
867110
867113
867183
867188
867198
867256
867294
867305
867318
867322
867331
867351
867383
867393
867452
867462
867468
867470
867479
867503
867525
867530
867587
867612
867626
867626
867643
867643
867650
867725
867742
867758
867782
867805
867810
867842
867845
867872
867876
867880
867914
867951
867964
867995
867999
868000
868004
868011
868034
868035
868037
868089
868106
868109
868184
868208
868220
868236
868264
868277
868278
868285
868292
868311
868348
868368
868378
868427
868448
868496
868520
868538
868547
868559
868607
868641
868646
868656
868705
868706
868712
868743
868768
868788
868810
868890
868914
868932
868942
868949
868957
868968
868986
868988
869015
869033
869115
869157
869162
869210
869223
869254
869285
869288
869289
869291
869300
869314
869334
869345
869418
869446
869453
869468
869507
869515
869516
869524
869550
869580
869666
869676
869677
869699
869728
869769
869783
869819
869850
869871
869872
869874
869876
869893
869893
869900
869905
869912
869970
869982
869991
869997
870055
870060
870062
870088
870117
870171
870177
870213
870215
870233
870249
870254
870282
870301
870303
870334
870362
870366
870371
870380
870467
870473
870503
870518
870529
870534
870541
870547
870573
870578
870584
870596
870596
870602
870636
870678
870687
870689
870694
870717
870781
870800
870845
870891
870893
870896
870897
870962
871006
871016
871046
871048
871058
871104
871139
871140
871160
871178
871211
871223
871235
871243
871279
871282
871290
871292
871294
871316
871337
871346
871363
871363
871388
871426
871451
871457
871503
871537
871569
871573
871590
871606
871614
871617
871656
871660
871686
871709
871732
871736
871760
871767
871773
871778
871779
871784
871822
871873
871881
871882
871912
871921
871926
871966
871979
872053
872055
872058
872130
872171
872187
872190
872225
872235
872278
872280
872284
872289
872295
872316
872320
872361
872382
872396
872402
872451
872515
872542
872545
872579
872589
872593
872593
872599
872619
872635
872645
872650
872663
872672
872709
872730
872730
872742
872772
872807
872865
872887
872893
872897
872898
872899
872917
872929
872942
872967
873004
873018
873034
873060
873061
873068
873087
873108
873111
873114
873123
873132
873135
873137
873147
873165
873170
873193
873195
873197
873222
873235
873242
873268
873293
873312
873324
873340
873344
873363
873390
873416
873428
873447
873448
873451
873466
873487
873501
873529
873543
873544
873585
873620
873640
873650
873723
873730
873732
873738
873808
873812
873814
873816
873830
873904
873937
874012
874013
874039
874054
874061
874075
874124
874138
874166
874172
874174
874192
874218
874220
874221
874237
874250
874256
874274
874277
874282
874302
874310
874330
874340
874375
874394
874401
874419
874439
874495
874499
874532
874543
874544
874572
874586
874611
874617
874625
874639
874662
874669
874677
874699
874713
874717
874774
874789
874803
874864
874872
874918
874922
874979
874988
875020
875083
875089
875172
875185
875196
875203
875209
875216
875226
875226
875239
875281
875332
875339
875349
875365
875376
875400
875412
875420
875450
875478
875480
875509
875542
875563
875597
875601
875630
875642
875677
875681
875742
875764
875781
875869
875964
875984
875999
876002
876030
876115
876121
876122
876158
876212
876216
876219
876236
876239
876294
876295
876303
876322
876368
876369
876379
876381
876384
876390
876409
876427
876444
876464
876489
876514
876549
876573
876578
876605
876620
876634
876673
876673
876677
876693
876703
876711
876755
876764
876782
876784
876786
876861
876871
876878
876892
876895
876909
876918
876964
876965
877014
877020
877026
877078
877088
877108
877109
877116
877121
877127
877137
877161
877181
877221
877248
877248
877254
877276
877305
877325
877367
877395
877425
877505
877509
877509
877510
877510
877532
877541
877560
877562
877573
877574
877586
877629
877645
877652
877657
877674
877710
877714
877716
877728
877752
877810
877849
877890
877939
877946
877967
877971
877972
878002
878030
878032
878038
878044
878067
878073
878081
878102
878133
878202
878218
878281
878282
878303
878304
878326
878378
878393
878432
878478
878514
878523
878527
878529
878529
878548
878615
878639
878666
878675
878683
878703
878709
878752
878763
878796
878801
878862
878914
878914
878933
878960
878980
878991
879004
879009
879011
879016
879036
879040
879053
879053
879067
879089
879120
879133
879144
879148
879163
879206
879275
879318
879318
879358
879363
879383
879396
879409
879429
879445
879550
879552
879556
879645
879665
879683
879697
879709
879712
879713
879761
879769
879772
879800
879819
879821
879844
879851
879864
879896
879926
879946
879980
879989
880006
880029
880054
880082
880082
880092
880102
880126
880129
880162
880175
880180
880237
880271
880301
880308
880325
880340
880359
880365
880365
880369
880379
880392
880399
880405
880425
880428
880440
880470
880486
880511
880541
880568
880582
880590
880645
880656
880670
880682
880691
880705
880719
880771
880778
880790
880803
880833
880846
880869
880878
880914
880941
880974
880976
880988
881021
881026
881050
881079
881101
881113
881114
881131
881136
881136
881161
881171
881171
881267
881285
881298
881312
881323
881353
881365
881383
881386
881409
881445
881455
881475
881490
881494
881504
881507
881524
881527
881529
881540
881543
881554
881608
881609
881618
881695
881696
881699
881707
881772
881778
881847
881860
881862
881876
881906
881919
881941
881960
881987
881988
881991
881998
882022
882032
882042
882060
882083
882083
882101
882107
882113
882136
882158
882275
882306
882393
882395
882413
882432
882461
882466
882467
882501
882503
882508
882524
882534
882539
882583
882590
882604
882605
882608
882611
882612
882614
882665
882668
882675
882679
882719
882733
882768
882782
882784
882787
882805
882821
882847
882851
882859
882863
882887
882918
882953
882959
882976
883017
883020
883021
883024
883044
883069
883083
883084
883092
883098
883106
883123
883123
883129
883148
883151
883154
883174
883181
883187
883192
883222
883229
883257
883259
883273
883274
883275
883308
883321
883324
883358
883363
883368
883370
883408
883421
883423
883454
883458
883469
883583
883703
883712
883725
883746
883769
883788
883812
883819
883821
883830
883832
883832
883839
883845
883854
883872
883874
883876
883894
883913
883940
883954
883960
883988
884002
884006
884015
884049
884070
884073
884101
884105
884132
884142
884147
884173
884175
884183
884186
884200
884213
884242
884335
884340
884342
884351
884352
884353
884378
884464
884465
884470
884475
884475
884500
884508
884516
884526
884530
884532
884534
884541
884577
884588
884602
884604
884611
884629
884630
884670
884723
884741
884741
884745
884754
884775
884804
884805
884819
884846
884858
884885
884886
885023
885056
885062
885104
885131
885212
885243
885279
885289
885293
885304
885315
885324
885354
885356
885358
885365
885393
885413
885439
885440
885449
885490
885490
885520
885541
885549
885566
885583
885610
885610
885619
885631
885643
885676
885684
885712
885716
885727
885735
885767
885783
885802
885826
885827
885829
885832
885837
885865
885896
885910
885943
885951
885982
885984
885989
885997
886000
886006
886066
886104
886114
886163
886168
886194
886240
886268
886280
886299
886338
886338
886367
886411
886419
886469
886515
886520
886531
886552
886567
886577
886587
886617
886656
886667
886673
886686
886695
886716
886729
886734
886737
886742
886747
886766
886867
886883
886883
886899
886969
886999
887002
887013
887035
887035
887097
887119
887137
887144
887151
887182
887192
887223
887295
887302
887357
887362
887374
887391
887400
887439
887445
887452
887453
887467
887484
887552
887561
887604
887610
887628
887645
887652
887692
887733
887743
887761
887763
887785
887805
887833
887892
887902
887906
887934
887936
887946
887949
887952
887956
887960
888025
888162
888176
888204
888205
888213
888242
888266
888277
888289
888291
888307
888351
888367
888414
888419
888447
888474
888475
888495
888515
888520
888559
888631
888650
888650
888668
888668
888749
888787
888837
888873
888876
888890
888903
888906
888942
888945
888952
888968
888996
889000
889015
889034
889097
889132
889144
889164
889172
889201
889207
889210
889265
889270
889336
889340
889351
889358
889428
889444
889444
889452
889464
889521
889548
889576
889601
889603
889622
889624
889654
889687
889696
889739
889747
889777
889787
889795
889845
889911
889984
890042
890060
890093
890094
890110
890147
890158
890160
890167
890239
890283
890313
890314
890337
890342
890346
890369
890373
890375
890391
890398
890428
890448
890452
890480
890481
890488
890508
890515
890533
890559
890581
890581
890613
890655
890709
890712
890729
890735
890737
890863
890866
890872
890875
890919
890924
890935
890958
890962
890968
890975
891005
891149
891171
891176
891178
891200
891231
891232
891264
891282
891304
891312
891335
891362
891394
891398
891430
891435
891445
891464
891494
891501
891505
891539
891573
891577
891608
891619
891623
891633
891647
891688
891718
891726
891741
891745
891770
891773
891825
891833
891841
891842
891851
891899
891908
891921
891933
891956
891958
891958
891980
891998
892005
892040
892056
892097
892100
892176
892195
892239
892240
892266
892295
892296
892316
892341
892347
892354
892364
892385
892427
892457
892469
892513
892517
892559
892610
892612
892617
892617
892636
892655
892656
892662
892662
892665
892694
892698
892700
892728
892784
892834
892836
892844
892855
892857
892883
892908
893009
893027
893050
893107
893109
893121
893126
893167
893231
893231
893235
893254
893264
893269
893277
893296
893310
893313
893335
893335
893371
893381
893388
893412
893426
893477
893483
893487
893518
893525
893592
893606
893612
893631
893646
893663
893680
893681
893717
893751
893833
893844
893844
893872
893907
893959
894002
894017
894018
894021
894027
894036
894041
894084
894125
894155
894161
894170
894182
894192
894215
894235
894264
894269
894304
894352
894385
894389
894451
894492
894553
894555
894564
894576
894577
894595
894596
894602
894610
894611
894681
894707
894709
894716
894772
894787
894810
894814
894842
894862
894910
894953
894975
895003
895014
895072
895072
895072
895072
895074
895086
895095
895122
895129
895133
895141
895173
895187
895200
895247
895263
895265
895276
895284
895293
895316
895337
895367
895409
895448
895450
895455
895508
895513
895541
895574
895593
895610
895611
895625
895627
895642
895650
895651
895652
895659
895687
895689
895717
895726
895730
895763
895788
895798
895803
895852
895860
895861
895875
895882
895887
895907
895911
895926
895963
896013
896014
896019
896040
896059
896081
896092
896100
896110
896121
896127
896146
896164
896203
896206
896241
896280
896292
896316
896340
896341
896367
896373
896425
896439
896459
896472
896476
896493
896500
896519
896544
896554
896559
896561
896575
896595
896596
896612
896631
896665
896691
896691
896693
896698
896699
896753
896766
896769
896788
896846
896908
896909
896911
896923
896933
896979
897034
897042
897044
897109
897144
897199
897218
897241
897260
897262
897275
897299
897339
897349
897382
897448
897466
897472
897502
897504
897518
897573
897573
897578
897586
897625
897625
897632
897648
897650
897659
897673
897678
897681
897737
897749
897752
897759
897762
897808
897817
897844
897864
897883
897930
897933
897957
897961
897970
898053
898082
898091
898131
898145
898172
898175
898199
898201
898206
898214
898218
898220
898222
898235
898309
898319
898328
898356
898359
898369
898391
898415
898415
898416
898438
898448
898479
898495
898496
898510
898525
898526
898531
898536
898543
898578
898596
898618
898620
898653
898657
898669
898689
898738
898764
898815
898820
898862
898886
898909
898923
898961
898978
898991
899016
899046
899093
899112
899143
899144
899161
899170
899172
899193
899219
899250
899297
899352
899381
899387
899409
899415
899425
899456
899483
899486
899492
899506
899535
899550
899599
899602
899606
899628
899641
899643
899661
899695
899702
899715
899719
899758
899805
899821
899822
899838
899915
899926
899936
899956
899960
899981
900003
900011
900073
900086
900102
900132
900142
900147
900152
900173
900180
900200
900237
900273
900324
900344
900351
900354
900453
900468
900486
900495
900514
900514
900523
900548
900614
900693
900696
900724
900751
900755
900760
900768
900780
900787
900835
900870
900882
900932
900932
900964
901010
901033
901053
901133
901156
901191
901252
901267
901270
901310
901316
901319
901346
901346
901364
901378
901403
901414
901427
901431
901476
901491
901503
901512
901530
901534
901548
901563
901574
901613
901633
901635
901645
901654
901679
901692
901714
901749
901841
901863
901888
901927
901940
901944
901991
902008
902014
902028
902034
902042
902046
902061
902079
902083
902107
902147
902149
902163
902172
902181
902214
902236
902237
902247
902301
902315
902322
902339
902385
902389
902399
902403
902407
902431
902476
902485
902518
902525
902527
902534
902582
902585
902593
902596
902603
902638
902644
902744
902754
902758
902785
902785
902819
902879
902883
902927
902958
902974
902997
903093
903136
903137
903158
903220
903234
903236
903263
903272
903290
903399
903405
903410
903418
903457
903459
903461
903463
903465
903484
903551
903572
903572
903588
903598
903605
903614
903617
903669
903693
903701
903708
903754
903756
903759
903771
903778
903797
903826
903858
903860
903880
903883
903904
903950
903952
903963
903967
903971
904008
904052
904065
904168
904172
904216
904218
904231
904233
904236
904237
904266
904268
904300
904307
904308
904371
904399
904426
904439
904451
904465
904509
904538
904554
904645
904651
904680
904694
904714
904720
904770
904781
904792
904794
904807
904807
904837
904858
904882
904884
904887
904888
904938
904955
904974
904975
905012
905034
905040
905121
905143
905144
905147
905168
905183
905200
905201
905204
905226
905242
905282
905296
905332
905374
905431
905437
905438
905440
905463
905517
905529
905545
905584
905591
905602
905610
905634
905638
905664
905680
905695
905703
905715
905721
905747
905769
905770
905806
905810
905825
905861
905862
905895
905907
905920
905952
905982
905998
906020
906049
906062
906085
906098
906118
906164
906168
906189
906198
906200
906283
906294
906309
906339
906361
906368
906387
906439
906450
906474
906483
906590
906590
906604
906606
906644
906651
906667
906669
906673
906689
906701
906708
906758
906804
906840
906874
906888
906978
906989
907002
907035
907075
907116
907158
907164
907178
907188
907200
907233
907282
907312
907329
907351
907354
907355
907374
907376
907376
907378
907386
907390
907435
907449
907475
907489
907543
907543
907556
907557
907630
907631
907633
907653
907658
907662
907709
907712
907739
907752
907753
907805
907812
907865
907879
907882
907889
907891
907906
907913
907952
907954
907996
908012
908045
908056
908097
908127
908134
908144
908229
908266
908274
908289
908297
908301
908337
908342
908348
908350
908351
908365
908372
908434
908456
908484
908499
908532
908537
908548
908569
908576
908603
908609
908634
908639
908668
908716
908728
908759
908787
908797
908800
908819
908883
908883
908903
908914
908932
908958
909019
909029
909031
909051
909092
909097
909105
909133
909149
909254
909276
909294
909308
909321
909340
909345
909361
909374
909377
909386
909415
909420
909455
909461
909509
909543
909550
909557
909558
909620
909632
909688
909689
909724
909734
909762
909824
909824
909832
909834
909850
909856
909868
909914
909918
909998
909999
910002
910009
910027
910070
910078
910087
910094
910134
910146
910152
910182
910194
910213
910228
910240
910258
910265
910272
910308
910321
910323
910328
910372
910394
910419
910434
910465
910471
910503
910525
910530
910532
910536
910563
910568
910579
910584
910620
910653
910678
910685
910709
910729
910801
910818
910823
910860
910865
910878
910883
910884
910888
910896
910900
910967
910967
910972
910995
911006
911029
911065
911113
911135
911136
911143
911152
911189
911215
911221
911224
911262
911267
911316
911344
911355
911373
911380
911381
911398
911407
911432
911443
911459
911488
911567
911593
911598
911649
911651
911668
911705
911707
911735
911810
911815
911817
911818
911834
911881
911894
911896
911926
911937
911938
911951
911968
911982
911997
912019
912045
912046
912067
912106
912108
912111
912111
912136
912146
912148
912220
912220
912293
912372
912383
912387
912389
912413
912431
912469
912471
912474
912552
912552
912565
912572
912573
912606
912609
912609
912622
912680
912711
912715
912724
912799
912804
912821
912831
912844
912856
912878
912891
912917
912937
912937
912974
912981
912985
913005
913095
913095
913158
913167
913177
913178
913189
913227
913227
913276
913285
913319
913338
913352
913368
913394
913442
913458
913471
913475
913503
913507
913571
913575
913577
913596
913597
913619
913633
913634
913667
913690
913696
913702
913712
913726
913731
913741
913750
913768
913854
913877
913912
913940
913963
913997
914007
914011
914028
914028
914032
914047
914059
914072
914105
914113
914115
914118
914134
914180
914211
914215
914220
914223
914242
914269
914273
914284
914355
914357
914373
914403
914407
914417
914426
914430
914448
914455
914462
914468
914508
914513
914565
914603
914608
914623
914637
914651
914680
914683
914686
914700
914783
914795
914821
914842
914903
914925
914926
914940
914960
915069
915083
915084
915094
915151
915160
915166
915167
915188
915196
915202
915212
915218
915244
915248
915270
915281
915288
915300
915328
915365
915390
915391
915432
915433
915453
915454
915491
915493
915505
915513
915514
915569
915584
915586
915654
915654
915671
915672
915683
915694
915726
915733
915749
915764
915776
915792
915810
915841
915857
915864
915875
915890
915899
915904
915930
915954
915958
915964
915977
915990
916069
916082
916084
916095
916107
916122
916141
916142
916155
916167
916273
916309
916342
916345
916349
916410
916410
916418
916431
916449
916466
916490
916509
916510
916511
916532
916562
916586
916626
916639
916646
916683
916757
916788
916791
916805
916874
916882
916886
916887
916888
916904
916938
916966
916984
917003
917013
917015
917099
917117
917244
917253
917348
917350
917357
917362
917394
917436
917458
917473
917477
917546
917570
917646
917673
917722
917767
917809
917841
917854
917872
917873
917909
917918
917994
917996
918066
918073
918078
918081
918084
918096
918120
918162
918169
918171
918172
918181
918205
918272
918304
918305
918307
918309
918317
918324
918329
918330
918359
918499
918501
918530
918579
918600
918607
918619
918619
918636
918649
918716
918726
918749
918755
918771
918775
918792
918822
918835
918838
918859
918872
918885
918901
918963
918989
918993
919085
919092
919097
919132
919138
919179
919212
919251
919265
919270
919277
919317
919385
919439
919477
919480
919501
919509
919512
919525
919531
919619
919620
919628
919639
919643
919646
919687
919730
919799
919812
919827
919866
919914
919925
919926
919927
919935
919971
920044
920134
920149
920173
920195
920238
920242
920245
920253
920261
920263
920359
920365
920385
920404
920417
920436
920468
920495
920496
920535
920578
920584
920597
920628
920633
920650
920652
920684
920703
920719
920743
920779
920786
920872
920876
920879
920927
921054
921080
921081
921094
921129
921180
921192
921192
921209
921228
921248
921275
921278
921294
921351
921361
921381
921389
921410
921441
921470
921489
921496
921506
921555
921647
921654
921654
921654
921705
921738
921763
921766
921787
921788
921808
921825
921831
921894
921894
921901
921902
921902
921934
921962
921971
921993
922005
922048
922063
922076
922089
922101
922107
922110
922117
922120
922176
922190
922195
922211
922217
922231
922237
922250
922256
922300
922306
922307
922320
922326
922348
922351
922355
922373
922375
922378
922379
922391
922436
922515
922638
922653
922662
922702
922708
922734
922752
922758
922788
922820
922834
922854
922856
922858
922863
922876
922878
922894
922909
922933
922936
922940
922944
922961
922977
922979
922982
922982
923010
923013
923015
923030
923056
923065
923112
923129
923147
923159
923214
923217
923236
923242
923242
923247
923281
923301
923383
923405
923409
923413
923416
923417
923440
923445
923488
923510
923520
923546
923594
923601
923614
923620
923671
923675
923677
923678
923680
923681
923716
923719
923719
923753
923762
923803
923803
923827
923829
923829
923840
923852
923867
923868
923936
923944
923976
923980
923986
923999
924016
924066
924121
924160
924176
924195
924196
924229
924257
924282
924305
924323
924327
924335
924353
924394
924423
924469
924563
924570
924632
924688
924689
924710
924732
924746
924758
924776
924777
924791
924839
924851
924858
924879
924913
924919
924933
924965
925012
925013
925021
925025
925030
925038
925047
925053
925056
925071
925076
925092
925110
925125
925132
925175
925183
925190
925201
925264
925272
925284
925328
925347
925354
925378
925419
925423
925439
925465
925531
925549
925567
925583
925599
925607
925631
925650
925658
925679
925690
925706
925732
925741
925779
925815
925850
925897
925939
925941
925969
925977
926041
926044
926054
926073
926076
926102
926137
926151
926154
926156
926166
926173
926175
926198
926244
926245
926246
926264
926307
926312
926334
926400
926408
926469
926497
926531
926543
926547
926561
926563
926570
926602
926609
926610
926611
926643
926675
926688
926726
926787
926804
926817
926825
926832
926832
926843
926854
926854
926860
926889
926919
926960
926964
926975
927022
927024
927027
927027
927041
927058
927091
927099
927113
927128
927150
927162
927163
927167
927167
927218
927222
927239
927285
927290
927321
927377
927441
927449
927486
927488
927497
927502
927635
927636
927661
927693
927698
927703
927713
927737
927745
927748
927753
927803
927811
927819
927850
927875
927903
927914
927918
927933
927958
927971
928005
928044
928062
928115
928140
928156
928165
928166
928187
928241
928250
928251
928269
928306
928363
928386
928398
928399
928414
928422
928471
928476
928509
928516
928535
928580
928633
928634
928647
928659
928663
928678
928691
928740
928792
928798
928802
928825
928829
928843
928849
928854
928869
928876
928881
928906
928928
928931
928977
928980
928983
929012
929023
929063
929068
929075
929085
929120
929126
929129
929140
929180
929200
929204
929210
929240
929247
929257
929267
929267
929285
929286
929314
929332
929378
929400
929406
929418
929431
929445
929460
929479
929522
929542
929618
929621
929622
929624
929656
929659
929705
929746
929782
929789
929808
929845
929922
929922
929925
929959
930019
930022
930035
930075
930092
930111
930112
930128
930140
930141
930149
930154
930160
930165
930176
930180
930181
930227
930239
930253
930254
930319
930348
930361
930366
930407
930411
930412
930435
930457
930459
930475
930532
930543
930549
930567
930587
930588
930604
930620
930667
930695
930721
930722
930728
930743
930770
930773
930797
930799
930803
930821
930892
930894
930895
930907
930911
930928
930931
930952
930991
931010
931026
931042
931057
931059
931111
931133
931138
931162
931201
931225
931233
931262
931284
931287
931298
931304
931326
931348
931351
931360
931384
931408
931447
931495
931497
931504
931505
931517
931526
931532
931542
931588
931596
931612
931614
931626
931629
931649
931677
931693
931695
931717
931743
931768
931782
931814
931825
931878
931931
931934
931935
931968
931986
931986
932045
932061
932066
932072
932076
932084
932159
932175
932178
932183
932184
932199
932211
932219
932259
932263
932272
932284
932295
932330
932355
932363
932371
932398
932406
932473
932475
932485
932502
932528
932572
932585
932602
932615
932637
932664
932695
932697
932733
932759
932782
932802
932821
932828
932903
932908
932913
932924
932931
932937
932955
932979
933051
933082
933084
933114
933132
933159
933178
933192
933223
933234
933236
933253
933295
933313
933319
933346
933349
933372
933376
933379
933398
933433
933433
933464
933473
933473
933476
933476
933483
933526
933532
933534
933577
933579
933601
933605
933632
933648
933653
933667
933687
933698
933713
933721
933724
933751
933779
933841
933858
933887
933903
933971
933972
934022
934064
934078
934086
934094
934094
934100
934109
934122
934135
934146
934165
934179
934202
934227
934233
934240
934280
934318
934327
934346
934362
934370
934415
934416
934436
934463
934486
934507
934538
934583
934595
934612
934630
934643
934648
934658
934663
934717
934736
934754
934783
934810
934818
934821
934822
934846
934852
934860
934887
934888
934889
934900
934902
934917
934934
934941
934977
934978
935014
935033
935034
935110
935121
935123
935162
935177
935179
935215
935235
935237
935280
935281
935296
935319
935334
935350
935428
935466
935468
935478
935508
935520
935523
935532
935549
935554
935588
935624
935662
935714
935752
935790
935812
935824
935828
935854
935855
935889
935894
935943
935973
935980
935982
936002
936014
936022
936051
936052
936083
936096
936123
936130
936149
936159
936167
936171
936177
936197
936212
936231
936241
936245
936261
936329
936347
936350
936372
936390
936414
936426
936436
936438
936455
936485
936515
936542
936546
936572
936620
936624
936658
936682
936686
936698
936718
936750
936753
936764
936796
936817
936821
936856
936892
936939
936939
936949
936967
936967
936997
937013
937015
937049
937074
937097
937098
937105
937108
937109
937124
937144
937171
937193
937236
937258
937291
937292
937305
937338
937348
937384
937411
937423
937425
937441
937447
937458
937468
937505
937515
937524
937535
937581
937593
937613
937660
937664
937682
937688
937716
937721
937737
937744
937757
937768
937775
937816
937818
937824
937825
937833
937853
937887
937894
937982
937987
937991
938023
938030
938032
938046
938068
938128
938175
938187
938212
938224
938236
938274
938279
938324
938336
938339
938348
938376
938389
938395
938399
938422
938457
938501
938504
938504
938513
938515
938537
938566
938593
938595
938600
938601
938638
938657
938663
938689
938690
938723
938731
938739
938751
938760
938768
938771
938792
938800
938805
938809
938837
938874
938877
938880
938906
938929
938959
939012
939016
939020
939049
939086
939101
939101
939143
939268
939293
939344
939344
939345
939353
939360
939392
939398
939402
939404
939413
939462
939485
939511
939535
939544
939563
939582
939594
939603
939608
939620
939624
939625
939634
939657
939689
939741
939774
939801
939802
939828
939846
939850
939892
939904
939934
939972
939972
940066
940079
940107
940112
940151
940160
940162
940172
940195
940199
940296
940328
940339
940357
940391
940401
940402
940461
940466
940510
940520
940535
940595
940604
940605
940629
940641
940656
940659
940659
940665
940678
940686
940714
940719
940731
940739
940802
940870
940878
940879
940919
940947
941008
941041
941042
941060
941105
941164
941167
941184
941192
941207
941213
941227
941252
941283
941287
941330
941346
941383
941436
941442
941468
941491
941493
941495
941496
941527
941538
941590
941592
941624
941655
941657
941663
941695
941706
941707
941716
941719
941777
941812
941818
941820
941855
941892
941909
941931
941976
941987
942022
942030
942031
942046
942064
942077
942094
942103
942104
942112
942123
942124
942140
942146
942180
942189
942196
942197
942206
942221
942225
942225
942272
942287
942294
942311
942313
942397
942425
942449
942511
942512
942534
942548
942576
942577
942589
942590
942595
942618
942630
942686
942737
942741
942745
942747
942844
942851
942852
942864
942872
942897
942909
942914
942925
942928
943001
943021
943026
943042
943077
943140
943178
943188
943199
943215
943225
943234
943235
943254
943257
943298
943310
943314
943378
943403
943430
943451
943453
943485
943493
943550
943552
943584
943590
943590
943614
943619
943632
943635
943697
943788
943827
943841
943890
943898
943922
943935
943947
943960
943977
943988
944031
944043
944049
944061
944091
944099
944106
944120
944146
944152
944212
944214
944234
944258
944272
944287
944295
944311
944353
944369
944395
944409
944450
944455
944479
944489
944548
944558
944589
944606
944611
944615
944646
944671
944672
944676
944680
944689
944713
944744
944753
944811
944824
944859
944874
944896
944901
944907
944910
944918
944964
944970
944971
945012
945013
945017
945022
945049
945056
945079
945088
945090
945096
945129
945152
945159
945161
945180
945188
945223
945228
945273
945309
945344
945350
945426
945440
945447
945505
945520
945540
945554
945566
945574
945575
945589
945590
945609
945615
945625
945656
945682
945696
945770
945815
945854
945883
945899
945912
945942
945981
945983
945985
945992
946046
946049
946073
946085
946102
946111
946126
946131
946135
946169
946180
946194
946212
946226
946279
946285
946303
946307
946322
946362
946420
946429
946429
946461
946495
946497
946519
946525
946539
946552
946568
946607
946615
946620
946625
946645
946656
946656
946693
946702
946713
946724
946726
946745
946789
946790
946811
946853
946863
946904
946930
946981
947001
947005
947029
947037
947072
947077
947108
947120
947164
947182
947194
947201
947206
947214
947220
947239
947254
947279
947309
947323
947363
947363
947366
947373
947380
947398
947398
947400
947414
947423
947423
947466
947483
947502
947520
947532
947554
947600
947603
947617
947621
947660
947716
947726
947750
947758
947769
947780
947797
947810
947818
947866
947940
947945
947958
947997
948022
948047
948076
948095
948106
948119
948131
948148
948148
948149
948156
948159
948199
948256
948256
948271
948281
948319
948319
948371
948391
948423
948444
948456
948476
948513
948518
948536
948542
948560
948608
948651
948659
948685
948715
948784
948793
948822
948834
948842
948853
948858
948894
948900
948906
948927
948980
948987
948989
949089
949091
949096
949112
949121
949202
949206
949222
949270
949274
949284
949307
949311
949311
949327
949440
949468
949519
949519
949547
949589
949609
949613
949633
949663
949668
949683
949703
949710
949716
949717
949735
949736
949772
949784
949805
949811
949819
949837
949864
949866
949873
949894
949904
949930
949956
950001
950001
950073
950088
950140
950199
950208
950236
950236
950240
950257
950281
950297
950358
950381
950392
950400
950403
950425
950451
950507
950515
950519
950521
950528
950529
950551
950571
950587
950607
950666
950681
950705
950715
950741
950752
950785
950788
950820
950860
950878
950886
950890
950905
950943
950962
950972
950975
951006
951025
951067
951108
951126
951158
951179
951186
951189
951206
951213
951218
951240
951257
951268
951292
951311
951323
951356
951418
951420
951439
951441
951496
951516
951566
951570
951594
951599
951620
951626
951630
951660
951667
951712
951719
951731
951761
951763
951767
951777
951816
951826
951838
951886
951900
951910
951914
951942
951960
951988
951989
951998
952046
952048
952069
952096
952134
952147
952164
952196
952223
952241
952258
952271
952291
952323
952358
952370
952371
952400
952417
952428
952516
952535
952545
952590
952597
952609
952640
952645
952657
952697
952706
952715
952756
952794
952808
952811
952817
952849
952857
952863
952896
952924
952928
952948
952964
953013
953014
953034
953045
953059
953104
953105
953107
953136
953212
953215
953221
953225
953237
953239
953255
953260
953273
953285
953300
953316
953351
953353
953354
953378
953459
953460
953487
953500
953506
953513
953521
953523
953532
953548
953555
953586
953603
953639
953639
953643
953655
953658
953659
953681
953695
953707
953723
953725
953735
953780
953828
953835
953858
953860
953877
953883
953910
953914
953923
953937
953944
953959
953984
954031
954034
954041
954136
954148
954183
954200
954219
954221
954228
954233
954250
954266
954278
954284
954298
954306
954312
954357
954362
954374
954392
954423
954426
954426
954442
954455
954482
954515
954527
954548
954558
954591
954592
954602
954608
954628
954636
954643
954666
954695
954697
954703
954713
954716
954762
954783
954805
954814
954826
954837
954837
954841
954894
954897
954898
954902
954908
954926
954928
954938
954943
954944
954957
954963
954976
954990
955007
955013
955051
955095
955099
955101
955111
955115
955139
955148
955169
955202
955214
955218
955232
955286
955291
955341
955349
955357
955357
955367
955379
955406
955424
955428
955442
955453
955473
955475
955480
955482
955487
955510
955526
955538
955571
955576
955579
955592
955593
955613
955650
955658
955692
955695
955712
955755
955781
955787
955792
955802
955804
955881
955927
955981
956002
956003
956063
956069
956070
956087
956103
956129
956161
956162
956216
956219
956223
956227
956236
956258
956301
956306
956317
956328
956338
956361
956388
956418
956478
956501
956542
956565
956589
956604
956628
956643
956692
956718
956742
956759
956766
956785
956787
956797
956803
956810
956846
956857
956885
956894
956931
956961
956962
956969
956982
957004
957037
957037
957040
957063
957069
957084
957116
957120
957124
957150
957158
957168
957169
957185
957192
957202
957243
957267
957324
957325
957332
957376
957384
957421
957435
957448
957450
957454
957471
957472
957508
957516
957536
957550
957551
957561
957630
957669
957685
957692
957727
957744
957753
957811
957813
957824
957837
957843
957908
957914
957916
957954
957956
957958
957959
958001
958009
958010
958047
958068
958068
958105
958111
958119
958121
958141
958148
958203
958209
958242
958249
958268
958283
958287
958299
958300
958324
958366
958432
958511
958513
958513
958543
958544
958561
958565
958575
958616
958620
958668
958708
958713
958716
958730
958736
958746
958758
958766
958778
958869
958872
958903
958924
958979
958984
959012
959012
959017
959029
959032
959046
959046
959055
959062
959097
959112
959113
959128
959131
959163
959170
959180
959221
959233
959233
959295
959297
959313
959334
959413
959449
959466
959469
959485
959498
959508
959538
959558
959567
959568
959580
959617
959630
959640
959650
959651
959655
959661
959719
959793
959814
959814
959822
959835
959879
959927
959938
959940
959948
960032
960033
960067
960077
960100
960106
960116
960152
960182
960270
960274
960285
960289
960305
960310
960337
960383
960396
960398
960401
960432
960437
960530
960543
960588
960590
960592
960592
960603
960637
960662
960789
960802
960814
960817
960820
960839
960884
960899
960910
960941
960968
960986
961052
961064
961092
961110
961128
961133
961137
961144
961146
961152
961167
961197
961226
961238
961277
961317
961332
961352
961378
961382
961390
961406
961444
961461
961472
961511
961582
961585
961593
961597
961605
961629
961635
961668
961669
961691
961806
961828
961844
961903
961920
961990
961996
962060
962079
962093
962159
962163
962184
962196
962216
962221
962272
962278
962299
962316
962317
962339
962346
962365
962407
962416
962429
962443
962455
962472
962474
962531
962550
962554
962570
962588
962611
962636
962683
962701
962752
962773
962810
962833
962836
962837
962851
962980
962998
963054
963085
963089
963102
963178
963184
963192
963207
963226
963355
963387
963388
963391
963416
963422
963524
963573
963623
963634
963642
963672
963678
963679
963698
963713
963732
963774
963897
963924
963951
963999
964002
964004
964029
964030
964081
964120
964128
964148
964163
964193
964230
964265
964286
964287
964296
964300
964346
964369
964381
964425
964442
964474
964482
964485
964498
964499
964532
964536
964548
964553
964567
964578
964609
964622
964642
964668
964679
964695
964713
964746
964765
964780
964796
964805
964868
964874
964889
964894
964922
964929
964953
964957
964970
965028
965034
965057
965091
965115
965129
965136
965159
965192
965208
965213
965236
965265
965338
965339
965352
965359
965362
965371
965381
965403
965411
965417
965449
965459
965466
965469
965472
965480
965487
965493
965542
965548
965552
965573
965611
965650
965696
965722
965753
965757
965787
965864
965871
965897
965911
965918
965920
965946
965946
965984
966053
966056
966122
966133
966162
966188
966194
966202
966235
966263
966274
966299
966308
966326
966334
966359
966374
966403
966468
966488
966513
966525
966536
966542
966573
966597
966605
966644
966681
966695
966702
966707
966711
966714
966719
966762
966797
966798
966874
966876
966889
966902
966905
966907
966912
966943
966989
967012
967021
967028
967041
967080
967087
967151
967170
967215
967218
967240
967250
967259
967263
967266
967310
967365
967365
967368
967370
967376
967472
967478
967492
967508
967555
967556
967564
967576
967589
967625
967653
967654
967668
967682
967687
967712
967716
967787
967799
967800
967809
967817
967830
967857
967861
967863
967867
967885
967920
967925
967958
967970
967992
968002
968025
968053
968058
968095
968105
968120
968124
968154
968160
968202
968204
968260
968313
968325
968331
968363
968389
968394
968471
968474
968495
968495
968521
968555
968585
968610
968631
968667
968687
968727
968734
968742
968758
968772
968781
968783
968784
968786
968786
968794
968817
968832
968836
968844
968861
968922
968929
968939
968939
968941
969027
969035
969044
969054
969066
969078
969083
969094
969101
969108
969114
969126
969130
969152
969159
969198
969206
969207
969276
969285
969333
969373
969398
969410
969419
969419
969431
969445
969504
969514
969537
969563
969566
969569
969580
969598
969611
969615
969650
969661
969665
969677
969721
969734
969742
969746
969759
969817
969852
969874
969875
969884
969886
969886
969892
969924
969925
969987
969991
969998
970000
970010
970026
970047
970074
970108
970120
970192
970194
970194
970196
970204
970211
970242
970245
970266
970293
970321
970338
970339
970368
970369
970379
970412
970432
970432
970434
970459
970474
970474
970475
970491
970537
970539
970554
970568
970581
970624
970656
970661
970705
970717
970741
970754
970788
970804
970809
970825
970829
970845
970862
970874
970885
970894
970900
970926
970926
970972
970994
971006
971052
971098
971104
971124
971136
971174
971180
971186
971205
971205
971211
971239
971248
971248
971253
971280
971282
971289
971295
971307
971329
971339
971343
971417
971421
971480
971488
971495
971518
971519
971533
971537
971565
971577
971582
971584
971594
971656
971679
971683
971746
971753
971802
971821
971882
971953
971961
971967
971988
971995
971997
971997
972022
972037
972058
972060
972083
972099
972118
972127
972127
972205
972214
972214
972215
972276
972276
972290
972311
972312
972312
972376
972409
972502
972533
972545
972578
972614
972614
972631
972756
972760
972786
972809
972828
972831
972852
972875
972917
972917
972951
972956
973013
973028
973038
973054
973086
973094
973108
973123
973145
973178
973191
973245
973268
973271
973299
973316
973329
973330
973364
973367
973383
973397
973398
973415
973519
973521
973584
973590
973606
973629
973642
973651
973670
973682
973686
973737
973772
973816
973827
973846
973876
973877
973887
973921
973933
973954
973976
973984
974000
974032
974034
974044
974048
974050
974058
974087
974088
974094
974101
974142
974146
974149
974185
974257
974267
974284
974298
974312
974314
974320
974335
974352
974356
974360
974365
974381
974399
974422
974427
974430
974431
974446
974482
974506
974556
974603
974609
974619
974628
974630
974632
974639
974646
974649
974662
974729
974752
974754
974758
974823
974825
974833
974863
974874
974876
974889
974891
974895
974903
974921
974932
974944
974972
975019
975022
975039
975096
975125
975135
975135
975141
975148
975175
975178
975202
975226
975227
975295
975295
975300
975321
975330
975402
975407
975413
975448
975463
975464
975486
975550
975593
975616
975629
975635
975687
975723
975724
975741
975784
975785
975829
975884
975907
975929
975964
975971
975983
975983
975992
975996
976011
976022
976049
976051
976068
976120
976120
976167
976193
976202
976216
976224
976252
976272
976324
976363
976391
976391
976399
976440
976450
976457
976500
976508
976521
976569
976590
976625
976644
976667
976680
976730
976737
976743
976743
976753
976768
976777
976805
976810
976815
976871
976893
976911
976919
976926
976930
976931
976961
976993
977032
977037
977043
977054
977083
977090
977104
977119
977126
977180
977183
977213
977228
977244
977244
977249
977261
977266
977274
977284
977310
977326
977337
977349
977377
977378
977391
977418
977433
977434
977492
977495
977497
977516
977526
977547
977559
977568
977606
977621
977647
977717
977752
977785
977811
977848
977852
977882
977884
977888
977895
977898
977909
977958
977976
977999
978035
978074
978107
978167
978293
978294
978334
978342
978346
978367
978368
978394
978399
978426
978463
978489
978510
978525
978557
978578
978579
978586
978588
978593
978613
978613
978634
978645
978659
978687
978704
978723
978746
978794
978830
978852
978864
978870
978894
978930
978936
978954
978955
979007
979037
979055
979057
979076
979108
979154
979192
979210
979257
979261
979282
979283
979307
979314
979337
979356
979366
979382
979400
979410
979423
979431
979434
979478
979483
979502
979583
979595
979601
979620
979637
979675
979706
979757
979778
979780
979796
979801
979816
979831
979847
979884
979884
979921
979956
979960
979970
979973
980006
980019
980028
980036
980056
980071
980170
980200
980317
980328
980346
980357
980399
980400
980432
980457
980535
980542
980543
980582
980609
980628
980630
980644
980667
980676
980680
980703
980741
980757
980761
980769
980784
980813
980825
980902
980903
980941
980950
980993
981011
981018
981029
981051
981066
981139
981142
981146
981158
981170
981171
981185
981200
981209
981227
981240
981243
981251
981260
981262
981270
981368
981380
981394
981394
981428
981429
981479
981556
981562
981605
981632
981666
981714
981744
981749
981754
981831
981838
981843
981854
981887
981907
981915
981954
981988
982023
982039
982043
982057
982067
982067
982068
982113
982141
982174
982176
982182
982255
982258
982298
982308
982324
982370
982398
982429
982443
982473
982474
982503
982510
982513
982546
982552
982601
982618
982630
982651
982652
982659
982675
982687
982692
982698
982700
982721
982722
982737
982740
982751
982770
982771
982773
982782
982803
982805
982811
982823
982828
982845
982863
982874
982876
982879
982972
982983
983006
983012
983039
983053
983079
983090
983091
983109
983111
983121
983141
983165
983185
983193
983263
983270
983281
983290
983306
983360
983378
983400
983405
983406
983450
983456
983484
983494
983511
983541
983583
983585
983586
983670
983680
983701
983701
983724
983744
983748
983763
983782
983813
983844
983845
983939
983980
984020
984063
984073
984086
984106
984122
984138
984153
984188
984255
984259
984268
984298
984300
984373
984387
984449
984462
984489
984493
984586
984594
984601
984604
984614
984616
984626
984658
984661
984664
984690
984696
984726
984779
984873
984903
984903
984947
984961
984968
985023
985064
985076
985086
985109
985124
985125
985143
985147
985187
985227
985254
985302
985311
985386
985400
985406
985441
985452
985548
985554
985558
985565
985571
985578
985591
985600
985635
985635
985666
985715
985721
985721
985725
985737
985784
985791
985797
985804
985840
985844
985883
985941
985985
985987
986046
986049
986061
986075
986120
986126
986143
986147
986148
986175
986176
986209
986228
986232
986233
986285
986317
986331
986338
986344
986361
986420
986426
986432
986442
986450
986472
986505
986543
986544
986548
986561
986578
986603
986605
986609
986617
986659
986676
986686
986724
986750
986781
986793
986835
986849
986851
986872
986916
986917
986962
986982
986993
987026
987044
987063
987071
987074
987078
987080
987090
987103
987142
987176
987195
987204
987209
987216
987286
987299
987321
987334
987347
987366
987370
987377
987395
987457
987459
987464
987473
987499
987502
987511
987539
987568
987587
987597
987606
987611
987626
987626
987653
987677
987689
987692
987734
987742
987798
987829
987894
987912
987927
987927
987929
987970
987989
988013
988034
988041
988076
988097
988114
988116
988117
988117
988118
988152
988164
988164
988197
988216
988264
988291
988315
988339
988423
988441
988451
988459
988467
988467
988513
988513
988578
988609
988667
988686
988710
988711
988732
988743
988752
988758
988788
988810
988829
988831
988858
988874
988875
988893
988928
988940
988963
988975
988991
989006
989021
989026
989060
989116
989133
989145
989153
989241
989292
989293
989295
989457
989473
989499
989506
989521
989531
989545
989546
989584
989603
989624
989666
989734
989831
989831
989939
989948
989974
989987
990059
990062
990071
990083
990165
990173
990187
990190
990195
990220
990221
990254
990256
990262
990275
990279
990282
990309
990332
990359
990362
990383
990428
990430
990437
990438
990455
990467
990481
990516
990543
990572
990590
990605
990605
990621
990643
990673
990680
990701
990713
990722
990724
990865
990883
990884
990921
990934
990980
990982
991001
991036
991041
991062
991081
991100
991111
991112
991113
991129
991158
991161
991212
991254
991258
991275
991312
991316
991332
991360
991368
991378
991384
991385
991417
991419
991442
991458
991461
991508
991516
991528
991531
991536
991562
991569
991586
991601
991610
991613
991614
991639
991676
991691
991717
991744
991791
991801
991819
991861
991899
991909
991915
991937
991974
991988
992042
992048
992076
992106
992111
992120
992130
992158
992160
992205
992208
992214
992226
992233
992236
992256
992256
992261
992296
992324
992338
992340
992351
992422
992447
992468
992492
992506
992538
992541
992552
992560
992572
992574
992606
992626
992657
992660
992698
992723
992760
992821
992833
992834
992848
992856
992865
992875
992875
992876
992895
992903
992905
992924
992925
992958
992964
992972
992980
992991
992992
992993
993000
993025
993029
993039
993067
993073
993097
993116
993143
993149
993161
993175
993187
993193
993202
993220
993231
993243
993255
993304
993328
993339
993355
993377
993405
993447
993455
993463
993467
993500
993528
993546
993595
993597
993604
993621
993622
993624
993630
993633
993638
993645
993668
993703
993743
993766
993767
993788
993794
993806
993829
993844
993854
993855
993867
993880
993905
993908
993946
993952
993979
994011
994023
994030
994044
994102
994106
994125
994153
994181
994257
994274
994283
994333
994342
994344
994375
994421
994453
994509
994516
994537
994564
994601
994613
994616
994617
994632
994636
994661
994666
994740
994812
994817
994884
994888
994891
994928
994929
995025
995049
995075
995082
995090
995118
995198
995216
995223
995233
995239
995246
995248
995253
995254
995274
995329
995331
995344
995347
995350
995354
995358
995371
995382
995482
995502
995516
995529
995554
995585
995598
995619
995623
995665
995711
995737
995763
995764
995775
995811
995848
995849
995868
995872
995931
995942
995957
995965
995980
995988
995999
996035
996091
996111
996155
996170
996209
996245
996258
996265
996268
996276
996308
996309
996326
996334
996344
996349
996389
996405
996413
996428
996473
996484
996505
996535
996538
996577
996597
996609
996625
996643
996676
996691
996693
996724
996747
996758
996760
996764
996765
996791
996807
996841
996904
996905
996927
996939
996963
996964
996971
996998
997018
997031
997032
997033
997041
997046
997058
997134
997151
997181
997219
997238
997278
997301
997312
997318
997320
997356
997363
997380
997427
997438
997445
997447
997507
997519
997522
997530
997541
997656
997699
997731
997743
997750
997763
997788
997809
997824
997838
997852
997856
997867
997867
997875
997886
997900
997905
997940
997974
997998
998009
998041
998042
998058
998067
998110
998137
998154
998214
998226
998257
998261
998294
998297
998318
998372
998378
998379
998417
998422
998490
998496
998511
998516
998533
998537
998576
998642
998644
998644
998645
998706
998711
998714
998728
998733
998749
998773
998789
998795
998820
998840
998874
998887
998898
998901
998926
998948
998986
998986
999014
999017
999023
999027
999030
999049
999069
999075
999204
999217
999219
999270
999290
999307
999330
999342
999342
999350
999354
999365
999392
999470
999480
999504
999523
999565
999574
999579
999591
999597
999603
999646
999694
999708
999724
999745
999764
999782
999788
999789
999818
999865
999866
999888
999909
999939
999947
999951
999960
999998
