225423
359885
-921724
283469
918205
375295
-53847
-599065
-111818
-529160
-986089
-79982
-343415
-647710
-8887
769362
-854348
650895
387338
-593099
383850
-261029
822681
681777
-7856
-693344
985841
-644418
-580118
429770
-658490
928685
-480549
-368930
-501682
-625699
-107034
135465
-381291
353540
209850
110258
7004
-497501
-502114
627691
773211
-106433
-462577
620570
-258189
-193678
653899
-302467
680252
693072
-775670
-86083
877782
-297905
791463
354902
810516
-611606
449365
-512840
693850
761323
810718
-692017
567684
-42807
362269
-323488
718750
-243228
514069
-487418
-510427
-358891
-940866
320093
-241777
404966
196668
-42493
-954255
-687801
-444390
930860
332053
290762
-507186
-979994
-793470
-108491
-627521
114495
-154407
-79944
406952
874531
-329524
-814263
-458287
861494
-480240
-810308
-200892
-732703
-470554
-666221
-238134
896704
-148839
-497354
-863405
915056
600492
434477
-313755
-770726
-177917
-603419
-482640
-797652
-497027
151563
-20399
-615470
-279519
-47811
600890
-81494
-261928
-692661
-860318
861019
-828170
864870
8837
456047
328694
799791
44136
124604
459380
-817049
-14217
839214
-35461
-239602
136302
-216771
-570086
-3518
558041
-421320
-554292
564622
-986703
-280126
-425610
-206012
-948584
-619572
-824390
-511965
-53924
173826
20101
-298986
395633
906929
411234
62240
-173691
-264149
-389659
-324322
289651
224913
-116091
-433969
-624959
949171
-883991
232717
-396596
406033
-156846
227492
333416
-530812
60722
-496611
878584
298606
113383
689621
829975
-961154
-739698
149296
-374380
153904
964695
-725087
-107744
-981965
222510
851899
183439
205956
-731646
164049
-502150
-207349
147230
-675668
-521270
-698134
-304500
-16691
-900308
489059
-821778
939609
270945
-840724
-649160
-722906
290172
789254
-848600
982982
735495
-517303
-5393
-684522
301528
666498
664861
181445
462441
-682585
613794
-687889
580312
-902528
-217903
-187045
689627
574423
-708882
-498266
738645
402895
202732
881704
-774359
847705
-614698
-885592
-875851
579662
-218450
-548445
-737611
106591
380988
771443
-739830
424588
-379216
389609
-920240
25853
-625215
554394
390784
494486
-507763
-397667
-666580
192137
-588300
-658156
-93304
-701812
-644232
-681177
-770671
895832
450742
422235
-598906
-185745
57654
320187
-734572
981461
407099
293448
-118579
-655903
84842
-903862
-705091
-985913
595238
-471758
-992091
-693629
865002
2499
448620
954234
294989
-490846
-400322
656714
-489049
-359518
425902
884509
-588649
-627773
-146368
-359756
524169
-682025
474689
197970
-135101
148117
766591
70900
846907
-229232
218703
-786312
346452
369377
416161
171484
-439670
572606
161473
-152745
-277362
-756354
-602160
-660292
828529
455270
78058
963475
350523
-338486
-127250
999704
-928593
-761972
496975
408035
463441
-567968
464889
919875
-515682
743014
-882745
-352524
-548088
228253
-528328
179076
-275343
-177731
780557
-762735
255609
892175
-662007
-598583
612672
716050
-587923
-983249
386707
-901488
-408232
-500824
-346962
808071
656043
-324418
-814519
274091
682841
-581110
95231
904082
-470390
-517850
591572
-461101
-279197
-996349
-445668
269659
-474099
-961475
-224222
530627
223201
-596485
650871
880148
-977268
-245283
153884
602297
287459
347286
-838722
-268266
555339
86643
-371528
-9881
-784551
-79625
673657
884775
588758
771707
670697
724831
-416623
160634
-238481
595170
258354
-78024
629826
332278
-383825
-57757
942123
887115
421103
-952244
-809530
984376
528299
45641
601081
-607050
609797
681387
542426
785000
927870
688299
430577
-89804
537153
-783842
-868589
-532971
576976
779214
-721442
770435
-251336
861910
133532
425477
-751182
323801
172737
-286383
-291072
427638
-457092
360904
988156
775563
512828
-962581
-456628
-479450
-556750
854625
-831998
177810
873319
-354193
-430508
941997
347259
-672138
-333030
810012
109434
739455
825996
-199734
-592557
-612217
-690338
259569
-306475
284082
709463
398237
141825
-267332
-625988
-656268
990604
-635380
-320007
-630661
-98125
327185
-629510
49592
-898111
586981
224390
-806558
-963182
-700913
-726011
242120
55105
682144
444258
728519
360496
65758
-57870
-214391
329293
718117
-73917
-142800
-188047
-617898
-128116
-652185
663778
78465
-188138
80577
-20327
309387
-661618
-997382
-675923
-916601
828338
272844
984261
135958
-436366
-764824
270090
297116
582796
-779143
-123655
-982453
56197
-292287
-995987
-977464
286811
157103
957719
-222128
658916
-556644
-633610
61934
979925
-722919
473941
-152842
-34357
-528471
-619477
316989
-584650
-79415
-25403
178495
-173137
11151
-62045
-920212
-361807
-250804
277240
429923
-912119
-840454
26542
-964303
196419
531783
-353263
-579635
-938373
63303
-666191
37449
-760357
-139112
655113
25942
822618
-35192
171090
773019
-429152
-40559
-410627
19145
987446
56320
356447
146922
223094
-768282
217656
-224826
709648
-601958
897972
555646
177731
-478673
803213
-755626
480922
484816
28932
-583016
-339060
-860291
-116591
-482528
-276231
622889
-233076
628348
743975
-748823
941750
-709218
-529757
-847300
709270
-878074
255047
-690331
735215
-537306
-360802
-824362
33086
46830
-436261
641214
502903
383597
592004
230980
-20366
-28489
-797323
-578050
-75784
-927746
-201156
-861775
-467149
-802738
-170559
339037
-575305
470213
908187
428721
-359326
-345465
646860
-321982
321363
-953422
-143052
-208185
806664
-614780
-163950
-497672
11743
-578457
-153578
672027
176398
685975
381164
989634
911775
340401
580650
921052
-466159
695358
639772
-281992
-67206
-393660
748881
829086
88149
535489
-414686
427813
85527
91018
857471
-736963
-849294
-200188
-258419
-349063
786776
-743204
-229229
112353
-502584
390100
-520592
-182446
-869755
700331
-381830
-261169
-514189
-987818
488800
353380
877475
-299341
-876170
-26885
-949118
332863
532273
798650
607550
279652
408972
-197311
796703
145861
-385192
677670
266916
32002
765909
291499
-308670
812054
-901244
162791
-440582
-157030
594140
-351958
909118
-67609
564435
-978991
-738971
183529
421458
694877
64704
421324
769078
889983
768651
288522
620001
328342
769813
227662
-947271
414165
295588
-236050
672297
-660879
-960794
-56064
-844530
-653502
60964
-356292
843734
249471
175566
18013
451284
-183918
246212
219865
-485371
-30653
-882857
979737
46942
379888
947113
-40243
-715734
-284094
-395070
-122125
740532
936149
-300778
601044
-54620
479829
313576
429716
23615
993010
-916103
860004
998113
888999
731900
866952
656546
524914
156905
-265539
871852
435692
12200
-475548
-131477
-205361
-168606
-174878
335122
311068
-878979
-373428
692063
-84699
99526
-876652
-589317
-984613
-399393
-503387
726706
-882888
524295
-632051
-443728
515340
172011
790905
-448229
-291609
-534858
325220
-594023
337264
-388054
503959
-217762
258545
-54455
-665395
-2356
252737
30485
-883476
103601
-140823
961212
-825792
45539
-960444
-785596
-319623
-918047
-481475
289293
-719947
780855
996701
-226753
-734039
-349136
413798
-838041
-232441
125684
-369646
842086
-196070
-983053
102318
-797172
904981
-350656
-928173
408835
-583917
-219354
718401
855239
185114
-674687
292729
-844291
644766
-503104
830988
532734
194594
-920233
523495
448074
-342672
894649
806431
555654
971118
-338645
779117
226579
-266841
-346960
492037
-887537
33828
-651785
849468
-574980
385205
-117246
-889391
-584797
-929417
-440837
105249
-311305
502897
-788279
369812
-623332
981943
-102227
883344
-36299
221814
-855918
88349
890730
46969
-455233
-280015
-167008
-186086
568252
327354
-915109
-127832
627522
-619320
-392660
-695655
-779380
-556569
-509712
-856173
-560386
597686
-430824
211408
-635881
-191457
-49438
292686
-968324
865763
402616
783478
900091
-377009
-897252
-735469
270191
-538762
193829
935661
-966051
-883013
904332
790194
374777
165586
724406
990194
-970133
455955
127519
307199
122076
-587534
-416056
10398
-564053
794330
885537
162548
-603171
993534
784918
883193
-982464
-522917
834791
-370756
-570487
370475
-595972
597119
136265
-298028
-555659
297044
569057
-544868
-346771
-839458
-592703
169756
-130721
418159
-374462
-496161
248666
36733
434705
-962784
835630
-727293
508445
117150
-198688
250081
40892
-33988
781622
693509
-704853
-828646
-861655
-139182
390638
201122
22892
355738
655625
536224
-150135
768930
399463
264960
-744765
-398184
-686651
-624116
878125
988001
615506
-749522
-737860
-854682
-526578
-725448
-461774
875494
441689
18480
79220
545662
478500
796695
-764403
-178981
-578068
-84440
434803
-619610
-290166
675504
971714
227156
-454002
-805681
-489009
429053
412099
464414
143679
826013
620354
-517615
-406690
863476
610881
433788
84671
229439
453592
763389
944846
826932
-889558
876724
833431
-663740
-766118
356409
411391
560652
929779
-262004
-907382
-337303
-895520
933781
-90153
-82854
338842
-63052
160483
-254168
-285111
-116364
-492159
93074
88565
-613431
243984
833753
916438
97543
139695
-230816
745485
677552
876398
-260683
684821
-600880
-428696
-88143
-633128
-996545
497219
114791
662201
-568212
917401
-708255
-715137
-761095
768727
55940
146122
-860916
807808
-96240
-822331
925462
-439257
-98888
667471
-6080
-14372
-679671
-206991
308605
-442673
995898
-883984
636027
-148287
-723490
62589
-59475
-157623
794062
143805
553115
-364495
268966
-650808
135739
-58874
-137987
636756
-281346
-197757
684636
657169
-304292
-724391
238725
-350535
857230
81038
403685
467654
-485218
611606
-744422
576675
910638
851685
-381268
-544932
727273
449474
-249464
-762704
282495
-657145
-784415
247961
-469369
-441304
194294
-394683
-404177
-691753
286605
387311
-592492
-306045
207596
-764607
492638
-450412
-417474
751650
-242061
501665
334470
135732
-408096
600028
668023
-458293
279870
811377
12335
-919786
425019
-550648
81833
495602
-564837
805712
975840
-764444
872871
-460912
-742485
623006
9615
641948
195852
737900
284087
-732690
-890635
-482531
-534239
212804
60596
921782
161144
763739
-902645
-603848
630727
314138
669105
-637965
-655346
-741484
947828
-132542
-358567
394549
-976802
410108
-656506
183302
481015
-63007
-458849
-998218
306059
-760791
879363
-585149
56495
-817852
237385
742783
124620
827403
-779665
197084
-39423
474160
269257
-297309
-894775
307459
-400882
425283
471360
-707100
826835
590123
147266
-28520
81273
-67370
-872112
18739
90454
482221
-120966
706331
-235431
421496
-823168
473645
782573
300152
899596
361931
-97207
419755
350510
-747669
985778
-218861
-644857
753670
339652
-292230
917416
496815
-633384
473156
916456
-466122
-139449
867641
904239
86673
498024
-281122
-409258
-849242
-479661
253364
30584
-213825
183272
-376046
-291875
-654425
194144
-489931
-826206
373210
-94671
210053
-448007
-130434
968006
-167624
-335157
-241471
206545
-60700
145946
-364897
-323061
-455441
682190
77643
681157
-152229
-886889
-403139
-290892
-371630
-458621
434214
40516
-350812
754147
491554
575343
469527
-513871
-232500
-286675
319098
-118471
-964474
-327640
-308792
-436493
-754326
317419
-957314
376429
730099
-473525
99328
916377
-68730
-509817
255630
-694513
-541398
-615214
-216453
289114
-161129
-497717
567818
926139
-679699
-200273
738846
583205
437798
908861
345123
520196
77115
-951102
-403403
-42893
-363173
-325276
-425494
902918
69386
-148889
681573
-305521
-890041
-307681
794663
-446692
757948
837461
498210
272375
630556
250344
148944
-30921
501450
645948
-308169
788696
-16452
-744881
-505754
443773
487180
260351
273464
-463937
340377
74482
229919
781169
-490261
460833
187114
-130733
416364
-608524
236575
119328
-550189
-107149
-826109
-534899
-844534
-484356
-507824
-31188
846588
630612
60859
797338
-673458
44443
440613
-406596
504076
245389
213612
279933
948535
-192615
520700
-944714
157354
-266070
-140703
-132866
713637
354077
349047
-549442
-519542
-225257
128931
532836
-327621
-42934
556579
-960542
605227
-8433
-754057
479220
241162
-211597
232007
-809026
681725
126077
551861
907834
161437
901865
-30243
990825
-562498
652241
-825848
490390
-519581
526716
744094
55154
558354
30409
-791096
647828
-297520
-482792
-457605
194204
-961084
514225
278643
-892760
781508
-750069
770996
539849
-397398
-240217
410466
-560974
920151
35459
741682
-82056
409846
-143832
-76425
-245744
-349863
-431767
669170
-906190
-989145
-583225
-376830
408280
-858237
-780126
744185
-507927
830600
136916
389352
927645
429829
-56130
-844665
931992
707820
670051
-105719
-907950
432106
-868464
509542
-63805
46857
-874263
-303447
-580811
526092
-378003
306317
631093
219963
834703
186174
-419530
13419
-809306
-858872
659123
535876
-98127
-27250
-875663
684401
-547982
-663718
804395
-175595
259987
-485344
528584
-894530
594212
216273
-824828
452939
-316912
832220
-359309
-261569
-246180
104672
-787396
361666
67911
-202539
-744746
-230619
175377
652994
-634038
-743688
-176613
125523
463860
291651
626912
459071
-816940
-979772
-55461
-809979
427700
36594
-803860
-431911
905163
323006
-256019
858023
282766
813832
-783328
775886
-996587
681308
-715476
-657679
-393497
-669747
-601900
-795589
725676
62405
-665914
-349363
175075
31415
270964
107306
894410
-286071
-353757
-611037
-616103
-290131
-590473
525377
501235
681809
-545321
277857
-668816
404232
735880
-363491
-374776
475510
859384
-245292
-352154
-507623
-350718
534903
429972
-579966
-424314
-229774
436608
-993982
398673
-258964
-23848
80817
-746207
35021
881100
167211
204528
-189419
-398716
954189
842295
-587256
-22889
443046
-134899
476967
-355098
697838
31761
-874387
-845327
136757
577487
-964945
-136302
-157318
-443077
-562114
821273
-37578
-50158
102517
141892
-810939
-846064
-427922
973822
734209
-263905
930134
-620814
933503
474976
73394
986075
512146
-791484
-870468
-775351
-605635
358763
-996221
-764821
-532836
-205513
-889837
-750959
-958126
-123410
42875
-187867
-979486
-883650
-548587
-9209
-200214
976047
-355254
915007
-540048
946034
133636
941099
-665408
-920303
-637375
-107720
74183
-211395
661977
743410
-470081
-268533
-293328
494278
505454
-758568
912760
45776
-504594
769057
-972955
-749220
-804150
-690271
-894169
346457
313987
969504
-95363
-64841
-874105
-922734
71670
752472
28401
824824
805001
-372182
265772
-61777
-435840
-749012
846168
589000
-232819
-96947
500487
-92271
906535
575499
871267
-278056
-341364
55784
-282562
187448
-791683
-562041
920182
-391642
393003
-452377
-584756
-540196
825862
-948395
-451098
583109
-225676
169340
223546
732164
586331
-741433
921140
198888
371603
433337
737638
42890
-425880
965458
-399
3764
-412991
-635910
-723254
-890238
787968
24537
-810126
734766
669424
-864622
-355715
342585
-578801
652714
442863
-512365
-242444
-635187
-938933
-620627
-781618
-172887
912643
233313
667911
-283539
-314263
-754754
-631662
-405322
-536845
-910065
-689315
921180
-701355
891489
-110427
307851
645084
-141763
-178641
970016
536863
613545
722344
-354730
-783929
-504003
218669
709057
-255446
-140571
-293906
884280
-37640
467539
989498
-468203
347015
-40467
-198469
506118
-921744
-814543
975389
464413
-943239
-638031
-242910
-873518
258349
-127765
815880
370401
-795467
-170448
761557
293188
-291334
672721
404699
-910814
-561105
79620
468353
412255
-905776
841544
-461192
-372732
364721
-59674
82190
308389
-33031
-184669
842224
271917
-23228
-838001
-734958
-392329
303180
150347
-903339
214429
-759600
246984
236147
445562
232214
598164
541882
269611
-558570
-194301
215167
-454588
87814
9938
-59576
308580
291384
-755399
-277646
-321950
346804
610290
646202
-877854
890466
699335
177427
-86687
-638723
-271819
-348099
514712
-431813
619604
-210569
31382
-94823
-692217
894907
587527
-778251
968582
-605068
-157828
72907
-911890
820754
-256420
525301
-90195
765351
318915
-154434
-942021
775299
294591
708963
910810
447810
983107
-390403
652210
-692236
340399
981736
889116
439191
631320
962543
897549
-109593
-864172
720293
-548996
-871353
-194385
986579
-126554
10371
510293
968665
433840
-940841
556901
722177
635622
859578
834593
-398594
-77281
-193375
674431
-861959
577828
-821940
780818
-408026
-109725
-229134
28586
-871332
-560491
-55369
-525470
-307926
-241735
-183237
-18060
-442488
-799525
515740
-721003
786024
167797
863102
-718626
915868
-571466
51045
14621
-792899
-693586
842402
949452
-459269
-395128
330049
-195609
-277612
399040
-5700
990723
584587
-823438
-527845
-234092
-954461
813552
306463
-189986
-177671
896517
108979
191386
-792181
52024
239718
28701
-237668
516426
163709
-375184
485920
731348
649112
994427
-193097
464362
678669
-653758
887238
-935748
298685
-917207
563136
825593
-900328
235344
42945
-913291
504896
-367963
954847
212249
880885
575573
-825990
182771
-594565
15420
-605029
-527691
-435856
40994
-994898
113266
247154
420860
55945
-647530
-76202
-369792
-803998
-672676
-560606
203831
409486
830351
652129
-868092
998079
-471108
409549
-458833
336553
730778
847155
588260
-401586
-284110
422819
-280644
-524775
874187
455172
130468
-649488
822038
677759
-33245
-837795
-846186
-723070
251788
-235496
-175437
756764
-46014
483853
409511
-216769
-505776
144998
446868
289339
162635
503302
-22639
67279
493703
395589
739916
-461949
-62033
-577302
-985354
36839
-390005
346081
-784661
883563
715293
-283923
893144
845401
-198991
-948932
19736
-16982
374864
460042
848052
-358506
675605
-365057
110217
-776949
916901
-715079
887770
-650604
-282559
-933498
-549942
563982
-613461
-900280
-692709
-576677
-24611
766070
-588624
593488
774002
-830832
966910
686465
299232
675100
989803
324419
867205
-260248
259992
-359038
64571
535015
-628286
-463773
-902904
865720
-340551
929290
-867847
471058
-846707
-601726
66652
-822967
-680299
-924197
285996
536137
-206741
-658285
684977
904155
437138
-929844
-726829
678096
-391618
-588099
781572
475885
527346
-231062
67011
746936
409667
937486
704964
18901
-214640
196559
-357107
-801206
-121147
-930032
97348
-889466
157845
725649
-943255
-403349
996448
253381
459549
-133144
424933
688069
-574537
-37297
318169
473399
-959629
-986858
-31082
-498902
626019
-701029
-260633
194025
-694294
860830
305739
-133307
-631881
694093
-371345
-848847
-109127
578003
692576
606320
368868
544748
-927587
905701
-919471
222183
-755945
504774
899796
-426085
241157
-867238
-740991
-596829
-548291
-541351
794130
258
-307851
-215240
-805930
406953
-812074
195134
632663
393652
347082
-165081
-520864
442629
-473814
-417253
380459
376714
-560219
90872
-876000
-435391
907264
91182
692758
-983729
-644132
556008
-669934
175220
836952
-801511
337298
-121592
565553
463512
-300501
592104
148753
-225202
-304068
-700753
-100970
322470
188064
295271
109248
-739376
145148
-481895
33430
-289103
293638
-601931
906402
628930
152158
-43122
803619
181494
-552039
-864834
-792305
795398
384845
617066
-222429
706865
520735
657569
-429321
-542975
799406
-368782
778569
659283
416568
-963542
218479
860423
-244224
956255
961499
-665119
660894
-431380
817419
817340
970222
-374393
584116
-704971
321892
-505059
18103
212221
808869
-28572
719950
563831
970237
-587361
-218423
318996
-188540
544484
617479
-737258
-84720
-854229
773570
-510150
881401
-786606
719981
81835
-831826
-487101
-952453
201859
-54246
852617
46643
729039
634805
514180
318520
131924
338263
-506895
395217
887117
-996831
-793221
62339
-430969
351582
482054
938026
-570863
-762546
-914302
731989
257857
966807
928895
-320959
-671961
9000
116664
-352662
-413369
-12754
-100173
1464
129218
912475
-440661
-682974
-767744
78644
-367808
57717
-542490
-784411
-657298
873605
-119413
38072
-381547
210308
-8732
-154438
823987
380789
-721206
-886041
-409546
984761
-395623
-66936
522642
65150
634976
600517
-603963
599495
-542098
837028
-702670
-619477
-734340
-720703
-965331
-554524
-796295
-124178
265994
662641
190973
-227644
245442
225515
380404
-184127
-735197
-495743
-898807
876757
-804469
-453603
743364
-815961
-132767
-978076
-283094
864504
761753
-634221
135090
666226
859443
-93423
554906
-409229
-667505
-978473
419131
-691215
742089
763565
134206
703469
-323434
871843
-707577
259081
-331562
-296642
200233
528547
839277
147153
41739
-474809
-205865
605462
-995728
-827743
387154
457421
747853
-52362
314369
343743
211921
84579
-237311
45202
710490
-561175
683428
-495423
784854
912819
-875954
-818275
-900718
424603
696677
-587931
-897670
-970668
52307
-57772
465281
-992009
-336941
-470852
-527689
778957
617439
-337420
800794
-318415
623297
-69121
-566539
-273237
-784827
-116439
639259
-357093
-306404
-130733
-748666
668809
-382720
-509619
748317
659642
824819
-531965
555050
480532
-104200
567103
794395
-225032
139262
-302866
-165380
435483
493922
41410
-512018
477759
336244
902200
954827
-340038
210054
-702851
-723974
-484709
-5109
280693
604967
752152
-227304
747518
-719859
-52396
-1442
-541515
751833
509784
148624
914136
-834487
143760
545135
308557
291
205066
-394403
469912
228129
842790
-213794
720006
-285703
-524923
-305185
403309
459252
-882739
285219
604583
270636
929008
411546
790872
534149
-130518
-655076
-592377
-543173
480179
620728
201395
-814542
-882800
-16999
-364445
-465431
165150
221298
-630806
-854568
821653
635289
555279
386065
420690
-724218
127622
-20295
768622
-376620
799490
-321305
473875
-502833
-784754
-617534
-318871
506919
-920291
-820657
-327646
-720600
-183401
-841486
789775
760980
358859
-579754
139943
-700400
-689416
-74042
993851
655968
886786
-969156
456121
-683438
-357345
-573824
661076
834065
656809
-45021
-791835
-561957
-24479
892125
385362
-531633
-472959
202689
609342
-156525
377433
-859378
-58169
348063
414324
-450484
-756184
786653
204921
68636
364269
551057
-819813
183546
794799
-793724
208112
604560
600734
-746404
-756599
676644
-99190
183454
354433
-323044
651455
-701990
-990992
651864
289436
551558
650479
-831784
-909585
127510
201669
-144297
638753
-457175
110667
-746786
-335404
-857130
199738
380071
754444
122115
-853642
282316
-182069
-16517
-40639
-392312
-747792
216152
677936
876463
-199363
-578675
391901
-172420
-474798
702983
-215969
-112577
-559357
529261
-472973
937851
-391488
-211858
613352
562760
507132
-585767
653068
289503
-721929
-176698
-274461
-37493
-247519
714366
935206
752189
129926
-603036
564058
914308
46216
-120772
-325837
691440
474534
-167760
-552193
-946652
86541
-692913
64637
-745130
386232
-538204
-980827
-327614
419220
-68338
559190
-846546
323118
-510530
-935321
-418585
109188
-184545
108605
-496593
-201298
-743491
553466
-207424
424452
831095
-112423
526505
329078
557962
-690497
-850406
623407
334974
323783
-909865
73608
6508
-923201
473531
876123
-971392
806594
-483669
620608
-652529
250508
487748
31392
475426
-500747
-544330
-576522
-436024
121096
-398393
385399
5130
-583301
-154635
-882954
-360137
124155
956372
575122
-474014
-508517
94052
245893
694429
465525
805283
507883
-956862
894765
986422
-407052
-884511
-635009
471920
930718
482588
442417
-23692
950490
1615
-610712
-227059
-512203
-739132
-480092
-640806
653668
782574
-691694
-247788
-348910
301231
428691
831740
-579693
522873
865101
-788405
-846797
-295067
-384869
-703214
497559
-451958
-683846
-464524
228292
-849572
756692
-637404
615733
187695
-300362
-408515
31999
-144305
-506460
724058
387874
-246944
-106356
667080
743145
142647
-301587
-962609
-39529
-521423
-563341
-569608
-654373
436516
901297
579073
880347
-399736
-791818
364143
227891
461064
-113503
-912046
757145
-944081
326713
-814744
-369526
821582
887604
-727279
130140
778915
-810198
111840
-910190
448680
-60957
-193802
-991052
574567
-171419
-999408
562186
-126771
748213
-594
-778503
-592009
847868
778946
173000
546855
-450290
970625
-886418
-296301
74359
-51148
324110
-750811
894569
-641520
318562
-358410
620161
-717932
-105294
735281
-49559
-161160
340712
202880
-428050
873031
304736
865369
544705
-156252
-60607
-615092
928125
562186
-754638
751681
364638
707655
-948617
-303102
697264
-587222
-627275
-418598
610298
-368834
727555
-70902
850612
-960659
-148193
-407384
448656
-86101
-165186
-488076
-801524
204655
-977739
-992160
-258110
-525138
-337769
-107657
-343190
44526
502913
368228
456890
462021
-413215
-620495
-396498
-946930
-573434
193658
160418
-329107
832114
510597
-493406
66366
-760552
-266970
-218105
961311
709281
-768431
-517836
80322
-697856
-551546
175305
771694
907136
878793
556268
747046
792545
273
351268
-36210
828524
-361669
586582
822089
-466079
719000
-923224
515511
654173
-638202
768735
-743286
530246
875740
107351
158386
-377328
-155324
-783245
-146564
-70953
859603
471013
981451
777076
228841
858720
106060
689957
446437
-98951
9343
595320
-229460
958936
-970808
86184
494705
-780967
-956306
968875
340856
-238536
-404315
529237
-782961
-125991
-108356
720151
118114
-554108
-285747
17380
-675449
-798876
875500
309925
122557
557206
-414404
587749
-484394
596182
-692287
-634146
-178940
-996769
-984709
-151361
434141
-739062
751724
318889
-745626
-884848
573888
692603
-378327
467838
-600299
438492
836195
-434478
571338
-643512
-986331
-333401
32896
-819905
-867753
-536467
-330850
553255
-602140
-934686
-660251
-390581
-949048
452834
826830
500527
455385
321076
509511
282008
-821698
889453
967119
667871
173205
-175519
898164
64068
-474866
-165427
-146838
-469984
300846
-442615
498727
117041
482002
-226495
-577696
529760
130749
255948
848633
910512
76999
558460
522267
535661
847818
-20153
982317
-296546
122662
534739
998640
722125
-474431
-566958
788769
-115985
-967993
537927
869268
-204764
-779409
-989184
-837892
-523395
496886
-13264
144897
443184
-37834
-842258
63897
29497
-515700
668386
922212
-413460
-618219
-723786
-745778
-915797
-370590
-63314
771129
-211090
-690251
-212900
-917532
-107874
373501
-556976
197575
644836
156667
-176093
328165
498964
-774304
-930568
-656522
-15283
-929029
-616509
-794469
455371
162930
382468
310938
-14892
-634231
-188492
236785
146487
793311
838862
-97512
-190492
-378022
-483782
-128925
-527668
-241299
-863826
-744559
85013
-416010
6961
-713432
168583
-914158
-760002
310928
158327
-591708
231223
-978463
552448
324839
-680681
-792343
26475
601214
552676
252749
337965
788449
797664
-344727
543600
367720
-845590
807145
266584
674677
-835112
-633050
-773752
-860463
-944242
-57584
-812640
-826932
-386523
-900446
113234
-300380
166556
992089
-710952
112469
-602792
-321095
432335
95913
-169550
825992
-25268
-239551
889701
-639072
-770637
-623909
936048
-174518
269262
56752
161615
146522
587257
-102775
344588
-886793
-658735
-431681
551814
-636706
-315858
291430
-946882
646543
258394
438395
182055
-231350
-530808
651372
436400
-347977
-837208
-809890
56807
803597
-851934
550078
279887
-21452
-461191
-705629
-703607
621176
-646194
616106
-244213
-879732
614893
-130292
-428452
-463751
-373244
-717799
-306064
390366
-276381
402172
-597925
284019
-618172
-606410
478803
-386153
-331083
543828
-529539
476249
203024
-486427
-435280
-795935
-355107
412821
-343287
-556114
-84343
113775
-78191
-535037
-849266
-431956
852788
212925
-19815
-804991
937867
952026
324080
749297
848773
223003
-94266
366900
461389
-315994
901769
161856
120034
-215160
240317
-689744
-55542
426042
-548494
462558
702343
-379859
981964
-293166
734249
484698
-86072
-405523
-84593
-460920
222918
-891039
976498
805040
-917785
132369
862381
312537
-583455
-419738
-633065
-351952
-628616
981169
-296810
994782
-540814
-365608
272078
-80513
-134517
-810310
-550490
446335
447669
-299982
595292
-436780
-84174
785082
-655796
770467
704058
-969362
735301
-919058
970730
925768
66601
-48973
994807
-380250
146022
320234
-945541
-430040
-582628
-130503
745188
-197279
378100
705436
-165588
666031
-388141
907178
-340814
175923
988286
-728393
557913
-272215
-342640
454187
-638879
749945
-592417
-444064
245228
-188689
-368438
214918
333571
367620
930963
41193
-573812
-197537
-119548
-837714
156571
-634406
-699303
-683869
-808905
301745
-168191
942578
-906775
135692
-70981
709887
-291364
123470
-564566
15558
416111
-529912
-689151
-145913
281155
519003
-305494
85552
21111
284167
684297
10654
982784
633647
-222993
-528602
-992881
270023
219271
-821845
-439018
-537577
-791921
-291659
-657203
-347497
-637095
-166680
-987421
-290301
-790854
285644
-409311
-924855
72786
741437
-430184
496739
-931687
-515517
-737561
-726642
-804864
826511
583667
808702
-93076
-673022
489567
-813433
674092
747881
-384503
-420380
-465886
-413941
64666
-919611
-503137
816243
322915
755317
-14584
280135
524691
-532212
-943058
-274144
-322652
-346162
616988
939393
479419
683580
-648965
84656
-281221
-621781
-921113
493578
-936077
672199
-838902
-36151
50855
244476
170793
210863
54861
132585
663078
501400
274692
-803567
522402
-695849
145300
-496007
833075
681379
-260051
-548851
992498
709032
-147788
-55668
88758
893497
827249
-430662
-691984
974660
565812
-242129
-830510
-459346
-452721
-670086
-437838
375205
568281
528180
-491083
598140
-159242
731686
-785186
-453515
-182291
-498308
-812478
-947435
-298105
-877292
-293580
164414
365020
-838836
-201192
-880335
249932
793765
21278
262173
-277180
673956
-686238
-968692
-388194
-429317
281306
-318152
647479
-262485
-290512
-861713
-20488
-325865
-134343
-456672
862409
471526
-11077
-33300
-421083
-176418
-803747
-437527
-771917
-300407
-12982
-12850
-394689
-719776
880965
739700
-516575
811871
-389615
-870533
-19181
960018
274574
857284
-11467
-99321
-656221
296886
-608120
252137
231395
-797770
-472939
116970
635437
-577708
-926333
51380
893596
814997
-51262
553254
201745
258683
484165
-502302
367725
597457
-803170
513206
863630
928367
-883267
-739536
341925
767942
472610
-783751
162018
-740962
80227
-784706
-52575
-695257
693626
135608
669513
-197602
477833
-285829
6827
637834
-953370
894168
718213
-929788
-202085
-925514
-596405
-119967
188187
273883
206108
581888
916146
589206
908609
290419
-660294
204789
-195344
-205169
-770480
942529
-36725
-317175
468769
681468
-956827
813980
34776
-890116
298924
130747
583490
-73662
-909229
851627
383687
-542229
-185279
-390909
-958041
563478
302997
-221955
-927874
595635
-916665
206503
874939
-271616
-334541
486690
-787984
-701069
555832
-224027
302501
-667949
-549585
716005
361045
-750088
-607475
286093
725243
385312
-801033
-219104
-462867
-249702
333145
-744576
157220
-742122
537982
-433684
-187600
-242730
585800
-560879
847145
-105593
-590611
403732
927634
131883
803012
-909530
-97710
-299064
41402
-385381
444211
-176247
692005
-690938
-799006
423560
347240
-666683
-727794
-437662
497680
-995122
-514374
-544549
-991971
-916502
239896
-828225
676528
436733
-806770
673584
567454
-519444
-617102
857235
-863610
240433
-914029
-697887
-369615
223371
-324570
398155
-62456
-847905
405624
165616
176335
-784815
135088
112811
-680929
355048
-723083
190998
-508842
831196
153704
284497
-562175
491922
-626482
709947
-701891
811672
318000
-987518
-918110
346596
-422056
-637276
-143347
-15875
-23611
-712319
708714
567882
201345
311901
-616560
413525
371058
-53513
-393151
562823
-843999
945915
-625987
-318592
-29881
-407179
-545202
-11339
488116
241132
-115599
-776187
-138389
699408
-333118
44162
911120
-264562
232232
-827636
327427
871893
546480
986454
-980653
578040
806556
480729
916093
673931
-764149
-587102
-451763
-738964
-864891
-144333
652185
439371
904204
724840
-595296
812749
502471
452101
-367543
-908239
-459029
68273
-793362
559212
853196
211047
-148801
-317559
25709
-743265
52380
-528265
587507
-79818
-362673
942786
554988
551628
190534
291405
956818
980634
-270302
807401
-136813
88338
-615498
-709881
-981397
-177618
757013
-660652
-174432
732450
-36205
-610980
-75105
836473
528927
344330
-81343
69998
262368
932421
865390
805458
-562383
-581353
-834889
566878
17025
157221
848633
722491
-420020
578123
-126864
-353582
936103
-282576
-141445
-666565
-293640
-658687
211823
777761
-567451
383876
-45222
102109
324322
243416
249437
705231
957310
623581
660617
-169004
733274
-50302
680135
-135413
27302
-69291
-91624
343492
-246041
604143
-75549
-73057
-861065
981470
250424
516604
101651
878470
942629
-564264
-918114
-198558
-902625
229720
-982663
416435
-29235
-511003
-831272
969522
941161
821456
-410485
-701249
-161522
-678916
-680780
832527
-120341
14228
-499444
-773266
-171839
61002
932041
-273435
-772260
-37550
477106
274876
425069
-708129
69324
-324485
310009
598854
191942
-395391
350396
832898
655585
-63581
640587
614175
439426
256767
-290124
-312347
589516
-38814
562304
-332009
452828
459713
463977
-370699
-43542
702530
-283689
738879
-792266
436809
-948578
-330727
-614890
-62606
515818
-955199
37405
8328
37610
888249
681139
-717890
643852
213881
407331
-390223
753027
-939918
59536
16989
-177942
281174
714420
774134
649015
-270588
8376
-854481
479903
-852299
-195642
-243065
-143099
-853767
-553342
105953
-440505
577338
727446
-363452
305439
106122
-976534
-356803
-969330
-190916
453901
338996
76787
-914852
65876
-809239
801246
388840
737746
-966810
-96294
-739633
801124
220913
-436573
-559915
546937
308978
525194
985279
-314865
-323547
-301701
111582
-562305
288835
669262
258517
-678409
-789128
52140
447216
198674
-303725
-722850
196622
-400044
742217
691931
617019
365774
439089
-989622
-323741
758613
-838
-195788
-61846
83920
887137
540313
-367737
137011
-535061
608940
372856
-808804
625355
-133410
-373035
78291
-453442
-449312
480967
-844721
669061
927572
-649592
-351506
845057
-679464
-130636
809829
-904375
-346303
781458
437966
-360245
680900
-817591
439491
851145
-993519
-355750
571536
657121
528010
-158585
-367963
-90006
-624966
14318
-865062
249479
-879273
-674327
-145693
408587
668733
-828454
-450121
49493
954128
-432582
-504411
-629290
-315170
156282
880452
388758
-734333
367912
-633825
720191
-240044
3343
62154
184894
-151180
-436954
231067
848599
-491715
955897
-809963
-819448
-80171
873371
-896305
-623181
-47055
-507409
-140118
-722035
-869577
-243785
-604556
861352
344004
-300152
154924
321692
-766986
-415373
272821
-759181
427432
610177
274008
-87276
-947525
528948
-274884
287127
908094
936499
-319010
-349226
416410
484522
369130
805210
542126
567960
-566966
701804
-825259
220313
-53853
-434603
855858
-585916
-607166
-254434
-822483
833639
153824
956693
-79788
-27020
839279
612625
-238322
-993494
643681
340017
693415
660082
-598004
896759
533367
-399857
833035
-173435
489206
277350
-1133
916915
-620382
-614281
639643
6185
-770578
290358
-340587
-403802
-805385
948779
-875681
218069
656128
-719157
-956518
906217
-407461
-759184
103956
457356
994812
-317517
98487
738969
-971358
-549478
-500640
-453288
-286173
-503554
642542
-46678
420696
154886
-543805
-251774
-648131
968450
-501903
-537648
-146851
-753143
-780780
-177912
254570
-215979
-790785
821403
-590286
768248
486367
97182
88942
826928
209983
806239
278544
-508381
552646
-353078
-333131
746090
778200
115945
-207063
779603
314109
80329
428263
-676831
-171657
-784013
-126985
544564
533583
898671
-103438
653365
259676
-734806
-208035
896194
943181
-254426
718269
129250
746037
-243449
985031
454565
539060
-808536
545424
420842
-753939
-529122
-529446
-238522
176527
-413923
-428176
9149
648387
-242697
746146
305942
40431
43521
-618810
-30180
-720441
768256
320545
-536658
-155605
-190355
61904
395662
274181
-496561
218262
-547189
-795485
767846
-795252
-951280
-421960
-597572
-18951
651562
915344
517687
-880220
-797612
5680
-520439
41042
428059
-67556
706089
744928
908753
994093
899604
128511
204886
695229
366013
519852
-543963
-818976
424790
-64994
332811
-571457
802362
-189447
881900
-260328
446865
447837
908712
-647858
-868629
488373
-248664
934849
-22265
-227264
443308
-183206
-531136
31515
-910811
-101105
-774284
-108820
201571
256209
48613
-249271
892678
182017
-208139
-529678
203485
947299
-808313
-238028
-364439
717868
903152
-668560
-297543
166956
516710
-383201
990392
-908721
646142
-969391
713393
730830
-544612
-963766
-263133
-9618
533534
-255485
819761
523566
296795
-218753
243387
-168389
691149
134761
-49247
-794738
-126774
196372
-235913
417396
358089
274281
-340121
496460
995114
-354172
546921
755614
-38304
126105
47926
-338516
744875
568302
-219028
791493
651803
670028
-939477
-615780
971771
945350
-466782
5879
105232
452689
287097
844251
-546131
599337
439272
-288551
547750
662934
156573
369078
808577
811830
33507
-725853
900349
384242
73384
-309349
758455
38122
95966
574186
-964286
-758906
-346500
414059
-547434
-132157
-914951
-906656
50735
951703
167889
-940150
-290381
359407
-740961
995302
-213093
-68995
886988
-351514
353615
373981
-54499
995809
526391
183108
-642141
-56311
-634172
314540
423669
-15445
238253
147935
-419076
-448436
-705043
-228416
951363
877519
-547234
761974
840964
558070
352678
653123
-111175
757931
-920677
673833
923824
140684
157402
412505
-727119
-894475
665828
-961008
785478
994366
-526917
-303794
-836924
989928
-18122
307249
961344
511116
-930140
-498606
329452
-880098
857278
692949
595550
-13304
676402
-852211
-170483
574176
-651443
775138
391507
-903129
605831
-513592
-911775
511016
890140
-187368
466540
-168963
290294
199531
-614159
68245
995966
-506472
710068
-379998
-691641
910593
-860554
838413
-460154
236446
-109065
-50446
-662275
-421981
196266
-494164
727167
-232043
-667382
759277
898254
3619
137796
-340909
-75644
-128344
246644
-734201
-433184
439785
-415288
-5743
92465
-512403
377945
824221
-246672
83185
-43092
-362786
445426
-256046
312988
789125
208905
-920576
-115309
558977
478501
-312177
-809797
-214539
577624
241514
-695675
311585
858051
241303
720997
-495052
308782
-567646
791798
-846600
-130238
942983
-5358
-953070
-685341
526936
-904758
-135943
5510
-50515
-344943
-727499
-453559
-941240
129434
-807017
-908762
973040
700494
380710
821225
844678
722014
162538
907522
714095
-416668
88562
498766
-280753
-207284
-154478
-467155
109534
405404
684408
357511
245389
-911473
-723365
-84118
437722
535918
-408480
-957211
-750995
139249
339667
-341850
-414102
832855
-269672
251409
29809
-876704
356157
-272297
-69059
157469
648466
-620564
454024
-196598
783976
70125
-962405
-421923
-122167
-757038
-700919
-543220
749915
-405949
430565
-599421
763217
357964
-681317
-644656
-444260
202782
853001
191355
-144668
995022
3482
-442285
-175776
193131
-136028
-156378
857528
-724727
291672
-441969
496051
631005
260027
-783193
-66298
61619
-556846
37620
-229065
-131853
780345
-288250
838270
-612661
567141
822192
-776051
-561572
-767205
632448
-884671
-545896
302888
97336
406808
593347
738718
719076
496330
-785310
256377
-849215
165126
-526935
434324
-710679
-914759
679658
580248
-904604
174663
98083
-977055
-178184
663801
-804041
439120
-231962
-151834
-533457
-683844
-364685
-884279
-926125
609655
-59387
861163
798553
701345
239237
-289655
293001
468028
996853
-206515
-933917
326944
232496
634417
-223220
437833
-253863
-440224
-222677
-251320
-874988
589997
395410
-374391
-960889
123576
532217
673238
-908847
237086
809703
-244632
-591926
677920
760459
444445
651895
-604505
544808
-95895
476088
-523436
398209
-920164
-275819
-158861
917645
-465001
-709013
-452249
-263570
256842
-449835
-472258
-63173
-898575
295440
610988
-562421
-63834
904281
-575773
735605
324282
-594554
365264
-118202
-231053
-166948
-918706
309190
462047
-353156
-730837
-862981
142469
594913
725693
-382041
896220
66755
104083
765935
256057
-573066
-763379
-421132
-756015
820853
922368
-638959
-987432
675742
-594113
387406
-723195
-499889
724244
588750
700180
712203
195808
418469
-125108
-496532
-417559
-792331
879195
521573
753361
136253
796465
309063
-393882
150032
-761692
764093
-502588
33748
-866765
-948517
-531306
986564
983762
-783335
162613
315648
9684
150675
-329901
-977570
-406735
-391447
-140254
-242688
-832100
-793493
-493496
334951
-334201
323377
-363259
350446
-422349
-51123
130533
695071
21559
838628
7372
-336306
811471
-652383
170293
-773776
511166
-831649
-282128
-261513
-286651
-346949
-400039
-937323
-79980
-802284
608472
831633
-697593
313580
-526570
-691444
605932
-67037
-228516
-149861
621598
-356394
628476
-171731
-958684
45852
50189
-850004
-772859
72691
194562
-25199
681990
437554
386418
679861
-849848
8082
909920
843116
-639543
-410763
361813
280203
659144
646767
-811710
-207808
-826551
79143
580597
850028
-782875
414971
638981
867238
-928323
-107630
-372615
561121
-897583
406788
-677700
-311285
-566662
102602
168816
-132301
237410
513803
978109
-845962
-684203
-744706
-510239
-296763
-587777
809486
-273631
-977190
-221681
273000
183234
-76916
534961
-592780
-327960
552075
-832111
-601452
-637492
30810
-119043
727058
789625
577614
-362359
-703326
662029
32950
-557605
-865590
-189137
-700276
26071
-515675
49454
395172
-817831
-692385
-987168
-390291
118474
721410
748161
597101
185989
969259
790350
826458
920104
-970603
-84976
-70375
56383
-10403
-50026
681146
-326138
-372523
19425
-72602
207043
-434610
-962483
413685
-63552
272722
-484143
-254282
567164
501082
-284498
16848
362804
145337
-423952
686315
630667
758957
-142939
85816
-747971
-858334
-847411
711664
862284
168738
-362439
-742494
569343
-103743
85647
-406345
328079
772498
-400332
439347
812278
-854666
-463313
527282
-869932
662430
-4691
946896
78023
-222551
-389758
-504842
-780857
180576
-215702
828205
792333
414443
-846438
126885
-213013
95217
-193852
-347864
175114
-602110
-152831
-927425
158234
821188
-474792
58590
-84052
205484
-193732
-359954
-377609
-124713
-454744
194540
947444
189242
875169
-799713
-676936
416794
373177
-859153
-988435
759903
-898418
-924886
349144
468977
-372219
993451
-139062
254456
886607
-522294
-293020
-724130
-317975
-878896
357346
-504571
-177762
532764
-790258
327398
358511
-829610
-279129
188068
832831
861399
372251
612914
-423718
583674
816122
-309553
255720
3009
428865
833826
885806
27592
984148
695506
742298
-9193
-990644
-48480
-967886
-277318
575073
-270012
308627
-49176
686549
864683
-44276
-506472
72623
-678281
-462753
518689
-312705
-148444
688567
801683
84603
49785
918043
171495
80749
-992677
-838584
-345370
-684694
-415018
-839993
-806987
141324
634693
-358415
-174386
-387372
73180
-226127
806089
986728
971273
-418503
386534
720988
932765
294964
-200617
-836757
813260
-961778
-873043
379423
-439958
656469
-535843
1084
475453
-860729
-782058
-396459
-928704
298911
82481
474359
-734860
827701
326511
162175
814335
629579
-70982
883735
106997
972966
442742
488882
305026
-321742
591451
-660949
-118619
-50182
-637108
-190207
-832676
-303984
-498883
41697
107045
223133
-320318
-718707
-931552
-20794
-85037
313793
463579
-467517
-335212
-450252
-851066
407989
56681
-564168
-588034
263422
-611884
-691874
447597
-219277
-784647
946618
-389268
305722
-800075
-749765
200460
-363039
238133
-864828
-944181
-901070
-70686
367285
731596
-58703
774789
-839513
273436
-752562
36266
38814
-245890
-323515
31476
897777
-124881
-479284
-154908
-71683
176010
678232
799222
815667
-381156
-795107
-400021
653869
-470725
869316
-200640
-967541
-528499
415507
-369158
278649
245176
-628148
-232206
960492
59016
302864
-447673
-441275
936369
-588973
-284172
-600249
-222135
-566206
570327
309619
-843399
-747192
-252158
-980523
-571792
185205
244550
-647005
-917088
-794096
541585
597054
-316916
52884
-347894
944433
-574046
814959
948415
-354684
438932
-806233
-769573
-190540
-952214
323232
363270
-531314
-771572
-540959
831271
494108
-186433
848985
-255620
765994
-992322
54115
-214871
-474380
979318
394496
-140835
730173
303724
128038
-504368
-423150
-991678
-951917
-677075
938866
623331
81148
768041
841272
-335549
987635
889387
430106
392962
-764348
-533594
-643145
867713
-170726
513132
474407
-221367
-729358
336316
190187
-568117
312680
-132414
67666
-147055
102302
109910
619007
78563
-329653
-341641
94402
195925
-685087
-214477
-136451
779654
469975
518172
-475429
-456980
-581
-982012
738424
-299860
29882
658191
-871855
-748384
462217
-246144
-544534
-18886
260092
187021
598105
219840
-622943
-791008
-898270
129809
-613646
-903864
352362
103561
-29047
178974
-58916
784936
-197122
-986136
-643844
715872
993889
-953475
-157376
332680
333966
-493221
-509666
-979381
-434811
10133
-230135
631125
-688687
410827
-77787
372927
-708643
742125
594297
519189
-308384
922328
-764724
-110909
-275014
-993384
607610
-253356
-689286
-560966
923565
309231
439776
255565
-510299
260204
721446
565026
537716
-478730
-276210
-768881
-109277
949616
-142359
861458
-61883
-958968
416223
673318
348603
-664060
244681
12590
903814
839416
330845
239284
-216921
592737
280509
-694535
310510
-212785
684561
843596
-362635
911914
719995
-82732
914617
-276420
366168
-170043
811323
-780978
-416687
743012
95514
541715
-884753
-815483
-488378
30708
-743077
-527834
-848286
-199166
-814859
935990
-175309
285263
-596699
439498
674879
-332886
-762021
812820
70014
820979
317189
-914457
656484
-647466
-392524
932934
427473
25604
928856
510824
-653105
-134638
-653480
478999
933178
-643199
58294
-170692
-924091
258410
-69465
-184749
-649175
-363633
293222
-607455
-685067
115231
-327349
-635897
502364
445606
991640
753022
-73189
711300
924484
-786075
970722
586255
930088
-623209
397107
-518329
-211962
-45064
775896
-293519
-280174
-37771
-97525
44023
-299572
852265
-657861
225336
731145
7084
-655666
871674
559025
505523
751159
-720277
-851050
-959933
507150
-624593
418440
270082
127642
952700
574903
536003
602247
763859
589185
-622226
287164
372891
-870424
-529846
885385
609831
850194
-831542
-99716
805928
92084
-90230
573724
287264
949122
794746
-404589
524331
-891620
544389
750587
-110696
820438
-751057
-763467
-141200
639915
123489
-449579
96792
293762
-695947
904185
-722376
421585
215145
788732
-120426
-457779
-874193
436265
-279
-598115
338539
-211916
-545886
30880
-168633
907225
34543
218830
-24708
968853
-709005
-874605
774305
-827062
-490629
-674753
284712
701067
-781969
531383
546028
366539
-270118
224593
842685
-135922
895905
106952
280745
-605043
-167813
-217499
-991228
90996
198813
695810
-883210
-547743
368379
816681
363938
-935522
951355
-224763
280772
-522390
-323212
-995339
-596601
-188195
782086
-457247
36093
-792002
249342
267884
-527496
-758426
195307
281130
-279512
-555773
906086
-427398
-96470
696371
295459
-700455
149158
-438261
279752
-847677
268212
-292479
-56659
866088
760563
-863712
-643156
-82860
232411
-885902
-672185
-88103
-274027
624353
-496115
875828
648166
-337804
-512016
591690
-262924
-922397
426308
968819
946857
902554
20405
-390112
103050
-455726
680519
707158
-217629
248184
-234970
170418
-468558
-718072
-694534
-847008
-3340
-779023
342185
476128
755264
59311
907159
724788
941276
-111147
-35426
-395511
-167526
358740
-884690
305556
-567688
489941
-101620
66077
-830221
-139720
547186
984332
648760
-158518
430490
-790541
-415109
-927302
673420
510003
510692
-158305
198427
-12928
146114
-650687
904554
-469035
829837
528118
-315252
470691
889292
-306858
-289028
-570021
-52718
-948626
-810659
984987
151233
422616
-288710
-297020
436239
653983
-76614
328203
-774945
-87712
370126
244597
966378
-538862
-528736
696633
491807
534639
468427
823573
752796
66271
653844
-132833
111508
262350
-707103
-443320
321208
489299
-865859
798546
-541189
-306021
-730256
386491
36277
832010
-291543
-947355
325989
-36669
988183
539290
718471
-27825
138717
625834
-704756
-182471
274967
-608691
-768527
-855208
12181
548743
-164325
-431268
-56825
-262687
-41537
-643656
735667
728460
929373
-536226
-74430
563096
-921602
-493362
215072
719080
119902
997037
900124
568508
-57942
-839227
253311
465486
524188
-143240
82699
-427285
693154
87064
-61203
-944899
-100209
-576839
510124
-210967
-273509
-187155
37815
984466
-158293
599780
-658601
663965
566014
703526
843009
260739
404065
14883
-856004
-979865
29275
-52405
555834
901170
-720505
464659
-143980
-809036
-759264
-677301
-158572
-123701
996101
-32449
-847114
901546
-420288
969481
-552765
-561830
-275385
462628
-439213
726696
285611
186978
183345
-179101
-653256
-258027
205164
553223
-151106
452026
833798
278020
174472
724077
-406696
868073
-869209
-341919
363338
728269
-389419
947651
-45407
-477196
968427
694122
-460705
294885
962670
394771
-292723
-660904
585985
-392741
-669794
415426
-39944
-117948
-150701
143116
-158688
-616059
211391
-523213
-47878
74503
203261
-440223
-763229
-525635
335583
-487884
-830572
487051
272418
-755675
201464
-824005
-149574
-778814
-448085
564278
477674
-205803
-679492
-338730
-932918
761094
-971553
76910
-264194
-477285
-305371
-31302
897870
9871
-790268
-254951
-190323
995982
43438
305316
-877347
-507079
863229
677778
-509269
-801532
-120150
19160
-406068
-797681
-367135
-2145
-212533
-235090
51992
-199175
692024
233372
-38263
-186615
-204139
43065
607435
711765
326842
-855570
-927032
560198
-356934
-467605
-301615
-337056
-832975
-318072
-969913
443719
476454
-513097
-624603
3315
-72882
-61912
446605
73222
640396
566307
-912986
-641787
-911194
-623827
26067
817774
-863186
338115
-757511
225722
596182
-610000
452553
-330140
-998551
680418
-937269
-389397
-42102
-302659
509886
-104556
515094
800046
821806
860221
-563538
551622
-429225
723120
390207
283468
-200389
608823
368304
-810936
827819
430338
-13618
-290362
-137714
-631311
-449776
-301333
-687910
-230220
957408
-252873
91017
-652565
-499338
843216
434124
134812
-812253
-196434
83357
-641895
201881
-406811
316745
-681242
-764882
625958
-195288
-961581
17598
-252857
-890775
312116
-59836
-801704
-735123
468174
-566587
-756805
-73377
-726933
-470376
407524
179785
414092
-657614
932402
-812619
-451062
712561
-595855
504952
-99820
-995231
859333
501073
-551652
-441818
-731325
787475
707618
-454705
-706169
-211194
264276
-210180
945932
-408848
-43825
798957
696043
-888984
-493694
74804
-627960
962574
817240
-39683
-814475
106932
-689455
-542015
-740864
637144
163742
-780542
461272
72547
708013
68867
-263723
548085
-504367
-915476
-878977
551889
-775314
-997959
404876
-632075
41752
954346
-986428
366378
-131520
-11076
-68246
238278
-239137
954372
-2676
-728383
476092
-219634
-763570
670691
-480496
-709173
-383450
-614464
176626
-189399
-879689
319775
-690866
-351046
36196
-610615
-84440
214564
-224774
-798038
473513
-394852
-605039
-331796
-563773
-904607
-270283
-917457
297914
244450
-158038
-79596
-606716
584744
362019
735119
745082
-117102
191866
-689421
84229
-35681
638422
78424
410256
781088
540809
-134439
-59928
-416820
118809
201174
-33916
463423
-285329
-896240
-291244
-736217
-875155
251602
283169
-499836
241740
32074
-842844
174707
680244
-59707
300887
-102415
822384
-253300
278643
-347431
-138575
400416
657596
599834
271574
-417968
742358
914044
650638
-614945
-646390
-893901
-464720
-206405
-199430
-786556
-744696
608922
-531288
704367
22248
202212
394762
-155265
-917959
-16958
-514010
-917289
883599
480133
609568
612517
-430889
280399
352837
384513
479494
-531574
143543
-417261
285460
166718
-264222
896770
-118976
-60438
229824
-939558
-365283
-936356
656333
-710350
448615
-582493
-756993
279711
-756431
813481
-583311
-170248
-373429
950263
806094
-992665
-124019
-108094
985559
-354472
-482063
96116
-917442
-922220
311044
-739661
-647670
-302208
-310126
-682052
252041
217625
710249
391268
-611539
-990444
-154130
503273
953930
772764
-291882
59363
887096
11488
798955
-604812
-55256
80278
-343648
-551045
121046
-345385
47694
461094
164910
257919
-260624
644703
-687523
486607
502270
-664410
-488987
125765
-909914
403805
545404
180870
-657214
-739338
-345238
-689610
579421
-759333
97577
52781
-800459
26963
-842167
-228761
339958
95236
429290
-655723
-590936
-299008
-743207
-731898
-667363
-430783
399128
33568
949021
-801257
-567304
-4506
-992845
486620
-310523
885477
-281491
-557475
282539
61300
-358903
289158
742632
-447629
683491
130895
-888644
-560703
197518
417450
-154844
-304583
-447089
-433614
916688
390163
646482
-978834
-211027
263098
142316
-693100
-157985
175197
-716202
562261
-66012
786089
-724902
847058
-705504
-983949
378196
-715839
869262
320078
-519516
457391
-489019
561989
-371871
836061
930266
-555267
680714
-437626
80358
540251
578610
220909
-487137
-267639
-222284
-153354
832360
518684
-516402
242966
174405
-431094
-900604
388027
815607
-624288
968709
436357
-562245
617507
74392
-349122
646609
-524248
869024
-249759
-628719
-190539
-847314
-833166
549381
-214810
-672362
582374
-23023
449781
-892938
-646985
552866
778040
-216419
953019
-444039
940898
-35244
485551
-377920
-490192
-288715
-705157
-288006
-107314
430495
-991892
792430
-410034
-45842
818522
101498
-254296
185646
862148
289854
-709924
875399
727056
-190305
195530
-518202
-556708
847857
-699624
-209115
311436
-566569
881066
-110702
915554
-487097
-822093
129509
421817
678040
964938
55334
-386928
769482
412063
-335335
-660728
-540516
-669351
631248
-597956
-616814
-280621
182996
-961129
429081
-973874
518602
216895
-518405
-958594
-751480
203734
-157073
-681802
488664
198327
-690699
-779036
7514
-82825
-636535
742687
-246122
688184
-147884
869726
-503135
-609793
539818
-337768
19044
416000
259747
-593876
-840803
-793973
-422183
381569
-537607
706510
502382
-739114
337835
325429
-877680
403822
-218949
875440
-745479
41941
-877647
362312
234601
-385841
-462711
908648
422031
927818
910785
421492
57813
-255216
-780262
-529150
-114523
-436184
-356645
-476889
-410320
562559
15333
-582380
24646
-205417
-463156
453306
-866784
258469
-116174
484299
-938394
-736869
-553825
-361860
-401600
258150
301469
566217
-782572
-696491
702934
134695
-773816
172479
-209588
-927494
-677485
190032
995475
418619
802802
-666348
-663931
864568
492325
600428
907860
-98225
-885297
-350849
-779748
914137
843865
-857246
775788
-847532
458389
-617739
-107336
-826161
142593
-354944
701993
-943631
-594095
-483516
423546
-741943
-954014
-608980
-526739
944051
-592143
703130
-355505
-680874
793644
890892
997727
459342
-923753
295870
622701
-193051
-200279
616718
-265986
783948
544169
190907
955775
-840678
-942004
82973
-45463
-917672
937088
257071
-697537
185301
784139
932019
-459011
543047
-536900
434331
628303
-872451
702206
-325838
940608
751085
123572
455411
-10257
-882971
8004
42903
-721006
748156
-382389
345616
252404
-246978
418891
-464647
943337
475283
912912
-915292
-637563
388545
-365546
-547450
-266433
-283321
-749091
461593
-866975
411830
421577
76629
-221362
-774578
-698040
-52263
815810
-883557
521491
603931
740018
77664
285443
201086
362005
589226
444960
-820552
915860
-621819
-673108
-465233
989992
-999887
647837
-636120
860086
942111
72205
107945
808965
-433369
689375
491518
17222
-368156
590638
715912
-974802
285396
-289044
-511866
321128
-399436
245424
-904623
-874498
605203
881306
492392
-202487
827661
-158223
257801
904070
55410
-39786
-126185
777499
-299812
-384498
844706
601416
-228677
-436035
257562
816716
607129
46443
955347
461382
710353
-462556
596606
170162
-606049
-340019
17720
1400
86983
481092
-751778
-606731
-235998
-905171
-38841
892413
-337548
919973
-514131
-599740
580335
-753466
-285516
177800
-950437
-128759
-912993
-329585
-60735
-59883
-539815
355873
905320
-73151
-938805
46312
-782969
735656
-97374
780293
-224718
723869
758491
600671
672972
282027
926013
440860
-89555
529151
-811802
834618
69349
-773820
586809
178617
-777800
-58377
598201
-754013
409281
354351
671548
257593
2861
-139951
-196293
-662795
-987856
884298
-930013
198072
75489
966641
999561
-802116
-878982
64471
-486111
453377
-845159
-596741
215880
-345897
123512
-835098
-39628
386244
-550045
252775
527778
325307
-271837
-817053
-218972
-688865
605528
845507
788934
-763332
-813213
934666
705215
-664005
-98389
-710340
191968
775067
-642357
-30347
851855
-233757
493014
427021
373715
-638419
621642
426149
-299088
433074
878164
-901870
201814
849312
957512
-411118
-323301
606005
455161
-977326
-304690
564850
-489112
333166
-742277
155379
-872109
-163245
-971547
914007
35040
508645
70919
566690
247572
844343
-42475
-749797
71234
917603
-79315
-358080
368169
-702643
196541
815338
932084
206993
-541230
-678695
636675
127179
141114
901
440098
-174364
357021
74387
632319
-749015
-30570
560830
-126605
708071
540923
-548684
-975298
-124798
570334
232288
-340025
-466928
424558
-693011
-616532
661371
873511
10485
-466121
-878733
-432653
-993062
697803
-652724
843624
-688562
-271185
-894633
573380
87942
-450095
272343
-631153
821188
496852
18833
611282
651966
233671
-336718
-641102
-896773
-216010
826812
-604350
664995
437106
-283360
-955425
167335
-605671
204018
556685
-12651
879455
-683465
947046
-904550
862460
-804318
323571
-737984
-845601
908507
114370
654934
-273528
-702647
531927
-90305
-88961
-40462
964944
315276
814127
66882
412231
96149
-538940
-401032
362416
-300489
-272380
-329630
-125938
248173
-682302
-221930
269501
586552
-535425
24691
108767
-804385
777836
496057
996212
882688
992158
-285261
-214621
459234
601709
203727
-714120
-483718
355696
-118226
743813
309923
-950642
296337
-659771
720225
863502
-422783
-822548
-657781
891499
909585
-844477
394400
-245838
615362
-320675
-167996
420649
-822256
324681
-502904
-669213
-415052
-559259
806662
677146
847608
-490607
19198
-220398
839424
-607167
-257023
192479
946610
119002
611094
165693
-766867
670614
549610
745090
214624
883590
190630
806471
479679
558940
-208453
-335712
-117711
-966528
263744
-164164
-329313
-724335
-269671
39662
540841
-148755
-288802
735938
477502
806137
768229
-151391
914805
-136503
221304
-749647
872800
804920
346231
17571
376560
715371
413756
78013
-935194
-189599
284022
-486212
31642
507755
351236
-160880
-284292
-893537
294667
-924145
365163
-676277
102493
837980
-719502
811848
-798420
193242
-813336
863681
-818147
781887
-193074
932564
-203909
692837
-975458
621362
-910510
-592080
-175199
-588965
-650352
-779822
749156
-374107
-209776
158545
-485093
443361
-497289
153483
232952
-119368
-436887
-532040
529299
352090
732229
-930531
-939178
-787278
846209
22892
-591514
-813690
195660
-482682
171066
472980
566515
-180422
-523910
609828
-190861
142398
837472
-474155
809359
190056
-2244
-958593
-819049
812364
959556
241835
43057
350577
922314
-99606
535377
-699343
268268
-280796
305058
-185673
-444257
206258
-706643
738366
189703
-811442
-492269
-139976
-915445
-138825
30846
905617
-337613
-368052
-181889
-865303
374170
-71332
-444488
-837551
826816
292295
352008
998711
-29226
-894774
-816164
174456
-135216
85543
600771
957535
-646812
-723919
98486
108203
-31720
516091
66805
96593
930245
-301669
499267
563938
-431258
-991854
-530032
-268017
420090
-693441
-114383
-473799
-345803
228673
-39761
348136
465976
550333
-645154
-694495
-265459
-66372
728231
-453394
-502277
630913
468072
676891
-533569
16319
906356
-556314
892015
-970139
473919
-579058
-498424
329743
200799
-397567
803237
-682395
-97083
661726
293123
-451172
-979536
-397050
-238617
191498
-258683
908436
553659
44186
-954141
823485
129428
-155457
596513
340903
962243
857367
750905
-761275
746048
-45714
-559122
-727695
143399
451427
494910
676403
701190
815596
-661992
-573835
-92930
-785086
-148221
356937
-66930
-870577
515554
-129045
-362167
-573739
717080
972112
-259014
956175
654721
-254907
-256210
203303
618913
241591
-402989
29989
-157802
444308
798286
-48592
-223861
-889414
311194
-398926
478745
448966
569312
-857051
-955017
-87228
121436
692716
-785800
-390904
180311
-210869
-50522
-103208
531422
872177
561425
-133492
-969497
651502
-302517
394407
-477374
-296205
-33657
-368002
98077
-439208
834212
338885
395269
892343
-46485
611268
-358556
508819
175842
-561930
376541
970247
-467314
729854
416102
-127610
919765
932952
-515715
-211884
352774
-854775
527949
-500746
18340
476052
646232
-214022
223081
-747421
976054
784561
303753
-605229
234415
2003
-314910
-871329
-419963
956493
911604
-298237
179853
-742679
-441845
609492
-184837
888485
577493
-340676
724949
622593
-587483
-911143
-630324
191487
-286168
527571
-351858
699892
646335
-13278
680577
-404185
636262
-552723
521340
592675
-664082
900919
-829845
-24211
-421315
-966691
-457348
443962
-257622
-816186
-353791
-28210
120501
370261
978057
869924
-356025
771142
-601329
334541
981484
-856411
-643583
-361299
648245
43169
426320
-277433
-630935
726160
581751
-456109
801533
613467
955470
-846342
-288739
833198
-777985
144040
308821
966725
-598597
56565
-566439
-369636
275366
-858711
205877
419715
-176224
34372
-68298
-290014
642508
-227408
-612281
469720
-853934
-557280
-940541
987768
-539995
-266693
326524
-757040
-210765
667982
-817513
-332609
-253146
-23990
-186934
-967186
686461
-444189
569848
237017
-434601
-822515
-372119
-227547
-473709
-764621
-232428
-609442
379391
555558
251192
-682440
347544
839722
135746
-460753
-674578
341039
191019
561632
81680
-266078
19373
401295
-911201
-396866
768526
829175
921502
399958
-537533
-936571
612734
-882017
190045
409282
-437223
496483
-733558
851866
-749868
735059
559623
94352
-17317
-648284
830491
-257677
-73844
36712
598230
789326
949938
921784
-473281
68791
534206
683105
651097
-334389
89493
391558
-305060
926526
194084
-414052
-903304
-458568
-162147
235328
-323922
-357278
-666543
557784
225065
-32564
77692
259296
-717784
-760001
-248910
328615
-402671
-443381
375149
45088
-850593
-602315
-939571
920540
548261
-846712
-192578
10536
-392590
135905
-138113
152192
278154
-641144
598421
-366478
-363946
360702
-208409
-483440
788425
142730
-900362
519367
-674439
-455965
203724
567669
165246
989724
885442
106629
-194173
271645
-223833
-960931
-292836
-23918
235613
-484994
-631201
797689
29067
522047
991866
-173003
187108
-343261
10271
-245984
-485716
619890
-550993
-650038
-117309
617468
325096
242562
-647107
-620359
936251
234069
766031
984776
-298696
-131648
-678430
-83945
392407
-465608
708523
552265
234530
-27898
227880
-461329
-723243
1659
-525017
553
225249
516560
379081
225976
-533636
-93571
271842
436172
-365729
-378260
269122
883388
219148
-961212
-601140
672528
-515656
-398313
370497
436586
757601
274953
342700
156422
113772
75338
767004
250066
677903
273794
-284114
458151
431437
-773794
-784516
231352
156449
-593261
-416153
229620
629568
-940720
399843
169929
-342793
-952796
607142
998125
-877480
-924955
-498996
-558069
-617096
-399558
-193785
-416285
567009
-375656
-228491
78031
981670
438380
-933569
-198496
-57147
84505
-4886
337435
-124193
-106056
633866
-935243
672574
-303914
-155765
-851249
-755958
-298340
-853555
-540970
-905974
865740
905132
-94312
-222569
-252155
406441
-515285
-61780
180150
-500105
755381
-437627
-66225
-864028
-444714
995025
-905416
943000
-787572
937395
447844
-751141
-122377
-540238
401718
-896460
-58306
877037
-756637
-705196
-612213
436734
-923313
-348193
290194
431208
822215
756554
-13708
785801
-90352
946948
-138654
-666601
-235851
488973
-704137
831031
-288440
639471
673908
-511050
-725449
143559
-223557
626932
770971
-661155
-895988
-171758
-465760
-246245
-672622
22521
125432
933975
-896418
-825498
-781641
321780
345608
-944965
685013
279507
377387
-88956
419825
799441
48187
934975
349938
-958773
-579230
476969
407285
-415322
-177372
104775
581815
59284
473653
-446418
-638445
-722263
722458
-599384
-693914
-468472
-494377
90782
-604900
271366
333876
640131
73295
-708934
701992
-962844
-372654
-430676
867695
249540
364477
310636
194089
-358568
-350304
620583
257214
-472834
-335814
810871
-408070
943105
472946
190299
84034
-686322
-825995
375213
994789
-438063
773281
147327
-921572
-800796
392632
-600557
-954394
-618185
-341982
313012
345466
675888
633374
-467471
318
26170
-361222
-566654
240063
-318000
-492111
-827435
873213
766242
-266176
41927
-612940
-868600
910267
-590760
773928
-233623
475646
-264298
-44849
927507
810676
903648
487691
945630
-989485
696362
-611663
-846718
860638
-363694
708035
-620517
320740
650888
-585533
474086
-139423
993882
-665626
266637
-598129
-21102
-545622
-937641
-814619
441621
-986174
771708
-2236
-179642
-189149
928982
778024
-26595
-535119
136507
-745240
-814613
433338
737757
-207877
-951480
-260512
-528469
864426
223937
855993
-114430
-829415
205899
997510
805841
-210648
-429052
646809
-950654
451985
51839
69991
657844
-743763
-637482
-855548
846595
-436768
732088
217327
931229
783938
-353693
137413
-66942
-398046
451730
654564
159906
8261
528391
279838
-8265
342232
-949225
-727585
273987
-747013
-510199
391745
-645951
621226
-850773
-998974
741609
-762431
410121
491915
888689
-351381
142005
630691
-375893
-605295
66897
-77600
-591577
-179681
-937385
-950295
-588480
-399877
-994700
-539167
-500834
357222
740115
-19659
248684
768250
-285232
437787
-234096
-253001
-652468
162111
-700844
-15495
-375985
-442771
-353584
-569972
62265
-313239
-328992
-769689
157463
-112492
375208
645423
290437
-797186
-119278
-556462
-109646
-660500
-291482
507690
998029
-784426
773129
-138635
-643165
797701
-174940
149137
-952150
-735412
805569
-897398
-447237
-46103
-46437
-695349
-218220
-142874
138201
-142198
684717
-539803
-66760
-364021
-630138
869726
226076
312063
808985
641171
194454
-930037
-365996
-634009
-136581
891421
-38501
245102
168390
206357
-595993
-628260
401397
-722930
433715
-518619
-168968
-313444
-45869
773758
-547753
-73137
792700
929542
-713718
-632384
-114567
537500
-516339
-987577
773539
46239
-783045
-587052
-965653
63805
590759
-197246
152174
-933101
757367
-345329
-224624
295704
-317867
939460
814861
-509912
447954
-793999
597459
-901883
841614
985128
409842
-992314
-525392
483361
-137241
748560
-407866
809608
-66747
-53993
493536
-754136
-581350
-661724
-314331
-928479
521662
-829792
-120202
827360
840458
-322561
-183464
653226
-874007
478094
-540491
409293
265078
859217
-86799
917782
-902034
92954
880017
587641
-931556
912282
999487
591374
-415626
-248743
204682
-274213
838716
385115
140203
-949138
-126988
-280377
574084
642777
-790722
393835
-356949
205095
502367
-881366
835488
-757502
-789093
-157845
-670391
-774305
-784717
-598163
-273564
-673906
-627003
223252
775393
-988970
838863
-146770
357366
151697
449811
-72964
-125763
885621
-239150
-873064
-715173
-111033
6065
-880108
-769742
-512974
-216969
369945
267890
-531053
-603826
501078
-143249
-427304
-665109
463574
-76462
872462
-852643
830979
-9596
59588
280298
-714784
250665
285005
912681
-400290
709950
-263238
503843
429691
-316869
-900568
-350502
-140706
688837
869793
-352580
631452
-707141
-255421
-308992
-200954
765374
861696
263011
-130131
-829142
227470
810462
779813
-671313
627019
-20534
412095
468357
977119
-222104
821890
-528585
-988359
-960638
135242
-498212
921534
-904470
-899690
-34655
-242398
364913
935186
158222
-243972
674554
424407
-92717
223763
-784484
-407860
-629779
-604696
-300449
940949
-76601
-920277
-157429
513850
698603
-787248
926064
-947558
-741910
503496
426010
244692
-995414
-199287
-933983
-208995
-423426
621330
-716027
-527618
-912840
573905
771278
886576
-440673
604240
-67753
-642468
-562418
583038
293264
-695365
491659
44709
-652011
21604
-440598
896970
425525
-878017
-419847
-671293
90159
-591321
59766
-839468
693432
-649408
380763
-546611
-546942
674451
-697303
570066
545661
-616016
-95600
-128064
79184
-84122
-160831
-355714
691366
295936
918919
714707
737926
627146
202116
790225
-931172
714730
584000
156107
-449545
-354895
872659
536562
-965079
-64174
633414
-154792
953716
-246976
-780947
662379
651364
99323
-144726
594856
679684
313149
393640
528992
421670
-420581
281638
275096
-744569
272392
-670994
286398
-878061
871170
211410
-233918
997202
897872
-42131
2540
-329478
30049
131536
867893
606274
359995
601653
-59952
330924
5343
240324
765003
-675057
37607
-728172
193867
-743286
339021
181507
655314
803530
485237
-204367
569582
-68210
-722023
-348892
443159
858461
625737
281025
223283
953328
549632
160236
979581
304929
364938
-924973
-85208
938479
99609
222747
-545649
-728150
193816
619969
-840768
968582
113550
-257424
-473670
-72216
127041
-404500
-780389
581105
694497
227036
681501
385942
212277
-383454
-776831
679345
-965310
-541625
571828
-135033
-575621
903605
-32842
487329
805224
871206
-261376
425815
-11434
937185
-972895
-658852
928423
271536
-821729
-100915
64530
-539204
-793623
938078
745916
-85658
-924355
181996
744638
-603331
441060
-25626
99710
431689
820703
-496887
804578
724696
862287
684938
216929
251080
187689
-103574
852472
593103
869754
-632651
50055
-114002
579313
-561767
692476
-884980
-385784
340854
694228
-93854
235106
631442
881160
489877
706617
460610
-849017
-767817
-725546
695947
926659
478030
-165229
-318700
412448
400668
787644
973872
-817916
-433630
-563210
634832
900400
-226486
813161
-676806
511521
689447
710132
-846044
-850203
666732
-415931
-400558
-616814
-351195
329434
-607948
61492
70139
-454949
961647
773909
-305803
-271416
134226
-20687
-118880
391115
-937141
711057
668475
-733957
-331495
502209
400872
688283
-22173
-344899
-613151
-812413
266473
251020
108193
-765960
211445
-158669
-599097
965344
750251
484797
662108
-465734
347573
534128
-923620
-552056
-613941
614054
877684
1976
611459
288105
-28029
-683957
751186
73913
766099
305484
-409615
-444181
853008
-326780
375230
519864
39337
193866
-996730
496809
255173
-666024
406333
451077
948802
985466
-816434
245637
526764
-366116
237766
-740489
131348
-998154
-862318
-447325
298220
-466004
-16694
-735538
670451
-644825
39320
-701275
-999121
-420106
-552564
-101369
871854
-553085
-377069
-565638
253719
-844277
-856013
521013
743966
-531594
797125
354294
-912882
-353607
305468
863282
-74461
-374040
83621
577391
-871017
534582
7958
179634
-629408
387173
26874
949114
903639
637712
-338627
-867629
809283
718634
224766
-269460
-339861
-896579
-650944
-168340
202402
-442802
83325
352583
-146582
-819820
965027
311601
974639
216199
160130
621452
-1335
510987
926766
139395
-68497
-30219
-266570
98146
53804
602729
-873006
645722
-883320
-327608
-520908
-449410
-723203
763447
-473996
-655420
874564
-546234
657676
-216372
-665920
610740
161193
-158251
-316611
778641
-450446
85076
688284
-69988
-349960
524033
-924406
-661695
444891
-313580
-564093
-546954
937911
953484
55374
-423315
51054
-310178
-160579
-114373
921912
-517740
-901735
-173482
299459
-328816
-289023
-274747
-154764
300803
-851846
925662
-291882
298267
-108238
190257
895691
-148009
774229
-374812
743602
403272
143693
-320758
-742593
-997715
16354
-376585
-36118
-386898
763991
-988044
873552
640291
-732917
-214269
792521
-275343
689250
-519956
-226542
-318644
833182
610009
-461785
-925845
-903418
410387
579068
-325411
285494
140148
-926929
-854783
-175851
972519
579591
110576
-921564
-126006
591532
-447479
160302
200619
761233
245434
-252583
303650
-66310
-975826
-547216
153104
95880
-734013
-795095
-5319
604614
-906290
369905
992665
-608448
279972
-135941
-778092
255590
865079
751658
-639310
-954045
-880316
-169458
758220
-262769
-572767
439019
-85553
232322
860146
230792
-687704
811004
767474
-657175
-920796
-775641
237817
-791200
-149410
-695843
599256
-625367
-694501
343587
-203649
776627
902146
552577
319614
-224676
350908
-71235
833207
123158
-19793
282899
17460
-816079
-855581
-106022
575645
-107145
39967
478022
-680065
-641036
-356220
-60166
-563738
536676
-879669
207620
-675195
-879439
111013
-103408
698968
-191838
-198651
-590242
9560
-324887
-754690
529570
419912
781870
477497
523652
-390050
-947467
767619
912281
-656547
-996969
847572
-11250
-670525
751147
-343271
-4955
-185760
52601
-557588
-165055
-937586
-50907
25355
-575163
-341560
-303361
-721272
-989121
977748
535181
-415215
-727910
954930
-279360
-200416
697920
22156
432784
-491928
332309
-640929
-733335
-86326
50023
-326834
706022
758578
243638
-622199
854575
638372
-390231
-377527
423351
-132121
174000
-645714
789591
593530
-533300
-724399
-909835
-389361
-194223
320830
-201059
-23065
413677
244151
831309
-815057
-55025
-834796
-603429
-890761
-421306
37226
-560302
213356
409892
-490454
611474
742118
-790536
132043
760479
733836
889162
253026
416731
-659964
803524
-869874
802743
914423
884192
912542
671172
220465
668466
-10928
265201
-703078
25416
-265103
-921379
-940600
724454
-537105
-242532
703467
-702204
347814
-400095
-96614
-731215
12687
-78338
-425456
-176401
-803724
97445
957947
123969
763356
47466
993518
765503
758757
-383655
-515138
-514549
122285
-149488
-245516
-357611
-394687
-327414
463727
-659290
52306
-944133
7022
-758165
-164980
397458
-108752
898973
-471273
-413993
-156768
-705680
324231
327007
-979513
-657919
983968
19960
708804
-605130
-551218
429441
-770632
178792
-716829
-110355
905951
-978615
-160233
704725
812021
-279218
-381948
218484
-220443
-784584
-136301
-941538
728938
-827514
788322
-816684
126897
50945
869622
-493122
-197354
-486404
758477
548601
-477162
415798
-942323
-597636
890450
-664902
-192065
-542633
425617
-854606
616388
-10484
281391
641442
-122321
200112
-988763
-632487
64853
-550782
138504
-194233
-962772
-895573
454054
712320
170510
-65441
275732
959115
591830
686988
-592377
797163
210902
275412
183208
-764859
542130
805287
-363179
909321
-466294
-535378
-144786
907744
768331
-40200
-301853
-734635
-401923
-306322
-791246
-727320
620370
-86895
-61748
-843011
-388065
-592155
645127
-994836
360601
746317
329118
318342
-50752
87176
-635976
-452288
-778916
-851376
-725530
914229
-515003
-582524
-238017
390830
263054
-711201
-977426
-13223
195505
-788683
-978653
566906
528110
214066
-735280
-206196
847450
-767020
640077
-572894
272676
-242945
-788732
572430
-449405
477330
-498456
-329806
-338737
-447898
937983
398720
764198
763732
-852775
329405
-905562
197780
764179
-738185
-617960
507322
-307987
253853
966576
-592261
-683307
-157820
577110
-86450
999141
578728
948115
-238270
504337
-717211
-45182
-632029
80549
160812
-887751
999600
62444
-304555
-816090
-531345
424787
-699712
-665456
309891
-164770
-201379
12656
978589
891283
-898840
770412
-836120
694459
971137
-242174
195251
367783
-78486
144245
-840084
832525
-12666
-84300
-498333
241221
146699
-805971
106556
857413
-257713
227722
-198111
83626
-236053
884116
372342
839257
725832
38162
824958
-834486
766303
-924191
-739046
-132279
833789
776221
-115116
-950856
585156
-54099
462373
946855
835759
-290587
-554497
-901953
982863
873981
-239798
783117
307665
-185241
-540165
-207855
-150629
79586
-987785
584350
-514847
962203
174111
-647677
807375
-2002
-956698
278680
-633411
-998139
-649823
8296
-445911
-964255
974246
342475
563439
-98821
-580309
638771
-253435
198793
-647870
728149
-403163
-765254
-407244
722440
-648028
-162618
-921090
958194
-663350
487035
-669378
965137
7884
-477762
410595
-292039
333009
549833
-663101
576995
-770444
910036
39538
-710082
-571861
633714
433845
33414
508883
-287465
845973
-742370
-19279
-200046
-564703
512741
-247968
-603040
168436
142898
780627
-250765
-503931
-691377
68722
835605
-229222
404671
-934950
158033
-618352
-109795
-420998
296609
928993
475482
-105094
-767284
35549
420197
-514190
-32491
424114
-533253
440873
-52924
394002
-530527
973377
488000
458378
290730
897836
-86476
455665
-141318
91515
-841735
386036
224309
425648
-1781
999382
674868
285166
638035
463991
75801
-132051
625568
-813077
335522
427403
-93541
-664294
665380
377154
952143
100986
545128
310412
915459
-232913
-322395
-616582
-536119
-370840
-544804
-971807
536497
904387
-650264
-684468
-356272
370429
-834476
703993
-829991
-30148
26338
237539
-256189
-232400
300760
550160
266106
-4205
-647651
836032
533261
-94310
704171
-450510
-811269
-548647
-907035
-507138
-329772
167304
-356897
-266847
637875
-477152
56344
952168
84587
482944
-441469
-451657
521192
-966708
78557
-545246
-342438
676381
-645302
-152193
-129606
789419
116198
-465914
-846334
-884882
187098
-205045
-838817
326283
417387
712218
-342987
-501970
-848878
19187
397289
855190
-307067
-547344
59737
-792789
185997
528587
-412176
312036
-68854
828136
-42078
262176
465069
825290
798386
583875
-30312
-146147
-74409
-717259
496135
-352908
243976
-353549
773161
444510
-345448
272161
-780401
-742371
-781846
-723500
-157904
406693
788075
32575
-748917
-665844
990482
260568
-370465
-687333
396990
-568899
-863722
371482
-582592
32359
755264
624243
40710
522061
207115
-142865
-358101
579821
-844837
-190552
659711
466318
985821
-445163
747647
-126262
-939344
-665799
710249
485138
-72651
53703
900762
246900
-988680
-988648
-572514
-232071
-693236
-144096
538523
996571
615821
245485
492425
-408419
678623
-995604
-968401
968817
-919781
-696660
152329
-577987
-936131
664245
-371479
-94506
-321426
946937
552083
986099
920519
-76083
-644490
-597510
175897
-134549
-394360
177184
-601142
-566484
-333692
-679478
-229893
-94119
962314
352749
58143
618645
-326669
-697268
205638
-592827
-701999
-520819
675158
319233
497205
371012
845822
900632
-737099
-872593
-536807
-444002
-354384
-736718
-874560
-217909
-903162
258035
827803
710939
-857178
69787
796914
858586
130334
297864
536864
177987
739498
882274
572044
-30846
-84614
-704116
-849734
660409
927807
-372153
-699251
562521
819858
-395196
-730024
-462269
401309
109995
6590
-348664
914162
-716058
-603816
999767
327937
-343538
557278
814936
825431
-427017
-341361
-431685
888540
628951
691806
358002
703687
-888697
750576
-568720
-222547
-588812
-652501
983036
-183781
-829425
-216398
936669
-302505
812843
15808
-51172
-958735
-964218
-997406
-277541
61515
-920074
-574389
349628
932632
-777417
877562
-562957
71153
868414
335000
361829
808470
321211
413965
-427224
-717284
337708
-504514
-821381
388290
837201
608589
-343635
-741253
-941139
314043
-517588
707696
-417451
46176
-694695
-985482
634836
-388869
610879
-474453
-235383
755261
-856967
277980
-421679
414131
767240
391592
-430568
915264
892149
-768275
-565148
539007
75083
-316519
73924
-162070
130100
171283
55463
-236795
-600704
-964645
876073
357972
-224725
54175
178621
988808
-21993
952350
-441526
664886
82958
-287079
-294569
-455688
314140
-600509
720532
-533419
-920695
377502
155300
363244
-379929
342761
900379
549835
13223
-697693
553544
889078
940410
-712712
-112937
862654
-211819
990971
871451
960180
474188
470837
717666
428570
-274767
707829
-279071
-138440
780817
-969406
96514
-645533
720911
-517471
692469
662842
447266
-558659
-99872
547682
554281
356280
-448398
-572531
-374954
840454
221963
-79927
417121
-507999
-656222
323671
-491941
663133
-30315
-491946
-850725
-572230
419036
382777
526992
915402
-524090
124790
998398
169124
851370
-938666
-319753
462211
-547393
785546
-390829
-24361
-806251
-640754
977025
-16893
-260414
-978688
350500
-193613
293867
-879885
-745297
927394
-890904
484720
-331647
-624201
415581
501491
725002
-414805
-598908
870279
-742398
787159
765978
663181
-55609
-928634
-880753
-370366
390094
-830549
237395
-552691
-929716
293640
-141412
-186080
-231755
-689507
753295
-896418
-567024
637399
-869021
-861164
-15495
-777288
-900285
-908180
-908027
-969311
-470501
-345978
-156547
-498460
705828
-184246
-636878
-562665
-122895
933202
-935205
-815214
335263
613165
77886
562058
814208
552064
919027
-341784
706695
287089
-523813
94266
-511280
-225068
572597
-657707
-890390
824122
389645
188562
98036
724572
-699945
-14689
-954
745835
-426185
-330852
-464618
77603
-233367
290305
719630
226619
-594157
302371
-466224
480333
-783972
-722021
-331139
731263
-571907
-688768
377740
-722306
328441
-344145
159799
-933356
852809
753415
756462
-63947
-115896
464855
894711
937664
-192136
-473523
-849191
-941939
170447
867763
-843434
-717085
108079
-903977
787349
996821
140765
-510681
-610369
-562205
211065
-226692
-807685
-26163
-559466
-316915
-28692
712557
-377438
557101
266921
235643
-396981
931743
-296103
442541
-139858
934547
599289
-844030
758312
417751
581206
69142
-381337
-801563
-438626
-971619
813736
-318560
-851793
-897685
-342840
178326
-570206
121917
314164
837750
-360123
-923362
-990426
-880950
818499
-271811
168822
183794
-612293
-833927
26813
983249
-248666
-103301
-69845
365560
-686382
-798515
-446704
-557674
-46194
611187
-573428
358649
-881452
524316
-771069
-432696
66406
-286824
478065
-677710
13867
-332376
138763
471135
-158984
89148
-618278
-496130
838241
524481
-513140
-903637
-554944
-800029
-509196
140710
-38541
223182
-376135
-332535
723692
155572
158467
867959
-813966
231296
774399
-142185
566027
-489240
652209
356404
711858
-51762
932490
-150664
-275128
-284600
317741
-167376
-830671
449993
-160673
92232
-470853
-248158
550371
-656700
722428
-379049
-2403
821329
100099
784603
-764618
-948269
-248930
-917222
-410950
-494110
666079
526256
-847507
94206
-564725
938736
318564
261171
-360280
746359
962718
185881
-555636
914924
623807
172946
403293
571375
924800
517693
-490014
346558
-465598
231518
299230
-225652
-469427
515942
428871
200402
923597
-40844
16821
346209
-670278
-779257
-719405
-855440
-783715
-948199
-273129
257966
-347365
486663
298963
-26359
-255135
419368
681323
-62183
-723633
791963
-686296
-985097
-642520
-648590
-745545
259879
-274760
-134987
609827
347311
685396
-181078
564564
-470699
-435837
-167685
590612
737455
-235466
-635419
-735133
362344
-70322
-630356
-518095
-662823
-724617
32492
-299931
600170
660981
75879
-201743
926115
429666
646693
-413164
540778
198985
-858926
78435
-247650
396933
-654610
-425970
-620111
185961
182976
-958468
942737
458919
665990
484017
-839479
-236010
-781580
-848487
-947225
-100896
-196856
946633
392438
10492
-358568
-103564
-161676
-255921
208388
-821043
-690180
450834
793619
155762
-598742
707342
444313
480579
85120
-555046
483764
-334741
-386704
104882
-893356
358507
538133
-673981
-800653
168591
587169
357623
380781
633787
605294
-7611
436628
-190940
-46857
173909
676669
-885971
-649020
462306
597071
-883845
-346506
-661777
826238
508315
-796071
777234
-208317
-625104
-391629
99518
645826
49628
-831113
936751
-876170
24988
-181220
2354
-452733
660226
-516320
630358
833159
-967013
957845
-546398
-750859
275321
-705395
539961
-859829
226293
-968503
-329493
-278525
283824
-883450
-565985
-430040
-448073
-93335
874358
962814
-760658
39431
614854
215752
477317
122328
-942326
431939
-579939
-119084
997669
-656978
-146605
135847
-613124
712628
906621
-304858
544650
-627791
817115
-194950
-938430
550563
790045
406673
-2643
251281
-299933
-315864
951405
832762
287506
-653795
860710
-630329
-193910
211173
-976769
913049
-398285
-14066
-75715
411107
199534
-864505
725648
929416
-426563
-698417
394441
879523
374768
529131
532424
86672
-588481
453225
-445972
868798
987534
-861725
-465858
840446
-951309
-928969
176608
820162
663680
194426
-822617
390588
-834352
-903076
-390541
-714235
-108582
662172
-895026
671417
-653581
-54442
2226
13189
482501
117660
-379817
-302610
-534109
240736
531904
-257985
681594
-962326
-396200
632445
-577556
-199933
986467
142807
1787
937336
-255037
-748157
134872
951093
192094
-384755
504217
-161458
865258
51886
-911432
370277
-410322
23347
525599
-662101
123885
638102
788972
594553
568525
-960707
-77316
625789
259934
-459390
-477620
-472546
659632
521270
379485
-875764
900402
229207
-900249
897193
902885
652811
802631
229301
370996
39477
-165381
342595
-655105
-340022
548311
237571
-858357
-991951
-139495
324305
-332207
-680905
752291
587911
732902
962081
-398191
-223207
-961698
-465325
433120
-713503
-171450
-74363
-617360
287623
-526324
643048
108263
-438182
-597961
416669
389815
8996
931593
-492437
732867
98910
-923134
-185616
983328
339867
-724906
489592
-535692
152089
-371484
266997
126663
-143405
-422440
-727480
901072
414262
996461
-87945
645488
-478966
265713
-283039
547675
905392
-346327
-618136
582164
315410
384152
-168061
144235
957298
-965463
253861
546972
70031
241990
-338164
960486
-374916
-888115
57979
719357
685222
232480
-687914
564135
967899
200191
-452037
930296
-202981
-106933
912443
349570
-605124
-579618
256248
-195399
288103
631241
98865
-917199
-568551
-7020
571340
936048
-937094
614314
333757
196196
39030
-697198
766902
-954545
826914
595340
-460016
-74232
-673487
11359
-235949
398222
253779
-940028
-621721
-750965
-943549
-386264
-165449
-715542
796470
260795
-278819
-800560
651209
-265174
-443675
209616
-822673
-48704
399248
359949
868393
-599664
-180911
-569313
830527
737205
-206551
952364
135084
-436963
884012
136204
65871
-368441
233102
-460068
976202
765923
-758164
-214126
-963877
-282050
472918
655336
-317538
285602
-344683
-700657
666899
-718353
-864091
-282581
842186
-757174
-475308
-69655
571059
281851
-695912
214104
616232
-287384
835246
-768148
-10757
185776
-841055
-1390
432473
-856581
-940768
759036
-550416
643627
803104
908330
-113817
-131360
48297
458564
-375611
-75119
-396873
489748
-190117
40580
354225
-95525
894441
752063
-206858
-333935
-321339
-302510
-665465
478696
-593226
-184220
674907
40817
86345
700610
-676982
-904131
-49047
990013
-269878
720463
471390
-766011
-573121
-560184
-833774
-918187
297621
-152093
-73760
-65037
667724
958717
-426538
465781
518929
593110
70615
-797322
-907285
358446
102002
-967131
498265
181503
444745
-208767
15379
481677
-459242
-439127
-698865
-930077
3099
344409
238225
-385785
-769708
-340021
-37236
262606
-68015
-102125
511870
-726906
-989820
-659807
703315
-556729
-555196
-476981
-679177
35402
270422
175320
-932190
-565413
422869
-927855
703023
-879187
845804
-894565
-609710
-176368
354834
-916111
-220470
431275
439664
-632390
589470
-921764
-256240
-84647
602442
293081
240290
20737
627214
336267
489525
446132
482231
291988
671405
933497
677239
347024
-512392
866798
407620
-744796
36883
-11757
-365615
-982340
364436
-589607
600837
174833
-897911
-607757
-355402
533995
-399137
287259
-459839
868163
-906423
292221
-493825
934612
-609416
147863
798627
-692959
727711
471585
-171838
203653
-840623
-25638
967655
187895
544445
-241145
820600
39744
-915761
-576587
281978
69729
-315008
987880
-312664
112254
164042
-555811
506678
552634
-607865
760256
-256334
-507636
447605
826104
-784835
657246
732349
-529494
296178
-497107
-863438
-306087
-474946
584236
-339283
-102964
-809485
577771
706777
60957
-90668
-29482
738984
597168
-660234
895839
542027
759247
357806
438454
-625053
-963992
401092
344334
707538
302633
-30234
-459
-167268
724680
402556
-394840
-375884
343847
-372508
-233449
-184779
-704098
554143
-803334
392178
396789
-504503
-458708
-810021
-1425
-149460
342795
-525099
653677
-907070
401193
-884596
490421
-233815
420525
366977
-350528
-85209
799903
-444539
-257441
368811
-603995
-808535
-638240
706942
972006
-453594
-825216
-360745
-331105
770677
133762
-917751
300959
-419593
-614220
187050
477992
-538165
951301
-125543
543307
-632117
-748825
213717
-854795
58385
220643
529516
-307389
-607493
-867944
-326222
-407025
886671
642992
-541454
26231
971115
574711
-369089
-181861
734897
815888
110316
249962
-120899
-286418
738592
-796896
162352
-753247
-113681
522545
-59634
-329569
411857
-255269
-118632
-922110
-108928
284886
-736053
-158754
-900004
-152413
-230749
-651831
-305387
824402
-563328
211662
392228
561114
-613569
-121269
706170
-485730
548716
-88235
887908
-278253
-771727
-629520
728073
13962
-603375
837489
-878678
-650018
-349099
-491628
-985353
-87080
-165366
-996433
659106
-294768
680599
-310408
259108
605768
26489
-895446
-711961
777461
-47967
-438987
26599
449894
770730
-775771
-890280
895690
438729
-205770
-935784
192975
-422855
-941144
-619226
-449325
455507
-663229
697558
-246678
821045
591910
-808859
693142
-566969
15885
905172
-301705
430566
434934
-914454
933321
513928
-903623
24529
-727857
469896
35383
576206
-484780
-485991
-607816
492743
107621
120007
-866328
-81547
368055
-977547
-574540
-517887
279980
281917
859976
176800
-419430
-106516
-896438
-646403
-27913
-817453
760346
-77739
-934036
110153
-491676
-827981
493867
-114935
-604426
97636
-530969
-232806
31155
648636
986269
824766
15811
131220
-785839
-436963
304657
392951
-600299
-426852
645292
528373
630557
-46760
-392931
352198
-756312
-500420
700405
515144
-523011
-698470
-976361
-956201
568900
381974
-140384
-133092
-883692
-521228
734687
21214
-466435
632578
-54692
-259831
32397
-484814
579191
-293329
-563593
-885652
94261
171077
-13138
-640556
783330
549782
-960753
988096
966853
-5337
959754
-210577
-882058
-763453
-260425
982718
-800274
384721
242000
-685168
-18644
932091
448054
-181338
-140361
-488756
-517392
197987
-965749
-933840
-254326
330349
-410588
-902470
-326749
-892457
672288
-645768
-999469
-443694
-697056
-719183
-829544
151060
-111005
-367497
-394673
17344
-976651
600227
-612583
708471
-179784
-547725
-406616
-588843
7848
-854635
-660347
937317
620228
685804
-594414
672958
-478339
-381192
554875
-47078
-802634
308186
-421717
-607058
637769
-382486
-311335
-6839
161200
-500666
585689
180143
-58701
-79223
-713070
-176345
-660073
647246
996080
-585209
-683406
323766
-917960
-904281
-154781
944636
-822211
-710134
329708
-507607
-949697
-344715
-426735
-43131
430542
-924029
-843747
-403276
-593344
555292
515660
109719
-360133
-930694
687027
314533
633837
958217
-848566
-538137
-863182
300140
430518
-515588
-968196
904775
392928
4585
228357
-787257
-337679
-895635
953219
-637567
509199
375057
-862609
792430
8305
288502
-614609
-396056
-421447
-350349
954334
-480281
596710
961576
508488
523500
-57740
-754640
-475423
193447
206504
-991164
898011
644476
645936
201693
-33305
688895
-187338
550461
-988808
-864595
751951
-24777
979931
928086
286396
-369213
-843580
80124
-912027
-582752
621481
-283397
548189
694267
-87717
55015
167348
-115458
320579
-615970
451453
461534
-1874
-934643
-375526
-490002
-394826
516001
-112174
-374115
242511
-133933
-127908
235889
-216399
-304830
173980
-348362
-849246
-711005
377318
291488
-934256
-373126
-768817
198083
-521271
266113
-44418
-432282
-217198
-945562
307250
268817
753862
-398754
546150
625287
563058
-183829
-919299
-910684
954887
516203
862579
13964
643860
235965
-519139
-157230
-926729
-234605
915336
385452
565608
703493
-884491
157417
188015
-254767
656309
-240048
-798816
-174757
-680664
-327042
-294291
575940
506997
318279
-520894
-984560
-558081
157126
-936604
664734
-255376
-274591
-240727
-562303
536386
-248282
-531982
-616398
237452
290874
666543
492166
897004
603511
535086
-705712
106593
73587
-750436
247942
-481202
-147698
-433822
-463389
548625
53638
814647
-141211
-535509
179282
310439
747532
-666939
32516
972902
-440672
948847
41703
-545775
200196
304825
-491767
874957
-546085
-726459
-224354
793687
-29129
-951770
919178
-521627
594343
897383
157397
344970
180932
-621339
929510
558641
-115371
843387
-176675
-99307
384104
-570445
830141
-84631
-269247
-846457
-351298
405245
-673248
-918357
-34584
916604
567198
-566252
-954122
359124
73386
-73049
-284171
996658
-948008
633806
40491
766335
445657
373081
-350609
-850861
-469507
-745338
-353249
-189253
-353511
-819800
691043
790910
273535
-278034
-422501
405908
858308
-343834
539354
-522312
-348504
508166
640059
-187656
144329
-502624
-956728
952592
323364
221125
-347890
-817703
-945163
-469263
63193
548628
145825
-987218
231083
107813
516201
-323070
-904248
-618332
-690443
45475
327027
-432539
153513
-706396
-620216
-228334
-876561
581450
559684
-779848
-566114
-731717
232542
-604472
531811
379608
-327054
-380089
808913
30932
673442
78460
956279
-304260
312007
-909458
631179
270952
-342952
209298
975480
984611
-294276
-534967
573434
241382
-103549
781865
-907768
-238209
-214446
213063
-263158
500652
-724633
534115
738824
-91734
653177
-460195
-18758
-269290
157817
795201
584564
654874
928700
-474272
-329176
-380000
-104523
142147
-947884
115962
-329915
262242
843107
950693
762489
-600495
807893
-702915
736390
-627433
-377687
351005
-93215
-901009
-246978
163472
-237272
-686585
974820
-916763
-560300
-481912
855626
119823
838166
-305527
158431
-86405
260174
-989960
-237026
220111
-795678
416006
743929
-869425
-948361
442307
24136
250707
287183
91815
531419
487741
164268
784793
-385973
-796744
-1315
-46341
493967
902579
-434094
-692252
-823175
83313
350771
289925
641277
-521376
-153569
-478651
-158276
-296210
733102
-791915
-997549
-955240
389453
-953426
766387
-753836
329067
-446814
760656
-900662
-354639
754636
427322
165918
-36069
598420
106320
-567857
329829
-436880
873383
-433495
747761
477509
914304
453743
-748048
583714
-171072
835967
-443326
-356804
-761553
-58847
-653949
-87211
744468
434134
386151
871545
-148868
-891371
-897696
450308
-125442
-943534
-135630
-311045
194885
-91782
899387
265644
-560192
-188182
513458
316573
-399335
-911427
349001
26759
-669428
617272
-656760
-227673
241970
-670635
482745
-676159
-167436
956087
197323
-198634
363496
21148
41551
-776205
241118
718789
-289509
-622634
-712522
85082
825948
522527
232051
630449
-920568
-576845
-794595
-436942
68099
-267641
554356
-522801
-104644
-668713
657767
-975187
-677717
-799853
-959687
223253
-974061
76156
-629579
-868046
-934990
598866
225397
-198627
-101558
746753
-811143
802913
-341431
526102
-64095
-490418
-409837
-211344
-211292
-442550
-51140
-129901
-557131
464961
628138
-380908
-304205
22742
536349
-582268
585381
433782
470957
-745379
479862
-103266
102475
48465
-94543
-344007
129289
756410
999050
893894
-993200
853296
-703707
197216
-446908
778065
920145
-717153
411883
-49737
-81559
-764190
-372530
381627
629457
622452
913966
-79
27845
-184968
108003
-979581
745179
482400
786545
257839
90451
-710847
-56119
605226
883412
-375260
-916545
-705147
-534479
-808140
61932
-224309
278413
-525961
446607
-943778
818473
-461725
419807
-874178
238767
-245318
-85034
-81648
470882
335926
-466072
-544419
522339
884768
98582
25250
-40075
-912858
-849776
-166421
-183393
443155
481558
-360820
717014
865780
-876437
191965
-365736
-591316
374586
781865
614295
846279
339537
251584
-502340
-633058
24682
114667
789943
287401
754918
806146
21995
156783
132210
-725205
584410
872251
727864
-741955
-480288
-542041
-472923
882754
-706345
167392
-790033
291062
489988
471452
-479502
720116
-147772
476286
-896788
-532250
-975256
-105170
-331558
278959
-854149
-91965
547308
57886
515146
888395
-605378
-306578
-772934
611529
386565
-657069
622623
600389
992469
-550629
-822055
921026
-885280
925251
-775415
506801
-422065
128108
771142
962656
507715
-587718
329779
-967182
587837
-636640
758581
-128091
-271739
975572
13113
-495464
-879515
15414
798758
750807
14620
-810191
-647060
927405
-555787
-489862
271367
-363292
981951
724388
373038
610530
-173681
232331
575054
180420
981405
-49452
-643495
-282426
-117397
608885
810499
768051
126568
-339019
-375418
936909
841908
-339804
4446
937726
46693
-860553
257617
-62418
-582373
903905
406054
49267
-574596
-577476
-180535
54318
602291
924480
-333564
-26764
-638335
830294
798179
-556286
798237
-580088
295068
-670204
-173991
-799724
377520
-625472
-889961
-15559
634635
-491075
-311534
-148134
-116913
604489
-567027
81891
219622
421047
81670
466462
-158700
243785
-162608
375838
779439
-723869
567588
213255
-821772
-101346
841799
-848000
934872
-419319
-910410
-726028
312498
-57546
401032
-904750
540962
981416
-649456
626104
-882240
-432062
993859
376861
-232956
642606
685549
610657
-923475
-809533
-442316
-683406
-994195
818723
-375508
-220947
640234
556119
-368502
272165
-822869
705828
465840
369843
-137331
911626
-760105
-998599
-311144
-75574
865112
-746309
-18927
705479
253160
343875
-25177
-751135
970157
970563
444054
-930422
-388589
886589
118519
385091
-557127
242208
-511055
624857
664247
765961
412071
287585
395826
278353
326917
-688090
-719797
621908
-456810
-277968
941195
-726382
-506243
-377029
-472216
-14601
453564
240321
112360
-876430
566509
943514
-231699
304556
323509
-21680
-910817
107099
-432139
-755293
798094
502955
-128183
58987
78829
-860949
-914833
-791916
-483505
-474618
-668185
521576
778070
-372221
-777867
492633
-248406
159596
-871599
380718
-560498
197845
-971814
-507403
537083
201507
-141047
227420
377310
-184513
-864676
903508
-299705
-236038
65442
859576
378208
662397
423089
270833
-701689
-402316
170905
-42614
439795
194703
-445451
96344
103603
-602010
-883335
926299
-685536
404130
177921
-675329
621040
326785
545272
277985
970104
-547087
-186440
-506527
-749634
763972
-639793
948348
427303
338941
33665
-368256
-171174
857649
-49773
603911
-725732
423059
823820
848709
-534683
-759148
-110634
-215068
-35027
-476942
370992
397214
-166145
764538
860617
633235
143354
-992790
804076
307508
681181
-790649
365628
254557
-747920
204186
-304704
-779900
425082
829723
-643701
-7556
-858920
-144244
901071
-363901
-730625
-274315
223557
45047
796339
-740606
770014
193826
992455
318015
912801
464281
-157640
-326433
-405114
424705
-23069
501405
-637796
499554
693132
762795
-378119
214550
674349
111760
649966
147632
424595
869050
660414
279666
-656696
456014
980324
632740
-254401
-575834
-586628
-314993
882242
-682436
-288825
767604
-818718
-468496
-672785
-707686
-375121
156123
-28406
-124413
-406870
797601
108690
-243002
181612
-471738
366798
-821294
-168432
-501437
670416
-286121
948050
270297
423728
62476
-361901
-870161
131814
758009
-660677
-91234
837577
596883
-503443
321847
212692
-95982
100464
-904266
710969
208277
-31901
736017
-648647
749548
132497
-189899
188488
-14517
914406
-393696
27059
620482
101221
-467988
279273
547200
-660720
949162
989621
-126125
16324
-300473
841588
-374386
-177915
986038
-730900
715301
655507
398060
988507
625563
46928
-531934
-176799
-2686
-752792
361216
-76294
-174111
-489911
-914700
-224330
283123
688309
-488144
414734
-361519
648687
355972
-936560
9538
86045
107989
722182
35324
855101
231395
-593832
651244
389698
684872
863593
476928
588352
-913516
801420
-717241
-761254
287181
-505068
-794317
-182079
818406
213686
145060
-213086
-143171
-228302
998979
235290
-97083
-551407
-847931
686666
772044
-620245
-831580
540742
601803
701374
-4723
-681504
-41898
-910
-849455
85672
-505952
570781
-114895
927081
27809
380464
414031
365134
248438
780313
555810
-666808
981876
-636430
-340086
235206
-301038
501571
350044
771831
718806
-558456
-579624
43243
-220861
581345
-297349
-534331
-490436
-892703
938248
-508494
496866
-275832
177208
-917159
132328
-807067
743726
-134468
-831896
413530
379150
383780
959569
551418
-667277
84818
-649660
-892868
-897549
-16083
712550
-655848
-296614
-989269
-48568
-398225
-274255
413445
796369
-594002
566065
552108
-277632
-59478
-99589
731491
94605
377673
-674229
-936750
98884
184875
615102
-557691
791530
-72006
-187206
846913
566075
-944119
875935
587994
-786733
479268
-30596
824160
-138324
-973588
-26991
-489030
-496199
97366
611690
-614659
-826524
124215
-798206
891186
-460888
151199
38709
-597943
-887904
-974562
-976352
-783555
-186429
883872
-950403
249823
-496168
945394
-696122
175286
47246
350189
-179837
332110
911030
103412
-313747
-367082
-94985
-980511
1528
86175
-560660
309572
960929
788840
950238
84589
878286
22391
24602
568413
471483
582897
-342335
169748
151652
-928405
-716782
617301
-369719
960077
161579
-483258
-442804
660859
-22153
-795425
-673993
-737382
120591
-752902
201536
-946968
-879645
454888
150589
-287332
-913442
311835
-20198
-733250
-838810
190718
79663
842745
-8680
405426
-558252
-929202
834902
126698
980797
864878
132629
992079
108917
152485
-718999
1406
493683
927863
-514159
737436
-61832
-604830
693129
-762738
-243068
-372330
-441549
909978
762948
-162621
855413
310990
252181
-130311
-957543
-96609
369627
-47242
8576
-445913
-323140
-840798
450163
-967258
-451020
44290
-357095
647687
857523
705087
445215
582097
-203420
363039
-667733
-791059
-835779
-337360
604741
183604
-962194
-570800
110800
661652
-903155
356318
-585676
-955115
-795481
-949677
306467
667231
-813660
-528885
31970
916709
-551799
-540061
-980080
-675646
-989688
-97609
877384
141579
-849983
9123
665137
-363117
-431162
-668043
716836
-404945
670837
-678247
692202
451581
-269081
24346
-420807
400985
1946
948441
-546207
-93177
-625306
-140107
664464
759158
-833528
-284080
112412
-265640
740357
-800064
786948
663029
-560006
-221883
-854450
-782524
182747
-31374
776141
786990
172028
-171153
-954589
-312653
-881346
302188
587537
92419
780089
759834
403221
-393040
-329215
924926
682217
246935
268465
-262974
584977
78108
-131915
-971400
980991
-149441
490866
-731069
20685
584233
325111
-130008
136999
-539411
268069
674111
-93980
-23937
-121051
246332
432055
524814
975070
-262427
517119
546799
-967355
914892
-262577
-727394
785352
219037
-56806
511989
894599
-924435
140433
638136
-855594
18745
897005
375287
-639275
167427
482693
-846866
-878092
768866
-878461
-537150
42523
-281235
-821607
91263
21150
431161
757202
-933509
-905178
-288372
-379092
167628
-329210
675162
-367054
-660396
240858
284235
867392
501176
197433
879180
158347
-577508
-950776
-931117
-694051
-417630
681721
833448
-244826
-714839
502964
868331
-676936
-14975
-298924
450502
-649357
741792
678859
214355
465201
-974231
-212998
742687
256155
632301
407168
-245023
135063
238707
442762
-372339
-152130
-815280
-206880
562001
771617
201870
-916459
-843994
-961690
-991278
-519357
-1222
-372094
122015
887662
566532
-280471
208171
9894
899349
-759325
-512660
-275657
-681980
-108133
735485
-719819
-397352
-841304
912219
117446
277600
-63078
852906
-836680
399606
-67878
651484
-609854
-799527
-649733
-867310
568248
616380
-852920
56281
-777310
973725
112427
689388
-503389
681043
-94372
162839
-833390
-651677
-497655
-569880
892389
-750962
18438
-506408
-926780
778608
-860086
521897
-661465
785863
-775927
145100
-124092
-175395
-18740
106775
-906262
-749705
663578
-340922
-590191
-786271
-840680
-542594
-523605
577537
629011
585280
-751717
571858
164684
326773
890110
-130258
733148
-667297
550375
841643
-284989
787682
-961355
-164302
287035
166965
-38606
-851059
586765
780332
-3202
390998
-227648
-447233
-111314
540878
-155710
-281456
-74676
-546974
935811
-849937
-138921
31781
-861484
-279236
-618629
425018
795252
879469
-441769
-358239
-19285
-19411
-57663
433902
200261
-290440
422072
341826
-315727
121714
426841
-120118
-905822
563581
972510
-233691
312819
-444867
-587409
-100582
772810
-422744
928266
-43339
552560
570100
-39975
-858169
-53799
-176543
-40790
577821
-291961
919175
321468
613417
-606444
779103
374095
-9101
-726997
25197
-474920
354105
864791
898748
594370
-583133
-589148
-613411
322146
-77429
647077
-157150
918207
-444957
304271
-277167
-59034
-58325
-656532
-240527
763853
-512332
-79532
304927
-414765
122386
975167
313721
907094
998279
562936
-650901
322720
-677098
-169844
746912
-28073
93260
577877
-15619
-670358
292465
-783921
-909209
19210
-106425
44794
-297527
307876
431125
-756864
-604380
-492615
445718
138253
-534434
196738
-640726
623071
-416014
174995
584913
-828883
994624
503440
71031
-657087
772672
-633771
-701119
-443927
341575
-125728
-461271
-709301
75181
939502
-347547
470948
59689
-868314
-121859
-297978
63141
-790965
2872
-272834
-223413
-873230
723299
143793
-158153
873934
-852969
-471945
-300825
-247011
825930
897188
-644828
-421096
327609
925511
439733
398154
-843426
284790
-289848
50644
-801252
10492
-355906
939835
483336
-655880
472515
878325
338306
77754
-557899
-904326
-254273
426719
591488
-654924
388503
168925
773047
73672
460364
461170
-5623
-314001
559972
916579
788099
-24818
-895309
495149
408390
551825
641637
-627849
-616750
-592361
-714145
-14486
691002
609977
-382540
-520983
938370
228522
-934085
143878
-742808
-427758
450024
955802
-895403
98483
457217
-856741
-889909
348624
-972631
809951
754903
934298
-879373
622755
661658
748802
258589
-457702
-142777
-668444
250610
974490
-634165
-63162
-638995
-684958
376928
-583880
-436273
-537489
763370
-976360
220872
731432
-231996
315021
193275
616058
-452375
-734591
636564
-170363
126917
888135
749375
-293142
544327
-937370
108636
219359
-428256
-22818
-557455
910939
729955
-538448
392100
373925
-854227
180666
-439385
835897
306626
851141
956947
-848007
895743
968993
-773094
-596266
940183
-37607
-216835
-681061
633214
-677497
-603522
341001
-465364
686879
-590625
134824
77297
-109816
-985901
6692
-894504
-786314
-522748
986996
-882513
526583
921905
-731298
-141189
888894
911169
-699501
-630692
-470415
-262154
313523
750064
-22785
199
-536997
661915
870042
-617222
-393694
-809195
101647
-91858
979255
436683
23903
900212
753121
-498698
73726
-598083
837630
224522
-995573
711996
-68060
-638706
434649
-892276
814666
-222546
-631249
308656
882047
330321
-356535
-959538
926935
653579
442602
869282
341398
-748746
-797677
617980
-681511
-887498
-208481
-210212
-23612
-963603
-94419
624297
-106374
-605504
649582
770458
-657155
279281
794288
-668274
616481
-48310
123835
-51715
-986132
-905330
-173488
592577
624626
-451678
-82621
353366
585491
-915348
-275773
-401892
535125
-588676
-897639
-614041
712884
-636805
742056
-104683
-843176
505266
-655655
-646236
-109608
393981
887354
-598440
13813
-666312
-442263
402196
87813
363126
602513
-952931
312903
854731
-17056
-278286
729665
-358647
75520
-876303
-126648
243074
733275
164059
-998653
-23638
-147891
-287030
-800657
184841
-130699
-961078
-492570
-15713
-947129
497307
358863
343241
1453
961621
-621666
276785
425855
734411
-930431
888298
-932382
206765
397476
-193
-461936
937475
-646615
566102
467729
398889
-80198
176310
-166107
-66300
858810
-419808
626340
516886
206251
-294989
780710
-716588
443484
-528603
502317
734438
-811183
-936451
-647840
-23595
429193
77511
-974846
648131
571869
219919
-409419
544478
-275642
-443189
-851709
163051
151723
-126956
798096
-961168
34193
320123
462191
-399689
-693676
-288340
910135
-851781
294417
-253717
397625
-548664
-319519
397549
982014
388186
431240
705297
131975
579793
-82705
476237
935334
409486
-866180
-81182
-809545
-806764
950177
372891
-256161
-410580
128092
849028
-877607
-312326
-400565
-464308
623197
-777349
-786212
211464
-90084
388258
741120
-962174
-845102
937974
-662671
-982790
-60837
-483943
751706
190717
-261587
-983028
-495222
650011
-629531
-587890
327463
-374503
800690
-488613
-2574
754098
766515
358669
-503167
328566
487860
-195383
-615522
-240480
-967317
731011
728158
-276045
724152
-313460
847220
-522397
-903465
-919990
910223
-425290
73391
-675908
-354736
-881966
140621
-749111
-470786
635630
880177
-709839
-30167
-230715
435936
164618
-460729
-62743
18958
-25573
474043
-293459
947742
710985
-540161
192834
-241000
489172
-523274
129896
-291295
887763
529632
-643593
-121114
-143558
741799
-558483
-599938
683723
-72136
-848861
-589759
-961999
128253
251804
-893034
-858405
-569727
658792
811055
-913986
-842847
179289
-178166
-734689
65861
929945
-625069
-206986
-108214
622247
362961
-650650
142656
473352
-134176
419884
-268904
224693
-35990
-716161
7851
-663385
829222
-306462
35392
407503
-711634
-332192
-732149
-97559
-947266
-39217
-538784
-45224
382892
-228562
828909
690050
51759
-292871
-79149
-559334
-669193
-997058
-992875
-892023
464214
-605725
995615
866170
805325
-479743
-565413
-111585
-347421
-101211
-242028
-186284
427543
-203388
262694
-212307
500962
-34812
406506
-882099
323505
-295746
-723715
72259
529125
821674
542996
-609980
-803520
24312
-258269
758457
421933
-343944
-945395
-9960
-739206
-578478
419556
-720140
407327
-453411
-945138
132900
-417657
-739263
-688854
963874
533484
504596
979474
-265789
-853563
-469612
953514
-72054
342199
724827
736524
-33984
165053
-845666
332828
4425
-170154
622136
-683869
-173653
607730
-889117
-469725
778658
-609554
-607373
646775
-22893
621149
-559201
263086
-239873
-635017
-168751
110256
305815
-444451
505047
-158802
-377954
964408
659954
-832054
215474
-809569
610596
-332237
-443777
946075
-941307
784467
-746944
-91079
-373229
512587
568306
746624
798819
-956022
-232080
-717778
323928
452329
-338027
-565525
-588729
-389694
-222171
417741
-765355
992985
-103804
777938
-44137
-505362
-727625
793670
-505720
-993859
973523
-73975
949177
128720
849942
-215009
488192
-760306
-891990
997229
-868934
-975146
-174319
674342
-302517
-520710
-945060
990833
23476
-340235
-822346
497642
-450621
151637
116585
-232843
208441
-287542
244854
-104922
-453960
-851194
-585777
578657
408806
-725292
-5405
-67392
571798
-136552
-936551
983477
-367114
989448
-975304
-788125
-21672
-445867
79620
242860
287884
-566194
859312
-204172
-953505
-262978
-277212
914828
-292422
729254
-357609
664187
669858
275158
136639
953560
18692
-640282
-336428
-823969
889679
678108
-296618
-490854
332129
-806014
-286973
-786391
-413869
636505
50810
-549546
-968266
431125
934473
19442
-329749
184941
-171563
-912593
344977
-950444
128736
421311
567487
592149
-576095
-802341
285637
-479047
806092
-476904
-556542
582894
-466091
584760
-749125
-712088
-141398
-721230
-648310
425367
156488
-154348
-390212
-504694
215150
281281
683398
736867
137571
-238161
791028
-383453
-724922
437440
826387
142055
739342
-633581
309704
-728943
532499
466236
-532157
140920
490401
-379111
926945
-851954
-525554
-942878
624199
-218934
272436
-464816
664815
407147
769689
-437861
599772
30185
-270989
-123453
832364
837956
-854329
946385
-420566
812688
-253658
-988064
258768
-835901
-444753
-397546
-92455
663752
-426255
-873467
-36075
-324262
371975
119727
-826061
-796108
999463
-943044
-798674
323956
951934
506162
262751
-314549
-85507
-668161
938175
669590
920217
-179071
-28272
-18050
-120990
-258392
-235376
250792
327511
302728
-722868
998525
-25689
-234724
-170167
461250
649733
520173
-969901
-475888
105313
384312
241262
811019
515067
341787
350899
-341233
-551616
697928
-744386
514353
717911
-860597
-996121
594417
311409
-491036
-942192
396961
-236927
-504106
-251855
-284038
-383669
-504493
780700
-481410
-216905
837443
-4453
133191
-414952
497369
161158
-973041
-43665
911423
-844774
280313
153684
-373036
186930
613125
-758447
-905548
-15995
293010
-940268
-766799
962724
773112
360323
950612
5865
-972296
956169
-767635
526029
507569
-657922
-824131
938562
-747109
-939561
53972
-148578
-362980
238616
-82116
100368
-39636
-29355
329054
-533339
-794029
437120
451780
315846
-457184
667558
627826
-592515
-362294
583170
574507
-455431
436174
961255
498550
-872064
-142301
535060
377152
-635631
-587568
365646
-646264
778180
704558
569913
229025
-483946
-445119
-323867
-914847
-950761
616244
-828468
-333610
469069
753037
174290
98954
-877933
-548443
3031
446899
-114923
-123552
785642
459989
553387
707734
-428620
-584453
-250125
-148632
948580
828792
-523512
-886218
724424
993278
551888
-332606
224407
559788
383646
256203
-742397
-341107
-321562
-36718
-347902
116442
180540
-506376
164252
-256519
702277
661398
671115
460499
16501
-543685
289217
-390779
6321
-589945
796899
644005
-317461
513688
112762
-140617
705711
-833622
336366
-759660
119439
-136828
-263575
-453080
676076
163515
-273837
469772
488231
-735199
554198
-6335
-424156
82094
473958
-86530
622887
-812442
-506749
723068
797698
407420
416444
-212942
-559308
827491
661745
832647
733695
965942
298772
271897
-219442
-377937
-555836
490383
-657682
167160
-244403
-608793
-963842
804727
-822956
355663
-656672
-651406
-26203
-158897
-918121
-619333
986714
-960166
-975485
621451
636855
-366121
28623
77041
699040
564875
-932562
117758
604929
105505
-967310
-552593
-517825
93610
419267
9
522570
178080
-755160
860979
-809477
590882
-434126
-12844
-91856
-655676
-220636
-548957
588602
341173
-264587
-180996
-806868
-273064
-983762
-565078
-978065
591356
720534
929899
-449990
-852687
893403
-694011
909301
-721104
-471164
-52167
91636
160385
-586720
761756
128987
582628
-409391
-292812
-849094
540647
796682
269921
-431225
176104
-614205
381858
852122
876127
-987571
-735376
-563035
-745243
711303
-857561
174678
-43109
545917
380960
-615024
-542584
-922829
-235479
-827815
148193
289623
-667120
369865
-687002
976740
724698
255687
498208
-551617
632531
481710
518963
-304701
-415786
491489
-976857
346392
-252159
939476
592295
-298171
480966
-786850
-701663
-809923
-111712
401804
122559
-627746
-570976
-261422
-7928
472560
805692
9123
-801379
816070
-180292
-212469
-502323
-639275
612560
-365648
-705156
727813
-816017
209722
-718532
-929996
-993430
247276
-571207
-530606
-995748
-787793
900328
132809
-101267
-737668
-62490
619649
158263
117821
405687
-296468
-506534
478611
-561070
306670
316433
-89297
-681965
217651
-39577
-172241
-8447
-552931
153327
486932
-623967
-694687
-320201
147086
633679
917310
952915
127114
-236281
386153
7801
795622
657661
-927147
184759
471541
87580
-258253
195184
-945582
-5028
-426616
45766
-237047
365427
719816
-292423
829216
910890
745014
-19577
983009
-310877
448638
-483065
315504
-130235
621686
-611208
-316163
103764
-851189
-958506
-194791
-765755
203527
-402481
-677988
-634855
-899234
-36236
-399780
678312
777760
540756
-188401
507927
-919959
-189501
38803
-657604
-50067
575225
-861946
-7287
489220
131751
-182328
-115671
647435
-543972
-9509
-851939
-904302
-851006
996247
414032
370544
91331
679949
544761
229449
-616971
-642665
667421
-444578
377000
-230896
359967
-759771
-908318
-136602
-992247
463245
-388845
-534597
-890988
845718
183098
88860
-659246
-359080
720878
-769542
954090
85294
42649
-228058
-404354
39986
-139612
98572
465662
501191
905830
970336
-101790
57254
211300
133630
-717982
867241
794284
652280
666008
712621
-658102
-785806
-476177
-504753
-739219
439756
-546186
432087
-611962
-726716
343689
-39109
736645
442053
-643959
860634
633882
890969
414107
99710
-429944
611013
36400
301525
541886
-207540
679351
-182536
792263
-62165
-420118
-340331
335620
327498
-467206
33561
162549
686956
-222256
218091
735588
-769622
-421660
451278
644247
-1759
-149490
-704740
-715201
382021
-943907
527349
56039
722544
159723
531712
-41616
253543
279199
-193277
493296
-211933
441917
695265
-797138
-391261
198580
778238
51059
434409
-622
188095
-944530
300359
-507991
712845
-621068
433676
-955041
-131844
149379
-84293
-633976
401101
196590
429040
-519487
285167
543578
-280658
-534922
-854773
331589
948687
-259325
162041
-997163
345003
-615924
882778
-10407
324857
-114905
-995889
402702
-3864
868
-749286
-144226
-957034
-217885
56556
300284
571106
895756
-99794
247036
-383112
826768
225585
-719032
-880758
628905
958367
-862565
-529831
10808
379059
874435
-150275
-219399
66411
-310490
-930342
-812053
-525517
631266
541784
357620
-103269
-766740
-866237
396436
282595
119331
-845510
-987454
-84269
817886
-620415
-124678
-778234
-134529
499548
527495
-907159
378317
-398750
-251282
-457367
-854859
-726725
-901557
-14442
-730432
-144675
-626952
620730
-997334
-529492
-639508
419877
-846397
-452099
270941
-719177
-527498
-417738
714632
785588
415024
-67008
-505466
14497
-657341
812293
602937
682992
563308
-467339
-135128
806218
-838626
-609280
635098
193402
-632019
16077
-179289
-715474
896906
37326
422665
-37771
-262469
-196667
502434
512802
-578540
-500960
-593197
-294226
42179
748500
-626372
115715
145423
-899576
-768090
185367
-817337
-211726
-993274
250123
372470
824266
948503
905411
-950617
-519245
592056
-401487
-451999
170179
-717641
583630
-717894
-559383
122861
-964312
-198891
-338086
679876
-332233
-508521
117016
17643
634725
242577
-681366
-481032
478050
-615113
-51611
901365
877157
943331
-724330
27460
268637
120149
524207
-444711
-249679
625343
269572
-77451
-321544
29856
548107
-749293
-543974
130798
518546
152645
-322354
-558224
935896
684384
-809278
146993
189268
-915770
-905326
302484
-112325
-262234
194831
-481241
-486432
-162565
-996318
335143
-644479
759735
535848
-630115
122463
758355
-496048
-973816
-225878
-59075
-549231
509077
-881636
56229
-424434
6667
467579
930580
967603
-307189
-128897
-118463
-104376
690801
-586107
165417
10784
239888
-670586
-628526
-401859
-289606
-765961
-593542
935688
816969
-124238
992986
-806754
292998
680500
-898149
281591
-316601
62725
169985
-310349
-375992
-970142
376672
946482
-624357
-534494
692582
288735
37166
-928647
-901607
210855
487932
963568
949921
300678
-726048
-230832
295297
674049
-831805
-100288
157709
-246920
-143822
-824657
757572
961357
-439865
344756
917268
-477090
394360
-516811
982031
-992975
954309
347987
626086
40875
-12208
-5052
-849985
-910025
489435
623889
373284
954830
173456
733034
350788
-350545
46249
518620
-913171
-878934
375785
-103495
-299912
-922558
-487509
835563
934826
249113
255442
-160771
-547136
450338
-909611
-52672
-427072
-87744
-507707
-976406
197638
-856154
-688856
-822306
-846587
474804
-433688
-219669
-893896
-773437
959609
-258178
-353031
220670
130686
-919199
-433798
-16670
-374349
851256
74389
340602
-718649
-698708
700396
611558
-570017
-406965
936127
268633
143132
-114868
322265
-629144
849423
462198
-930
610611
-453218
873191
-260710
-166009
532151
-315061
244147
-265670
859178
-595846
781695
747746
-469740
515840
869564
367044
-598753
-691598
-340276
-584343
-928349
352025
978895
-185482
-512774
605400
87522
440638
-736234
861876
40621
-120390
817934
-776758
-607962
131659
718597
-522254
630895
514141
36334
-990820
99344
-880306
-767821
-848146
-69771
-984834
891368
-148580
974337
263455
504196
438851
-872266
-247633
-127996
-85278
449276
337309
-300622
-861516
378801
-156702
470234
520113
-375082
886599
741566
-281144
129234
184720
-157086
-840605
-992441
-77513
-954593
482033
271619
-156292
-312003
812793
318325
-972838
140327
335144
-652677
39837
101764
-1897
777599
-192122
663679
-985576
-170932
55254
-700931
-730535
478265
839184
812731
-179982
172887
333699
-623166
-868830
254865
16222
-59435
-657859
-279672
-778636
409284
83115
-926758
219422
-543595
178341
967123
-993251
-958392
901709
429502
-30965
28759
482341
181105
-851279
-444053
870823
715328
-922587
323125
-715673
617893
994688
291017
762771
-504957
-18777
223368
-352363
148025
-609198
-708530
659971
835504
404217
517022
-333237
-273310
574472
-122189
-363924
384693
323631
-786366
558363
874829
-436296
-62435
602627
164146
810035
-477403
-946523
-322153
10397
-867897
845913
131665
346133
124686
208473
-520351
-173659
763357
-672104
-81725
821230
702343
-550221
726091
806882
412676
-562351
322772
-365972
369296
699956
-528509
-406872
96593
277540
86577
-707590
-608117
-752885
-839737
-619074
593971
394201
354018
871569
36519
-900689
444797
-449769
892340
552804
-667275
389970
-729079
277876
-81411
-900822
-430499
597756
828676
337492
952091
818694
847269
-373667
702649
-965816
292069
-876054
-800967
-540145
545249
-331028
-718271
-341137
9574
259796
-385687
-942873
-580866
-773804
-833498
544977
628387
-204580
646004
464722
923047
-321302
-663048
-190854
-267716
843307
722181
-239211
478715
495827
291270
980267
-404760
-664727
-100645
-397731
674918
-907293
430250
129493
676636
692437
945376
-393653
-781241
217394
-504717
818651
-298977
724658
-889834
-959603
566829
-136966
-146114
571995
851649
-228034
891001
512017
-18088
794210
93524
683942
-69136
997203
407728
59580
-289876
-561409
644256
819563
-93068
-824169
-584297
-479510
27095
-96260
556294
484292
-69006
-347733
-244418
828132
-423001
402570
-408793
619033
-381952
687733
359569
-855209
-722592
190743
826833
-846133
-75079
-931148
-62410
-180768
-929186
701622
-869084
-324119
619531
-113960
-450068
-104663
598672
-591019
515741
-973912
34913
-456258
-444344
-589603
-994465
-569075
787291
351402
87066
991158
595793
431792
457565
-176640
6567
496959
459380
-751023
-203094
374953
200585
-255332
-635029
544896
219241
962517
-142446
447969
-212527
105562
672335
222916
-159599
501266
-726375
270569
-613309
350104
489239
841731
153759
-346827
408726
25150
39342
974404
672613
657863
-980044
574439
237848
-89942
99647
504610
-79372
-747932
586309
325728
-929584
-695438
-6677
902811
-934056
-224180
-431930
-313455
317422
-116940
391653
-809188
201949
-56314
863357
601005
715417
-334842
155917
-84586
-632836
-807734
307626
435239
-624137
-315048
808547
-585418
-290907
-468617
-528321
-445542
849155
985389
690788
-192277
946543
-628085
-559732
-887986
-700488
-46309
-232182
-963719
-316137
-123911
-503105
964806
525747
-348420
-373104
-869598
841722
-828117
411430
-648375
961950
902801
465859
717643
-492902
950983
-466329
774201
350142
-403817
375131
373582
629378
-834628
574952
911334
-618758
46671
-869243
-7252
673016
373269
812127
457839
746576
363248
-302655
-49643
3388
-698991
156358
-823595
-72729
58845
14128
-119088
663105
652595
179516
-882333
361740
359271
-583411
613424
218968
-302814
-876184
580786
-695546
159477
171612
-308458
267418
643226
101931
485203
-249649
-394765
625507
509490
-913928
-960952
-452710
91038
367901
-749440
-438037
-322092
344758
-606170
711709
572151
287873
428473
-983450
715426
640998
-682542
-543879
289722
47628
989311
-890155
-320608
-591842
-95336
744756
326823
681750
-276424
-85419
586391
537552
351098
-411650
-777351
-836926
624882
892535
-437586
490883
555367
-586026
126390
145006
842182
145919
-978349
776881
-49536
-567802
357297
865614
840760
697443
-877870
282235
242312
336687
-926772
-320431
630048
-753719
-112959
-972172
-950368
-423445
863322
45112
893774
768060
467376
-422308
988245
-523334
516520
283540
920188
-585257
39589
-355008
426568
540668
921946
-31504
-546708
624335
733941
-608
-627944
-185345
-586741
-322389
-902118
-639653
-66964
560171
-690258
27288
397985
779693
421146
-79003
-522897
69312
-292191
813498
935210
-307676
450956
-682967
583200
874333
-321946
327960
943324
-675732
-603184
31762
25284
-228123
878047
701027
114690
-384211
-106070
477094
-768725
-364591
-339566
-988904
-733891
-395842
-43469
329333
-878296
883852
631154
192851
742199
-888160
-314474
429440
255522
143180
655970
-916726
235215
-40930
-649604
-977454
12896
-972551
600052
688569
-48135
102844
-928795
440672
-326437
508118
-464576
857824
7791
636311
533636
207003
-549400
-514923
-748261
176300
-686680
-220958
623854
884881
513966
959358
240690
214591
466040
-439845
-552022
359948
25446
422710
-93652
932350
464862
-225786
727196
-80415
-678870
282417
661758
426436
877741
-704689
-906616
445007
-94313
246130
958884
226202
-919488
608264
-284864
138893
237751
446489
-989267
-511388
-290442
510938
-210153
619647
-551816
-836066
460609
542411
-443453
-113288
524621
674746
710805
-340044
295994
281371
221055
-236379
51281
97913
-464523
814347
-449474
-479737
725777
344947
-305324
365672
-817599
724222
-815647
-757990
-902050
966485
-304133
-718187
733170
-136230
597626
964597
-468310
-345745
-331070
-73678
647379
-314820
972780
671599
274811
-465240
-752845
-316908
-449942
-712482
429196
-214930
704049
-517721
-787399
-702534
-641289
-329615
-761026
-266877
-11578
-823424
-155686
301301
540745
-694780
680777
924254
-747311
-847467
653517
487740
-276272
-115381
322507
713768
-255461
-989233
-214533
-867468
961926
-568879
-352962
950770
-747598
642465
-418895
449975
-292544
-687730
862075
-127211
366386
-761225
910942
-651609
-591284
479470
-617079
-514155
-629262
169673
406203
-863533
77142
199378
-850313
544232
-657120
266760
-597852
439045
-612971
-308089
165004
-116013
482987
-20802
757023
249454
-127663
347736
359916
740441
-420358
40170
-649083
-979772
243707
-115562
-733195
188021
188330
-486122
-417886
-44060
-227339
87252
-981825
-550338
-420435
983386
-678009
795070
-493631
-746760
494640
-716654
-644308
12635
-788538
-86751
-1771
545599
-62046
-476036
-495864
-613894
-961394
-232926
317741
-795793
722852
571678
-995380
318553
-504955
-14231
201647
325824
775247
479425
923129
979260
57022
-290604
-360225
-534720
-669834
-285728
-52383
770803
-923541
486651
162158
-200648
559786
500616
-468484
729814
198538
269834
-221596
939904
-985585
831277
-328264
748201
-665007
842905
503226
-872477
-44862
-69711
569004
487018
516323
73372
-549369
-199287
-713673
-913732
390992
967153
747613
-643857
-183783
-682106
-395789
-678684
-179639
832262
232234
-779186
221250
-596707
-257526
637913
112216
-279758
-13652
901919
540377
858912
-899881
772882
-948485
-295220
-713780
-413731
-242811
410820
-563037
-639017
-605529
762716
-243297
-342045
-254144
-80850
743132
-343521
652107
-546513
70316
-984564
-451967
192424
-213339
164529
811528
-346195
-434697
119093
-720267
-440891
988847
147824
960974
808400
-382156
295003
-63270
893503
-140283
275800
-259271
565559
-305122
-32936
-17620
-772673
-297246
-965864
-336042
413188
-6888
-736248
-475393
643770
112804
-620637
594483
921430
18618
573603
937553
735680
-581568
580452
638530
517467
-670163
450046
904587
156789
-802018
-564391
894252
-657536
-963111
904248
109899
-574368
274957
691757
937998
621719
-676720
-912642
-247935
155512
315452
132866
-334738
333134
559484
-458248
-558003
650988
118068
366893
644237
-262635
-686462
768068
-843001
-592592
-707564
172506
402945
-880531
-371931
-469561
506992
-509617
345235
947569
522032
200368
79680
-149405
216569
48142
-883340
535629
783360
-135763
192579
637038
-692583
652853
352302
-254580
-929755
678921
-288599
-865944
-786669
847051
904
812276
-325917
-811180
-807888
166303
-671555
958893
-843813
-604748
250176
699427
395386
77827
-191217
838142
531059
437943
602162
-676257
-310138
866464
-752475
544976
244480
671363
-949711
545729
-435294
858229
24721
-510160
670441
417346
49290
-743799
-689007
-413862
-520233
658186
-778052
-302059
895985
-772712
324739
521486
-865844
548379
-554718
108179
234312
279673
-753365
-435478
-852739
818949
549419
-544934
-42915
-180986
-408786
764254
477981
919438
-89277
302671
-875548
-559217
530503
-474124
-49177
856127
804570
-681324
-710444
685940
-467212
601964
66053
-643591
-978935
-600793
39547
-266280
548335
248958
779166
819950
-573323
-242463
-311365
-118500
-159584
744267
-204555
-345502
615899
-605199
764523
-58128
689823
176899
-420594
-758244
-993633
-883992
-806766
-366572
-544957
-844841
-750077
48298
-921147
-383535
13322
125260
279172
-900451
322348
-885193
-464295
-465415
-931486
-700697
-79685
-785429
955756
-48493
778498
-743087
89872
581629
2055
275888
510939
-680663
-615015
334129
115208
-167227
771915
890384
-561027
671228
215779
-290507
-422462
-531061
-209110
-93062
-679126
-229505
65458
377701
57017
-444049
31813
-968225
405895
496949
-313616
818127
101952
12984
-925274
-640826
79104
59465
-56566
-350514
-975796
-960650
-155773
-85943
-773229
-880445
-4730
-690018
-658291
548150
-17151
886646
270794
627915
138077
-51140
846797
-869671
392701
261502
464466
474181
740244
186034
-276161
-498574
-751777
660012
-600157
239617
308206
-553028
693453
412251
-715552
-929708
284636
-329826
546702
903189
-380815
-958309
657956
-594436
-628214
-816272
141074
-317929
-227659
-219726
-556583
69178
-102905
-837538
135052
762981
89828
-280421
-863075
648744
897860
-708791
-233723
-783067
-837326
810294
-537586
974899
376438
14723
-591159
-45621
-778196
-794157
570742
-878466
-195785
139739
-19586
-946964
655871
432277
437629
-198689
-959270
-197635
32444
810870
704759
949888
14501
-370471
-4786
508025
-120310
-849479
836658
-373162
-520561
-808109
435555
-829891
376385
-890655
679335
-433005
760656
537965
923809
720976
-437288
993830
-541904
-649127
-768115
908706
505205
351724
-798976
382254
-140504
-21487
260929
910526
347119
-820438
-511934
-802443
22007
-948813
385470
-670145
-331063
815643
-748088
-5002
42586
676027
989261
822902
-158488
-183328
511903
-173391
455201
-477269
455829
162554
809712
-468106
6943
183711
533932
-46310
585707
197187
-10809
707506
-346220
-244773
-325107
654288
193906
-823025
-94278
-718606
274993
979271
248752
219112
898223
-380899
912825
690057
713510
-488117
656980
762259
-363879
-812140
444710
-677765
535311
360193
562569
-477365
577976
-668953
-699431
523887
686697
-456293
613650
980904
688525
-183443
884716
230867
-112985
-260589
473585
-380931
139990
132030
880393
-428721
-866314
941153
494647
399986
880135
-269293
-749525
-498502
-303965
-601876
-989813
-248412
-882603
-341336
629726
740307
358927
744327
-778002
197949
307036
-118878
-691088
-758256
-491246
162581
605888
493160
-698947
158408
-25734
-509777
51461
972588
430850
425856
-904444
-385213
-144269
-359284
247684
251831
277848
110928
-843553
-899914
721849
-763429
171048
121572
995915
757433
-875225
-967429
30927
166743
977167
-607579
-568946
775542
759388
286509
853739
-719554
432584
-822639
-691200
-418218
710678
-24829
-529094
939106
855666
-255831
816213
309820
-672337
251272
-108987
-450983
-688263
-510037
-462610
818232
-828589
-15555
616602
158310
-750584
-507857
-333455
924275
148562
-496609
152138
545668
-454991
-956305
190306
-306235
-233478
953129
45740
-639912
-194385
993935
202887
-90008
864532
537882
85094
823147
-8314
15061
126548
-263829
-178760
130015
-991848
208798
-618642
-106373
-738975
97702
-759718
-224008
-224112
-289619
-371909
104656
-533603
272578
580362
-661516
712261
-421882
418811
320151
-24745
-742778
-603085
-424853
-652492
-494136
-797571
499562
-213825
-15511
780272
-732887
-453863
231514
99880
330864
-854888
-662895
-355295
50829
651598
-348053
766673
-140764
774246
-151150
-110704
760726
490571
-570629
-973895
671745
868868
-42378
24243
-145225
-686722
722651
-406017
-653939
97111
-84942
-410575
44256
-292944
-83046
191915
-306370
405390
-401977
678586
-661149
-409479
-100406
-335725
-971327
514113
976915
-375365
-153795
680897
-536024
-893721
-626345
109199
-909704
-975691
-909626
921094
915471
-728583
-969407
906262
-580981
-893806
848463
987058
615186
447830
447615
-793303
-583445
-638851
40830
85236
-141618
-534728
-991544
908165
-621101
-842858
-390462
-229864
-801859
591573
68500
521125
708158
408112
815501
53413
-912831
-866323
-307597
-963768
500772
800394
-947701
602995
-653891
-919550
368896
-522813
-183588
-586413
-865974
657974
-484935
592479
-255257
-537960
590283
88552
-341478
-405528
356727
-723493
45096
-200272
205521
323633
969002
526407
-421225
737682
-816946
113468
-656538
-558513
-333653
-912532
167229
-315556
-804186
-931965
240335
-155552
-269622
-185455
-259993
268955
889468
930795
273108
-247146
-687243
-561569
424702
914925
63617
-295240
-301964
246763
-258910
-875919
237955
-993504
-170697
888479
163803
-493719
-321027
650034
62508
-304741
-883518
539323
28418
-63555
457955
-783301
-760999
620387
-562773
-847293
-67421
346150
-645108
-272208
645514
450083
28948
-877806
828449
-250398
-113074
757114
-598670
226590
-963797
-379454
992295
104406
154333
-700378
-889272
-273005
-274242
-282750
-477892
434115
-935839
601181
-163702
849404
308502
270264
-993884
-602346
-364409
972195
287665
-580947
-611922
898968
184601
121871
-907421
713067
345765
176572
-830742
781103
19970
-905609
-367458
-340224
-327319
14390
869341
629662
947908
842324
-273632
873223
-217079
-123314
-349055
419528
-764472
300302
167354
411824
587939
-800783
-223712
146443
592937
-320640
-848161
-213911
592190
183125
697310
-465931
208602
-979495
-472751
433877
-169135
156090
227578
482327
786602
-573990
-582117
-447586
-334411
-369449
641265
551279
860621
-738405
-575507
879286
13221
-136812
773909
-454824
-161140
-85013
575211
-667360
-105975
347420
108933
406671
-905978
-204757
77160
595244
-147563
553704
346051
974627
238429
877420
-189227
338443
-893725
486612
-245857
-710381
-973191
-485370
311287
-178987
-61130
812354
-186904
-228472
556362
-97637
643019
-219955
583246
-607701
914882
700071
812138
-869122
-810223
639152
-791870
-593661
18178
-112062
-385177
-838069
-358153
753413
965805
604528
-153240
-998026
-507556
-67423
-705217
2908
524093
947883
-319509
755687
-428114
176199
713816
-450234
570582
-397598
-551140
31656
-411810
418950
-827974
-941788
-899913
-252235
-383168
-278017
-463649
935167
134964
237083
686799
-288423
801464
972996
314523
474299
-830326
979051
-816401
133977
-812916
-330959
492928
-447812
-775847
-43232
586938
-290255
-954698
762597
289071
753640
937009
-427238
-901044
835685
705171
874328
-44305
-883779
253013
125701
982087
736551
-992887
-872610
-313446
-715588
-907723
-433210
307740
-792125
952194
194683
555901
559520
-473766
-225229
793335
603031
-483107
902002
141365
-890568
-235944
-368911
-28851
-570962
-29003
428231
-591814
-446831
90517
-823369
269233
-579963
204483
-413970
120481
-721533
-69469
-816354
-421691
-8150
-390295
-46092
332808
-324783
-872731
388794
-582888
-371122
107502
224489
509531
-171305
783377
538366
-21203
401216
-499238
108062
-415106
-919638
967366
704963
-490165
-699463
-882220
850545
-329941
682953
-868
-107565
353168
169676
-637220
900695
-588787
351627
736163
-476261
-218773
-14209
-20162
802357
55002
221621
-387104
-124508
240765
-885672
2364
83950
938370
755963
39977
728982
-691420
293659
-119979
853703
-404904
-162401
-503599
-887145
-992312
-470059
103821
424322
-497486
-763449
592422
-250909
419207
-626404
208872
-820558
530161
-202103
511038
634791
-106432
209411
-489995
-370382
-177098
634641
-848729
-331711
79083
84967
-344753
-969213
727414
-861449
-777309
837748
-169052
-138225
-473723
778833
-353476
-506911
-484928
-917891
-512993
163138
409719
-986513
423940
219285
-254929
689231
-295739
-53808
-448810
-787380
126894
-793533
-587476
858066
821857
954270
-928319
86757
768198
-955195
484066
359041
96739
-151276
929531
-569948
-973575
190686
-918407
528829
104254
-359867
177500
509477
298174
-800683
-990075
-387181
904843
-269207
-824482
586544
-337259
-404111
-41455
-871063
-673362
369784
966405
963723
-205509
562696
-16795
-407559
33682
137614
24892
26160
480814
20509
568924
-841959
778265
724191
-122690
-747462
-163167
45645
-16294
383476
461992
-160007
-359267
-175320
919730
-431497
891387
55420
-860332
707786
-71996
856421
687202
198365
298483
-388484
776502
268506
361390
905443
-245163
-239778
-658350
965040
76631
-263342
502686
-735484
-851231
585884
136
913383
-15204
-622658
-984073
-239812
-444838
-320703
-143062
-582058
402561
807450
177899
-810138
779857
-510179
-886863
20687
475723
-616162
-851532
465427
816824
621489
344711
-382179
-7328
-67275
861965
517798
-67032
606965
-61488
-662030
-102757
878133
394241
-131960
-472826
27928
736322
-343309
186470
-901506
880439
-390949
529696
340198
544933
300431
-998717
533342
72117
-34636
-827449
967152
-815233
374371
-184956
810576
-123233
193634
546774
-111918
-511772
-617306
311938
-150804
527009
561681
-733561
459116
-808796
643480
93646
806722
821794
497322
31099
-681999
264393
-954132
-97093
47371
-922481
-860726
892933
-890837
-578200
321904
-264841
127622
952933
-928339
370669
-264799
264070
596036
929942
26893
770614
348065
784247
-67097
-4955
-480750
62493
780425
-79590
-651425
-574966
-580240
-262848
-672732
711509
810826
-360130
619796
661951
-701278
-531177
-627447
-650188
956021
699522
-805403
-569761
-276555
-332787
734239
-464027
-308725
-367217
312251
735171
-34594
-237334
-827938
-574348
-911509
-627683
61637
-785518
-753176
-287853
-227665
-991560
23305
-104285
506353
-186557
520431
-503610
-289781
859811
-922351
286183
572783
-840393
864688
-767909
311391
401204
-166791
766264
594951
670125
670762
-910964
449164
308917
86030
584856
-572666
798934
316738
-659633
607636
-254402
-359330
649333
411204
561685
170440
-87672
-883793
400588
245264
676450
619471
-720054
142739
358707
-51954
547604
642925
560885
138959
-88114
-658880
-35338
-376140
-807006
-812899
996566
213018
-609150
892417
-11629
-542986
-257408
-434572
-931917
845393
21277
-681319
430625
508223
-439199
-94052
-848591
-798061
379294
754360
752859
675737
606347
-110709
-683811
-437825
471736
-604154
-318110
-8006
834026
-807867
-552940
666456
-669420
-514095
500610
-610095
959998
-267384
348151
598986
-46769
-886016
901553
903343
33161
-346915
-708695
-468406
-540685
733726
30925
-625584
967701
233464
-510560
804295
491259
-54431
-155467
-175119
-144766
964601
991674
-465472
890812
-458798
352005
-329870
-962999
-952922
-378594
-29902
427838
-722721
-260753
-374595
-329843
-690213
-851917
-487967
-845355
-754494
-720460
98412
590520
820638
364430
-120516
-138948
-801145
21661
-440088
57886
-480947
644070
-112677
772132
-791545
-514854
342359
121085
-695595
972248
908005
526717
484813
968015
-182803
-681070
36824
302489
-171410
840322
-117541
-832354
-30079
715965
806082
-80941
-757032
802939
26888
286716
91599
-495778
187679
-97677
160729
887464
-110744
-66181
780690
-187802
725376
429868
189732
456537
259771
640151
-893411
-88130
566031
236739
-43579
273591
757246
807718
-479810
-444385
44419
777916
-401351
941757
-913810
680327
-706904
297205
-827956
-744877
508365
-366200
208690
-847282
634427
616925
-546134
-341649
-465948
-189853
333064
826794
-637275
-151048
-48168
-974972
742913
-567045
-599416
-310035
-433817
-744657
-310891
-812469
-960189
-255047
-569216
395182
467848
536696
-733973
-858583
874349
-995655
-644926
-300494
296757
292903
-502342
-611911
-900794
-957630
-447757
-67502
-217381
-575586
628325
265293
919895
-400665
-499297
-307101
757806
-960384
-332686
248503
35896
669487
-363093
780705
629197
-632229
52171
744204
663913
-234276
-247908
-250078
-395680
211609
-63488
425571
250090
-284877
121820
-893759
298650
-538944
-641023
789140
-828464
-838602
484344
-92083
725835
177824
-2606
-531729
407989
424145
682760
-69677
-177946
-389245
-889332
191220
750820
-287115
-681363
-129994
529286
-80687
726077
169660
-185231
845014
-445582
144397
-702736
410962
-488026
471140
-290492
-537013
-168559
514570
-474466
321076
-384874
590101
-430305
-273151
474844
-287772
93229
-455623
992064
-221557
-700396
122401
-905987
607124
-131676
546748
878537
303922
-921679
-478047
117224
-535466
283046
673140
-84212
-732546
-802835
-365573
322630
696685
-999550
-494933
140438
-191218
339391
77821
-811863
3065
171432
270976
-550257
452884
-546627
-630636
67741
133678
-830003
843641
929774
-241181
-465648
-920919
-971583
823649
495160
507407
821365
-89951
-361977
100823
-942836
-434878
643319
166148
-735632
559315
-457278
-731871
-386589
-767242
81738
-147423
279427
-586260
266733
-272780
550981
-338158
100435
804420
396424
-856059
153067
-237283
-208563
951912
-711080
171332
-60399
174315
558669
698723
-166966
676122
803732
151278
12416
12422
-289851
383464
-746634
681948
-436066
-801867
932107
33414
707814
320512
-626852
-191563
478378
11749
88108
-426627
-576796
-47865
662840
769645
-158732
560743
234778
929735
790855
283748
755739
901144
18519
-547969
505911
892157
716044
-179523
-408905
-813731
156017
836229
676301
738939
965340
961280
563518
630284
-397107
846859
-247411
-589390
404415
334750
146699
800200
867131
746145
-877558
-902360
-840254
235091
988175
-962056
-881861
-59472
-798229
84814
336928
96073
-278433
-260960
175259
-975761
89863
-111340
990119
-680018
-634082
720123
-449618
-987164
-222686
-582160
-656528
543753
986330
708001
-541327
-626756
358068
-565085
426119
837688
-771992
612001
-672530
-569497
493513
244606
-607726
-926176
937624
861895
949116
-946067
22539
624111
-351093
832925
991224
-105166
-504767
177877
-64820
113238
-394730
-965430
323690
979692
9898
743610
813613
850743
-323120
-687336
133003
-805855
620101
266060
-105064
-138882
373192
472637
-499702
-408362
-909641
-146654
-31298
330990
-607874
-990063
-923515
83829
-745519
-190342
-387457
573423
-301953
-95338
-82682
339272
456065
-866008
177536
833492
-140064
91287
-702758
-103633
653167
805402
-335478
-172071
-552751
-989141
-863136
405314
420405
-767268
655188
985387
788159
-821653
713873
-170038
-176463
-407955
-957540
-581027
464341
-340386
939340
446130
774797
341190
-243043
285738
890728
-86861
-538284
-89142
-319672
-124822
-402774
-94497
759347
-496973
701987
886869
-912567
711081
-539480
-496720
-258478
-147264
-859581
232461
-584188
-385570
-875787
279637
-768162
86060
576361
-463964
561240
75925
-870164
-331015
837554
72213
-303164
787634
-100840
-602780
488429
-449638
-828579
858434
-795350
958052
671642
666995
-578327
100286
396056
-815269
848300
-132093
55224
466013
-811831
-925996
556725
-13599
13537
70507
749419
-475919
181298
-99314
994435
-66342
-887606
380907
-530483
718302
-254503
324838
340981
-663336
-100733
-322418
-338930
243838
-296490
-922899
-830430
627698
-162731
-539541
-504703
537248
569796
-90037
442362
-686593
-569608
-125798
-203362
-983954
490056
-147441
419096
289863
492102
-267872
-709461
-749653
-192796
-379767
447368
-230095
527746
221445
116225
480197
-490731
-216438
289372
868214
-388516
588311
353292
-75746
502840
660496
-388131
-526467
168857
142181
864611
355279
520019
673502
-135136
547383
-588734
909707
966601
753911
73011
-382698
66134
-345232
718061
617729
-293614
995640
-886761
997774
-61393
-647835
-281161
538628
-692708
-575036
296732
-157732
734346
853466
-621323
406664
430196
-603525
-837088
-563904
-360930
-975217
-536310
999293
509888
-397350
-848903
-186992
-735552
-364402
-750657
-90362
614713
-550113
-178913
-67697
495113
155935
314090
85555
-569403
776346
-890916
-646555
-953454
-894929
912138
277510
-869319
371563
-858023
-853109
287628
802537
59151
-371688
773529
509618
-907088
-873599
223061
-382824
990347
-62658
-191127
-702205
-897671
-957180
-773808
-672899
-412831
788225
507148
485551
-770258
-61015
-963346
-794284
-6129
-452275
-868623
-303325
-944805
228105
-720413
335079
-553023
-232924
-791391
-988696
-781642
-803235
-619103
229168
286346
583242
262241
-999050
120207
-793671
-832615
-552397
-304308
655217
-664352
890259
-238136
157547
-575240
698864
-888503
-833388
290248
780872
-270749
443792
-382038
-12345
701919
544348
-290787
-465921
-311877
330377
-642423
786868
609544
807303
-961826
328619
691875
-409575
-37228
-660986
-260721
836195
981484
-560250
-494731
375504
513723
839346
181548
568294
926169
-632587
-234447
189230
-719260
63191
802127
598200
-671873
889826
-274906
-723327
-785190
843089
-937864
-326617
-537634
-200563
-495767
943195
-86119
274522
-415136
-508013
-610154
112651
35803
212596
522099
-366136
574472
416434
-473472
-897068
526236
485831
74493
13705
-863317
-901278
-851612
299882
439426
-303318
997953
579764
770115
-392822
-45449
649641
336540
632919
-234878
-787145
-916806
712777
-755051
365565
179151
-277007
-954750
-923049
-722345
562710
-582715
639776
-611863
-320726
-260825
378640
660204
-438652
-479415
-256597
-287268
-821979
-879156
120627
903928
-256133
708186
521691
975401
-397143
-413667
506183
516125
599949
319152
-543311
-725397
-532078
-629295
-128363
486333
250401
851787
226248
-120565
-332467
75507
691320
-762371
-572929
-133887
380448
21553
-372075
-233984
-189726
-779424
-656619
-710671
252432
-32197
-366658
75536
-105500
14016
947110
-312576
-706168
-318999
-895447
-507294
-808210
228019
808132
-373291
-417533
-246684
456984
899867
275542
620203
-223133
793019
-390588
-326683
860109
803334
54845
-757313
-676000
-337077
-644783
-370520
687962
167966
-286554
547183
-197508
-758808
38052
-742704
-784609
-96968
346989
353415
287083
-241772
617239
423655
461792
268734
95592
829099
85859
-497428
-28573
-995321
35604
258431
967622
134233
896322
-63119
310856
-945251
444331
-614203
708606
-443092
582993
-234869
418642
-258321
823098
946974
-223575
132167
-687314
241928
703224
-277807
-390733
-249240
-610516
828637
100324
-953750
117685
752763
773199
-767850
921718
579724
892367
-69848
-63668
-435286
757981
-898084
964641
-150220
804326
-213931
933719
-557304
417614
239944
791777
-340255
-938512
872762
107441
-133077
422943
-978242
595061
-634042
-258921
293691
-925166
746474
-650747
374121
668714
-2507
-516096
804394
539783
-300941
-14211
683720
-611279
-660599
277603
327888
-16451
-603140
-239543
-417162
462201
167923
-113503
-360459
-102011
597556
363192
-70400
-116080
-629791
-55239
-336448
726010
-847959
-277208
178547
102009
-55782
477734
-145768
-828883
954854
155882
865031
301553
953052
22275
-683620
-65166
58362
-216047
93795
966507
-392496
-5484
-177280
-418683
69726
-881572
-275021
999544
421073
-762913
-239282
780454
-37436
-899303
559609
747304
-455049
365912
128137
-947471
-492318
-499346
897261
874504
887269
486682
739144
894163
738321
-614941
819756
-759038
436800
108827
712324
113520
228488
807247
854540
-828135
-656980
278863
163923
-193707
296606
433586
-912153
295017
605606
722061
156232
349636
127229
752823
-463749
-720275
132470
614060
551513
878098
-334195
823661
958015
349015
-132633
-21184
834981
-237719
624791
-533897
-862891
-414967
-691900
-509756
270756
320508
420972
-101069
-930776
794413
-98084
-573532
-283889
563593
-678314
495793
-432286
169748
395279
507303
874925
-251859
-134573
-302474
-943097
-248429
-175288
94755
612681
512030
679004
-421180
562135
828260
-692187
343696
893348
-264983
750453
894105
-71844
149856
714226
-603982
-470414
739580
22435
-992987
605500
-977322
220477
761739
-379873
464306
118258
791058
-205935
-586699
-993866
105692
675606
-351847
-603120
-315964
-504169
-364932
-727965
-530440
607824
-548619
-18890
-923607
360860
-499567
-723742
-738430
189681
-828235
-628299
581898
458156
215854
416386
-556874
829345
891041
-737092
-474117
-83341
-951579
-279612
144758
611521
-530017
-433156
-448159
-957497
-395576
864793
-237011
717282
277246
-578114
758128
-735258
-501285
-460099
873929
-17594
-965754
-412144
792493
636451
-806240
7362
979436
-168648
946376
-915489
-102173
-669736
-666018
882061
651905
545201
-805536
-409150
-571828
274184
344902
-982079
-182399
-895264
154390
637185
-231879
-700088
-127179
-200745
87394
-355023
-226378
472802
800761
-981454
-986043
478669
-991429
677070
-929147
940192
-8882
574363
132060
-162555
957887
-106596
-611732
-551397
373960
-481683
-207486
588990
-33188
-917926
-435433
-978958
743336
903675
-606120
114460
-818746
453318
-402904
-100307
848457
888360
-504010
-335207
-938937
-243092
523059
335365
358187
370407
119248
50450
-488843
305444
-86465
-942016
811102
-948715
-304992
-890256
647935
-677740
-647124
-234117
-827523
-783970
-338161
-649567
-742504
-868270
420504
-878384
42078
-352942
-704903
23200
774903
-317315
348076
-362577
-362706
322346
877550
851622
-632181
145527
415078
913421
-412642
-382482
268559
745028
617185
5855
-862703
167921
-227307
433713
512016
918560
-908306
951216
-989431
-199727
-634497
-978569
98211
-966485
44725
990660
648609
-504757
805011
392874
-70800
200282
-830779
-764589
-849848
114923
-432804
-142903
-762592
-517521
628810
-195213
-773592
-921935
-940747
-625097
-369392
-271442
-180824
338841
695641
453787
721598
-614360
-90766
4651
-397257
962224
372889
-687495
462776
83627
280231
-143564
-341028
451033
-709132
500333
-551724
519853
179787
607355
234611
-213909
565417
-191153
-673053
-187657
-407614
888481
-416153
-741804
-611783
-284213
-975628
-257298
428847
962953
65862
-740173
-51013
-343826
-776400
45709
-362237
698745
-437657
-877754
469066
-100863
-154237
-673820
-826307
-222252
-149769
500317
-664367
-491362
568326
-443631
-822132
788041
-183233
-854872
-702414
742864
526858
-756847
-187717
454169
-511421
-670294
-879594
428908
156999
-742534
-850372
415719
492758
-633113
662101
495241
597749
-948431
783255
-899878
-242483
-594484
-360584
664099
252934
-326186
393844
445943
-303050
-759027
-964184
338752
283156
709576
-114222
282961
-756891
-484673
21935
73546
132936
-182495
182808
-30812
774564
683900
69126
-368159
212055
-862177
-218234
-507553
-377239
-374853
-383653
-868363
-592334
-888781
-118721
219061
-424881
910991
518012
211412
247572
-993353
-203687
701360
-807073
506812
543087
511982
330961
846234
-85051
300032
308086
496365
-590845
-578822
-9582
-527252
-398697
742832
838102
348664
-261972
-16139
322854
-956615
388476
-32564
-268235
687151
-614777
844285
-379210
78262
792510
863966
394248
899348
-951756
857877
-561453
727997
-568462
-331243
-834645
900986
-848923
708472
-767001
-764732
395564
541180
-497902
465713
-402100
599421
507794
-983097
-228351
-4964
700822
337009
896806
-68643
417761
-237248
840875
897723
-610164
-905284
774275
-420187
-969566
549568
179419
-358471
-702820
-335137
-585930
398414
168200
-742037
211471
272302
-257990
334619
496847
-32500
-451923
204590
348685
-268055
713714
-600411
172996
264893
744724
-768120
-617098
114124
-293118
-308089
425452
846045
-535705
330170
99980
-81562
301559
-290402
-613282
-254998
828386
74313
985900
677966
846780
-155450
78107
469873
-328104
400720
41208
-553899
-597169
-146182
990829
563691
-609221
-291139
-799036
-411776
-775479
-815362
44964
-928191
-541057
523015
-412729
-966233
-140686
-412752
5719
-145820
-783018
-597661
807105
985062
-125162
-87184
990890
-446900
-445356
362896
682510
-64890
-578192
-828628
-65304
755887
-713585
64379
-517140
813183
-838071
274029
-928172
182186
-684690
-511793
339426
-473990
85497
-985896
-780602
729067
105131
-556145
1987
579818
-631731
-566264
353425
-205848
190682
819796
607404
555355
-57857
-934697
-523244
-193425
-556050
822663
-526337
-627818
97299
-513894
-359540
-416076
-469135
904480
428470
-856252
903747
-112467
752510
502260
-495981
-733782
-416282
246191
978798
-257910
449881
-592264
672752
-746930
-239565
-229433
733544
133670
-244941
-493011
207708
-943765
349946
803410
918242
-886089
-446809
359552
742332
-29330
-632945
358747
778931
-939093
-225065
-766609
878068
369183
832285
-263020
-589300
109487
709106
-386708
-908809
966793
605815
-649003
574926
632866
-371063
-126649
-653207
-557553
153218
-378272
67041
554064
886346
-614157
-468585
490376
186117
738058
227284
415943
-613432
-216011
-437501
328538
19213
487996
-621577
-342355
128983
-838697
472820
890434
627512
526056
-753690
516815
179535
-564451
74081
126462
-471257
-720017
419543
-672083
-253479
-99808
-761314
-661822
800912
370054
333213
47682
72066
81611
266902
-193177
101900
848342
581360
469088
106782
835471
963147
576826
-657673
-453477
112035
990207
-854089
-538377
644307
845340
830810
411315
-574112
39066
-660210
-443641
-223731
-29401
-661984
-318983
941471
-409502
260767
517779
970672
958003
-61638
19141
415069
-264078
-887580
117234
421435
256501
262913
-202402
472511
729129
600180
-289562
-809486
610307
-543190
678096
130963
554072
-653171
967563
-12580
-221453
-545089
168501
-374237
-268411
-290434
-858631
660500
-326306
-396209
879141
-214503
-865079
-621894
-580748
201210
-418668
-462005
501429
416488
477345
48761
141843
798462
-391246
515386
-640973
754899
-395558
-875944
-446312
773495
-847989
-154397
644323
620424
208263
358061
898460
-973215
-763362
-435762
432964
102418
391547
-580309
-664497
-498066
-82400
-112589
-532338
-513560
-82646
-165602
938973
873937
347059
-649051
487668
-569736
-129918
-438718
820322
151662
-265439
-506163
-912475
-58327
-448479
667310
298080
926450
841991
-915530
899527
-670323
77120
791500
-66912
-719174
-313381
80168
375059
775199
515748
121628
308527
-334094
-817221
934453
810089
425944
-371748
668146
380699
-580431
997152
-617243
-533393
-674218
594997
-386133
706897
478364
-117047
-913997
-667507
-475737
-957717
667272
-805900
-670067
-900260
744848
-398303
387000
-926964
-559931
-618634
-489724
249847
-617945
-760552
-123979
-166726
-246392
-485603
-25186
95816
-814488
823574
395842
-267466
-911225
181260
-945052
411791
363051
-872292
-351551
-701789
851811
-638040
903056
-482075
267147
-134119
-220549
-762482
268451
398587
256182
-354011
392218
-983229
182576
-341495
145422
-728395
-702863
-563531
-642670
-962606
64689
653267
-375061
-708524
-514797
-344217
-457187
-296548
-477117
231579
457837
219413
504533
57808
-189266
-955401
89385
-584036
-838390
-197454
-113328
-53299
531873
130521
-614135
256742
-139145
860935
-970285
-943025
-209132
21139
63010
-386097
-993615
-641400
-106673
-284444
162018
-218051
-342779
-889246
-591233
976539
-183474
-869803
-946598
-516750
-723828
310868
-15966
413723
554942
930792
877532
-169408
-123039
634323
449581
-797489
-171782
606090
-152290
991082
-31860
-167010
181426
-513719
-733256
-956826
973144
173315
38107
-46722
-759270
-864866
526690
-358916
975660
-827468
-698976
834630
-87725
-513920
827946
571751
901536
-551072
94496
414837
-876018
-468929
-979811
613665
-670887
14988
516459
-71704
43412
237187
56337
748253
-682740
-332296
-834755
-591534
-644283
121256
-149635
928237
-220398
-483244
-655680
181342
204546
-690828
942299
-524519
819108
-88789
-602155
584071
-794924
-512618
-283786
331830
225534
940677
405999
769741
262616
-35461
-544999
111804
-260662
673921
360906
472728
635613
259442
484154
426434
-49823
263304
299621
-900189
-565686
-268340
325467
-16251
449280
829734
-864432
-920988
-105192
706320
-37348
48251
-667823
927634
-483127
364531
160062
962103
-541314
480082
787995
-415382
677430
332402
-563835
-811465
301136
-739862
905237
490844
-294702
328161
964938
604204
-779805
-135513
43888
896461
-727131
678271
211422
-422723
446656
687796
-602476
-962468
5684
-765593
-491688
428959
6692
-730375
776301
-468092
-249729
999842
179454
396018
-579755
779987
-408413
727031
-509211
68984
236277
276455
-33933
-258561
516258
707272
838796
431023
-731344
-191302
-245475
-945014
-625657
-322905
-323883
253557
-795055
-703152
945968
78779
-125917
-376207
188757
466420
-28298
350232
-827111
251918
-320215
729823
-87723
-778710
-887577
-305730
-314298
767231
-919906
412210
-533104
889483
-551291
-109289
85441
-375873
-302641
-115506
274735
-558610
-669172
627833
-630498
-72210
-348739
-72972
-917327
-331169
-947076
646897
142142
-738117
795199
600652
-400057
-111266
-678673
-825137
-458208
585885
-677674
716388
775325
773044
917039
755077
428731
-370262
-475481
362480
207950
-669061
851300
197209
-101452
687529
-773177
211808
688595
-598524
-648304
-521405
-264530
-885263
-575927
-803061
-642576
-127916
133071
-624263
-75045
648068
769711
-627364
-583359
-877796
-268560
-199564
-677725
576785
66729
512522
-113205
-282041
-377503
404611
390847
-519342
-495703
-589417
392465
150705
932949
678085
-816614
-251959
942123
849759
859556
551756
906205
-89894
96397
397168
-471316
-278689
-197124
162447
504261
-129192
-219551
-596548
-470080
537950
-536851
-665760
-708160
615435
-440390
-750624
-497931
-479227
46580
-292665
123051
-195336
801979
13638
214087
-121272
-453645
-588851
633334
526628
692257
-413839
-808522
689445
-954369
272624
305429
864811
457897
740696
796532
-464013
-306755
-165540
775467
-737534
354368
-570621
-530737
586642
172568
218086
161691
-753205
-9492
802598
101178
775861
-459482
-192103
974269
815774
700191
-841979
765637
760747
-887767
838398
124740
931594
-726534
-128011
-126525
-670184
473749
-279232
630093
-136694
-476841
996979
57072
681354
-191931
235757
-598530
-591500
-247201
737533
-807117
-77381
-320521
-245258
-101969
158173
795382
-80600
954289
331519
-434046
-584979
-881115
436306
-719431
330783
-769879
32995
72039
-857418
51738
468558
766771
-227105
938290
-428112
-874487
519135
-123491
-896741
727581
949911
-278939
861330
-439607
19587
-325605
138690
892364
-301747
773132
-472385
-110655
-984422
-627643
503501
894139
-105485
966810
246759
-167933
-376790
-894421
448850
-265178
-289613
-804891
-37119
-31708
79020
371798
-300308
739363
446818
596661
-904909
-329434
-746749
943055
969306
924334
-424388
824497
83973
245624
250373
254852
-617553
-544426
804942
-883592
412071
-140831
192786
408250
225156
-991993
155711
-296710
-372627
-708913
-659051
-59100
891542
-93431
-676746
-630977
802840
-823954
-212316
107522
-278821
478804
-318578
-599985
144527
622439
-298642
-368582
563737
90400
263574
873793
-24577
511499
-191748
-542767
-471403
678484
411762
-943772
-313281
703390
558687
-675016
702929
725540
830325
-483567
867305
915145
-523169
681597
738835
728312
-101374
-680751
-9266
938202
680940
-627268
-208697
-701582
-278403
548094
-251906
991354
820423
475057
395083
360994
43323
-492434
-108903
-419877
739949
652274
235752
127043
-465873
717045
199865
271376
482517
-945698
615586
-62362
-746127
70418
468764
490741
-280177
-962108
862370
562067
642899
430484
-32615
-488658
-493067
-835937
203797
-300713
831003
331923
200406
-521673
-960175
16959
188136
-530319
880392
-781652
235602
-409959
754017
30911
176140
684661
-457010
-618705
-898555
-906483
-68425
446693
63716
-677551
491958
821012
330348
686947
-762850
-195271
-315422
-176760
-697414
-685034
-170357
-217299
282741
382247
140435
-195026
-87087
-675416
-361813
974221
-968808
434615
-312484
979597
701642
-70881
73087
387882
712195
-367379
459152
376318
27342
46835
610612
-991689
-90248
731089
-944150
-144478
-65733
746119
-448894
-966459
-526754
36740
889418
-926201
-790890
784055
-351706
818376
-752883
7715
367668
189684
553684
36821
-980710
-348956
-36917
301372
-723118
731040
-28784
-78960
-57462
187118
521805
136965
-88193
639942
-181589
475849
176777
999036
-95421
-497568
-624607
-153487
316730
307721
-379088
966265
-102901
93149
872645
563801
470876
-772363
-40553
-227565
787350
-482292
343116
781702
322917
54304
433413
-778755
-587864
314027
-626633
-760096
-601403
507885
-913535
-6572
-860701
-202624
-72524
372008
600059
433109
904295
397033
716190
-555859
-779327
-441797
-331259
635494
759723
-160108
-636558
450080
-424985
507427
-707783
575365
579397
928229
-459151
-493952
487310
-430440
523138
765015
-943027
-414655
-217309
744821
-149196
-756492
-529280
385318
-929068
-641739
537618
-577839
-612758
-656742
397134
94036
-438680
-669660
-292494
-408100
-454315
-457234
934261
756776
952595
-994013
257896
-982006
133363
-925574
52815
-97477
-564804
268541
272367
435786
-2834
506917
148772
-710662
728793
-526278
-173446
-643439
-719717
-134025
-861998
986415
296424
683277
484940
229362
757382
526954
719812
394786
-710517
768574
886298
-369684
-677114
-125540
289886
289225
527261
552617
-499068
-584228
-391594
71571
865910
18081
211049
271614
66176
107906
451117
296071
-790111
282769
971856
196148
-224265
-145221
-492438
-397266
-587938
153636
585540
-428961
-11094
188715
-674805
-978846
965094
475812
802989
725982
117645
455207
974941
667118
-244546
-144885
-31500
-219352
808515
631807
280008
-321287
-623525
434424
227834
-93540
-412271
-99105
-583856
39352
-829094
-738664
-580189
-238134
824161
-239136
-95406
-882503
-761370
-467672
-391612
-984908
2837
69273
387444
-720343
-782583
-646097
-99995
10900
681141
-906262
901573
-781683
-999575
-607436
521311
-317021
644246
743710
-594780
-208715
612004
-564302
-127941
-358626
-516044
713669
835191
-886821
-966287
-990157
52961
-725207
-47847
-600339
-914173
-884722
-994685
-396920
-490135
806458
-575829
-763122
493397
371691
551416
588355
404024
88568
-773014
194767
668580
681928
-497344
54857
637304
616072
399648
818832
-789238
316901
461117
134928
43344
-522972
46319
531996
285847
-705973
-481190
18286
-222072
-207932
-369736
627846
295809
-148414
38522
416547
-805352
20526
-241326
977328
841162
-625485
914668
288798
303573
-941639
672027
-241703
338493
323465
-811182
-243935
-534800
-527020
920473
623049
884866
-803421
-881821
-943799
-805434
830192
149786
765472
-575158
-902734
-812166
24493
281578
-248746
752073
599585
-344926
-312292
-26390
628339
-192413
-582302
836093
595013
-35043
-48727
139140
137271
-478338
-165280
125969
-880780
-332196
438495
57410
-893747
751798
756426
-19756
-59204
232056
438187
902322
85019
547767
243732
-159698
-243578
-248054
-816424
240161
-153580
131169
-956478
463569
769843
-522739
484510
-22658
931981
-719655
748088
-239467
372208
856270
-314270
-129443
571196
-178461
477048
-502201
-818115
-371715
448824
473447
25038
-825276
853241
58793
205801
654668
-868406
-872946
215667
182485
964517
-287282
-927502
-862891
-93630
-681691
572595
-644033
835743
858049
-332831
610064
-389593
-410919
66431
542494
-489152
-50241
-268286
-988593
674379
731128
-965287
-426402
-130121
391949
-928005
-362964
-936459
445476
-157785
-263497
-155034
-43510
-485717
534344
998217
316112
-988114
-174283
-162026
-965689
68699
-77012
-872387
-297235
481367
406105
-709389
735871
854463
802456
-286218
-480828
315590
-52841
99625
-412833
813147
85895
-573880
-696466
-663719
-368993
184681
170378
616256
-728341
667189
248719
-205692
31104
177888
771947
-666848
176444
765181
-672597
188798
-814006
-142307
-243108
-105770
-526885
-132565
337150
316060
540862
889843
317240
-823709
-258455
-343540
870872
-162905
27442
-868061
-859078
976339
-179453
-396977
-151026
-254929
-142708
-98565
344608
-206990
331941
-660921
802730
539441
-759346
-230152
-322663
-609751
435224
-254650
419178
903532
638446
-694525
150553
-434020
897744
-846423
-187303
-216930
-465407
188339
-119637
-849229
886222
601324
-591729
-639762
-406138
-931137
-788102
-343495
997928
-952020
206758
-730092
96423
170125
-159903
-78516
190068
-486863
677484
532892
-533822
-682053
-977175
46239
837485
-43450
3030
154733
514476
-396823
69258
499173
-355884
59122
-364432
-530518
82378
348914
-247327
-174140
-854947
404535
107835
69344
872139
760028
310249
-994283
761168
102233
-177582
678765
-633466
-712066
-69392
-610051
835301
-650154
43388
424112
-310167
147318
33560
-304561
-157540
120126
-433133
-233315
68222
-607049
-847012
231856
326738
271347
-87128
37067
886264
882273
-479944
-910227
-162632
-974286
944058
367331
952678
-705058
865136
587980
-984539
-721710
-810182
162870
482646
209994
380850
620575
-795395
770293
-998963
-603701
480094
-719801
948372
-252610
227313
770479
354272
172566
-282758
-437546
57025
-442009
959859
968481
738577
-535322
730815
622201
-542748
-224987
734405
121197
-439591
62024
-866422
-474416
639028
337796
-920466
779643
945512
987445
997914
-588162
777475
-129467
-711368
-236160
-900174
717071
-810165
10262
814829
342294
-801359
717276
557271
-286576
-814498
773800
821525
-537181
-714079
-292284
317918
-503869
710595
118419
-294014
-151430
-479421
27669
-387973
-761382
-797402
-366717
374674
376953
-995765
-808103
887542
371541
-635131
797660
682199
45306
-803150
-599778
240681
673766
143082
-398404
-165539
67770
783396
145999
325431
546955
-245056
366714
638102
-305103
538340
921952
111737
-848725
117063
-334740
-133748
-28927
894213
804638
-582150
-723811
-666746
-399291
820328
283179
650068
245126
848192
-558028
898607
-13900
-175656
-999323
-23058
-772735
-391447
-530204
-475150
-812759
-879457
-381869
-855180
937567
-573883
281610
170986
194558
-53905
-201307
321592
-497551
842726
14719
-871535
-473095
-423148
-627696
10602
-354123
602044
10823
-341163
543051
-346811
878837
466568
302704
-565815
292489
333225
893198
363134
-282221
-747958
895930
-812661
336808
476768
840366
539189
-173508
-812560
409994
781767
336722
395868
174503
-637966
-842231
-451280
-707005
-348502
387772
705391
16547
606927
809096
525854
310644
-50046
-799767
-199924
5605
189920
59080
310042
492132
-130138
306694
701168
271971
56445
814847
-829970
197656
240800
192852
478037
302961
866981
39250
-769546
520505
637153
-192196
-145038
-202328
-755753
769575
-702432
-428148
-977059
-760119
-827044
328976
-57217
-367863
688573
231628
-756293
918758
-749235
945935
-364865
449026
81976
-518018
504543
399045
-212661
771751
-865373
-175210
-419817
-709544
112898
712113
716412
73317
204385
323913
746988
111144
-647046
731127
555013
-734274
-381170
734113
774957
266268
84160
-127523
-68248
-842886
-765478
-628412
-261433
-934173
905419
-522412
-413929
18257
475326
67612
257606
642820
-834025
5471
-679131
-466441
-389929
279939
845902
-944564
72633
434380
782982
-564451
740076
624422
464078
231358
744923
158173
-133030
-720773
621971
601099
360556
928396
-606313
387244
-501287
875569
-239058
6286
450864
709723
-33854
-429289
660638
-593573
764875
-556387
490520
99967
596827
349639
-247882
-264322
118017
519155
702843
757221
-953065
780139
548032
170801
411555
-321102
-502360
-256102
-3583
385032
-355992
-466901
-792368
75825
-971732
-930195
874331
-377960
385874
2521
779353
-108238
-324111
508368
-612093
-719932
766475
-809030
-474990
664059
-492591
59677
-514353
171920
-738523
443647
-910681
-47008
-927274
204329
-577027
-473229
-127634
-402267
-71280
544713
-179523
-294754
-735434
573583
-306543
-570486
595201
667814
924565
651367
825772
342621
688658
551069
-208369
-394031
-684119
-746897
728252
797905
-266801
921802
529076
524542
727856
-30553
730792
102524
-624060
-394590
62705
-960175
598858
863830
193684
-260304
-725396
-709241
724242
937099
-486023
602776
-318408
53961
-740331
-582324
-569562
-83179
41767
-628472
-403840
-50736
-468145
-41594
417040
560508
227916
-84995
-541937
-676306
-686083
50511
-392199
774613
-42786
950011
579468
-181142
53376
320800
933209
-783762
-26956
-124328
895338
-104011
184667
-688208
-526433
218331
430288
-10643
352954
561680
499768
-184182
530430
739927
423277
-880294
-167935
556837
440729
190213
863068
-835580
-960598
-873369
-750783
-635096
984119
-712573
-575159
292945
-145906
-270669
-423788
-740591
968332
-44331
-155263
-588291
217863
-563525
370681
-35864
-620170
-432
-533020
-1931
-638093
795005
886530
612855
-979349
435801
-419057
-549339
-600746
-581119
-492355
-244345
954813
-569022
863622
539459
-10408
-916127
-458711
-123272
359833
-410327
-334285
-893944
-915079
923540
592603
-849156
-427469
753316
672252
-519142
796034
412797
31719
-868574
42662
-116169
860098
439285
281060
-81746
-277050
940185
324964
-285330
-183179
-926817
-608733
679577
445361
289549
-719667
-977750
-872017
445075
712137
123429
581498
998622
982575
-247117
-75284
-609858
327609
-686747
680204
-767834
-786772
-181998
-271838
996504
-8725
501894
63472
624035
252423
-741391
162047
460472
752776
-318630
-269544
-163219
833553
-872674
-456380
628991
958647
604553
724629
-468443
-597729
974469
-606717
353297
-907956
-440375
-571623
131380
112753
214718
-962600
-976888
530095
178402
737554
-516815
-143639
290854
-468260
-77705
749730
-369911
-88383
945204
662615
28144
-662211
-356641
927231
-264197
-984286
-67807
569186
-481991
-557137
164717
-772635
528923
-825152
302756
160209
-7957
972077
631901
347953
204352
-201037
-172775
95969
382699
54491
116878
-703011
413410
539024
776195
671169
-717314
751399
430547
-786990
-648050
505870
-22616
-883311
-860870
338241
438489
-404108
-356100
140381
-536265
262388
-787243
982448
-547078
923110
-611499
-501806
-53692
431633
-587811
877985
-466052
783404
2185
102800
-363652
192789
-882516
923013
-889450
-725493
-449861
-707057
-390378
453921
-650317
624683
-475403
-519238
-708323
846920
598309
-270884
90513
414051
-20688
690748
-610738
-871989
50389
792604
644146
-534451
775473
929605
267773
465607
68243
-995451
205376
-972237
-153234
-836867
-976037
924015
-604750
-733123
332641
-194656
-800399
680338
388824
847342
653090
933197
87776
711804
-145184
-613813
419124
-566432
-1562
-51759
-369076
-175988
-485748
-514439
859021
736065
749944
782115
-798805
-869133
823673
-515021
963790
435981
-93519
-760523
-58505
-694425
-515515
-84414
568768
-23994
-157637
169936
653573
-696179
-188746
-627329
701123
-863282
-51385
-534905
-935094
259005
434097
-999861
82768
347046
72686
-518026
924025
227478
530609
-777339
-167334
586900
914608
-655047
-768661
737797
69770
-500549
369404
569953
-670480
-296919
448585
-529039
523284
589755
102858
-398698
-273976
-481843
949856
514664
221671
703876
-329373
976644
-97021
-325798
-100533
-389861
-117759
568592
-128016
-960158
782488
-988359
447571
603084
334989
878978
-969480
410105
-418532
73957
-478411
805034
638407
892423
-321325
999060
-447922
833362
674383
-554459
747629
-594906
-978680
790434
-564690
-552648
960963
-444068
-400123
-935261
583104
908563
-914159
914367
-436277
-685814
-334183
-905666
-608444
418283
536111
702158
-921144
832195
-579092
-510748
322674
-341912
-157971
-174282
-729137
796428
-985024
980290
-52228
-996924
-999367
888667
155724
-236510
-934554
784543
402497
807327
314675
104421
-24499
-520084
-592577
-437284
-46844
-792049
-459990
419617
-319804
-954017
-430910
-16941
763150
501797
-735309
-849668
676521
755758
52566
975769
-942220
206546
-737014
291023
328507
927243
517682
681423
588323
-468062
347250
874737
147896
538760
-10234
579247
97424
-202739
426483
107281
888380
-794477
-600215
226305
163342
-364731
559348
-153097
348356
-837231
-347423
-81014
693861
-548476
154124
-67209
-907129
437872
258890
-111838
845501
289721
-203871
-15926
65856
98851
355523
-238638
591315
13629
-544590
256128
-708977
-113920
-723852
-96713
710938
-514446
755787
-533244
-99459
-789213
219492
200785
785637
979202
-123017
334457
-969831
-849174
44212
-292451
550073
-382727
745136
-969730
-135818
945925
50968
959965
967142
-584900
616040
994226
-169861
342177
-780115
384008
611365
592742
-82933
415171
782182
556985
474241
594066
-789458
884
-981376
-616540
496512
-81633
251695
456437
818744
718672
-666708
-979390
-534190
-6756
-949008
25848
-305836
159398
189086
766283
-957842
-860032
-842459
685376
481246
811839
-681855
364636
-425884
-190305
-817865
330571
-453669
-685013
492556
375304
-557507
841420
462887
3160
-375847
-508601
-663224
-596541
972384
958835
195214
728592
638884
-422029
512347
771323
-289721
-347725
132387
159114
555441
667722
266803
-924658
61865
-538013
-623927
-497589
232527
65007
-936451
-303525
-19752
-539157
656974
534936
-177077
-211528
-365282
-906468
609188
561178
438678
-262869
769435
-711739
-335535
-594122
-378562
631124
931588
-372759
677824
-647487
-29228
433644
116181
-958337
-215172
-559870
-257596
646696
781164
-804271
794711
422526
446123
109877
-888128
851884
185881
908729
-16730
623756
-81186
-700331
284896
-95901
-908066
-601439
-573856
126440
-408308
388220
-183047
-4600
512110
-250890
-737924
-387890
-501629
-662905
-317364
54545
679373
-716661
-817797
-698812
-255811
241371
266749
-773236
749027
-917906
-231580
40086
-466348
-146647
-13464
-185107
864986
-893504
208370
32567
868000
-840742
752243
-916961
-176073
-395632
853683
-845171
22038
668654
675407
-658407
-642922
-560682
-268003
882663
-721797
721829
-294962
-324873
-770525
-36245
-483442
-784711
-487104
655806
912146
-955498
492207
-651030
-495498
-245728
-238753
-109288
-481202
747754
-616478
-74432
608869
418145
-21423
71860
386636
-374382
456909
302397
-926502
-933618
30370
813546
-663902
295989
-4999
627137
-329543
-207967
-541686
-885110
320581
-267228
-453294
122622
65814
924315
879715
369233
-869904
-758610
986601
52961
-404880
-778385
-50783
645408
-47675
-994000
865600
-426383
628271
246860
419144
-920063
-554233
435716
112251
618419
-10753
536231
872642
-419758
642617
996934
-477190
-134726
-980250
956402
875207
-951709
254243
669559
793577
-404447
470958
243243
-271054
-674395
969684
-380785
84475
-384913
-513364
959561
204840
-626403
905652
464555
816688
915390
326133
291383
-155036
791554
-324649
14613
-644290
-556651
358162
-804088
121247
-655794
16052
147859
657861
669604
-200446
634804
-882515
584077
-284764
-236622
252857
73595
455976
-752521
663186
-210889
100158
-740396
695319
499578
-221115
519269
141707
-164379
440967
-584597
827655
-524900
-796960
181082
-785812
899130
69647
343620
-232203
737509
160809
771681
-573988
289266
-108222
-912385
219808
695905
-669028
-491702
-693914
-660849
357392
148236
248806
985480
-187701
-775711
188411
-770928
-236764
625080
686526
966364
745878
612548
-439938
250492
-603854
228942
-774983
-933179
-849098
804532
-615234
-93395
930163
731285
-987199
329840
-895474
-792097
187466
689604
-704129
-378816
72902
-945361
762712
509755
204320
616707
301512
201799
-134952
-133830
-508598
-949466
-622842
862009
-739927
-482401
-106521
-851965
-932838
-47720
-693670
304270
396489
-389949
-659812
-866632
760629
-210690
-633997
813655
-492567
742743
-684583
416072
542279
644767
477118
42720
88082
-428978
-682480
-966958
519496
-965112
39697
157908
615044
265893
-409810
77967
-146573
8746
-733995
990692
-389053
561856
-614515
-294004
-353424
645127
359396
-35888
936620
-412941
187405
736594
825690
-183747
-136917
705988
863765
630538
514841
223303
605137
170461
-696964
100718
-275844
276803
-647407
-581581
171891
-453361
828809
876274
952221
771306
863188
-348875
836837
436921
827870
-85563
221738
385430
140988
-736928
-835661
-28057
188085
178479
-313833
283937
269452
-720756
-298662
-766845
183416
-236250
29539
770939
173227
-19661
469299
-361078
-656566
-978585
-436493
928266
281324
-365407
-190480
726684
221715
524927
421926
420959
-562235
-65275
752994
939205
-976816
-191458
103395
621112
-802763
72827
210737
-922499
-831376
385897
320320
-646154
583567
628054
-435477
-679091
142728
685667
-26619
-566598
-322218
-630086
373914
-269115
31716
-165321
52676
505688
341791
-442513
-937387
401252
581131
42550
522732
-787281
375950
914207
-366763
-57827
-55129
243549
476045
339532
-229088
546605
-773765
771842
-68924
-821010
-79626
180479
856248
423561
596058
762477
-884684
-183449
76165
614307
-741693
381056
-802531
-255590
-883895
108975
942256
184368
-533458
-661160
179543
-582861
-983113
-103693
146493
-586670
-796913
-946833
55698
-800989
-370467
-998749
-394432
826105
-937035
-331739
-490696
-291523
-55321
827268
844960
-359726
-583502
-55159
-911544
-877344
556687
-625982
-375567
849730
370309
792969
890595
-201735
936798
717933
-927006
197829
-314480
-139343
-917493
872616
398619
643001
186838
-941940
280944
-73079
-457576
-669562
-245674
-589791
43288
71045
63764
-347619
140683
-398784
903849
-961814
345410
-659301
-673651
63244
-983783
-479438
103816
105258
67200
-887472
-29103
620080
-826517
-238190
940817
932145
281007
375152
-819346
-462224
-337760
-692650
-579993
-4188
396474
607251
891076
-517175
-405171
711925
-143682
-797737
481304
728550
-14875
330528
711442
276352
256297
-291603
-866802
-389549
-413669
345394
403557
20255
989088
-979124
748549
137031
609848
529086
-401851
-249055
426828
-357252
226772
155393
925027
-967594
205942
83178
-988684
-891873
-772699
469523
930257
-818560
-236506
-775240
836928
-341020
941995
-669038
580588
-654249
228140
368780
49578
-28907
373181
-318022
-844516
-390709
-586933
800290
387786
-346497
436358
-497182
-318777
306340
210336
359486
25391
-411474
766780
-190142
523891
-437128
-249663
-517996
-846777
-109800
-469450
751306
843509
499838
-172217
-148077
-39068
-159906
459815
261013
-113890
800051
6898
-422623
-617178
568695
-594913
422647
-460141
145707
-319802
684300
725206
-368639
347650
200999
-906205
477826
906434
-192092
-593170
609949
-951846
642828
786603
258106
461379
-506001
564912
443255
89398
-900012
-143177
208509
-726881
977552
-934269
-229935
-556278
-216161
911195
954829
-222462
-319724
622115
755784
-268997
-304919
168591
811865
567502
-850755
-777857
352786
879668
356191
-460552
106863
628042
-113217
341013
470475
-366599
-817414
-306952
-959700
525922
925186
980600
-311516
853165
785643
-487485
839205
-724634
-25034
615452
423600
-415500
989645
586547
-531773
-164528
-550121
279929
539632
-430437
87362
114389
889224
76257
-234994
304148
-370758
-26235
935233
315879
-644763
187209
500749
-380065
860282
-940199
2713
-649875
145432
-723906
142146
166323
-321183
-984907
-700589
-957425
-696360
-105026
-855010
292366
560490
-127931
366789
-565519
-803587
-851797
-500485
-260877
-819516
586607
-314012
-847305
-604425
524007
-773952
109090
793816
994336
-609466
-781643
404533
839153
509097
785925
-827999
592930
989731
827525
-109206
669184
388324
837596
-917167
78479
-197964
967408
37621
227033
604664
-973479
-850690
265455
118610
128658
-238214
-929401
795808
552071
-442467
-688993
-764076
54270
320609
-180988
-381490
329830
-900051
647302
-635756
485730
-507476
813704
352795
-181096
676985
954260
438813
46769
473682
447798
-611457
104788
27524
231442
187215
949580
-175124
-885653
-344008
-586011
-710104
417910
-501459
30772
988801
829202
499294
-151810
-868525
-381239
746195
719490
717181
-206617
-335956
255830
30677
479793
-538289
575150
-59487
-43276
-823120
-804594
900413
691572
-19714
-156115
-714584
790232
-394824
372182
48314
-461970
120853
-101270
141764
935488
73027
443895
198275
-480736
-1864
-316807
310451
-957185
87532
872275
-515371
-983100
-32640
401309
684466
-743338
-138065
146599
-422589
-984249
-832095
717327
-726489
-124702
951626
-385929
489722
-796405
808720
583278
430280
-908258
953627
-5843
-136827
175262
-964679
-214445
-852098
550680
629296
-833471
725649
-935256
135584
996460
-973605
-30860
-380710
16385
536261
-745966
-755146
-832576
-233826
797818
-489655
-712491
618236
978121
-870324
-354574
126068
-487418
-642243
-824025
583190
916820
-458448
404520
-91302
944767
-522009
-388851
391863
725166
811669
-672792
-798031
-996028
672314
491541
-883725
178340
694785
-692169
141869
345988
-610379
-994806
-158486
146001
-515262
785048
-217579
18458
747618
-49572
-27904
-832217
286301
353340
-257387
89762
-734754
-195246
-240149
133173
-640629
707446
-964865
608210
454361
165422
815282
208302
2599
-420761
-539519
632625
-239213
126600
-488057
884383
906180
-56344
-394550
-542098
-371301
598218
852902
-77686
-263157
-587447
-751748
-606891
875205
495398
243220
-802224
571035
-476649
-193772
253888
-261426
-112809
17418
-946710
-385973
-53989
277522
-310574
996000
219836
-445289
250225
926399
-418081
-955421
-483180
894492
875672
499121
-523638
-969127
-740187
815589
705430
-979142
223439
299145
373573
-150451
888341
713340
-337754
106921
966727
-17440
-222462
-255720
-36907
901198
-979506
334644
-947509
-318496
13518
-286339
525166
-197534
-19945
554844
-25344
-478906
-887819
919035
-27658
-467388
527679
603849
-937125
70466
-483698
760493
-458903
409349
761366
154830
383160
936718
926704
-905154
-44047
67985
-660666
549471
-247985
-849061
-490895
746564
-605955
691927
-441614
542947
114551
400146
613687
688357
-343797
-180335
-791217
-326010
-387914
797356
702669
483197
-977809
-996546
-873427
466662
33542
-529000
7835
-700952
-267160
977484
-480602
-222074
-293808
943375
49337
528760
261935
345144
26460
272262
-702667
-542814
-38583
-539246
-456974
49856
-733378
347497
68015
-878668
-763400
882809
16552
-990063
-283973
494053
-168723
-391854
680873
-254541
246322
922089
993144
-994417
-828980
746363
-261803
-148782
344029
-232727
578883
878560
-112312
-451685
483352
-144305
-722099
54488
480633
566517
-74985
-727202
-345398
-21816
-446008
531474
-450558
767402
-450035
-974167
411081
422524
-711502
657149
36088
909436
10360
-482534
-657610
-163123
-817293
-131876
619890
307887
915940
-119694
-836262
-694759
-369320
223733
419177
159844
-40956
46338
-330774
-304710
342087
649595
12937
-184358
-382224
-503101
316448
-605551
-266041
204434
432105
-598416
738067
388649
-869936
-237862
772998
408245
-648896
736178
-813213
506857
-371118
809276
-570250
596965
-977891
140813
305586
-747936
82268
2705
-530398
-54909
-624067
75734
-324964
-400259
337360
553453
-275490
352941
212899
-331742
40237
-451406
-827878
630534
-650991
206780
-803938
359487
379829
876466
-718584
-179980
-480985
-550377
-961613
844808
-304108
-80198
-364623
-697795
-536177
324519
-890957
244299
-448386
-930024
-318602
-440059
465392
27355
-889035
935176
-167940
-924566
443535
-280989
-174124
278288
983651
-305934
335917
-580350
681312
-490349
497953
-442077
-146378
745784
605026
811492
11735
-641574
-304918
-876760
406314
302426
275192
-435679
-813776
806464
765273
-949524
896780
-496306
413571
175898
531536
713253
-219235
604005
-694472
-341875
-423111
-734999
-415991
-387809
-352968
358915
-149467
-822840
342633
791961
920901
-144579
419813
-643989
829283
223588
803475
811374
718147
805731
501441
-104382
776305
-234667
-418516
-620652
-600927
151897
-877695
601413
-235927
-219499
-971149
546492
-789647
109175
-154077
-570510
834296
-740431
741396
-768108
-15424
-125917
12641
-379404
653428
-671263
673419
824014
289691
-891905
266344
-712920
-312172
850727
-552548
-913449
-709198
-279666
515690
-531873
-253069
974615
843755
-363223
-580049
810578
-513536
-790019
216366
787570
-148947
935698
-367392
354131
-169224
658341
312494
-666548
-925305
-302428
-743603
-453042
720691
-335830
-93792
715896
878675
740742
-767248
-217513
-79828
854740
527796
-678814
996435
715338
-968312
-479021
-863788
-348925
129255
41300
-465258
296776
-84635
-198063
620516
556944
357309
-27128
-298763
-799680
-740946
-407848
-585224
-100763
757032
-477588
-161122
706559
-239665
586782
-985740
-974513
-166128
749572
228503
-211685
-913214
534383
557327
337544
849453
-849673
13349
-608577
102460
862739
-840719
632547
365548
184355
-274894
285424
248803
-549864
836693
235974
-173467
345411
906102
-146741
-652822
-78144
35485
231254
-445342
-548199
-268402
620906
534780
-213209
994775
412305
44711
-809225
-926426
899533
-563753
938229
170754
-937948
431272
275574
-536885
-73194
167006
-608193
458132
-877668
-969840
-538358
-350578
-554063
701831
139632
-930523
29083
723549
261556
-482205
747276
780329
645373
-477391
808803
-223680
835579
-992646
-947716
-557352
200833
-54491
-273593
-139777
-710061
910400
-361725
-130269
-10125
683795
-85390
-221625
648960
-256386
616072
-931747
-94244
-736022
963090
-867107
19562
-680952
277000
-181584
613743
-24715
440557
355313
-889693
772145
-410932
-917918
147970
471594
377815
-613389
-380631
-631225
-358445
932177
423835
274582
582868
-736438
877841
817848
-369940
-22018
-18366
545443
323574
97187
-740231
306444
-482580
755184
-800514
-577116
-558844
-493148
-499462
627442
-246837
-923347
831664
-745956
-349298
-54114
525647
-958918
-831931
-501066
-461094
118118
707483
-276181
698085
-475852
-774536
383696
-310475
379831
14420
-624284
-694839
-776888
-687796
-364089
510326
-185597
209495
212978
-501875
947159
-845932
-726933
80271
-286449
-49193
-786173
980365
-328465
14473
252957
-973181
364625
-338566
282183
365740
72573
-175875
172213
964519
-487881
-990853
-63498
-547415
830352
230140
-897498
606421
-413034
-502611
492794
-320902
-216976
818515
-523459
-959276
-680174
718425
499597
-531132
-819414
716650
244946
-74944
-813671
-640205
759718
-567353
-767316
347627
-841584
-963555
-603140
-345632
167837
-300497
684286
-335849
-801885
557280
924623
-138619
734846
923676
295602
887198
983806
963075
333044
-375071
-847032
828632
705780
595768
478695
133348
36179
-99485
-52255
-938851
567765
467464
-342584
-682170
259398
-4151
690949
949740
671534
-656830
-293616
-132744
-354099
99189
-566279
-829517
-545939
722239
537420
-483230
704835
-418725
199427
470280
-637298
-522854
-581586
-258975
837033
290984
590190
-134499
-920676
-20423
-477945
-464315
974857
-471181
-770416
791706
866051
-977154
-683799
562378
-858566
331031
-412419
404917
-881222
-931620
35157
-365478
443447
-988531
-308013
-209985
-882052
164797
828488
-261257
-742530
-357727
717566
836671
-320473
203866
673381
757605
-341700
32307
-498744
-319460
-300594
314661
853625
354400
679362
-161498
866230
-527642
348851
-59713
148182
114894
3487
889071
-111920
-572417
833484
58155
947886
-39676
-953702
-631112
-646446
-735526
-216727
228832
193351
-533469
107613
-664519
-694013
972007
588434
833064
-5965
595474
271525
314539
359210
210983
332157
-909228
485692
-72065
335271
267360
495031
-65816
-293791
987853
-69302
-168151
-468534
259755
-311572
58984
533923
347722
899039
643230
249321
368810
-863808
520616
-295987
585615
-968160
656302
-387580
512990
330559
84958
605057
-317301
-598128
-739127
-520063
6057
-742372
123753
641595
-387912
-308358
-572942
-144114
243394
220491
-184012
-604397
-94374
-22770
-410811
-824645
-279506
-930133
-586636
-473754
261275
805600
30539
455839
-52918
547295
-206784
-166242
-526932
330398
667244
611999
-298304
61066
-79411
391599
-129303
-181337
-507725
-31046
367125
773772
783870
519467
685965
-124758
-352422
-881767
-866673
-290755
684217
471706
-279327
-970619
-581847
-706281
-818685
896891
181420
789292
795715
-359648
414525
366253
263159
-97245
-614143
271920
429942
-729287
534355
-91623
-161718
-131453
144872
857390
317017
-118073
-871870
-536419
630011
926867
-436788
-785903
483313
374741
-421034
627108
173785
-95781
-603571
-701192
654818
523272
-247497
101344
564391
-801481
319718
278061
490536
550281
898897
-839602
-929305
-628327
111523
-172066
-868231
165571
-397250
193072
623545
-71177
-665663
223577
-298710
109239
-442540
961132
660513
864712
627390
-728566
-43496
950641
596974
30704
694924
-257512
720519
-677597
503195
-605321
324545
396068
-619565
957505
864510
392997
-840297
-119880
-150508
337283
-527093
-487003
957260
-212576
-265840
393385
630647
-275249
276877
-220945
-280548
-289195
631779
-114555
351566
-37889
-303529
925468
83261
-414543
-871515
-93003
-312196
29615
141921
-489638
-347920
-586779
565945
-74047
-935808
-122845
426979
-847246
-394760
-834528
706182
829171
670028
-922356
485914
334488
400481
26493
131298
371719
911732
307569
-826298
-881905
650843
754448
713300
-800590
-823815
175723
-800798
64897
803573
435735
272789
253853
353610
-850409
-466011
-569696
-212231
227453
-975038
930883
-129676
206642
419812
149345
560655
426564
929163
-84983
-912865
-725506
-409619
-155998
108097
802213
-689191
71114
300420
871832
-461934
902922
334744
-144077
163532
-652350
421267
-572696
-581566
-440177
-706667
-557272
-112108
-263309
-339976
814782
645862
883251
-346927
884159
-817087
-311077
321998
840849
-77420
-836280
792024
791802
70675
-181876
83330
-69238
165705
948255
-670070
289681
-889253
-579984
-506179
-679967
609045
-111211
-841666
363527
-46303
-223394
56203
-482094
-552369
-955361
23942
823234
734022
206440
129072
-17203
793611
852773
-410903
-316983
-944951
193027
-665788
-328511
710844
-520537
720249
845559
763230
40685
-589467
-507919
-48224
-654793
-519173
236995
-274447
427828
-118535
-733676
548860
-203690
395657
392971
408918
258512
-143857
456446
500833
-43165
-657612
607965
511113
-101851
-94163
-316869
534729
658522
-629954
915767
-886129
789454
991635
-17395
654892
469695
669662
694970
-358074
-844005
34879
-274563
-635425
-313847
-350112
-78381
-313045
642553
-954324
772705
-483245
874450
-619852
-185298
-360530
-694227
815557
-562964
-475423
-80248
330646
227856
330103
-756478
-430989
49637
83679
-217564
994429
-151234
956106
996492
159984
776139
-820117
490955
-640077
-523113
-440859
-958265
498082
379826
-419639
-813383
538775
604298
553520
-998288
786415
-346852
-144105
-570812
276553
-301883
408803
-350926
877364
777018
-506807
927329
763868
291578
203874
-174966
26692
-35635
68987
-794713
164047
-262467
-372523
-999112
206365
-251680
-5523
576045
33780
596866
354453
499646
556786
-739396
586378
-460919
263855
-962877
782109
-985754
983968
-117126
-917839
250094
-568391
884112
-993455
353040
-468162
-550557
553744
618187
263263
-823465
-259322
438102
937785
206277
958565
412772
-433790
128223
560483
109776
290139
3836
-519172
-940867
210206
42169
665475
-920573
368584
-864773
142845
-293232
-398205
265783
169603
258302
-207595
985965
-549245
585332
-466174
311514
-224803
38430
-289849
854420
-399524
634258
166548
149105
-661412
-755312
-745991
-679601
81043
25187
475088
-598162
445562
-640424
245527
184646
512534
-983639
-762303
636511
-132150
250749
-971097
-665981
-546948
435364
-96064
-800435
-106437
101632
824355
682607
183183
598885
-100679
425572
565160
-331903
560000
593258
690167
186515
144734
40055
-726682
983300
360954
71372
833763
206675
-243609
762458
876925
112749
300565
45416
-237021
-314615
-388239
167751
78710
-580847
-726305
532885
98685
904985
-401871
-63238
656360
221536
-713882
-144868
-525688
-775672
63794
-458317
-986240
-945761
-841412
676581
157726
-400470
907785
-755928
-637700
-91347
604329
-486978
-823526
436774
-589729
-974767
280164
676771
115773
-474383
251311
-947700
599256
142787
164854
-770560
-856977
595022
207988
974690
-118903
422413
-579356
-295655
-559573
-545590
-987727
866743
-144867
-930518
-133779
-252210
254484
-95260
380280
-98776
281092
-136105
-19880
-724744
-560764
667478
-408670
409988
-752894
-468994
-143385
-731113
-331011
294081
904785
-138239
479638
462650
776526
448285
-742409
140811
-105470
354153
625513
683773
-315673
467669
698529
-179192
522006
273277
461314
-726242
396952
-46070
83061
485156
-857248
21962
-668302
-686573
-521218
301324
-784221
15741
-553143
-763199
-339689
2378
480848
-436573
-340236
-276228
-37944
765083
-920421
-333965
823976
734796
285889
274972
348379
924931
312288
976500
434629
-767099
-560251
-268330
-10269
-624706
174684
562689
279288
815051
626170
71589
-681707
882267
-794021
-350484
365022
-181245
-688326
882834
789655
72025
-8398
192866
887653
430264
179590
446129
-64101
-696599
692733
-772620
-125801
-751909
-554679
-354724
116184
-94600
611319
-932642
-354430
14337
247200
-934151
235659
-882327
-547390
963807
-99950
529231
591657
441807
-392588
-210962
180392
986457
330120
359861
771477
-605477
613480
58087
-297445
172564
996066
-733056
979804
-325240
584928
585893
588131
-66202
-753189
62246
875117
-559997
175080
-663093
-114987
160198
-822538
580361
600714
391648
-46631
905539
265466
426006
224417
471397
929848
-611299
-375086
441499
619586
-975785
927245
-896994
-581091
475906
642272
315592
462301
-206708
504935
-745100
-798577
-659001
218776
804203
-383414
-989973
438497
-236583
423556
783087
653976
-470009
74488
863021
-755709
-614285
500097
681741
373714
-207150
-660337
-343354
306136
-343884
193259
544576
-408072
603103
63087
23701
346721
-863725
-863574
583572
-844671
-821176
980943
-792459
-951082
-687079
-89280
-634562
173614
-256943
-180455
-166280
522542
-603772
250969
889345
883754
-453041
-103103
474959
-556102
47997
564514
492144
-731166
73534
689390
156350
950714
-490558
-481552
-177275
-576930
267845
32558
651377
-932339
740641
-297790
-768829
516728
-221649
821400
-592746
-47961
-10367
493595
-731804
85713
498724
-779276
-273171
196513
927242
149783
-924006
-814322
685280
-90233
-879858
964767
664266
730221
457968
427700
41082
856143
802867
602237
892240
169563
-639259
-185165
-407395
-834392
492979
724250
-327247
-293186
-415037
873066
-998342
-42687
-400065
453041
-791674
-805096
-220085
414744
256418
-68337
792566
469738
-513993
-907046
-714330
219629
-287451
-778578
-321260
-929913
-143977
-689764
-99657
221666
346060
251297
-677965
-790555
-638838
492871
813869
671591
153979
-340149
-920175
735908
902669
-189842
-821990
-224683
594714
276998
-506179
-700719
-850075
-851000
-286647
89256
577010
133280
425223
-93928
491250
-340271
432650
74248
-496026
-16034
-218392
618379
494670
-292896
648870
-621647
498960
590690
928275
600593
302507
917018
-762577
477921
-481127
776693
353631
-792911
-500795
231336
693370
954156
-459252
-963810
628394
301438
877885
-19134
330959
535260
957507
208602
-493400
619410
427088
702057
-413170
322440
-798582
945716
494657
-202597
-791269
-586514
667879
599622
522256
395541
-769629
-773475
-644441
750008
-324819
-374776
904711
-279717
-723087
588918
-968198
683453
-423997
313679
-954120
-576223
-40002
-986603
48526
817839
378536
740528
182520
937836
-327581
581795
-661247
434939
-230456
-999315
891136
-45132
771593
-991635
-837527
-833254
-337713
-961330
-119700
-448843
963476
776497
-348640
926498
653948
494122
-733865
-496588
-737382
651610
-241709
-424898
-621921
817897
-208069
242614
-40529
502228
736267
773248
360258
-577248
400569
-456460
408677
43031
-441467
-270785
93268
526756
346465
-982403
-211524
519704
-842067
395533
284554
352487
439435
-783924
-934418
-334938
-751769
168878
-475546
-982872
-292720
782351
140672
-132431
693290
745968
886327
829091
795745
-544033
11451
-389133
-192760
308406
292107
190972
-198927
-390841
626602
-80939
479216
447375
689412
256568
-12327
-989212
-419962
-344539
321577
87383
-911649
-451109
-117169
-779718
-92535
-66324
103621
418100
262303
-882166
504567
-618917
490696
-899027
-378667
470597
-976839
932112
81854
558871
70362
736025
154532
-360592
201193
659196
344852
-268846
-44630
-383022
698695
487325
30015
943392
606158
-757488
480216
467409
685324
202248
-709305
-139608
-383204
-267695
-548276
373614
959545
864511
893046
365467
-84581
-113783
-433903
182298
215242
306430
-274105
809848
753032
32937
345818
883369
634990
-879101
214500
121360
152817
-593683
-268229
-787407
897237
-937158
73856
361060
308668
401648
-873727
110420
-967357
-816110
-329488
-948167
643155
-416112
-215892
-61876
-999561
959679
-164849
194055
-125005
-347978
208039
850936
951590
556489
432033
-115487
-940817
777380
936926
188532
518703
72980
-965288
424100
92506
-715605
216568
937074
-510671
-104835
847338
-497231
-869258
528725
-67879
519517
699870
-14170
-914813
-607853
44986
1684
342550
594070
998265
681062
590442
12393
2926
452958
-647138
11361
580553
-627124
-113008
465950
499406
-181351
-794294
413864
35552
9828
-619235
-19665
-371493
732976
-201138
-604727
-377134
389942
-600390
-558506
-763814
-952212
-667576
23540
-107863
992498
392958
405817
-506403
-606801
-688166
595922
-649130
-578876
-951103
809141
-464303
-603656
-826406
198297
142920
476666
-26011
92398
185931
-638854
-272017
-111483
-335930
358054
-452602
-28474
412928
810152
-265454
-319272
-592101
121207
-775632
969622
885948
-117356
454613
-879454
-461327
936698
-231572
-454403
124932
267245
-731433
772706
-886337
244604
-234776
-68539
574237
670847
-203928
-329800
-94680
-427580
862881
-714914
-700190
-29849
-467749
699339
-510338
-881623
-848163
-987381
181335
363183
418749
283539
813056
480284
34343
384401
168350
599731
598075
769256
-632513
477621
392880
171637
-974277
-373487
-87914
-431445
78177
-978082
333003
-745471
-400601
-810853
110908
-690460
-961921
764931
-969566
-764476
893309
968646
-669369
-571304
-961621
812304
-687931
607151
429469
932523
-357950
-111211
-238167
-889149
735528
-670959
381132
-706231
380127
559260
56789
419231
241122
-165260
-344194
-330369
-789691
414847
845529
188683
-831175
-92357
-224579
-929820
-168830
-233075
84049
-758075
-91870
-4697
-509061
-32881
-735486
98864
-465735
-597111
-119677
-327516
754175
294915
-64462
-390461
-532322
-492813
-425710
-316797
735036
-757204
-843363
653492
870654
41462
528291
-100597
957330
227605
-224358
-755126
514998
140813
-777913
-17031
-359955
966747
-452857
-614148
-338858
-843159
578072
-657894
629993
-498270
823841
120545
706100
-251306
-255107
812299
315233
-426296
-842701
-991797
624344
-303628
366957
-320859
962810
-137147
-482574
602167
283998
-494063
538683
605241
-679907
-767320
-213928
-902148
935
184374
35638
822096
-543648
-621654
909830
919735
436070
-147050
523159
-263476
-701853
940095
-666276
347814
-262625
-992634
-721357
-529824
145361
58525
282891
884575
347470
-961824
-352087
29844
-258645
-428303
312480
994380
-228602
-988499
531639
-265845
306566
-573109
197027
-701956
-629521
-698755
712997
-41511
-224980
-855984
-359857
-16939
347445
510877
-835170
-828318
740261
610274
417804
-282135
-534519
441414
-928619
299978
901419
239798
-269396
-814540
-290497
769377
-267417
127593
25199
-770060
963553
429984
999613
-231658
36463
-549878
213781
-556462
926708
-958021
824335
-475722
984366
235942
702984
-735951
239223
250476
-396686
82513
-216550
-251045
985321
-541692
-472473
71778
527219
-96770
-203244
177856
-22504
841262
-712026
-595678
-609638
-550993
915501
-860615
-834434
-94050
-813396
93055
-564234
-399369
245045
-852023
-853982
366214
304690
56990
-167085
-106197
290754
221149
386098
-586773
578215
522956
-391930
157175
-538854
572979
499762
471593
788937
518000
-210306
588448
-900100
888078
777279
745160
-764881
-519236
-125844
565875
-376570
-473220
-269042
-674454
-565776
-78755
-387471
-900452
-237562
-636618
938134
726366
30337
986054
-584155
668708
879430
66335
-105861
369033
412545
-68342
607998
-112711
423153
-300692
-490188
-713583
288505
525013
486155
758880
-955423
-812687
574915
-619200
-151652
-821433
-85905
309998
329432
-372856
-838269
278911
-343798
681551
540412
795831
285249
866017
868409
326468
-840447
847657
461930
662405
81324
359787
320158
968548
551314
-535518
221395
327995
458643
-245889
862044
-554716
-566856
-131197
-42343
-61996
258249
854599
-791044
352997
-837424
-568646
619171
929264
-795601
112129
-933828
-764023
383095
971449
-409877
94814
494537
469534
934519
94198
-38077
724433
-49995
-482338
-68992
-103631
869899
343206
-695980
-317396
809836
-617890
38466
-820479
-734212
861651
-721422
-701842
278358
597346
944973
-531909
453778
-261217
40450
465359
476622
772370
335303
-961193
601623
-980193
249424
-521311
304925
738917
-237630
19975
12682
-649816
-327274
-469544
718379
590289
-825592
644626
-50037
196359
-181999
818858
206968
991691
882773
197113
247943
-985412
553024
370843
828243
842347
838924
227327
292585
427737
858335
-217342
-275792
-417763
313567
-907497
795202
-847916
-679712
292763
-719218
-28732
77663
80570
875836
-309057
-660550
651477
23638
603739
-524362
-7679
-835853
257468
14802
-147858
895847
-257788
-180861
-434028
333630
272676
721141
8357
-712594
-161051
-687937
-190108
124356
-528898
-777726
25515
366817
-894859
-972483
669141
778244
-377933
648649
223007
501740
463332
463154
956951
818365
-506562
-913433
88540
626429
-918017
951398
112280
-273867
-813287
-17558
668451
575286
-619555
-124569
-994442
-930332
-123684
-731051
54223
-879581
-333704
-1631
-335195
420519
-214894
836528
-279547
-765345
-601158
979007
212970
-586019
-926128
287556
-834649
810227
-729174
15643
-504054
-925143
821818
-37938
562563
-677704
10771
-41981
-728856
-860084
-943844
-523542
116546
420362
-947663
329281
621563
6845
-972259
382406
435264
-878140
363576
-197955
545878
-581722
502947
-450508
-427490
139235
20369
-792355
325288
314544
-666994
602552
987836
358900
699604
-996385
241670
-434971
-879559
-982801
922796
730672
679552
-88423
324171
364653
422914
892935
-812069
-21821
230980
462086
-322043
119447
-652612
-636071
552837
-974421
-542380
-437359
-887184
146030
89820
-366703
-733655
166888
-557637
-501100
955410
-897723
713351
710889
632933
-869060
-338191
-825512
33099
-145767
741144
612883
11000
-463324
636518
506475
93700
917475
-687246
214819
-689763
-452409
-445237
-681817
-66465
572235
-868895
-13786
943979
-361816
580594
-347484
134666
-275200
494465
128401
877945
621281
-745695
-648760
438168
-238332
492367
-87926
-374424
-742798
-477341
707294
969477
-177884
917008
888923
-661473
-335798
533820
696152
81063
-747857
852571
-657002
-453016
-499610
-871208
-122654
-10686
-7119
-172924
-522208
-149489
-262938
-360834
814608
-400394
-693434
-722304
-587344
821333
-849411
-236305
410608
154682
229642
-449186
-350897
-5904
833759
-43275
-820079
340744
257772
-847334
739134
453319
-537407
-474607
167229
-882340
-790163
-445702
-196119
570844
-71809
-601815
222508
466301
-993533
970671
533009
-784983
-334771
167631
-167971
830519
-613424
-53284
327933
-738500
-834702
-274924
-402962
58199
478364
742182
790959
785692
-197869
-390209
-279517
-897888
-106545
-593354
543694
252800
-982902
-292637
56211
344932
179106
258252
-669346
-468882
334387
763363
15167
909058
-501148
-480285
966441
-637543
-241810
-763139
45970
85201
994115
970552
-380258
426755
384826
-125980
-720976
-848839
233092
-264343
-896419
54568
-933718
675702
-477181
-27886
-504751
-855252
352647
-104266
432437
-472214
-605970
648442
142393
838999
-505447
-521356
-58449
-801059
-879929
-339887
865456
-185042
-60689
-199335
-865456
-58528
772946
-193950
-846686
-704501
169791
446301
695167
925880
726858
213359
-902969
-504275
787855
736696
432398
513005
-267024
877634
-479534
614650
-116789
-836058
526309
126288
254627
132240
195547
824932
535085
209699
830455
-30480
628176
-613660
-42649
858423
-814638
359077
-837367
-198187
-102129
-302824
782184
451606
723778
-67784
975769
-249805
-597953
-325768
-976574
-490101
-113809
644278
-757013
-191363
192838
213306
231750
375440
497746
106963
484352
157969
-298419
-577323
-451767
170336
792247
214781
-919890
-545695
-124761
-531944
-569106
-10909
815246
-710124
960713
642000
-492158
-995501
-354801
-514298
-548388
-816828
-78977
-997291
56862
971540
387131
-880023
815635
908210
-649866
-360932
-751688
854065
88338
977195
494318
-628184
-659648
752213
497939
66879
-346525
-117579
331384
146048
580388
582888
601429
-509492
-431717
883878
961705
-736101
-164860
462230
-626603
840834
174128
764669
321748
-285173
-474312
-142796
-447239
-489223
722878
888677
-769871
-757140
136012
-621718
-857192
-316806
-915233
400681
327123
-539587
663033
409974
-723378
-923582
-291017
-887636
518404
-374020
-343222
537523
-809262
-171377
989880
-338414
943353
-793950
369651
411485
-526873
824149
502767
459752
662962
-601271
31754
500029
-83624
-740975
709759
-346633
31395
100143
-499483
-695334
-851782
459666
-277417
-536787
-99994
-611004
-538106
987663
201280
96043
-994911
-643059
-207597
-537113
-320470
327724
395332
-738867
440451
198006
-915864
19285
496601
-320228
636948
116253
186590
227634
685824
-833252
585732
-524225
922926
950877
625028
-543438
-509622
234901
-289897
16217
-353584
563865
790097
822218
127285
374905
-650873
638291
-343944
50028
138858
-44404
-707037
471645
795939
952964
49894
-648495
-746939
213416
-871939
776931
-234314
-820049
473847
392873
-142171
-235187
392034
-356521
-524147
-601683
534673
-766274
-4832
885364
352124
725093
-774044
500335
612585
-838170
-841384
-497409
-32886
-276567
-707694
596718
-937127
-477854
-256783
-752207
-619268
-799769
-844132
-283650
-962418
-350896
-16141
-200764
571319
566824
-431466
-591402
808262
691402
294626
-469886
268775
-436205
555481
-805953
-708564
78478
35571
-877952
-743782
-476590
69446
-308405
-622492
248970
518457
-776990
812029
251505
571996
-611384
-206295
534468
855377
651050
-942753
-165305
-73770
-256725
-414503
-882503
-200271
87339
818488
-143871
546293
-269423
942976
233986
145282
68814
806893
-984184
88586
708765
-911871
-431105
-660666
684369
754011
-306601
-158552
-993995
-494006
-234410
-439777
796453
-142007
-698823
-571290
557690
537509
621908
900084
-17854
-657611
-153938
93783
299386
303425
14595
-156248
-192152
-747052
-628900
172755
424639
208579
-499502
-680212
281830
-144517
-1811
443874
175718
-773898
-724648
119272
-166740
501151
-30047
-958852
422709
-735847
-897151
-777832
-45087
-825522
-920495
922823
-67773
994706
-613171
-741959
-587193
337525
835205
961740
572247
-362762
-158560
-932271
-708846
534925
-146857
-340372
242911
-737537
423703
373397
487529
701263
823571
979506
781514
298181
675865
742535
486476
297145
-461405
-811992
349428
224213
-384348
-803695
-241461
-572847
894492
-356893
-409038
975418
204570
152000
108536
929752
-627721
985806
-958667
-194586
50707
-451337
-962194
993776
989339
-971662
259115
-395560
995291
-486976
-617109
456500
-452270
-580386
-114397
460899
-937296
-384315
-601945
-372870
532298
-452675
-790640
736567
945976
-112463
748548
-627189
-7180
878558
798729
-238766
-322899
-149569
-670730
-238432
-591611
-62676
666653
547084
889723
97348
657667
-794857
530439
12972
486227
640592
-725147
-989804
-550040
185991
983237
-524783
-487267
-119715
271013
-109270
858792
22909
-421583
-469669
937517
974784
-461961
-609397
305954
991993
720758
-456916
-932856
474138
15755
-9424
-778865
-768360
-528262
-666498
452981
-344275
420254
438570
991661
627054
487877
-102123
275547
17743
-471751
979525
585527
5599
610397
-241721
-805872
570007
-749916
996065
-568099
-861111
-401870
225454
-919168
-779647
-330195
930887
-734059
-675325
412088
382287
-325096
726666
-263017
-592498
-525078
142428
-961727
-257734
-972
994377
194221
-207776
847095
-676943
386799
533621
-643472
-112059
665858
-39398
-358637
348066
221920
962796
-36253
-359963
-894437
453436
170660
-930292
-261517
-677786
-977976
-556694
286707
-399042
-342088
982364
125387
-555571
-755031
180195
-829448
-802859
-954300
-788449
-864999
-934355
-621143
-575105
-616916
-986828
127014
-683210
793039
-586750
133811
226423
-622585
-101874
145145
490147
810712
691424
902976
-887302
-686251
92645
-390125
939992
881845
773584
352932
170569
765584
993909
668307
-171802
2756
541683
594834
599280
950835
323933
312795
955019
842457
-537723
584183
839717
241759
309192
190118
575640
653321
180648
11897
653811
-892690
-179556
-622329
-865306
-372947
-279458
-735742
-985703
873890
-681641
210901
-456642
583818
-489475
-938785
-916678
177956
981446
744191
-276211
-779768
543206
327949
-427276
166019
764116
470103
374623
-885750
964865
-293817
353151
37834
-433057
-484686
-71378
-55157
-272286
725185
425131
469382
-109699
450244
400097
-679480
-172243
-374098
285545
-516622
-969102
452405
487990
529236
-701254
-887854
897473
-491489
-402451
914133
-403292
-866127
-620342
775777
876403
470073
542018
605779
-237347
-204650
-265115
775809
-412961
-280342
-855572
-369050
-73526
-716226
805696
79051
874732
638142
156885
568845
53392
-101434
709170
314804
345991
214784
985923
-49294
-521465
-464743
-432073
461578
556112
969032
196183
-889175
696501
18195
-552396
-706613
685304
232611
704010
518452
-574330
524763
-452821
203441
826943
301907
117655
-271577
-412977
-54593
762051
979572
13241
-249776
-337503
-756803
716709
-538278
-435769
-354609
-868717
504547
964597
-239031
-81309
655071
815339
730787
-889504
-774350
251547
-15096
362517
-904725
-9
-812972
43873
34139
-638668
741305
-323861
493570
-70529
-760637
141245
-972102
-814464
991095
-435675
255155
-443358
-633921
290501
93714
550730
-301179
-520272
369236
889349
387947
492394
-360472
-151981
-442728
694273
-827823
687406
864166
-153258
-389665
117447
256142
180340
-324917
438112
-586487
-789893
-167251
-624187
160976
381189
-981229
447379
-846603
24747
-321133
-865056
-104911
145286
999577
-506691
-155638
403214
559706
-619413
-815105
-591865
733299
662020
-497673
334267
-730975
450063
-470282
481430
161390
-459360
-991880
438951
874328
331620
299220
519846
-675330
623568
614345
-735621
79376
830457
-471627
-896101
-741616
-532695
-277839
912782
-539363
114988
738629
85762
-749106
337668
504559
-867464
149255
-594428
644923
396156
93819
-328255
-672067
955158
-934287
-983581
-40195
-861989
727318
198063
197669
-70804
500170
-698117
689667
-933215
664187
651898
-830993
-176457
462641
-923355
-808360
-501167
762026
-67527
-703403
256244
603308
-167693
-34321
186125
196585
394212
228516
-999958
-829467
-863883
475983
-159363
-177291
-600952
-765039
332323
-179302
425539
748839
-110911
766003
472832
883962
764321
-770597
-552545
-498746
787982
-595402
878219
982171
-221079
-667427
-275366
-729302
388868
993683
-427553
-202767
-669416
132479
-233543
742159
331809
-770005
156986
57889
445190
840060
-226075
-627756
793982
-401210
-255302
-958855
-167947
-115890
-564811
-625498
-45022
108581
318871
51908
-776049
422569
-839473
-380389
215122
-356502
141699
-877048
973898
501775
-359351
836747
-547667
-146138
-192783
824402
-544239
905800
-155787
-271485
700330
-388846
-755862
302280
-805303
-995434
898113
-812834
768490
-828995
695252
-79762
-411879
576788
-379985
113689
733987
611897
-299398
-856064
239222
-300835
7743
225789
-74439
802056
229272
530131
-74658
-20437
-344957
-724549
37344
252356
-120923
-868356
9241
278567
-172519
-427646
-679520
-633173
-572564
-871108
886812
458123
-433638
-4348
-513993
-749433
459466
257722
939144
-193765
175712
947136
-300183
890388
-555402
713036
925275
995352
956459
-601369
-738275
439388
947211
-797559
569401
195781
676524
308240
-432908
724700
-44314
-337393
518631
884526
-975959
-352337
286885
-5522
29898
478644
-269983
69266
881274
636517
479320
-945033
832388
-771253
443082
-284353
-818729
257665
-541908
-281812
-758380
-939308
-963538
-552804
-232902
151951
703490
181843
-582826
780571
-506005
892617
-381275
567299
-910912
657403
-890673
927787
894369
900204
-517538
505526
-664905
-757640
-870065
25440
314005
981015
-24959
53688
944583
855137
-89351
590921
41331
-586219
-155710
-937180
817985
918983
314038
-641014
-763711
-648936
876999
262082
267294
-83191
531680
-538078
533849
-91402
548047
-741736
624426
789363
419492
-260672
824683
165729
684580
-798830
973574
-326901
482745
981828
-629679
405067
647970
-549933
-557734
897262
-689823
887576
-845210
162926
-473812
-10522
259019
-848812
215521
-163881
78255
963644
-854391
450886
502676
503283
-704123
221321
466603
870398
-849131
-121172
414414
-525002
150410
-428369
-760748
-435724
843921
717409
-790382
445712
643457
205415
-693523
794978
5678
264582
475418
848666
576996
995012
957167
-822170
770741
928961
-196526
-832377
-581745
143232
-326920
981273
-986389
418305
281371
762641
200834
-155690
11891
-750774
-781652
-176649
357720
-828608
253128
-195393
-89967
-923893
-774969
-233157
523513
237555
-569920
90764
393379
67142
-915638
834562
-780406
-209418
550907
-377864
87663
-32391
-660696
743650
330632
572628
498769
-857263
756484
499999
125439
-664197
845447
-374684
69927
-799545
936088
-684547
21281
867540
-865687
-7090
858840
-260633
-373988
686670
647175
-612274
12130
-118202
300014
-282391
-261490
-515302
512379
208874
-216938
-98154
596431
-235199
-310678
387721
-150793
294971
385572
-145310
821495
-307548
476743
437216
949254
608334
656910
458859
-538193
170238
-381685
-901843
272748
201829
294216
822421
-251415
-584664
-602760
-870802
-569314
-258543
701175
-819819
267540
304753
609160
61172
898121
-973236
-268702
-385292
-34849
-493517
874976
754498
807446
749991
289851
223469
-117333
-9492
-541967
828767
-483618
-658421
-784669
660248
-779065
-442518
-844566
-895933
724886
-453569
834166
8792
838362
238888
201635
603598
-418872
81271
-838924
581371
-693690
-77934
-288145
909967
133913
872123
-101440
832182
866966
-734861
-643072
38067
716344
-97111
261491
-79974
-610124
-704721
164216
139576
985517
239199
499234
712294
984869
212940
-24600
702755
-846525
-519657
980845
-736463
740456
-567737
388709
-840281
347515
88556
621952
46160
-717409
360153
-67338
17033
332375
-303492
552231
-620453
-292841
-248037
-832611
682435
-95066
832204
786309
891171
-608666
-643513
-57828
-403413
889342
570102
974491
-712852
262734
177510
569154
-293688
60146
334747
353888
695422
618991
-314959
-323627
845247
-70730
348567
-399717
85744
199768
-112314
896569
-812982
416119
-427893
-525504
-645351
24268
-378687
21124
-357143
39339
276512
756960
-74055
815968
32237
-811147
756464
-410695
-351128
-812538
576558
-913348
-587841
-629152
-959497
402095
-353226
278429
883456
854435
513485
669885
123531
-766467
-186400
-943897
-432141
58871
-893328
-417266
666742
-372056
-283917
30989
868942
366225
-893072
973832
839796
-933517
-801042
685901
739709
-799409
927967
133586
126192
-448520
830772
-911091
-362168
-938362
-783697
-313368
724331
-343767
721969
184399
956504
-265997
-413843
493554
-288408
770076
813205
-596926
700876
-81621
897848
-352374
231850
-574468
-28723
780031
402403
-994777
-99940
27042
-153814
-41065
-453651
277042
141018
-813506
-792181
212805
-813791
271971
503054
-499499
804471
-170727
829864
-489138
-156315
409595
-604078
277806
581691
-535105
-673719
260048
332110
911209
588919
569369
654836
-941066
-332400
-799003
-564533
-160252
896670
-252209
223322
-732192
872223
-184302
-205714
-339538
-373122
-703336
229384
348877
-677949
886791
772713
465843
-15445
167393
-500643
-346280
231284
-950408
477199
500820
-417188
-614111
-72528
183039
-511196
-931118
590913
397052
101468
8509
-747225
138229
-183722
429482
514481
-278787
-650328
124795
930970
-692950
937278
245734
771009
-262650
803783
-817102
-297254
435308
-529920
480589
-701585
415080
140078
-373704
422536
162567
845117
-722333
813705
-897386
792842
289148
-690454
-782545
22851
467901
-963156
-955858
324339
189786
423038
-416035
-11391
10076
101188
126922
-819807
-317887
971353
98179
555892
781025
-679122
715095
-167247
804726
908321
575374
314369
-700243
585156
366870
-173751
-339202
-162011
-550218
-487411
-361229
-364384
-421332
128994
488617
279537
869050
993476
-463917
-167945
40685
126699
-671085
546148
863717
369255
-769498
394260
-289412
84453
-759951
97789
81497
-51836
-22356
274333
749404
-795931
897011
-80372
285819
-484324
535933
233563
316383
244237
-462825
70117
-932380
-999243
-88111
976711
-5501
-350871
16130
843961
-590282
532064
335997
119296
-55175
310945
177630
-538387
860980
627336
-650016
-237821
-780905
-219857
-46754
-79091
-496865
501502
463078
217035
-418984
-427247
-408631
-754697
-600804
197387
-519684
721602
-422615
812192
890731
518214
-765392
-81339
377260
-998461
-826562
-730733
210569
354690
519027
48189
883242
-11576
-226357
-784524
-757574
169689
-667817
-14149
480973
-126620
-863767
786675
-252594
132423
449941
77143
883942
542948
587523
764984
884931
-496616
553927
138296
-992431
-53853
642935
454691
353098
537193
686906
-169404
73820
-435517
350772
-660135
125009
978576
-63621
103290
-451013
568674
261561
-18762
-698595
-764902
824849
942985
-8451
17069
-342580
827310
-899148
237148
-30255
187288
918717
-51367
-327488
-956466
420450
128408
-580049
-833456
-566354
762995
-282238
336130
695021
368427
-810859
-505710
410643
186254
-551993
-758251
401680
158572
-600556
-563241
117598
664759
473815
938281
564527
531105
-634540
-883069
870000
-328210
4833
71598
-783809
314056
-530758
-818
374503
388434
-424567
-208904
897670
-647418
190625
-923254
528843
-343435
-529631
857114
19647
-370057
475486
489083
201280
641106
-544681
584464
70599
-514918
654710
-367734
873319
-618474
979445
-945848
767069
-842297
-129262
-86114
699235
-437872
-404240
542436
514024
-730645
-107088
13767
83432
65566
-1614
68599
-444988
279393
-356200
-51734
-590827
-580665
-313989
111029
-22157
814329
-288345
628755
-197420
855687
-951546
-98372
808274
-447971
-244404
765878
223524
91536
-228262
-207653
-711221
725587
-499508
677942
-606485
-909062
761185
436609
-243035
323146
872853
-223498
-848621
-830820
-205684
-141541
-500364
302000
-292672
-828128
638853
-53091
-236990
-392598
-531580
901916
813900
-833328
21596
-23661
712521
-290867
525042
-826972
366734
494243
-5010
180689
-606265
-90416
300987
-447620
546555
416838
-356388
-544167
-977955
250884
-630992
220994
939654
925110
-687845
333345
900560
115494
199213
-169513
-179015
-425340
-218591
19354
-556988
-640419
508147
-961099
110886
234689
-204665
817002
-147081
-578067
279755
604879
-386526
-367482
495624
-403151
992852
186178
-917293
-830544
801675
158333
268880
-494800
270070
-975735
-357662
-736522
-447791
-916903
674961
12361
-207137
-640799
-665610
151632
-872380
-204632
-230758
-679532
-336612
27778
-325581
-196192
-202678
-901892
15677
179202
989741
789742
-755319
609457
-419378
179009
-10689
374908
-768064
-600311
-360949
-677067
-41115
630081
908858
-344096
-116149
679401
27707
613984
-115044
604647
468394
-462495
-468426
-556942
542606
-426148
537982
965788
-879429
2499
-247524
-64007
773688
-95920
392569
106333
982399
-779562
771653
-905698
-338490
-424643
71193
148371
304544
-679814
-382543
53037
43274
-925456
647220
-872350
-487657
-369147
916546
-147113
548536
860026
531350
625273
475241
-396207
-716986
404536
297975
388936
-728025
585896
379255
-857346
-453253
133194
883178
68706
837668
-337504
783980
-4942
-403890
292213
123668
969732
959926
-317703
795003
920281
331270
850289
596530
-284930
-557721
225782
435733
545388
-315416
261237
899191
-807011
32253
499249
745136
-8516
129479
253596
-72813
180044
828351
-296020
773085
195337
488408
-215873
-327545
-675821
985842
-892225
764437
289267
506784
-470665
45476
-668286
100744
363041
-853512
-373276
374778
-478303
-734146
115753
724454
-449592
-843883
186570
477593
-43275
-752977
-652582
218464
-813196
-729413
518110
59134
-463642
604342
962196
818015
-704717
-953667
-468446
551582
-41895
495492
-377089
-975141
816750
260520
47253
-446002
847221
-578291
226853
-502854
574617
-362663
789484
276923
-34435
-51421
-608054
-457986
320433
-30078
-661887
-97805
-18718
240031
-10032
-183087
877689
926761
-777978
-809942
250603
-185704
526641
824320
-11826
884410
-98491
652466
-30872
-92897
153247
708535
-649116
640306
448762
-108933
505232
-343947
-913827
504206
-636587
25053
652418
-624046
-123582
611913
-184251
-441077
-278718
287337
-936310
881075
-702337
-640413
-302925
-400769
-540940
676160
517514
-223433
602003
697965
654114
941445
-793058
237160
-280339
595127
733309
-53304
-16846
815270
-975443
-746563
536817
133421
-417313
968375
174408
-143815
705908
-601413
-756342
-495733
-843186
454738
-989595
-849604
488605
927977
629728
259180
-843302
935748
-528187
-516454
-701498
-961945
-803867
-276547
320718
-693606
342088
680203
675939
-196092
84144
306094
400103
-48603
281768
-555264
-413382
149454
-712796
-277588
-789143
259820
-993645
-487874
476844
-233965
-609349
909098
242110
269486
680647
-281949
347462
-723445
758303
-976024
-951801
-782337
310382
-284008
700155
-377178
-163384
942855
266035
542084
-422570
852950
829483
531519
92332
590202
-790201
-669532
125610
669797
339810
107829
-993726
991663
856141
-92049
208345
-75050
416790
-614081
-523217
839699
-105365
759907
182280
481894
206146
877918
-346310
687190
-140246
547991
-652402
-900772
-352758
685870
-696633
-238285
-99561
-203519
-326270
-790725
583730
256665
689237
583563
-276422
-290478
-333876
-318616
-944167
622808
-847968
849605
105117
366523
-915348
-135543
-116212
-467139
892768
-601541
-277878
-218131
-955590
419339
-959387
9222
-165443
698049
340549
-488096
-277791
160921
820382
-120280
-583300
689852
365523
-660055
40190
-269729
-417383
952332
-367666
-483772
-944926
468030
-109380
431264
-799851
-193575
-101518
-566922
-323712
486092
942148
318501
-379284
942194
-949159
-759241
790392
721388
550363
337007
-746164
902722
951453
287119
168867
786519
-784025
-909919
-388510
180081
186754
-739105
377508
-368929
-677595
-839112
180040
22341
561911
597381
-330929
312289
-643999
576803
515417
-932851
-819482
306502
787377
-40439
-427631
147733
531534
-275322
-566585
93266
-722183
-883573
-780298
440462
662189
-44007
-589737
92188
-482220
915388
-949884
804859
-22529
-446580
921836
-88390
778491
164883
-921425
-522330
574493
-608762
-74323
459278
353801
-205166
-739888
-558902
37352
277851
-109669
-614156
481520
-853930
-140244
826804
547469
787022
-252008
-669304
563494
796475
201402
-460920
-540078
-518047
-646301
-442880
874966
117214
186470
-61614
703537
-194517
259341
55299
253655
694331
961275
448134
649931
171884
342460
122515
-830211
444949
57849
199557
186070
703140
-8560
-243710
-882932
-698866
318142
-437806
262026
857491
-497519
593245
861835
-88910
-665134
-500755
460978
-541112
759135
-874910
288551
-539611
463079
572306
660698
-864730
563854
-511548
794754
828999
822689
45263
-54797
375758
294056
711950
577920
267064
978534
266622
-743646
791048
842899
104227
-831516
424330
-754379
954233
688748
745882
-520062
164893
376831
-3572
-807859
168350
891173
115025
530579
150495
190974
-905101
477249
864427
475033
370000
932246
422415
-489871
908371
581554
346615
771000
-980205
-297883
-934424
446009
885441
-893423
547553
90777
-520686
612895
-289545
-767180
785397
-233596
-315110
967528
320943
748661
759714
-357000
-758169
-383299
-64239
868955
252767
-847927
624483
-893279
232394
-145511
126327
723819
-302888
341248
116023
-151538
122879
904613
-14249
196658
87761
817374
514516
-99581
-902269
591749
-336882
77805
-964321
-862269
468363
3319
-330732
59944
884816
-465644
21065
-10236
14173
-248441
332466
-742333
-674093
513785
-93012
352657
911119
-501172
62871
-80576
-663369
-556952
117046
58197
597297
-287357
-688538
-862798
763643
-698078
373476
353684
631988
660852
-114802
737961
690093
81717
988093
986782
-961436
-239855
901255
93482
-124975
527831
-23597
439005
442206
408125
-909371
-676216
-967614
680145
-770045
-223148
537307
-961733
377670
-961890
-60445
933918
-984887
246437
-46642
-218591
367689
-938317
-151775
632183
-392727
-757285
-109108
970688
-853379
-704750
-403889
991411
-81996
826701
356023
-917592
711981
532558
914158
-4434
-699255
489806
841465
-685470
-807855
924057
-638348
460973
119431
381477
132130
338353
887912
748640
-922089
-954105
911549
-988836
531171
138722
710666
-983330
273932
-317359
-507501
-943685
-971274
42344
609036
-405508
-195647
937345
923759
900411
-788189
-403942
-987483
-865359
-763347
813343
907108
-190830
728747
813990
356681
-658524
955527
417188
97608
-992024
745493
-675687
91989
-83039
-955037
731947
801123
303875
-555639
665411
280768
-463075
-340815
-28352
188719
-995961
81019
-519966
-208663
978377
257462
508446
810711
633487
-467236
985739
-794934
-231734
921884
55058
-642257
19139
-897946
734741
-244681
15688
673633
792885
-894922
-27288
298950
-894929
-578071
650785
403254
-292883
-200102
-374445
869680
-195199
545071
495342
640062
751501
-787426
-677166
-669347
-864826
212973
-811584
223286
-586636
-461877
448090
-880988
-676542
-85706
22239
712239
-214894
-211772
-912432
671373
281580
815028
-464289
-124061
804641
-785021
-455352
-991368
642906
-132198
291267
-835440
229044
-103846
-594434
-14942
109654
381205
-928205
-123126
-811234
118430
-246044
569113
79049
629183
-941094
-732086
-686293
133436
-913300
-573309
136495
-961791
-495760
764425
-54651
815286
-307159
30996
57860
-321159
-894845
526008
481869
619806
-451971
-106093
-583073
-919781
248208
-661849
213919
-647253
-973024
-94224
-164989
-101484
-949792
140386
484425
379474
-91875
340897
630366
-405619
-963852
282876
244383
473259
907412
19577
999415
582066
-182414
-172611
-465254
-187800
639952
-340473
523631
305601
-974758
510801
-401184
-973882
-580784
-444224
-887745
-697168
-140401
792311
431870
550380
513766
313296
-926822
-533111
218434
837512
-545888
-414924
490885
-51849
-202563
461441
942068
-869520
238610
-396884
-89928
571454
-524311
-387134
-23588
129824
33503
-900107
-778032
-317494
614243
716130
798471
-438774
316335
-665259
-231996
-344730
258303
-197519
32968
175081
-149584
730296
-494017
241964
-481960
42263
268180
-232683
-171408
885260
619399
613647
-322476
-192855
-334836
-933188
152592
-435968
703279
-557043
405200
-341017
-519192
-148943
143062
999933
-798973
676289
-963409
85064
-54768
4982
-868948
-210561
629872
38786
325319
-431802
-931891
-478309
-59413
-122022
-721310
772104
-172702
267609
708974
357674
-669093
-352882
762338
-620671
-149397
837466
-350628
285284
786125
953092
-854927
622622
-952564
369339
-188344
125467
-429753
762333
-883443
-664363
789015
-543999
-911781
989299
-521257
648748
566963
411344
461514
-911718
-749873
-926461
682595
895258
224621
231243
-645280
902596
178566
-727744
-115745
-698123
325954
-112975
294536
382227
-315650
339395
818435
-672712
855641
838839
-680333
-653914
45583
-60611
7582
734330
-768553
867017
386344
96855
424547
-596900
-581851
624467
-981934
-830960
719006
406397
852902
882189
-343597
-798308
266
-885033
125952
448403
54505
3590
-79114
-712734
304848
386496
703548
241597
-996553
-181422
-942863
378718
466576
175958
911794
379170
-289169
816092
-6795
-201255
-335448
-335866
-74074
-333569
451841
-576470
38557
-938149
928808
481964
534896
-716362
655147
256700
-996880
340382
724666
643129
-676045
178031
-941772
641745
-7519
-16501
-753035
-106464
-255996
-477102
937728
-776839
983313
655421
13412
750918
-129632
-833299
642068
-228184
-655756
840534
-313479
-371560
736406
439281
174200
335514
-278435
-135257
30481
281422
892180
528646
-582284
-957131
-126005
8336
549623
424024
-716730
-831231
-109324
143039
-822980
-90876
299703
345417
-531772
-419326
-805756
-908953
998294
62991
-419650
953684
-877655
-147130
370735
654174
-952944
610235
916231
-281827
-147116
130338
-229788
-131711
540303
969050
-405929
-115388
-574319
380504
-94928
-488303
541303
568070
550215
-629361
-984831
-864436
-570439
209564
-657127
31037
927375
-607310
-456226
342008
687638
-251350
602022
-486347
918016
675484
-954946
-323975
-977740
789294
445509
-953252
-221952
-226816
-165041
-908133
-264693
-351347
-479927
-674466
297450
393346
-116381
-626697
322883
401842
737519
41428
-25013
713138
-769843
829752
443409
109004
-59898
215557
-338393
-786687
-592838
718225
-28187
-646065
-496174
436773
-258844
-287023
-516591
747389
-565535
-150740
-871783
-155400
580592
96368
-527913
-886255
-516413
-421106
495504
-511247
-298810
-146237
-59127
29571
285269
-423946
488995
243077
-953536
735557
491115
-174122
512039
286543
-615946
-734033
-78621
-162222
-759920
905650
77139
-574839
275521
624923
-549792
-61912
615117
633045
262677
716809
-780899
322051
549242
704780
-173824
638605
-265317
242393
99602
467917
-235715
-153753
522617
-932408
-389738
-915054
-598041
443292
-648718
748193
726152
-434870
691838
-631552
-262372
506980
642634
-877040
8814
260698
521376
-993004
785094
-898343
-782151
-855068
-636785
5029
-592045
795727
360853
426503
-286558
-961957
-494004
-267108
-201026
-693144
-111112
-743044
907048
-761756
139493
-650069
-155517
724005
-879962
24838
854406
-402242
571253
-879811
-475670
-640673
-73870
753003
-69175
-787458
936509
454594
773910
-956918
11340
-826955
-144342
280305
745569
-874376
649639
354575
139808
22543
63015
-229293
-953481
-599230
-558135
162321
-8799
-78888
-615977
566127
-452510
101047
-540317
811815
-508150
602892
35072
834278
-985806
637127
248978
793890
105522
655082
750207
-999242
648368
-125727
-203466
788771
-949383
428063
738583
668591
40778
717013
370469
-460840
875816
-120718
356717
-698522
698591
321337
484456
-423881
238353
973866
-24629
-61994
789033
-449453
123358
-626277
700551
-523576
-83136
285332
-559080
134617
-360267
870519
-216493
-615754
-271832
-284483
863809
722475
-272681
448899
263796
503028
-188661
-799709
-212919
662040
82075
449298
172746
-390576
724264
291907
-485234
249171
-806632
878187
526226
-286429
624095
819484
-964067
826735
